Position_Eng_Srce;Source
Member;Biographical Dictionary of Republican China, vols 1-4
Vice chairman;Biographical Dictionary of Republican China, vols 1-4
Deputy;Biographical Dictionary of Republican China, vols 1-4
President;Biographical Dictionary of Republican China, vols 1-4
Minister;Biographical Dictionary of Republican China, vols 1-4
Deputy Director;Biographical Dictionary of Republican China, vols 1-4
Commander;Biographical Dictionary of Republican China, vols 1-4
Director;Biographical Dictionary of Republican China, vols 1-4
Commissioner;Biographical Dictionary of Republican China, vols 1-4
Pacification Commissioner;Biographical Dictionary of Republican China, vols 1-4
Deputy Joint Chief;Biographical Dictionary of Republican China, vols 1-4
Chairman;Biographical Dictionary of Republican China, vols 1-4
Deputy Chief;Biographical Dictionary of Republican China, vols 1-4
Central Executive Committee Member;Biographical Dictionary of Republican China, vols 1-4
Central Committee Member;Biographical Dictionary of Republican China, vols 1-4
Trader;Biographical Dictionary of Republican China, vols 1-4
Councillor;Biographical Dictionary of Republican China, vols 1-4
Chancellor;Biographical Dictionary of Republican China, vols 1-4
Representative;Biographical Dictionary of Republican China, vols 1-4
Employee;Biographical Dictionary of Republican China, vols 1-4
Head;Biographical Dictionary of Republican China, vols 1-4
Assistant Manager;Biographical Dictionary of Republican China, vols 1-4
Governor;Biographical Dictionary of Republican China, vols 1-4
Deputy Chairman;Biographical Dictionary of Republican China, vols 1-4
Committee Member;Biographical Dictionary of Republican China, vols 1-4
Presidium Member;Biographical Dictionary of Republican China, vols 1-4
Deputy Political Commissar;Biographical Dictionary of Republican China, vols 1-4
Political Commissar;Biographical Dictionary of Republican China, vols 1-4
Secretary;Biographical Dictionary of Republican China, vols 1-4
Alternate Member;Biographical Dictionary of Republican China, vols 1-4
Delegate;Biographical Dictionary of Republican China, vols 1-4
Military Governor;Biographical Dictionary of Republican China, vols 1-4
Commander in Chief;Biographical Dictionary of Republican China, vols 1-4
Editor;Biographical Dictionary of Republican China, vols 1-4
Deputy Secretary;Biographical Dictionary of Republican China, vols 1-4
Vice President;Biographical Dictionary of Republican China, vols 1-4
Director General;Biographical Dictionary of Republican China, vols 1-4
Associate Director General;Biographical Dictionary of Republican China, vols 1-4
Associate Director;Biographical Dictionary of Republican China, vols 1-4
Expectant Metropolitan Officer;Biographical Dictionary of Republican China, vols 1-4
Vice Admiral;Biographical Dictionary of Republican China, vols 1-4
Treasurer;Biographical Dictionary of Republican China, vols 1-4
UND;Biographical Dictionary of Republican China, vols 1-4
Platoon Commander;Biographical Dictionary of Republican China, vols 1-4
Scholar;Biographical Dictionary of Republican China, vols 1-4
Compiler;Biographical Dictionary of Republican China, vols 1-4
State Council Member;Biographical Dictionary of Republican China, vols 1-4
Financial Commissioner;Biographical Dictionary of Republican China, vols 1-4
Inspector General;Biographical Dictionary of Republican China, vols 1-4
Chief Military Adviser;Biographical Dictionary of Republican China, vols 1-4
Garrison Commander;Biographical Dictionary of Republican China, vols 1-4
Lecturer;Biographical Dictionary of Republican China, vols 1-4
Apprentice Secretary;Biographical Dictionary of Republican China, vols 1-4
Junior Secretary;Biographical Dictionary of Republican China, vols 1-4
Vice Minister;Biographical Dictionary of Republican China, vols 1-4
Personal Adviser;Biographical Dictionary of Republican China, vols 1-4
Attache;Biographical Dictionary of Republican China, vols 1-4
Faculty member;Biographical Dictionary of Republican China, vols 1-4
Dean;Biographical Dictionary of Republican China, vols 1-4
Script Writer;Biographical Dictionary of Republican China, vols 1-4
Standing Committee Member;Biographical Dictionary of Republican China, vols 1-4
National Committee Member;Biographical Dictionary of Republican China, vols 1-4
Governor General;Biographical Dictionary of Republican China, vols 1-4
Military Superintendent;Biographical Dictionary of Republican China, vols 1-4
Clerk;Biographical Dictionary of Republican China, vols 1-4
Chief;Biographical Dictionary of Republican China, vols 1-4
Political Secretary;Biographical Dictionary of Republican China, vols 1-4
Instructor;Biographical Dictionary of Republican China, vols 1-4
Deputy Secretary General;Biographical Dictionary of Republican China, vols 1-4
Artillery Instructor;Biographical Dictionary of Republican China, vols 1-4
Chief of Staff;Biographical Dictionary of Republican China, vols 1-4
Staff Officer;Biographical Dictionary of Republican China, vols 1-4
Deputy Commander;Biographical Dictionary of Republican China, vols 1-4
General;Biographical Dictionary of Republican China, vols 1-4
Deputy Commanding Officer;Biographical Dictionary of Republican China, vols 1-4
Field Commander;Biographical Dictionary of Republican China, vols 1-4
Brigadier General;Biographical Dictionary of Republican China, vols 1-4
Major;Biographical Dictionary of Republican China, vols 1-4
Captain;Biographical Dictionary of Republican China, vols 1-4
Junior Editor;Biographical Dictionary of Republican China, vols 1-4
Deputy Chief Of Staff;Biographical Dictionary of Republican China, vols 1-4
Soldier;Biographical Dictionary of Republican China, vols 1-4
Official;Biographical Dictionary of Republican China, vols 1-4
Mayor;Biographical Dictionary of Republican China, vols 1-4
General Manager;Biographical Dictionary of Republican China, vols 1-4
Board Chairman;Biographical Dictionary of Republican China, vols 1-4
Researcher;Biographical Dictionary of Republican China, vols 1-4
Staff Member;Biographical Dictionary of Republican China, vols 1-4
Educational Inspector;Biographical Dictionary of Republican China, vols 1-4
Military Commissioner;Biographical Dictionary of Republican China, vols 1-4
Secretary General;Biographical Dictionary of Republican China, vols 1-4
Ambassador;Biographical Dictionary of Republican China, vols 1-4
Interpreter;Biographical Dictionary of Republican China, vols 1-4
Company;Biographical Dictionary of Republican China, vols 1-4
Director of General Affairs;Biographical Dictionary of Republican China, vols 1-4
Commandant;Biographical Dictionary of Republican China, vols 1-4
Naval Representative;Biographical Dictionary of Republican China, vols 1-4
Deputy Envoyé;Biographical Dictionary of Republican China, vols 1-4
Chief Secretary;Biographical Dictionary of Republican China, vols 1-4
Communist Official;Biographical Dictionary of Republican China, vols 1-4
Co-Pilot;Biographical Dictionary of Republican China, vols 1-4
Pilot;Biographical Dictionary of Republican China, vols 1-4
Academician;Biographical Dictionary of Republican China, vols 1-4
Assistant;Biographical Dictionary of Republican China, vols 1-4
Political Vice Minister;Biographical Dictionary of Republican China, vols 1-4
Legal Adviser;Biographical Dictionary of Republican China, vols 1-4
Central Political Council Member;Biographical Dictionary of Republican China, vols 1-4
Parliament Member;Biographical Dictionary of Republican China, vols 1-4
Vice Premier;Biographical Dictionary of Republican China, vols 1-4
Premier;Biographical Dictionary of Republican China, vols 1-4
Labor Organizer;Biographical Dictionary of Republican China, vols 1-4
Executive Committee Member;Biographical Dictionary of Republican China, vols 1-4
Government Council Member;Biographical Dictionary of Republican China, vols 1-4
Legislator;Biographical Dictionary of Republican China, vols 1-4
Political Officer;Biographical Dictionary of Republican China, vols 1-4
Principal;Biographical Dictionary of Republican China, vols 1-4
Personal Secretary;Biographical Dictionary of Republican China, vols 1-4
Intelligence Officer;Biographical Dictionary of Republican China, vols 1-4
Deputy Chieftain;Biographical Dictionary of Republican China, vols 1-4
Defense Commissioner;Biographical Dictionary of Republican China, vols 1-4
Political Bureau Member;Biographical Dictionary of Republican China, vols 1-4
Deputy Leader;Biographical Dictionary of Republican China, vols 1-4
Miner;Biographical Dictionary of Republican China, vols 1-4
Fundraiser;Biographical Dictionary of Republican China, vols 1-4
Political Liaison Officer;Biographical Dictionary of Republican China, vols 1-4
Assemblyman;Biographical Dictionary of Republican China, vols 1-4
Co-Editor;Biographical Dictionary of Republican China, vols 1-4
Honorary Secretary;Biographical Dictionary of Republican China, vols 1-4
Honorary Director;Biographical Dictionary of Republican China, vols 1-4
Junior Official;Biographical Dictionary of Republican China, vols 1-4
Jinshi;Biographical Dictionary of Republican China, vols 1-4
Chief Justice;Biographical Dictionary of Republican China, vols 1-4
Executive Secretary;Biographical Dictionary of Republican China, vols 1-4
Junior Adviser;Biographical Dictionary of Republican China, vols 1-4
English Secretary;Biographical Dictionary of Republican China, vols 1-4
Correspondent;Biographical Dictionary of Republican China, vols 1-4
Assistant Editor;Biographical Dictionary of Republican China, vols 1-4
Managing Director;Biographical Dictionary of Republican China, vols 1-4
Honorary Professor;Biographical Dictionary of Republican China, vols 1-4
Visiting Professor;Biographical Dictionary of Republican China, vols 1-4
Provisional Chief Executive;Biographical Dictionary of Republican China, vols 1-4
Expectant Tao-T'ai;Biographical Dictionary of Republican China, vols 1-4
Supervisor;Biographical Dictionary of Republican China, vols 1-4
Chief Editor;Biographical Dictionary of Republican China, vols 1-4
Reporter;Biographical Dictionary of Republican China, vols 1-4
Spokesman;Biographical Dictionary of Republican China, vols 1-4
Central Executive Council Member;Biographical Dictionary of Republican China, vols 1-4
Council Member;Biographical Dictionary of Republican China, vols 1-4
Military Lieutenant Governor;Biographical Dictionary of Republican China, vols 1-4
Battalion Commander;Biographical Dictionary of Republican China, vols 1-4
Teacher;Biographical Dictionary of Republican China, vols 1-4
Art Teacher;Biographical Dictionary of Republican China, vols 1-4
Adviser;Biographical Dictionary of Republican China, vols 1-4
Senator;Biographical Dictionary of Republican China, vols 1-4
Reserve Member;Biographical Dictionary of Republican China, vols 1-4
Defense Commander;Biographical Dictionary of Republican China, vols 1-4
Senior Undersecretary;Biographical Dictionary of Republican China, vols 1-4
Assistant Professor;Biographical Dictionary of Republican China, vols 1-4
Trustee;Biographical Dictionary of Republican China, vols 1-4
Judge;Biographical Dictionary of Republican China, vols 1-4
Chief Delegate;Biographical Dictionary of Republican China, vols 1-4
Assessor;Biographical Dictionary of Republican China, vols 1-4
District Corps Commander;Biographical Dictionary of Republican China, vols 1-4
Chief Adjutant;Biographical Dictionary of Republican China, vols 1-4
Editor In Chief;Biographical Dictionary of Republican China, vols 1-4
Chief English Secretary;Biographical Dictionary of Republican China, vols 1-4
Technical Expert;Biographical Dictionary of Republican China, vols 1-4
Division Commander;Biographical Dictionary of Republican China, vols 1-4
Brigade Commander;Biographical Dictionary of Republican China, vols 1-4
Agent;Biographical Dictionary of Republican China, vols 1-4
Changsha Pacification Director;Biographical Dictionary of Republican China, vols 1-4
Executive Council Member;Biographical Dictionary of Republican China, vols 1-4
Central People's Government Council Member;Biographical Dictionary of Republican China, vols 1-4
Commanding Officer;Biographical Dictionary of Republican China, vols 1-4
Honorary Member;Biographical Dictionary of Republican China, vols 1-4
Chief Engineer;Biographical Dictionary of Republican China, vols 1-4
Actress;Biographical Dictionary of Republican China, vols 1-4
Writer;Biographical Dictionary of Republican China, vols 1-4
Editorial Board Member;Biographical Dictionary of Republican China, vols 1-4
Chief Counselor;Biographical Dictionary of Republican China, vols 1-4
Political Instructor;Biographical Dictionary of Republican China, vols 1-4
Translator;Biographical Dictionary of Republican China, vols 1-4
Apprentice;Biographical Dictionary of Republican China, vols 1-4
Deputy Battalion Commander;Biographical Dictionary of Republican China, vols 1-4
Section Chief;Biographical Dictionary of Republican China, vols 1-4
Departmental Librarian;Biographical Dictionary of Republican China, vols 1-4
Personal Representative;Biographical Dictionary of Republican China, vols 1-4
Superintendent;Biographical Dictionary of Republican China, vols 1-4
Leader;Biographical Dictionary of Republican China, vols 1-4
Officer;Biographical Dictionary of Republican China, vols 1-4
Military Commander;Biographical Dictionary of Republican China, vols 1-4
Secretariat Member;Biographical Dictionary of Republican China, vols 1-4
Major General;Biographical Dictionary of Republican China, vols 1-4
Envoy;Biographical Dictionary of Republican China, vols 1-4
Administrator;Biographical Dictionary of Republican China, vols 1-4
Deputy Pacification Commissioner;Biographical Dictionary of Republican China, vols 1-4
Central Supervisory Committee Member;Biographical Dictionary of Republican China, vols 1-4
School Inspector;Biographical Dictionary of Republican China, vols 1-4
Assistant General Manager;Biographical Dictionary of Republican China, vols 1-4
Covert Agent;Biographical Dictionary of Republican China, vols 1-4
Corresponding Research Fellow;Biographical Dictionary of Republican China, vols 1-4
Founder;Biographical Dictionary of Republican China, vols 1-4
Honorary Fellow;Biographical Dictionary of Republican China, vols 1-4
Associate Professor;Biographical Dictionary of Republican China, vols 1-4
Editorial Secretary;Biographical Dictionary of Republican China, vols 1-4
Pastor;Biographical Dictionary of Republican China, vols 1-4
Assistant Minister;Biographical Dictionary of Republican China, vols 1-4
Lieutenant Colonel;Biographical Dictionary of Republican China, vols 1-4
Students' Corps Member;Biographical Dictionary of Republican China, vols 1-4
Provincial Councillor;Biographical Dictionary of Republican China, vols 1-4
Military Councillor;Biographical Dictionary of Republican China, vols 1-4
Company Commander;Biographical Dictionary of Republican China, vols 1-4
Regimental Commander;Biographical Dictionary of Republican China, vols 1-4
Assistant Director;Biographical Dictionary of Republican China, vols 1-4
Foreign Affairs Commissioner;Biographical Dictionary of Republican China, vols 1-4
Deputy Head;Biographical Dictionary of Republican China, vols 1-4
Acting Chancellor;Biographical Dictionary of Republican China, vols 1-4
Lieutenant;Biographical Dictionary of Republican China, vols 1-4
Provincial Commissioner;Biographical Dictionary of Republican China, vols 1-4
Magistrate;Biographical Dictionary of Republican China, vols 1-4
Lieutenant General;Biographical Dictionary of Republican China, vols 1-4
Military Adviser;Biographical Dictionary of Republican China, vols 1-4
Buddhist Monk;Biographical Dictionary of Republican China, vols 1-4
Political Security Bureau Member;Biographical Dictionary of Republican China, vols 1-4
Candidate Member;Biographical Dictionary of Republican China, vols 1-4
Associate Dean;Biographical Dictionary of Republican China, vols 1-4
Assistant Proctor;Biographical Dictionary of Republican China, vols 1-4
Apostolic prefect;Biographical Dictionary of Republican China, vols 1-4
Vice Pastor;Biographical Dictionary of Republican China, vols 1-4
Executive Director;Biographical Dictionary of Republican China, vols 1-4
Associate Editor;Biographical Dictionary of Republican China, vols 1-4
Chief Administrator;Biographical Dictionary of Republican China, vols 1-4
Co-Chairman;Biographical Dictionary of Republican China, vols 1-4
Deputy Dean;Biographical Dictionary of Republican China, vols 1-4
Deputy Minister;Biographical Dictionary of Republican China, vols 1-4
Presiding Judge;Biographical Dictionary of Republican China, vols 1-4
Auditor;Biographical Dictionary of Republican China, vols 1-4
Manager;Biographical Dictionary of Republican China, vols 1-4
Liquidator;Biographical Dictionary of Republican China, vols 1-4
Carpenter;Biographical Dictionary of Republican China, vols 1-4
Cadet;Biographical Dictionary of Republican China, vols 1-4
Military Affairs Commissioner;Biographical Dictionary of Republican China, vols 1-4
Speaker;Biographical Dictionary of Republican China, vols 1-4
City Planner;Biographical Dictionary of Republican China, vols 1-4
Architectural Consultant;Biographical Dictionary of Republican China, vols 1-4
Field Director;Biographical Dictionary of Republican China, vols 1-4
Party Representative;Biographical Dictionary of Republican China, vols 1-4
First Secretary;Biographical Dictionary of Republican China, vols 1-4
Deputy Surgeon General;Biographical Dictionary of Republican China, vols 1-4
Surgeon;Biographical Dictionary of Republican China, vols 1-4
Medical Inspector;Biographical Dictionary of Republican China, vols 1-4
Chief Executive;Biographical Dictionary of Republican China, vols 1-4
Associate Compiler;Biographical Dictionary of Republican China, vols 1-4
Medical Director;Biographical Dictionary of Republican China, vols 1-4
Border Defense Commissioner;Biographical Dictionary of Republican China, vols 1-4
Educational Secretary;Biographical Dictionary of Republican China, vols 1-4
Personal Military Staff;Biographical Dictionary of Republican China, vols 1-4
Executive Board Member;Biographical Dictionary of Republican China, vols 1-4
Negotiator;Biographical Dictionary of Republican China, vols 1-4
Monk;Biographical Dictionary of Republican China, vols 1-4
Abbot;Biographical Dictionary of Republican China, vols 1-4
Ticket Seller;Biographical Dictionary of Republican China, vols 1-4
Stenographer;Biographical Dictionary of Republican China, vols 1-4
Executive Member;Biographical Dictionary of Republican China, vols 1-4
Procurator General;Biographical Dictionary of Republican China, vols 1-4
Field Inspector;Biographical Dictionary of Republican China, vols 1-4
Assistant Examiner;Biographical Dictionary of Republican China, vols 1-4
Assistant Secretary;Biographical Dictionary of Republican China, vols 1-4
Consul;Biographical Dictionary of Republican China, vols 1-4
Junior Officer;Biographical Dictionary of Republican China, vols 1-4
Actor;Biographical Dictionary of Republican China, vols 1-4
Chief of Police;Biographical Dictionary of Republican China, vols 1-4
Daotai;Biographical Dictionary of Republican China, vols 1-4
Provisional National Assembly Member;Biographical Dictionary of Republican China, vols 1-4
English Teacher;Biographical Dictionary of Republican China, vols 1-4
Honorary Adviser;Biographical Dictionary of Republican China, vols 1-4
Engineer;Biographical Dictionary of Republican China, vols 1-4
Medical Adviser;Biographical Dictionary of Republican China, vols 1-4
Honorary Superintendent;Biographical Dictionary of Republican China, vols 1-4
Visiting Surgeon;Biographical Dictionary of Republican China, vols 1-4
Medical Officer;Biographical Dictionary of Republican China, vols 1-4
Assistant Chief;Biographical Dictionary of Republican China, vols 1-4
Inspector;Biographical Dictionary of Republican China, vols 1-4
Board member;Biographical Dictionary of Republican China, vols 1-4
Librarian;Biographical Dictionary of Republican China, vols 1-4
Corresponding Member;Biographical Dictionary of Republican China, vols 1-4
Honorary President;Biographical Dictionary of Republican China, vols 1-4
Deputy Military Governor;Biographical Dictionary of Republican China, vols 1-4
Deputy Commander In Chief;Biographical Dictionary of Republican China, vols 1-4
Branch Column Commander;Biographical Dictionary of Republican China, vols 1-4
Professor;Biographical Dictionary of Republican China, vols 1-4
Liaison Officer;Biographical Dictionary of Republican China, vols 1-4
Deputy Commissar;Biographical Dictionary of Republican China, vols 1-4
Political Adviser;Biographical Dictionary of Republican China, vols 1-4
Vice Chancellor;Biographical Dictionary of Republican China, vols 1-4
Council Membership;Biographical Dictionary of Republican China, vols 1-4
Divisional Staff Officer;Biographical Dictionary of Republican China, vols 1-4
Adjutant;Biographical Dictionary of Republican China, vols 1-4
Political Council Member;Biographical Dictionary of Republican China, vols 1-4
Naval Attache;Biographical Dictionary of Republican China, vols 1-4
Department Director;Biographical Dictionary of Republican China, vols 1-4
Prefect;Biographical Dictionary of Republican China, vols 1-4
Chief Technician;Biographical Dictionary of Republican China, vols 1-4
Junior Guardian;Biographical Dictionary of Republican China, vols 1-4
Coowner;Biographical Dictionary of Republican China, vols 1-4
Owner;Biographical Dictionary of Republican China, vols 1-4
Assistant Director General;Biographical Dictionary of Republican China, vols 1-4
Counsellor;Biographical Dictionary of Republican China, vols 1-4
Vice Commander;Biographical Dictionary of Republican China, vols 1-4
Regiment Commander;Biographical Dictionary of Republican China, vols 1-4
Personal Chief;Biographical Dictionary of Republican China, vols 1-4
Deputy Pacification Commander;Biographical Dictionary of Republican China, vols 1-4
National Director;Biographical Dictionary of Republican China, vols 1-4
Educational Supervisor;Biographical Dictionary of Republican China, vols 1-4
Zhushi;Biographical Dictionary of Republican China, vols 1-4
Vice-President;Biographical Dictionary of Republican China, vols 1-4
Deputy commissioner;Biographical Dictionary of Republican China, vols 1-4
Chief Political Officer;Biographical Dictionary of Republican China, vols 1-4
Proctor;Biographical Dictionary of Republican China, vols 1-4
Apostolic Vicar;Biographical Dictionary of Republican China, vols 1-4
Cardinal;Biographical Dictionary of Republican China, vols 1-4
Political Training Board Member;Biographical Dictionary of Republican China, vols 1-4
Aide;Biographical Dictionary of Republican China, vols 1-4
Deputy Judge;Biographical Dictionary of Republican China, vols 1-4
Tutor;Biographical Dictionary of Republican China, vols 1-4
Honorary Consultant;Biographical Dictionary of Republican China, vols 1-4
Controller General;Biographical Dictionary of Republican China, vols 1-4
Confidential Chinese secretary;Biographical Dictionary of Republican China, vols 1-4
Vice Zongcai;Biographical Dictionary of Republican China, vols 1-4
Financial Adviser;Biographical Dictionary of Republican China, vols 1-4
Assistant Instructor;Biographical Dictionary of Republican China, vols 1-4
Provincial Commander;Biographical Dictionary of Republican China, vols 1-4
Editor-Compiler;Biographical Dictionary of Republican China, vols 1-4
Division Director;Biographical Dictionary of Republican China, vols 1-4
Teaching Assistant;Biographical Dictionary of Republican China, vols 1-4
Vice Speaker;Biographical Dictionary of Republican China, vols 1-4
Chief Representative;Biographical Dictionary of Republican China, vols 1-4
Deputy Mayor;Biographical Dictionary of Republican China, vols 1-4
Chief Aide;Biographical Dictionary of Republican China, vols 1-4
Assistant Sub-Prefct;Biographical Dictionary of Republican China, vols 1-4
Co-Founder;Biographical Dictionary of Republican China, vols 1-4
Contributor;Biographical Dictionary of Republican China, vols 1-4
Chief Adviser;Biographical Dictionary of Republican China, vols 1-4
Judge Advocate;Biographical Dictionary of Republican China, vols 1-4
Party Secretaty;Biographical Dictionary of Republican China, vols 1-4
Party Secretary;Biographical Dictionary of Republican China, vols 1-4
Colonel;Biographical Dictionary of Republican China, vols 1-4
Provost;Biographical Dictionary of Republican China, vols 1-4
Publicist;Biographical Dictionary of Republican China, vols 1-4
Chief Instructor;Biographical Dictionary of Republican China, vols 1-4
Artist;Biographical Dictionary of Republican China, vols 1-4
Administrative Vice Minister;Biographical Dictionary of Republican China, vols 1-4
Grand Councillor;Biographical Dictionary of Republican China, vols 1-4
Administrative Officer;Biographical Dictionary of Republican China, vols 1-4
Full member;Biographical Dictionary of Republican China, vols 1-4
Departmental Keeper;Biographical Dictionary of Republican China, vols 1-4
Assistant Departmental Keeper Of Drafts;Biographical Dictionary of Republican China, vols 1-4
Associate Chief Justice;Biographical Dictionary of Republican China, vols 1-4
Provincial Treasurer;Biographical Dictionary of Republican China, vols 1-4
Viceroy;Biographical Dictionary of Republican China, vols 1-4
Honorary Chairman;Biographical Dictionary of Republican China, vols 1-4
Educational Administrator;Biographical Dictionary of Republican China, vols 1-4
Chief Accountant;Biographical Dictionary of Republican China, vols 1-4
Deputy Peace Preservation Commander;Biographical Dictionary of Republican China, vols 1-4
Educator And Intellectual Publicist;Biographical Dictionary of Republican China, vols 1-4
First Councillor;Biographical Dictionary of Republican China, vols 1-4
Presidential Adviser;Biographical Dictionary of Republican China, vols 1-4
Presidential Secretary;Biographical Dictionary of Republican China, vols 1-4
Military Staff Member;Biographical Dictionary of Republican China, vols 1-4
District Director;Biographical Dictionary of Republican China, vols 1-4
Private Secretary;Biographical Dictionary of Republican China, vols 1-4
Consul General;Biographical Dictionary of Republican China, vols 1-4
Associate secretary;Biographical Dictionary of Republican China, vols 1-4
Expert;Biographical Dictionary of Republican China, vols 1-4
Weapons Specialist;Biographical Dictionary of Republican China, vols 1-4
Paymaster;Biographical Dictionary of Republican China, vols 1-4
Xian Magistrate;Biographical Dictionary of Republican China, vols 1-4
Circuit Commissioner;Biographical Dictionary of Republican China, vols 1-4
Board Secretary;Biographical Dictionary of Republican China, vols 1-4
Salaried Shengyuan;Biographical Dictionary of Republican China, vols 1-4
Junior Vice President;Biographical Dictionary of Republican China, vols 1-4
Expectant Subprefect;Biographical Dictionary of Republican China, vols 1-4
Intendent;Biographical Dictionary of Republican China, vols 1-4
Chief Bibliographer;Biographical Dictionary of Republican China, vols 1-4
Assistant Librarian;Biographical Dictionary of Republican China, vols 1-4
Consulting Engineer;Biographical Dictionary of Republican China, vols 1-4
General Counselor;Biographical Dictionary of Republican China, vols 1-4
Honorary Editor;Biographical Dictionary of Republican China, vols 1-4
Deputy General;Biographical Dictionary of Republican China, vols 1-4
Chief Envoy;Biographical Dictionary of Republican China, vols 1-4
Aide-De-Camp;Biographical Dictionary of Republican China, vols 1-4
Provincial Judge;Biographical Dictionary of Republican China, vols 1-4
Lieutenant Governor;Biographical Dictionary of Republican China, vols 1-4
Diocesan Bishop;Biographical Dictionary of Republican China, vols 1-4
Deputy Regimental Commander;Biographical Dictionary of Republican China, vols 1-4
Justice;Biographical Dictionary of Republican China, vols 1-4
Unofficial Member;Biographical Dictionary of Republican China, vols 1-4
Executive Officer;Biographical Dictionary of Republican China, vols 1-4
Judicial Commissioner;Biographical Dictionary of Republican China, vols 1-4
Second Lieutenant;Biographical Dictionary of Republican China, vols 1-4
Commissar;Biographical Dictionary of Republican China, vols 1-4
Adjutant General;Biographical Dictionary of Republican China, vols 1-4
Quartermaster General;Biographical Dictionary of Republican China, vols 1-4
Company And Battalion Commander;Biographical Dictionary of Republican China, vols 1-4
Emissary;Biographical Dictionary of Republican China, vols 1-4
Postal Officer;Biographical Dictionary of Republican China, vols 1-4
Account Clerk;Asia Directory & Chronicle
Accountant;Asia Directory & Chronicle
Accountant and Distributor;Asia Directory & Chronicle
Accountant and Public Auditor;Asia Directory & Chronicle
Accountant Clerk;Asia Directory & Chronicle
Accountant Officer;Asia Directory & Chronicle
Accountants Department;Asia Directory & Chronicle
Accountants' Office;Asia Directory & Chronicle
Accounting Department;Asia Directory & Chronicle
Accounting Division;Asia Directory & Chronicle
Acting  Secretary Interpreter;Asia Directory & Chronicle
Acting Accountant;Asia Directory & Chronicle
Acting Administrator;Asia Directory & Chronicle
Acting Agent;Asia Directory & Chronicle
Acting Apothecary and Analyst;Asia Directory & Chronicle
Acting Appraising Commissioner;Asia Directory & Chronicle
Acting Assistant;Asia Directory & Chronicle
Acting Assistant Audit Secretary;Asia Directory & Chronicle
Acting Assistant Cashier;Asia Directory & Chronicle
Acting Assistant Chinese Secretary;Asia Directory & Chronicle
Acting Assistant Colonial Secretary;Asia Directory & Chronicle
Acting Assistant Director General;Asia Directory & Chronicle
Acting Assistant Director of Public Works;Asia Directory & Chronicle
Acting Assistant Engineer;Asia Directory & Chronicle
Acting Assistant Harbour Master;Asia Directory & Chronicle
Acting Assistant Judge;Asia Directory & Chronicle
Acting Assistant Manager;Asia Directory & Chronicle
Acting Assistant Postal Officer;Asia Directory & Chronicle
Acting Assistant Registrar-General;Asia Directory & Chronicle
Acting Assistant Secretary;Asia Directory & Chronicle
Acting Assistant Staff and Private Secretary;Asia Directory & Chronicle
Acting Assistant Superintendent;Asia Directory & Chronicle
Acting Assistant Superintendent Engineer;Asia Directory & Chronicle
Acting Assistant Surgeon;Asia Directory & Chronicle
Acting Assistant Tidesurveyor;Asia Directory & Chronicle
Acting Assistant To Postal Secretary;Asia Directory & Chronicle
Acting Assistant To Statistical Secretary;Asia Directory & Chronicle
Acting Assistant To the Postal Secretary;Asia Directory & Chronicle
Acting Assitant Marine Superintendent;Asia Directory & Chronicle
Acting Audit Secretary;Asia Directory & Chronicle
Acting Auditor;Asia Directory & Chronicle
Acting Boat Officer;Asia Directory & Chronicle
Acting Boatswain;Asia Directory & Chronicle
Acting Branch Manager;Asia Directory & Chronicle
Acting Consul;Asia Directory & Chronicle
Acting Captain;Asia Directory & Chronicle
Acting Captain Lightship;Asia Directory & Chronicle
Acting Captain Superintendent;Asia Directory & Chronicle
Acting Chairman;Asia Directory & Chronicle
Acting Chancelier;Asia Directory & Chronicle
Acting Charge d'Affaires;Asia Directory & Chronicle
Acting Chc.;Asia Directory & Chronicle
Acting Chief Accountant;Asia Directory & Chronicle
Acting Chief Appraiser;Asia Directory & Chronicle
Acting Chief Clerk;Asia Directory & Chronicle
Acting Chief Clerk and Official Receiver;Asia Directory & Chronicle
Acting Chief Inspector;Asia Directory & Chronicle
Acting Chief Inspector of Police;Asia Directory & Chronicle
Acting Chief Justice;Asia Directory & Chronicle
Acting Chief Manager;Asia Directory & Chronicle
Acting Chief of Secretariat;Asia Directory & Chronicle
Acting Chief Officer;Asia Directory & Chronicle
Acting Chief Secretary;Asia Directory & Chronicle
Acting Chinese Secretary;Asia Directory & Chronicle
Acting Chinese Secretary Inspectorate General;Asia Directory & Chronicle
Acting Clerk;Asia Directory & Chronicle
Acting Co-Auditor;Asia Directory & Chronicle
Acting Coast Inspector;Asia Directory & Chronicle
Acting Coast Inspector and Harbour Master;Asia Directory & Chronicle
Acting Colonial Secretary;Asia Directory & Chronicle
Acting Colonial Surgeon;Asia Directory & Chronicle
Acting Colonial Treasurer;Asia Directory & Chronicle
Acting Commandant;Asia Directory & Chronicle
Acting Commander;Asia Directory & Chronicle
Acting Commissioner;Asia Directory & Chronicle
Acting Constable;Asia Directory & Chronicle
Acting Consul and Chancelier;Asia Directory & Chronicle
Acting Consul and Interpreter;Asia Directory & Chronicle
Acting Consul for Austria-Hungary;Asia Directory & Chronicle
Acting Consul for Denmark;Asia Directory & Chronicle
Acting Consul for Denmark and Manager;Asia Directory & Chronicle
Acting Consul for France;Asia Directory & Chronicle
Acting Consul for Germany;Asia Directory & Chronicle
Acting Consul for Great Britain;Asia Directory & Chronicle
Acting Consul for Italy;Asia Directory & Chronicle
Acting Consul for Netherlands;Asia Directory & Chronicle
Acting Consul for Norway;Asia Directory & Chronicle
Acting Consul for Russia;Asia Directory & Chronicle
Acting Consul General;Asia Directory & Chronicle
Acting Consul General for Austria-Hungary;Asia Directory & Chronicle
Acting Consul General for Japan;Asia Directory & Chronicle
Acting Consul General for Sweden;Asia Directory & Chronicle
Acting Controller;Asia Directory & Chronicle
Acting Crown Advocate;Asia Directory & Chronicle
Acting Deputy Coast Inspector;Asia Directory & Chronicle
Acting Deputy Commissary;Asia Directory & Chronicle
Acting Deputy Commissioner;Asia Directory & Chronicle
Acting Deputy Harbour Master;Asia Directory & Chronicle
Acting Deputy Inspector;Asia Directory & Chronicle
Acting Deputy Postal Commissioner;Asia Directory & Chronicle
Acting Deputy Registrar;Asia Directory & Chronicle
Acting Deputy Registrar and Accountant;Asia Directory & Chronicle
Acting Deputy Superintendent;Asia Directory & Chronicle
Acting Deputy-Commissioner;Asia Directory & Chronicle
Acting Depy. Treasurer;Asia Directory & Chronicle
Acting Director;Asia Directory & Chronicle
Acting District Engineer;Asia Directory & Chronicle
Acting District Manager;Asia Directory & Chronicle
Acting District Officer;Asia Directory & Chronicle
Acting Division Manager;Asia Directory & Chronicle
Acting Engineer;Asia Directory & Chronicle
Acting Engineer In Chief;Asia Directory & Chronicle
Acting Fire Manager;Asia Directory & Chronicle
Acting First Assistant;Asia Directory & Chronicle
Acting First Clerk;Asia Directory & Chronicle
Acting First Engineer;Asia Directory & Chronicle
Acting First Officer;Asia Directory & Chronicle
Acting First Secretary;Asia Directory & Chronicle
Acting French Consul;Asia Directory & Chronicle
Acting General Manager;Asia Directory & Chronicle
Acting German Consul;Asia Directory & Chronicle
Acting Godown Keeper;Asia Directory & Chronicle
Acting Gunner;Asia Directory & Chronicle
Acting Harbour Master;Asia Directory & Chronicle
Acting Harbour Master and Tide Surveyor;Asia Directory & Chronicle
Acting Headmaster;Asia Directory & Chronicle
Acting Inspector;Asia Directory & Chronicle
Acting Inspector of Examiners;Asia Directory & Chronicle
Acting Inspector of Lights;Asia Directory & Chronicle
Acting Inspector of Markets;Asia Directory & Chronicle
Acting Inspector of Police;Asia Directory & Chronicle
Acting Interpreter;Asia Directory & Chronicle
Acting Interpreter and Translator;Asia Directory & Chronicle
Acting Interpreter In Charge;Asia Directory & Chronicle
Acting Judge;Asia Directory & Chronicle
Acting Leading Man of Fitters;Asia Directory & Chronicle
Acting Leading Man of Storehouses;Asia Directory & Chronicle
Acting Leading-Man of Boilermakers;Asia Directory & Chronicle
Acting Lightkeeper;Asia Directory & Chronicle
Acting Local Manager;Asia Directory & Chronicle
Acting Locomotive Inspector;Asia Directory & Chronicle
Acting Locomotive Superintendent;Asia Directory & Chronicle
Acting Magistrate;Asia Directory & Chronicle
Acting Manager;Asia Directory & Chronicle
Acting Manager In China;Asia Directory & Chronicle
Acting Marine Superintendent;Asia Directory & Chronicle
Acting Marine Surveyor;Asia Directory & Chronicle
Acting Marshall;Asia Directory & Chronicle
Acting Master;Asia Directory & Chronicle
Acting Master Attendant;Asia Directory & Chronicle
Acting Mate;Asia Directory & Chronicle
Acting Mate Lightship;Asia Directory & Chronicle
Acting Military Chaplain;Asia Directory & Chronicle
Acting Paymaster;Asia Directory & Chronicle
Acting Pensions Chief Accountant;Asia Directory & Chronicle
Acting Personal Secretary;Asia Directory & Chronicle
Acting Physician;Asia Directory & Chronicle
Acting Police Magistrate;Asia Directory & Chronicle
Acting Police Magistrate and Registrar;Asia Directory & Chronicle
Acting Postal Commissioner;Asia Directory & Chronicle
Acting Postal Officer;Asia Directory & Chronicle
Acting Postal Secretary;Asia Directory & Chronicle
Acting Postmaster-General;Asia Directory & Chronicle
Acting Preventive Deputy Commissioner;Asia Directory & Chronicle
Acting Principal;Asia Directory & Chronicle
Acting Private Secretary;Asia Directory & Chronicle
Acting Private Secretary and Accountant;Asia Directory & Chronicle
Acting Procureur-Gencral;Asia Directory & Chronicle
Acting Professor of Chemistry;Asia Directory & Chronicle
Acting Puisne Judge;Asia Directory & Chronicle
Acting Regimental Sergeant-Major;Asia Directory & Chronicle
Acting Regimental Sergt.-Major;Asia Directory & Chronicle
Acting Registrar;Asia Directory & Chronicle
Acting Resident Manager;Asia Directory & Chronicle
Acting River Inspector;Asia Directory & Chronicle
Acting River Police Inspector;Asia Directory & Chronicle
Acting Russian Consul;Asia Directory & Chronicle
Acting Russian Consul and Postmaster;Asia Directory & Chronicle
Acting Sanatary Inspector;Asia Directory & Chronicle
Acting Sanitary Inspector;Asia Directory & Chronicle
Acting Second Engineer;Asia Directory & Chronicle
Acting Second Mate;Asia Directory & Chronicle
Acting Second Officer;Asia Directory & Chronicle
Acting Secretary;Asia Directory & Chronicle
Acting Secretary Interpreter;Asia Directory & Chronicle
Acting Staff Secretary;Asia Directory & Chronicle
Acting Sub-Accountant;Asia Directory & Chronicle
Acting Sub-Lieutenant;Asia Directory & Chronicle
Acting Sub-Manager;Asia Directory & Chronicle
Acting Superintendent;Asia Directory & Chronicle
Acting Superintendent Carpenter;Asia Directory & Chronicle
Acting Superintendent Engineer;Asia Directory & Chronicle
Acting Supervisor;Asia Directory & Chronicle
Acting Surveyor;Asia Directory & Chronicle
Acting Teacher of Russian;Asia Directory & Chronicle
Acting Teacher T’Ung Wen Kwan;Asia Directory & Chronicle
Acting Third Assistant;Asia Directory & Chronicle
Acting Third Engineer;Asia Directory & Chronicle
Acting Tide Surveyor;Asia Directory & Chronicle
Acting Tidewaiter;Asia Directory & Chronicle
Acting Traffic Manager;Asia Directory & Chronicle
Acting Vice-Consul;Asia Directory & Chronicle
Acting Vice-Consul for Sweden;Asia Directory & Chronicle
Acting Wharf Superintendent;Asia Directory & Chronicle
Actuary;Asia Directory & Chronicle
Addido Escrivao;Asia Directory & Chronicle
Adjudant;Asia Directory & Chronicle
Adjudant-Major;Asia Directory & Chronicle
Adjudante;Asia Directory & Chronicle
Adjudante de Campo;Asia Directory & Chronicle
Adjuster;Asia Directory & Chronicle
Adjutant of Police;Asia Directory & Chronicle
Administrador;Asia Directory & Chronicle
Administrateur;Asia Directory & Chronicle
Administrateur Adjoint;Asia Directory & Chronicle
Administrateur Delegue;Asia Directory & Chronicle
Administrateur nn Chef du Territoire;Asia Directory & Chronicle
Administrative Deputy Commissioner;Asia Directory & Chronicle
Administratrice;Asia Directory & Chronicle
Administratrix;Asia Directory & Chronicle
Advertising Agent;Asia Directory & Chronicle
Advertising Manager;Asia Directory & Chronicle
Adviser Revenue Matters;Asia Directory & Chronicle
Adviser To Chinese Government;Asia Directory & Chronicle
Adviser To Ministry of Finance;Asia Directory & Chronicle
Adviser To the Chinese Government;Asia Directory & Chronicle
Advisor;Asia Directory & Chronicle
Advocate;Asia Directory & Chronicle
Advogado;Asia Directory & Chronicle
Advogado E Director;Asia Directory & Chronicle
Aerated Water Manufacturer;Asia Directory & Chronicle
Aeronautical Engineer;Asia Directory & Chronicle
Agency Director;Asia Directory & Chronicle
Agency Inspector;Asia Directory & Chronicle
Agency Manager;Asia Directory & Chronicle
Agent and Attorney;Asia Directory & Chronicle
Agent and Broker;Asia Directory & Chronicle
Agent and Correspondent;Asia Directory & Chronicle
Agent and Engineer;Asia Directory & Chronicle
Agent and General Manager;Asia Directory & Chronicle
Agent and Manager;Asia Directory & Chronicle
Agent and Surveyor;Asia Directory & Chronicle
Agent and Tea Inspector;Asia Directory & Chronicle
Agent de Transports;Asia Directory & Chronicle
Agent for China;Asia Directory & Chronicle
Agent General and Engineer In Chief;Asia Directory & Chronicle
Agent Government Treasury Department;Asia Directory & Chronicle
Agent In China;Asia Directory & Chronicle
Agent Insurance Offices;Asia Directory & Chronicle
Agent Principal;Asia Directory & Chronicle
Agent Voyer;Asia Directory & Chronicle
Agente;Asia Directory & Chronicle
Agente Addido;Asia Directory & Chronicle
Agricultural Adviser;Asia Directory & Chronicle
Agricultural Secretary;Asia Directory & Chronicle
Agronomist;Asia Directory & Chronicle
Aide de Camp;Asia Directory & Chronicle
Aiferes;Asia Directory & Chronicle
Air-Brake Inspector;Asia Directory & Chronicle
Ajudante Carcereiro;Asia Directory & Chronicle
Ajudante de Campo;Asia Directory & Chronicle
Albumen Manufacturer;Asia Directory & Chronicle
Alexander;Asia Directory & Chronicle
Alferes;Asia Directory & Chronicle
Alferes de Infanteria;Asia Directory & Chronicle
Amanuense;Asia Directory & Chronicle
Dentist;Asia Directory & Chronicle
Missionary;Asia Directory & Chronicle
Resident;Asia Directory & Chronicle
Analyst;Asia Directory & Chronicle
Analytical Chemist;Asia Directory & Chronicle
Ancien Procureur General;Asia Directory & Chronicle
Ancien Procureur-Général;Asia Directory & Chronicle
Andersen;Asia Directory & Chronicle
Anglican Chaplain;Asia Directory & Chronicle
Anglo-Chinese School;Asia Directory & Chronicle
Apontador;Asia Directory & Chronicle
Apothecary;Asia Directory & Chronicle
Apotheker;Asia Directory & Chronicle
Appraiser;Asia Directory & Chronicle
Apprentice Engineer;Asia Directory & Chronicle
Arbitrator;Asia Directory & Chronicle
Archdeacon;Asia Directory & Chronicle
Architect;Asia Directory & Chronicle
Architect and Civil Engineer;Asia Directory & Chronicle
Architect and Director;Asia Directory & Chronicle
Architect and Engineer;Asia Directory & Chronicle
Architect and Estate Agent;Asia Directory & Chronicle
Architect and Surveyor;Asia Directory & Chronicle
Architect, Civil Engineer and Surveyor;Asia Directory & Chronicle
Architects and Engineers;Asia Directory & Chronicle
Architectural Assistant;Asia Directory & Chronicle
Architectural Draughtsman;Asia Directory & Chronicle
Architectural Section;Asia Directory & Chronicle
Archivist;Asia Directory & Chronicle
Armourer;Asia Directory & Chronicle
Army and Navy Contractor;Asia Directory & Chronicle
Army Contractor;Asia Directory & Chronicle
Army Instructor;Asia Directory & Chronicle
Army Medical Staff;Asia Directory & Chronicle
Army Service Corps;Asia Directory & Chronicle
Art Director;Asia Directory & Chronicle
Articled Clerk;Asia Directory & Chronicle
Artificer;Asia Directory & Chronicle
Artificer Engineer;Asia Directory & Chronicle
Artificier;Asia Directory & Chronicle
Artillery Officer;Asia Directory & Chronicle
Artist and Photographer;Asia Directory & Chronicle
Artist, Correspondent;Asia Directory & Chronicle
Artistic Director;Asia Directory & Chronicle
Artistic Superintendent;Asia Directory & Chronicle
Aspirante;Asia Directory & Chronicle
Assayer;Asia Directory & Chronicle
Assessor Attached;Asia Directory & Chronicle
Assessor of Rates;Asia Directory & Chronicle
Assistant  Surgeon;Asia Directory & Chronicle
Assistant Accountant;Asia Directory & Chronicle
Assistant Accountant and Cashier;Asia Directory & Chronicle
Assistant Agent General;Asia Directory & Chronicle
Assistant Analyst;Asia Directory & Chronicle
Assistant and Acting Interpreter;Asia Directory & Chronicle
Assistant and Acting Postal Secretary;Asia Directory & Chronicle
Assistant and Medical Officer;Asia Directory & Chronicle
Assistant and Post-Office Agent;Asia Directory & Chronicle
Assistant and Postal Agent;Asia Directory & Chronicle
Assistant and Private Secretary;Asia Directory & Chronicle
Assistant and Pro-Consul;Asia Directory & Chronicle
Assistant Apothecary and Analyst;Asia Directory & Chronicle
Assistant Appraiser;Asia Directory & Chronicle
Assistant Architect;Asia Directory & Chronicle
Assistant Attendant;Asia Directory & Chronicle
Assistant Attorney General;Asia Directory & Chronicle
Assistant Auditor;Asia Directory & Chronicle
Assistant Boat Officer;Asia Directory & Chronicle
Assistant Boiler Superintendent;Asia Directory & Chronicle
Assistant Boilermaker;Asia Directory & Chronicle
Assistant Bookkeeper;Asia Directory & Chronicle
Assistant Brewmaster;Asia Directory & Chronicle
Assistant Cargo Superintendent;Asia Directory & Chronicle
Assistant Cashier;Asia Directory & Chronicle
Assistant Chaplain;Asia Directory & Chronicle
Assistant Chemist;Asia Directory & Chronicle
Assistant Chief Constructor;Asia Directory & Chronicle
Assistant Chief Examiner;Asia Directory & Chronicle
Assistant Chief of Police;Asia Directory & Chronicle
Assistant Chief Warder;Asia Directory & Chronicle
Assistant Chinese Secretary;Asia Directory & Chronicle
Assistant Civil Engineer;Asia Directory & Chronicle
Assistant Clerk;Asia Directory & Chronicle
Assistant Colonial Secretary;Asia Directory & Chronicle
Assistant Colonial Secretary and Acting Clerk of Councils;Asia Directory & Chronicle
Assistant Colonial Secretary and Clerk of Councils;Asia Directory & Chronicle
Assistant Colonial Veterinary Surgeon;Asia Directory & Chronicle
Assistant Command Paymaster;Asia Directory & Chronicle
Assistant Commercial Attache;Asia Directory & Chronicle
Assistant Commercial Attaché;Asia Directory & Chronicle
Assistant Commisary of Ordnance;Asia Directory & Chronicle
Assistant Commissary;Asia Directory & Chronicle
Assistant Commissary General;Asia Directory & Chronicle
Assistant Commissary of Ordnance;Asia Directory & Chronicle
Assistant Commissioner;Asia Directory & Chronicle
Assistant Commissioner of Public Health;Asia Directory & Chronicle
Assistant Conductor;Asia Directory & Chronicle
Assistant Constructor;Asia Directory & Chronicle
Assistant Consul;Asia Directory & Chronicle
Assistant Consular Surgeon;Asia Directory & Chronicle
Assistant Controller;Asia Directory & Chronicle
Assistant Deputy Land Officer;Asia Directory & Chronicle
Assistant Director Manager;Asia Directory & Chronicle
Assistant Director of Medical Service;Asia Directory & Chronicle
Assistant Director of Ordnance Services;Asia Directory & Chronicle
Assistant Director of Supplies and Transport;Asia Directory & Chronicle
Assistant Distribution Engineer;Asia Directory & Chronicle
Assistant District Inspector;Asia Directory & Chronicle
Assistant District Superintendent;Asia Directory & Chronicle
Assistant Dockyard Manager;Asia Directory & Chronicle
Assistant Draftsman;Asia Directory & Chronicle
Assistant Draughtsman;Asia Directory & Chronicle
Assistant Electrical Sunt;Asia Directory & Chronicle
Assistant Engine Works Manager;Asia Directory & Chronicle
Assistant Engineer;Asia Directory & Chronicle
Assistant Engineer and Acting Superintendent of Crown Lands,;Asia Directory & Chronicle
Assistant Engineer and Surveyor;Asia Directory & Chronicle
Assistant Engineer Department;Asia Directory & Chronicle
Assistant Engineer In Charge;Asia Directory & Chronicle
Assistant Engineer-in-Charge;Asia Directory & Chronicle
Assistant Engineer-in-Chief;Asia Directory & Chronicle
Assistant English Secretary;Asia Directory & Chronicle
Assistant Examiner and Diver;Asia Directory & Chronicle
Assistant Expense Accountant Officer;Asia Directory & Chronicle
Assistant Export Department;Asia Directory & Chronicle
Assistant Factory Manager;Asia Directory & Chronicle
Assistant Factory Superintendent;Asia Directory & Chronicle
Assistant Financial Adviser and Auditor;Asia Directory & Chronicle
Assistant Financial Secretary;Asia Directory & Chronicle
Assistant Fitter;Asia Directory & Chronicle
Assistant Fittg. Superintendent;Asia Directory & Chronicle
Assistant Fittings Superintendent;Asia Directory & Chronicle
Assistant Foreman;Asia Directory & Chronicle
Assistant Freight Clerk;Asia Directory & Chronicle
Assistant French Postmaster;Asia Directory & Chronicle
Assistant Gaoler;Asia Directory & Chronicle
Assistant General Superintendent;Asia Directory & Chronicle
Assistant Godown Superintendent;Asia Directory & Chronicle
Assistant Government Marine Surveyor;Asia Directory & Chronicle
Assistant Harbour Master;Asia Directory & Chronicle
Assistant Health Officer;Asia Directory & Chronicle
Assistant Heating Engineer;Asia Directory & Chronicle
Assistant Hospital Supervisor;Asia Directory & Chronicle
Assistant In Charge;Asia Directory & Chronicle
Assistant Inspection Officer;Asia Directory & Chronicle
Assistant Inspector;Asia Directory & Chronicle
Assistant Inspector of Brothel;Asia Directory & Chronicle
Assistant Inspector of Cargo Boats and Junk;Asia Directory & Chronicle
Assistant Inspector of Junks;Asia Directory & Chronicle
Assistant Inspector of Markets;Asia Directory & Chronicle
Assistant Inspector of Nuisances;Asia Directory & Chronicle
Assistant Inspector of Police;Asia Directory & Chronicle
Assistant Inspector of Works;Asia Directory & Chronicle
Assistant Inspectorate General;Asia Directory & Chronicle
Assistant Inspectorate-General;Asia Directory & Chronicle
Assistant Installation Manager;Asia Directory & Chronicle
Assistant Interpreter;Asia Directory & Chronicle
Assistant Judge;Asia Directory & Chronicle
Assistant Land Officer;Asia Directory & Chronicle
Assistant Land Surveyor;Asia Directory & Chronicle
Assistant Light-Keeper;Asia Directory & Chronicle
Assistant Lightkeeper;Asia Directory & Chronicle
Assistant Locomotive Superintendent;Asia Directory & Chronicle
Assistant Main Superintendent;Asia Directory & Chronicle
Assistant Malariologist;Asia Directory & Chronicle
Assistant Managing Director;Asia Directory & Chronicle
Assistant Marine Manager;Asia Directory & Chronicle
Assistant Marine Superintendent;Asia Directory & Chronicle
Assistant Marine Surveyor;Asia Directory & Chronicle
Assistant Master;Asia Directory & Chronicle
Assistant Mechancial Engineer;Asia Directory & Chronicle
Assistant Mechanic;Asia Directory & Chronicle
Assistant Mechanical Engineer;Asia Directory & Chronicle
Assistant Mechanical Officer;Asia Directory & Chronicle
Assistant Medical Officer;Asia Directory & Chronicle
Assistant Medical Officer of Health;Asia Directory & Chronicle
Assistant Medical Practitioner of Health;Asia Directory & Chronicle
Assistant Merchant;Asia Directory & Chronicle
Assistant Meteorologist;Asia Directory & Chronicle
Assistant Meter and Testing Engineer;Asia Directory & Chronicle
Assistant Meter Inspector;Asia Directory & Chronicle
Assistant Meterologist;Asia Directory & Chronicle
Assistant Military Agent for Russia;Asia Directory & Chronicle
Assistant Military Attache;Asia Directory & Chronicle
Assistant Mistress;Asia Directory & Chronicle
Assistant Naval Ordnance Storekeeper;Asia Directory & Chronicle
Assistant Naval Store Officer;Asia Directory & Chronicle
Assistant Naval Store Officer and Cashier;Asia Directory & Chronicle
Assistant Ordnance Store Officer;Asia Directory & Chronicle
Assistant Overseer of Taxes;Asia Directory & Chronicle
Assistant Paymaster;Asia Directory & Chronicle
Assistant Paymaster In Charg;Asia Directory & Chronicle
Assistant Paymaster, Secretary’S Clerk;Asia Directory & Chronicle
Assistant Physician;Asia Directory & Chronicle
Assistant Police Inspector;Asia Directory & Chronicle
Assistant Post Master General;Asia Directory & Chronicle
Assistant Postal Officer;Asia Directory & Chronicle
Assistant Postal Officer In Charge;Asia Directory & Chronicle
Assistant Postal Ofliccr;Asia Directory & Chronicle
Assistant Postal Oliicer;Asia Directory & Chronicle
Assistant Postmaster;Asia Directory & Chronicle
Assistant Postmaster General;Asia Directory & Chronicle
Assistant Postmaster-General;Asia Directory & Chronicle
Assistant Postmater General;Asia Directory & Chronicle
Assistant Principal Printing Officer;Asia Directory & Chronicle
Assistant Procurator;Asia Directory & Chronicle
Assistant Professor of Chemistry;Asia Directory & Chronicle
Assistant Purser;Asia Directory & Chronicle
Assistant Registrar General;Asia Directory & Chronicle
Assistant Registrar-General;Asia Directory & Chronicle
Assistant Reporter;Asia Directory & Chronicle
Assistant Revenue Officer;Asia Directory & Chronicle
Assistant River Inspector;Asia Directory & Chronicle
Assistant Rolling Stock Superintendent;Asia Directory & Chronicle
Assistant Sale Manager;Asia Directory & Chronicle
Assistant Sales Manager;Asia Directory & Chronicle
Assistant Sanitary Surveyor;Asia Directory & Chronicle
Assistant Sanitation Chemist;Asia Directory & Chronicle
Assistant Secretariat;Asia Directory & Chronicle
Assistant Shift Charge Engineer;Asia Directory & Chronicle
Assistant Shift Engineer;Asia Directory & Chronicle
Assistant Staff Secretary;Asia Directory & Chronicle
Assistant Station Officer;Asia Directory & Chronicle
Assistant Statistical Secretary;Asia Directory & Chronicle
Assistant Stenographer;Asia Directory & Chronicle
Assistant Steward;Asia Directory & Chronicle
Assistant Stockkeeper;Asia Directory & Chronicle
Assistant Store Keeper;Asia Directory & Chronicle
Assistant Store Officer;Asia Directory & Chronicle
Assistant Store Superintendent;Asia Directory & Chronicle
Assistant Store-Officer;Asia Directory & Chronicle
Assistant Storekeeper;Asia Directory & Chronicle
Assistant Storeman;Asia Directory & Chronicle
Assistant Sub-Manager;Asia Directory & Chronicle
Assistant Superintendent;Asia Directory & Chronicle
Assistant Superintendent Engineer;Asia Directory & Chronicle
Assistant Superintendent Military Telegraphs;Asia Directory & Chronicle
Assistant Superintendent of Hospitals;Asia Directory & Chronicle
Assistant Superintendent of Mails;Asia Directory & Chronicle
Assistant Superintendent of Parks;Asia Directory & Chronicle
Assistant Superintendent of Police;Asia Directory & Chronicle
Assistant Superintendent of Police and Acting Local Postmaster;Asia Directory & Chronicle
Assistant Superintendent of Police for Indians;Asia Directory & Chronicle
Assistant Superintendent of Revenue;Asia Directory & Chronicle
Assistant Superintendent of Stores;Asia Directory & Chronicle
Assistant Superintendent Superintendent Military Telegraphs;Asia Directory & Chronicle
Assistant Supervisor;Asia Directory & Chronicle
Assistant Supply Department;Asia Directory & Chronicle
Assistant Surgeon;Asia Directory & Chronicle
Assistant Surveyor;Asia Directory & Chronicle
Assistant Sworn Measurer;Asia Directory & Chronicle
Assistant Tariff Secretary;Asia Directory & Chronicle
Assistant Teacher;Asia Directory & Chronicle
Assistant Tide Surveyor;Asia Directory & Chronicle
Assistant To Commandant;Asia Directory & Chronicle
Assistant To Commercial Manager;Asia Directory & Chronicle
Assistant To Engineer-in-Chief;Asia Directory & Chronicle
Assistant To Marine Superintendent;Asia Directory & Chronicle
Assistant To Military Agent;Asia Directory & Chronicle
Assistant To President;Asia Directory & Chronicle
Assistant To Sales Manager;Asia Directory & Chronicle
Assistant To Wharf Manager;Asia Directory & Chronicle
Assistant Trade Commissioner;Asia Directory & Chronicle
Assistant Traffic Manager;Asia Directory & Chronicle
Assistant Treasurer;Asia Directory & Chronicle
Assistant Usher and Process Server;Asia Directory & Chronicle
Assistant Usher of Chief Magistrate'S Office;Asia Directory & Chronicle
Assistant Vice-Consul;Asia Directory & Chronicle
Assistant Victualling Store Officer;Asia Directory & Chronicle
Assistant Viewer;Asia Directory & Chronicle
Assistant Ward-Master;Asia Directory & Chronicle
Assistant Warden;Asia Directory & Chronicle
Assistant Warehouseman;Asia Directory & Chronicle
Assistant Wharf Clerk;Asia Directory & Chronicle
Assistant Wharf Manager;Asia Directory & Chronicle
Assistant Wharf-Manager;Asia Directory & Chronicle
Assistant Works Foreman;Asia Directory & Chronicle
Assistant Works Manager;Asia Directory & Chronicle
Assistant Workshop Officer;Asia Directory & Chronicle
Assistant Workshops Officer;Asia Directory & Chronicle
Assistant Yard Superintendent;Asia Directory & Chronicle
Assistente;Asia Directory & Chronicle
Associate Chief Inspector;Asia Directory & Chronicle
Associated Secretary;Asia Directory & Chronicle
Attaché;Asia Directory & Chronicle
Attaché au Service de Santé;Asia Directory & Chronicle
Attaché Commercial;Asia Directory & Chronicle
Attaché d'Ambassade;Asia Directory & Chronicle
Attaché de Chancellerie;Asia Directory & Chronicle
Attache for Language Study;Asia Directory & Chronicle
Attaché for Language Study;Asia Directory & Chronicle
Attache Militaire;Asia Directory & Chronicle
Attache Naval;Asia Directory & Chronicle
Attached To Military Agent;Asia Directory & Chronicle
Attorney;Asia Directory & Chronicle
Attorney and Counsellor-at-Law;Asia Directory & Chronicle
Attorney General;Asia Directory & Chronicle
Attorney-at Law;Asia Directory & Chronicle
Auctioneer;Asia Directory & Chronicle
Auctioneer and Broker;Asia Directory & Chronicle
Auctioneer and Commission Agent;Asia Directory & Chronicle
Auctioneer and Commission Merchant;Asia Directory & Chronicle
Auctioneer and Printer;Asia Directory & Chronicle
Auctioneer and Proprietor;Asia Directory & Chronicle
Auctioneer Managing Director;Asia Directory & Chronicle
Audit Department;Asia Directory & Chronicle
Audit Secretary;Asia Directory & Chronicle
Auditor-General;Asia Directory & Chronicle
Aufseher;Asia Directory & Chronicle
Aumonier;Asia Directory & Chronicle
Aumonier des Troupes;Asia Directory & Chronicle
Austro-Hungarian Minister;Asia Directory & Chronicle
Aviation Department;Asia Directory & Chronicle
Ayudante de Campo;Asia Directory & Chronicle
Bacteriologist;Asia Directory & Chronicle
Bailiff;Asia Directory & Chronicle
Baker;Asia Directory & Chronicle
Baker and Grocer;Asia Directory & Chronicle
Bandmaster;Asia Directory & Chronicle
Bar Manager;Asia Directory & Chronicle
Bar Superintendent;Asia Directory & Chronicle
Bar Tender;Asia Directory & Chronicle
Barber and Hairdresser;Asia Directory & Chronicle
Barkeeper;Asia Directory & Chronicle
Barman;Asia Directory & Chronicle
Barrack Clerk;Asia Directory & Chronicle
Barrack Sergeant;Asia Directory & Chronicle
Barrister;Asia Directory & Chronicle
Barrister and Notary Public;Asia Directory & Chronicle
Barrister-at-Law;Asia Directory & Chronicle
Barrister-at-Law and First Clerk;Asia Directory & Chronicle
Batallion-Major;Asia Directory & Chronicle
Battery Sergeant-Major Instructor;Asia Directory & Chronicle
Bauassistent;Asia Directory & Chronicle
Belgian Consul;Asia Directory & Chronicle
Belgian Missionary;Asia Directory & Chronicle
Benedictine Monk, Rector;Asia Directory & Chronicle
Berthing Officer;Asia Directory & Chronicle
Bessemer Department;Asia Directory & Chronicle
Betriebscontroleur;Asia Directory & Chronicle
Bible Colporteur;Asia Directory & Chronicle
Bibliothecario;Asia Directory & Chronicle
Bill and Bullion Broker;Asia Directory & Chronicle
Bill and Exchange Broker;Asia Directory & Chronicle
Bill and Share Broker;Asia Directory & Chronicle
Bill Broker;Asia Directory & Chronicle
Bill Collecter;Asia Directory & Chronicle
Bill, Stock and Bullion Broker;Asia Directory & Chronicle
Billiard-Room Keeper;Asia Directory & Chronicle
Bishop;Asia Directory & Chronicle
Blacksmith;Asia Directory & Chronicle
Boar Officer;Asia Directory & Chronicle
Boarding House Keeper;Asia Directory & Chronicle
Boarding Master;Asia Directory & Chronicle
Boarding Office;Asia Directory & Chronicle
Boarding Officer;Asia Directory & Chronicle
Boat Officer;Asia Directory & Chronicle
Boat Officer In Charge;Asia Directory & Chronicle
Boatswain;Asia Directory & Chronicle
Boiler Foreman;Asia Directory & Chronicle
Boiler House Superintendent;Asia Directory & Chronicle
Boiler Inspector;Asia Directory & Chronicle
Boilermaker;Asia Directory & Chronicle
Bookkeeper;Asia Directory & Chronicle
Bookseller;Asia Directory & Chronicle
Borer;Asia Directory & Chronicle
Boring Engineer;Asia Directory & Chronicle
Boring Master;Asia Directory & Chronicle
Bowling-Alley Keeper;Asia Directory & Chronicle
Bpanisa Missionary;Asia Directory & Chronicle
Brakesman;Asia Directory & Chronicle
Branch Agent;Asia Directory & Chronicle
Branch Manager;Asia Directory & Chronicle
Brassfinisher;Asia Directory & Chronicle
Brevet-Major;Asia Directory & Chronicle
Brewer;Asia Directory & Chronicle
Brewing Adviser;Asia Directory & Chronicle
Brewmaster;Asia Directory & Chronicle
Bridge Erector;Asia Directory & Chronicle
Brigade Major;Asia Directory & Chronicle
Brigade Signaling Officer;Asia Directory & Chronicle
Consulate;Asia Directory & Chronicle
Minister Plenipotentiary;Asia Directory & Chronicle
Postal Agent;Asia Directory & Chronicle
Postal Agent and Superintendent Clerk;Asia Directory & Chronicle
Postmaster;Asia Directory & Chronicle
Broker;Asia Directory & Chronicle
Broker and Auctioneer;
Broker and Commission Agent;Asia Directory & Chronicle
Broker and General Agent;
Broker and General Manager;Asia Directory & Chronicle
Broker and Governement Auctioneer;Asia Directory & Chronicle
Broker and Government Auctioneer;Asia Directory & Chronicle
Broker and Merchant;Asia Directory & Chronicle
Broker and Secretary;Asia Directory & Chronicle
Broker, Director;
Brokerbroker and Governement Auctioneer;Asia Directory & Chronicle
Brokers, Accountants;Asia Directory & Chronicle
Builder and Contractor;Asia Directory & Chronicle
Builder and House Furnisher;Asia Directory & Chronicle
Building Contractor;Asia Directory & Chronicle
Building Overseer;Asia Directory & Chronicle
Building Superintendent;Asia Directory & Chronicle
Building Surveyor;Asia Directory & Chronicle
Bullion Broker;Asia Directory & Chronicle
Bureau Assistant;Asia Directory & Chronicle
Burner;Asia Directory & Chronicle
Bursar and Secretary;Asia Directory & Chronicle
Business Manager;Asia Directory & Chronicle
Business Secretary and Treasurer;Asia Directory & Chronicle
Butcher;Asia Directory & Chronicle
Cabinet Maker;Asia Directory & Chronicle
Cadet Engineer;Asia Directory & Chronicle
Cadet Officer;Asia Directory & Chronicle
Caissier;Asia Directory & Chronicle
Caixeiro;Asia Directory & Chronicle
Canon;Asia Directory & Chronicle
Cant.-Lieutenant;Asia Directory & Chronicle
Capellão;Asia Directory & Chronicle
Capitain Commandant of Police;Asia Directory & Chronicle
Capitaine d’Armes;Asia Directory & Chronicle
Capitan de Infanteria;Asia Directory & Chronicle
Capitan Medico;Asia Directory & Chronicle
Capitando;Asia Directory & Chronicle
Capitao;Asia Directory & Chronicle
Capitao d'Artilheria;Asia Directory & Chronicle
Capitao do Porto;Asia Directory & Chronicle
Capitao do Porto E Commandante Estação Naval;Asia Directory & Chronicle
Captain Commandant;Asia Directory & Chronicle
Captain Commanding;Asia Directory & Chronicle
Captain Commissariat Officer;Asia Directory & Chronicle
Captain Lightship;Asia Directory & Chronicle
Captain Marine Artillery;Asia Directory & Chronicle
Captain of Marines;Asia Directory & Chronicle
Captain of Police;Asia Directory & Chronicle
Captain of the Lightship;Asia Directory & Chronicle
Captain Superintendent;Asia Directory & Chronicle
Captain Superintendent of Police;Asia Directory & Chronicle
Captain-Lieutenant;Asia Directory & Chronicle
Car Shed Superintendent;Asia Directory & Chronicle
Carcereiro;Asia Directory & Chronicle
Carder;Asia Directory & Chronicle
Carding Master;Asia Directory & Chronicle
Caretaker;Asia Directory & Chronicle
Cargo Inspector;Asia Directory & Chronicle
Cargo Superintendent;Asia Directory & Chronicle
Cargo-Boat Inspector;Asia Directory & Chronicle
Cashier;Asia Directory & Chronicle
Cashier Accountant;Asia Directory & Chronicle
Cathedral Representative;Asia Directory & Chronicle
Chanceiier;Asia Directory & Chronicle
Chancelier;Asia Directory & Chronicle
Chancelier and Interpreter;Asia Directory & Chronicle
Chancelier Substitue;Asia Directory & Chronicle
Chancelier Substitut;Asia Directory & Chronicle
Chancelier Substitute;Asia Directory & Chronicle
Chancelier-Archivist;Asia Directory & Chronicle
Chancellor-Interpreter;Asia Directory & Chronicle
Chancelor;Asia Directory & Chronicle
Chantre;Asia Directory & Chronicle
Chantre-Presidente;Asia Directory & Chronicle
Chaplain;Asia Directory & Chronicle
Charge d'Affaires;Asia Directory & Chronicle
Charge des Services Administratifs;Asia Directory & Chronicle
Charge Engineer;Asia Directory & Chronicle
Chargeman;Asia Directory & Chronicle
Chargeman of Boilermakers;Asia Directory & Chronicle
Chargeman of Carpenters;Asia Directory & Chronicle
Chargeman of Fitters;Asia Directory & Chronicle
Chargeman of Plumbers;Asia Directory & Chronicle
Chargeman of Smiths;Asia Directory & Chronicle
Chartered Accountant;Asia Directory & Chronicle
Chartered Sectretary;Asia Directory & Chronicle
Chat-Genian Coppersmith;Asia Directory & Chronicle
Chef;Asia Directory & Chronicle
Chef Comptable;Asia Directory & Chronicle
Chef D'Usine;Asia Directory & Chronicle
Chef de Brigade;Asia Directory & Chronicle
Chef de Comptabilite;Asia Directory & Chronicle
Chef de Comptabilité;Asia Directory & Chronicle
Chef de Cuisine;Asia Directory & Chronicle
Chef de la Garde;Asia Directory & Chronicle
Chef de la Police;Asia Directory & Chronicle
Chef de Police;Asia Directory & Chronicle
Chef de Section;Asia Directory & Chronicle
Chef de Service;Asia Directory & Chronicle
Chef des Infirmeries;Asia Directory & Chronicle
Chef des Stabes;Asia Directory & Chronicle
Chef du Service;Asia Directory & Chronicle
Chef du Service de L’Artillerie;Asia Directory & Chronicle
Chef du Service de Santé;Asia Directory & Chronicle
Chef Hauptmann;Asia Directory & Chronicle
Chef Jardinier;Asia Directory & Chronicle
Chefe;Asia Directory & Chronicle
Chefe de Secão;Asia Directory & Chronicle
Chefe de Seçao;Asia Directory & Chronicle
Chemical Engineer;Asia Directory & Chronicle
Chemist;Asia Directory & Chronicle
Chemist and Druggist;Asia Directory & Chronicle
Chemistry Lecturer;Asia Directory & Chronicle
Chief Accountant and Secretary;Asia Directory & Chronicle
Chief Agent;Asia Directory & Chronicle
Chief Appraiser;Asia Directory & Chronicle
Chief Architect Fit Acting Manager;Asia Directory & Chronicle
Chief Architectural Assistant;Asia Directory & Chronicle
Chief Army Ordnance Officer;Asia Directory & Chronicle
Chief Artificer;Asia Directory & Chronicle
Chief Assistant;Asia Directory & Chronicle
Chief Assistant Engineer;Asia Directory & Chronicle
Chief Assistant of the Commandant of the Port;Asia Directory & Chronicle
Chief Assistant To Commandant-in-Chief;Asia Directory & Chronicle
Chief Auditor;Asia Directory & Chronicle
Chief Boatswain;Asia Directory & Chronicle
Chief Bookkeeper;Asia Directory & Chronicle
Chief Carpenter;Asia Directory & Chronicle
Chief Cashier;Asia Directory & Chronicle
Chief Cavalry Instructor;Asia Directory & Chronicle
Chief Chancellor;Asia Directory & Chronicle
Chief Chemist;Asia Directory & Chronicle
Chief Chinese Interpreter;Asia Directory & Chronicle
Chief Civil Engineer;Asia Directory & Chronicle
Chief Clerk;Asia Directory & Chronicle
Chief Clerk and Private Secretary;Asia Directory & Chronicle
Chief Clerk To the Colonial Secretary'S Office;Asia Directory & Chronicle
Chief Clerk, Quartermaster Office;Asia Directory & Chronicle
Chief Coiner;Asia Directory & Chronicle
Chief Constable;Asia Directory & Chronicle
Chief Constables;Asia Directory & Chronicle
Chief Constructor;Asia Directory & Chronicle
Chief Controller;Asia Directory & Chronicle
Chief de la Garde;Asia Directory & Chronicle
Chief Detective Inspector;Asia Directory & Chronicle
Chief Detective Inspector of Police;Asia Directory & Chronicle
Chief Detective Police Inspector;Asia Directory & Chronicle
Chief Director;Asia Directory & Chronicle
Chief Distiller;Asia Directory & Chronicle
Chief Draftsman;Asia Directory & Chronicle
Chief Draughtsman;Asia Directory & Chronicle
Chief Draughtsman Locomotive Department;Asia Directory & Chronicle
Chief Editorial Writer;Asia Directory & Chronicle
Chief Electrical Assistant;Asia Directory & Chronicle
Chief Electrician;Asia Directory & Chronicle
Chief Engine Room Artificer;Asia Directory & Chronicle
Chief Engineer and General Engineer;Asia Directory & Chronicle
Chief Engineer and Manager;Asia Directory & Chronicle
Chief Engineer Draughtsman;Asia Directory & Chronicle
Chief Engraver;Asia Directory & Chronicle
Chief Examiner;Asia Directory & Chronicle
Chief Excise Officer;Asia Directory & Chronicle
Chief Foreman;Asia Directory & Chronicle
Chief Foreman Engineer;Asia Directory & Chronicle
Chief Guard;Asia Directory & Chronicle
Chief Health Inspector;Asia Directory & Chronicle
Chief Inspector;Asia Directory & Chronicle
Chief Inspector of Nuisances;Asia Directory & Chronicle
Chief Inspector of Police;Asia Directory & Chronicle
Chief Instructor of Band;Asia Directory & Chronicle
Chief Instructor of Engineering;Asia Directory & Chronicle
Chief Interpreter;Asia Directory & Chronicle
Chief Interpreter and Secretary;Asia Directory & Chronicle
Chief Interpreter Retired;Asia Directory & Chronicle
Chief Judge;Asia Directory & Chronicle
Chief Lightkceper;Asia Directory & Chronicle
Chief Lightkeeper;Asia Directory & Chronicle
Chief Manager;Asia Directory & Chronicle
Chief Mate;Asia Directory & Chronicle
Chief Mechanic;Asia Directory & Chronicle
Chief Mechanical Engineer;Asia Directory & Chronicle
Chief Mechanician;Asia Directory & Chronicle
Chief Mining Engineer;Asia Directory & Chronicle
Chief Naval Engineer;Asia Directory & Chronicle
Chief of Artillery;Asia Directory & Chronicle
Chief of Commissariat;Asia Directory & Chronicle
Chief of Commissariat Department;Asia Directory & Chronicle
Chief of Division;Asia Directory & Chronicle
Chief of Drawing Office;Asia Directory & Chronicle
Chief of Eastern Police Station;Asia Directory & Chronicle
Chief of Engineers;Asia Directory & Chronicle
Chief of Fortes;Asia Directory & Chronicle
Chief of Fortifications;Asia Directory & Chronicle
Chief of Guard;Asia Directory & Chronicle
Chief of Lands;Asia Directory & Chronicle
Chief of Military Staff;Asia Directory & Chronicle
Chief of Mortuary;Asia Directory & Chronicle
Chief of Police and Constable;Asia Directory & Chronicle
Chief of the Civil Medical Department;Asia Directory & Chronicle
Chief of the Controlling Department;Asia Directory & Chronicle
Chief of the Forts;Asia Directory & Chronicle
Chief of the Marine Medical Department;Asia Directory & Chronicle
Chief of Tractions;Asia Directory & Chronicle
Chief of Traffic;Asia Directory & Chronicle
Chief of Troops;Asia Directory & Chronicle
Chief Officer;Asia Directory & Chronicle
Chief Ordnance;Asia Directory & Chronicle
Chief Ordnance Mechanical Engineer;Asia Directory & Chronicle
Chief Ordnance Officer;Asia Directory & Chronicle
Chief Overman;Asia Directory & Chronicle
Chief Paymaster Clerk;Asia Directory & Chronicle
Chief Pilot;Asia Directory & Chronicle
Chief Preventive Officer;Asia Directory & Chronicle
Chief Radio Electrician;Asia Directory & Chronicle
Chief Reporter;Asia Directory & Chronicle
Chief Secretary and Accountant;Asia Directory & Chronicle
Chief Ship Draughtsman;Asia Directory & Chronicle
Chief Storekeeper;Asia Directory & Chronicle
Chief Sugar Boiler;Asia Directory & Chronicle
Chief Superintendent;Asia Directory & Chronicle
Chief Superior and Commander In Chief of Troops;Asia Directory & Chronicle
Chief Superitnendent;Asia Directory & Chronicle
Chief Surgeon;Asia Directory & Chronicle
Chief Surveying Assistant;Asia Directory & Chronicle
Chief Surveyor;Asia Directory & Chronicle
Chief Tide Surveyor;Asia Directory & Chronicle
Chief Tide Surveyor and Harbour Master;Asia Directory & Chronicle
Chief Tidewaiter;Asia Directory & Chronicle
Chief Time-Keeper;Asia Directory & Chronicle
Chief Traffic Inspector;Asia Directory & Chronicle
Chief Usher;Asia Directory & Chronicle
Chief Ward Master;Asia Directory & Chronicle
Chief Warder;Asia Directory & Chronicle
Chief Wardmaster;Asia Directory & Chronicle
Chief Writer;Asia Directory & Chronicle
China Manager;Asia Directory & Chronicle
China Representative;Asia Directory & Chronicle
Chinese Art Dealer;Asia Directory & Chronicle
Chinese Emigration Agent;Asia Directory & Chronicle
Chinese Maritime Custom (Inspectorate General);Asia Directory & Chronicle
Chinese Secretary;Asia Directory & Chronicle
Chinese Voter;Asia Directory & Chronicle
Chronometer and Watchmaker;Asia Directory & Chronicle
Chronometer Shop;Asia Directory & Chronicle
Church of England Bishop;Asia Directory & Chronicle
Church of England Mission;Asia Directory & Chronicle
Church Or England Missionary;Asia Directory & Chronicle
Cigar Merchant;Asia Directory & Chronicle
Circulation Department;Asia Directory & Chronicle
Circulation Manager;Asia Directory & Chronicle
City Editor;Asia Directory & Chronicle
City Judge;Asia Directory & Chronicle
Civil Engineer;Asia Directory & Chronicle
Civil Engineer and Architect;Asia Directory & Chronicle
Civil Engineer and Importer;Asia Directory & Chronicle
Civil Engineer, Architect and Surveyor;Asia Directory & Chronicle
Civil Engineer, Surveyor In Chief;Asia Directory & Chronicle
Civil Governor;Asia Directory & Chronicle
Civil Servant;Asia Directory & Chronicle
Civil Service Clerk;Asia Directory & Chronicle
Civil Surgeon;Asia Directory & Chronicle
Civil Surgeon Attached;Asia Directory & Chronicle
Civil Worker;Asia Directory & Chronicle
Civilian Artificer;Asia Directory & Chronicle
Claim Agent;Asia Directory & Chronicle
Cleric;Asia Directory & Chronicle
Clerical Assistant;Asia Directory & Chronicle
Clerical Officer;Asia Directory & Chronicle
Clerk and Draftsman;Asia Directory & Chronicle
Clerk and Draughtsman;Asia Directory & Chronicle
Clerk and Linguist;Asia Directory & Chronicle
Clerk and Notary Public;Asia Directory & Chronicle
Clerk and Usher;Asia Directory & Chronicle
Clerk and Ward-Master;Asia Directory & Chronicle
Clerk for Disposal;Asia Directory & Chronicle
Clerk In Charge;Asia Directory & Chronicle
Clerk In Charge of Postal Department;Asia Directory & Chronicle
Clerk of Councils;Asia Directory & Chronicle
Clerk of Court;Asia Directory & Chronicle
Clerk of Courts;Asia Directory & Chronicle
Clerk of Works;Asia Directory & Chronicle
Clerk of Works Department;Asia Directory & Chronicle
Clerk Of-Works;Asia Directory & Chronicle
Clerk Smith;Asia Directory & Chronicle
Clerk Tidewaiter;Asia Directory & Chronicle
Clerk To Attorney-General;Asia Directory & Chronicle
Clerk To Commodore’S Secretary;Asia Directory & Chronicle
Clerk Unemployed;Asia Directory & Chronicle
Clinico;Asia Directory & Chronicle
Co-Director General;Asia Directory & Chronicle
Co-District Inspector;Asia Directory & Chronicle
Co-Manager;Asia Directory & Chronicle
Co-Proprietor;Asia Directory & Chronicle
Coadjutor;Asia Directory & Chronicle
Coal Agent;Asia Directory & Chronicle
Coal and General Merchant;Asia Directory & Chronicle
Coal Merchant;Asia Directory & Chronicle
Coal Transport Operator;Asia Directory & Chronicle
Coast Inspector and Harbour Master;Asia Directory & Chronicle
Coinmissario;Asia Directory & Chronicle
Coke Burner;Asia Directory & Chronicle
Collector of Police and Lighting Rates;Asia Directory & Chronicle
Collector of Revenue;Asia Directory & Chronicle
College Physician;Asia Directory & Chronicle
Colonel Commanding Imperial Troops In Shanghai;Asia Directory & Chronicle
Colonel of Customs;Asia Directory & Chronicle
Colonial Chaplain;Asia Directory & Chronicle
Colonial Secrertary;Asia Directory & Chronicle
Colonial Secretary;Asia Directory & Chronicle
Colonial Secretary and Acting Governor;Asia Directory & Chronicle
Colonial Secretary and Auditor General;Asia Directory & Chronicle
Colonial Surgeon;Asia Directory & Chronicle
Colonial Surgeon and Inspector of Hospitals;Asia Directory & Chronicle
Colonial Treasurer;Asia Directory & Chronicle
Colonial Veterinary Surgeon;Asia Directory & Chronicle
Colporteur;Asia Directory & Chronicle
Comandante;Asia Directory & Chronicle
Command Paymaster;Asia Directory & Chronicle
Commandant de la Garde;Asia Directory & Chronicle
Commandant First Company of Police;Asia Directory & Chronicle
Commandant in Charge;Asia Directory & Chronicle
Commandant L'Escorte;Asia Directory & Chronicle
Commandant Legation Guard;Asia Directory & Chronicle
Commandant of Guard;Asia Directory & Chronicle
Commandant of Legation Guard;Asia Directory & Chronicle
Commandant of Police;Asia Directory & Chronicle
Commandant of the Guard;Asia Directory & Chronicle
Commandant of the Port;Asia Directory & Chronicle
Commandant Second Company Police;Asia Directory & Chronicle
Commandant Superieur des Troupes;Asia Directory & Chronicle
Commandant-in-Chief;Asia Directory & Chronicle
Commandante;Asia Directory & Chronicle
Commander In Chief and Chief Superior;Asia Directory & Chronicle
Commander Legation Guard;Asia Directory & Chronicle
Commander of Guard;Asia Directory & Chronicle
Commander of the Commercial Port;Asia Directory & Chronicle
Commander of the Port;Asia Directory & Chronicle
Commander of the Torpedo Division;Asia Directory & Chronicle
Commander-in-Chief;Asia Directory & Chronicle
Commanding Royal Artillery;Asia Directory & Chronicle
Commercant;Asia Directory & Chronicle
Commerçant;Asia Directory & Chronicle
Commercial Agent;Asia Directory & Chronicle
Commercial Attache;Asia Directory & Chronicle
Commercial Manager;Asia Directory & Chronicle
Commercial Secretary;Asia Directory & Chronicle
Commis;Asia Directory & Chronicle
Commis Comptable;Asia Directory & Chronicle
Commis-Comptable;Asia Directory & Chronicle
Commis, Merchant and Proprietor;Asia Directory & Chronicle
Commissaire;Asia Directory & Chronicle
Commissario;Asia Directory & Chronicle
Commissary;Asia Directory & Chronicle
Commissary of Ordnance;Asia Directory & Chronicle
Commission Agent;Asia Directory & Chronicle
Commission Agent and Broker;Asia Directory & Chronicle
Commission Agent and Manager;Asia Directory & Chronicle
Commission Agent and Photographer;Asia Directory & Chronicle
Commission Agent and Storekeeper;Asia Directory & Chronicle
Commission Agent, Printer, Actioneer;Asia Directory & Chronicle
Commission and Insurance Agent;Asia Directory & Chronicle
Commission and Ship Agent;Asia Directory & Chronicle
Commission Merchant;Asia Directory & Chronicle
Commission Merchant and Proprietor;Asia Directory & Chronicle
Commissionaire;Asia Directory & Chronicle
Commissione;Asia Directory & Chronicle
Commissioner and Postmaster;Asia Directory & Chronicle
Commissioner In the East;Asia Directory & Chronicle
Commissioner of Customs;Asia Directory & Chronicle
Commissioner of Finance;Asia Directory & Chronicle
Commissioner-Comptables;Asia Directory & Chronicle
Commissionner;Asia Directory & Chronicle
Commodore;Asia Directory & Chronicle
Commodore In Charge;Asia Directory & Chronicle
Compositor;Asia Directory & Chronicle
Compounder;Asia Directory & Chronicle
Compradore;Asia Directory & Chronicle
Compradore and Navy Contractor;Asia Directory & Chronicle
Comptable;Asia Directory & Chronicle
Comptable Expeditionaire;Asia Directory & Chronicle
Comptable Magazinier;Asia Directory & Chronicle
Computer;Asia Directory & Chronicle
Computor;Asia Directory & Chronicle
Conducteur;Asia Directory & Chronicle
Conducteur de Travaux Publics;Asia Directory & Chronicle
Conducteur Principal;Asia Directory & Chronicle
Conductor;Asia Directory & Chronicle
Conductor Agricola;Asia Directory & Chronicle
Conductor das Obras Municipaes;Asia Directory & Chronicle
Conductor das Obras Publicas;Asia Directory & Chronicle
Conductor Interino;Asia Directory & Chronicle
Conductor of Public Works;Asia Directory & Chronicle
Conego;Asia Directory & Chronicle
Conego Ajudante do Bispo;Asia Directory & Chronicle
Conego Chaplain;Asia Directory & Chronicle
Confectioner;Asia Directory & Chronicle
Conseiller D'Ambassade;Asia Directory & Chronicle
Conseiller Medical;Asia Directory & Chronicle
Constable;Asia Directory & Chronicle
Constable and Postal Agent;Asia Directory & Chronicle
Constructing Engineer;Asia Directory & Chronicle
Consul Adjoint;Asia Directory & Chronicle
Consul and Accountant;Asia Directory & Chronicle
Consul and Interpreter;Asia Directory & Chronicle
Consul General and Consular Judge;Asia Directory & Chronicle
Consul In Charge;Asia Directory & Chronicle
Consul Suppleant;Asia Directory & Chronicle
Consul Suppléant;Asia Directory & Chronicle
Consul-Adjoint;Asia Directory & Chronicle
Consular Agent;Asia Directory & Chronicle
Consular Attache;Asia Directory & Chronicle
Consular Judge for China;Asia Directory & Chronicle
Consular Surgeon;Asia Directory & Chronicle
Consulting and Mill Engineer;Asia Directory & Chronicle
Consulting and Motor Engineer;Asia Directory & Chronicle
Consulting Civil Engineer;Asia Directory & Chronicle
Consulting Engineer and Marine Surveyor;Asia Directory & Chronicle
Consulting Engineer and Shipchandler;Asia Directory & Chronicle
Consulting Engineer and Surveyor;Asia Directory & Chronicle
Consulting Marine Engineer and Surveyor;Asia Directory & Chronicle
Consulting Mechanical Engineer;Asia Directory & Chronicle
Consulting Physician;Asia Directory & Chronicle
Contador;Asia Directory & Chronicle
Continuo;Asia Directory & Chronicle
Contractor;Asia Directory & Chronicle
Contractor and Provision Merchant;Asia Directory & Chronicle
Control Engineer;Asia Directory & Chronicle
Controller;Asia Directory & Chronicle
Controller of Police and Magistrate;Asia Directory & Chronicle
Controller of Stores;Asia Directory & Chronicle
Cook;Asia Directory & Chronicle
Cooper;Asia Directory & Chronicle
Coppersmith;Asia Directory & Chronicle
Corporal;Asia Directory & Chronicle
Correspondence Secretary To Director;Asia Directory & Chronicle
Corresponding Clerk;Asia Directory & Chronicle
Corresponding Secretary;Asia Directory & Chronicle
Cost Clerk;Asia Directory & Chronicle
Cotton and Yarn Broker;Asia Directory & Chronicle
Cotton Broker;Asia Directory & Chronicle
Cotton Controller and Sworn Measurer;Asia Directory & Chronicle
Cotton Mills Department;Asia Directory & Chronicle
Counsellor-at-Law;Asia Directory & Chronicle
Counter Clerk;Asia Directory & Chronicle
Coxswain;Asia Directory & Chronicle
Craft Superintendent;Asia Directory & Chronicle
Crown Solicitor;Asia Directory & Chronicle
Cupola Man;Asia Directory & Chronicle
Curate of the Cathedral;Asia Directory & Chronicle
Curator;Asia Directory & Chronicle
Curio Dealer;Asia Directory & Chronicle
Custodian;Asia Directory & Chronicle
Customs;Asia Directory & Chronicle
Customs Officer;Asia Directory & Chronicle
Cycle Expert;Asia Directory & Chronicle
Cypher Officer;Asia Directory & Chronicle
Dairy Secretary;Asia Directory & Chronicle
Danish Missionary;Asia Directory & Chronicle
Danish Vice-Consul;Asia Directory & Chronicle
Daqm General;Asia Directory & Chronicle
Deaconess Missionary;Asia Directory & Chronicle
Dealer In Curios;Asia Directory & Chronicle
Dean of Studies;Asia Directory & Chronicle
Deao;Asia Directory & Chronicle
Deão Cabido;Asia Directory & Chronicle
Delegado;Asia Directory & Chronicle
Demarcation Officer;Asia Directory & Chronicle
Denis de Lieutenant;Asia Directory & Chronicle
Dental Officer;Asia Directory & Chronicle
Dental Surgeon;Asia Directory & Chronicle
Department Assistant;Asia Directory & Chronicle
Department Commissioner;Asia Directory & Chronicle
Department Engineer;Asia Directory & Chronicle
Department Manager;Asia Directory & Chronicle
Department Sub-Manager;Asia Directory & Chronicle
Department Treasurer;Asia Directory & Chronicle
Departmental Manager;Asia Directory & Chronicle
Deputy Assistant;Asia Directory & Chronicle
Deputy Assistant Adjudant General;Asia Directory & Chronicle
Deputy Assistant Commissary General;Asia Directory & Chronicle
Deputy Assistant Superintendent;Asia Directory & Chronicle
Deputy Chief Clerk;Asia Directory & Chronicle
Deputy Clerk of Councils;Asia Directory & Chronicle
Deputy Coast Inspector;Asia Directory & Chronicle
Deputy Coast Inspector and Harbour Master;Asia Directory & Chronicle
Deputy Com;Asia Directory & Chronicle
Deputy Commissary;Asia Directory & Chronicle
Deputy Commissary General;Asia Directory & Chronicle
Deputy Commissary of Ordnance;Asia Directory & Chronicle
Deputy Commissioner of Custom;Asia Directory & Chronicle
Deputy Commissioner of Public Works;Asia Directory & Chronicle
Deputy Commissioner-in-Charge;Asia Directory & Chronicle
Deputy Consul;Asia Directory & Chronicle
Deputy Consul General;Asia Directory & Chronicle
Deputy Consul General for United States;Asia Directory & Chronicle
Deputy Consul General for United States of America;Asia Directory & Chronicle
Deputy Control Paymaster and Treasure;Asia Directory & Chronicle
Deputy Director of Pathology;Asia Directory & Chronicle
Deputy Engineer;Asia Directory & Chronicle
Deputy Engineer and Surveyor;Asia Directory & Chronicle
Deputy Foreman;Asia Directory & Chronicle
Deputy General Manager;Asia Directory & Chronicle
Deputy Harbour-Master;Asia Directory & Chronicle
Deputy Health Officer of the Port;Asia Directory & Chronicle
Deputy Inspector General;Asia Directory & Chronicle
Deputy Inspector-General;Asia Directory & Chronicle
Deputy Land Officer;Asia Directory & Chronicle
Deputy Marshal;Asia Directory & Chronicle
Deputy Naval Store Officer;Asia Directory & Chronicle
Deputy Officer;Asia Directory & Chronicle
Deputy Ord. Store Officer;Asia Directory & Chronicle
Deputy Overman;Asia Directory & Chronicle
Deputy Postal Agent;Asia Directory & Chronicle
Deputy Postmaster;Asia Directory & Chronicle
Deputy Purveyor;Asia Directory & Chronicle
Deputy Registar;Asia Directory & Chronicle
Deputy Registrar;Asia Directory & Chronicle
Deputy Registrar and Accountant;Asia Directory & Chronicle
Deputy Registrar and Appraiser;Asia Directory & Chronicle
Deputy Sanitary Inspector;Asia Directory & Chronicle
Deputy Shipping Master;Asia Directory & Chronicle
Deputy Superintendent;Asia Directory & Chronicle
Deputy Superintendent of Gaols;Asia Directory & Chronicle
Deputy Superintendent of Police;Asia Directory & Chronicle
Deputy Surgeon General and Principal Military Medical Officer;Asia Directory & Chronicle
Deputy Traffic Manager;Asia Directory & Chronicle
Deputy Treasurer;Asia Directory & Chronicle
Deputy-Assistant Commissary General;Asia Directory & Chronicle
Deputy-Commissioner;Asia Directory & Chronicle
Deputy-Inspector;Asia Directory & Chronicle
Deputy-Inspector of Police;Asia Directory & Chronicle
Desenhador;Asia Directory & Chronicle
Designer;Asia Directory & Chronicle
Dessinateur;Asia Directory & Chronicle
Detective;Asia Directory & Chronicle
Detective Inspector;Asia Directory & Chronicle
Detective Police Inspector;Asia Directory & Chronicle
Detective Sergeant;Asia Directory & Chronicle
Diamond Merchant;Asia Directory & Chronicle
Diplomatic Secretary;Asia Directory & Chronicle
Direct Factory Representative;Asia Directory & Chronicle
Directeur;Asia Directory & Chronicle
Directeur des Mouvements;Asia Directory & Chronicle
Directeur du Sanatorium;Asia Directory & Chronicle
Directing Manager;Asia Directory & Chronicle
Director and Acting Manager;Asia Directory & Chronicle
Director and Chief Engineer;Asia Directory & Chronicle
Director and General Managing Director;Asia Directory & Chronicle
Director and Manager;Asia Directory & Chronicle
Director and Secretary;Asia Directory & Chronicle
Director Dock and General;Asia Directory & Chronicle
Director Espiritual;Asia Directory & Chronicle
Director In Charge;Asia Directory & Chronicle
Director Interim;Asia Directory & Chronicle
Director of Criminal Investigation;Asia Directory & Chronicle
Director of Education;Asia Directory & Chronicle
Director of Medical Services;Asia Directory & Chronicle
Director Secretary;Asia Directory & Chronicle
Dispenser;Asia Directory & Chronicle
Dispenser In Charge;Asia Directory & Chronicle
Distiller;Asia Directory & Chronicle
Distribution Department;Asia Directory & Chronicle
Distribution Engineer;Asia Directory & Chronicle
District Accountant;Asia Directory & Chronicle
District Attorney;Asia Directory & Chronicle
District Deputy Commissioner;Asia Directory & Chronicle
District Engineer;Asia Directory & Chronicle
District Engineer Assistant;Asia Directory & Chronicle
District Inspector;Asia Directory & Chronicle
District Inspectorate;Asia Directory & Chronicle
District Manager;Asia Directory & Chronicle
District Officer;Asia Directory & Chronicle
District Officer and Magistrate;Asia Directory & Chronicle
District Passenger Agent;Asia Directory & Chronicle
District Paymaster;Asia Directory & Chronicle
District Postal Officer;Asia Directory & Chronicle
District Postmaster;Asia Directory & Chronicle
District River Inspector;Asia Directory & Chronicle
District Sergent-Major;Asia Directory & Chronicle
District Superintendent;Asia Directory & Chronicle
District Surveyor;Asia Directory & Chronicle
District-Accountant;Asia Directory & Chronicle
Diver;Asia Directory & Chronicle
Division Engineer;Asia Directory & Chronicle
Division Manager;Asia Directory & Chronicle
Division Secretary;Asia Directory & Chronicle
Divisional Adjudant;Asia Directory & Chronicle
Divisional Inspector and Harbour Master;Asia Directory & Chronicle
Divisional Manager;Asia Directory & Chronicle
Divisional Superintendent;Asia Directory & Chronicle
Divisonal Adjudant;Asia Directory & Chronicle
Divisonal Manager;Asia Directory & Chronicle
Dock Manager;Asia Directory & Chronicle
Dock Master;Asia Directory & Chronicle
Dockyard Writer;Asia Directory & Chronicle
Doctor;Asia Directory & Chronicle
Drafter;Asia Directory & Chronicle
Draftsman;Asia Directory & Chronicle
Draftsman and Surveyor;Asia Directory & Chronicle
Dragoman;Asia Directory & Chronicle
Drainage Inspector;Asia Directory & Chronicle
Drainage Surveyor;Asia Directory & Chronicle
Draper;Asia Directory & Chronicle
Draper and Milliner;Asia Directory & Chronicle
Draughtsman;Asia Directory & Chronicle
Draughtsman and Surveyor;Asia Directory & Chronicle
Dredging Superintendent;Asia Directory & Chronicle
Dressmaker;Asia Directory & Chronicle
Dressmaker and Milliner;Asia Directory & Chronicle
Drill Instructor;Asia Directory & Chronicle
Drillman;Asia Directory & Chronicle
Driver;Asia Directory & Chronicle
Driver Inspector;Asia Directory & Chronicle
Druggist;Asia Directory & Chronicle
Druggist and Merchant;Asia Directory & Chronicle
Druggist and Merchant and Director;Asia Directory & Chronicle
Druggist and Merchant and Gen. Manager;Asia Directory & Chronicle
Dry Goods Merchant;Asia Directory & Chronicle
Dyes Department;Asia Directory & Chronicle
Eastern Managing Director;Asia Directory & Chronicle
Editor and Director;Asia Directory & Chronicle
Editor and General Manager;Asia Directory & Chronicle
Editor and Manager;Asia Directory & Chronicle
Editor and Managing Director;Asia Directory & Chronicle
Editor and Proprietor;Asia Directory & Chronicle
Editor and Publisher;Asia Directory & Chronicle
Editorial Associate;Asia Directory & Chronicle
Electric Assistant;Asia Directory & Chronicle
Electric Engineer;Asia Directory & Chronicle
Electric Superintendent;Asia Directory & Chronicle
Electrical Engineer;Asia Directory & Chronicle
Electrical Fitter;Asia Directory & Chronicle
Electrical Litter;Asia Directory & Chronicle
Electrical Ship Fitter;Asia Directory & Chronicle
Electrical Titter;Asia Directory & Chronicle
Electrician;Asia Directory & Chronicle
Electrician, Assistant Superintendent;Asia Directory & Chronicle
Electricien;Asia Directory & Chronicle
Élève Chancelier;Asia Directory & Chronicle
Elève Consul;Asia Directory & Chronicle
Elève Interprète;Asia Directory & Chronicle
Elève Vice-Consul;Asia Directory & Chronicle
Emeritus Profesor of Medecine;Asia Directory & Chronicle
Emigrant Examining Officer;Asia Directory & Chronicle
Emigration Agent;Asia Directory & Chronicle
Employé-in-Charge of the Semaphore;Asia Directory & Chronicle
Empregado;Asia Directory & Chronicle
Encarregado;Asia Directory & Chronicle
Enfermeira;Asia Directory & Chronicle
Enfermeiro;Asia Directory & Chronicle
Engine Driver;Asia Directory & Chronicle
Engine Room Artificer;Asia Directory & Chronicle
Engine Works Manager;Asia Directory & Chronicle
Engineer and Architect;Asia Directory & Chronicle
Engineer and Boilermaker;Asia Directory & Chronicle
Engineer and Contractor;Asia Directory & Chronicle
Engineer and Contractor and Manager;Asia Directory & Chronicle
Engineer and Director;Asia Directory & Chronicle
Engineer and General Manager;Asia Directory & Chronicle
Engineer and Proprietor;Asia Directory & Chronicle
Engineer and Secretary;Asia Directory & Chronicle
Engineer and Shipwright;Asia Directory & Chronicle
Engineer and Superintendent;Asia Directory & Chronicle
Engineer and Surveyor;Asia Directory & Chronicle
Engineer Assistant;Asia Directory & Chronicle
Engineer Captain;Asia Directory & Chronicle
Engineer Chef du Service;Asia Directory & Chronicle
Engineer Commander;Asia Directory & Chronicle
Engineer for Fleet and Reserve Duties;Asia Directory & Chronicle
Engineer for Torpedo Boats;Asia Directory & Chronicle
Engineer in Charge;Asia Directory & Chronicle
Engineer in Chief;Asia Directory & Chronicle
Engineer in Harbour;Asia Directory & Chronicle
Engineer of Ways and Works;Asia Directory & Chronicle
Engineer Officer;Asia Directory & Chronicle
Engineer Overseer;Asia Directory & Chronicle
Engineer Superintendent;Asia Directory & Chronicle
Engineer Surveyor;Asia Directory & Chronicle
Engineer-Executive;Asia Directory & Chronicle
Engineer-in-Chief and General-Manager;Asia Directory & Chronicle
Engineer’s Apprentice;Asia Directory & Chronicle
Engineering Assistant;Asia Directory & Chronicle
Engineering Superintendent;Asia Directory & Chronicle
Enginheiro Director;Asia Directory & Chronicle
English Master;Asia Directory & Chronicle
English Tutor;Asia Directory & Chronicle
Ensign;Asia Directory & Chronicle
Ensign, Acting Commandant;Asia Directory & Chronicle
Entrepreneur Auxiliaire;Asia Directory & Chronicle
Envoy Extraordinary and Minister Plenipotentiary;Asia Directory & Chronicle
Episcopalian Bishop;Asia Directory & Chronicle
Escripturario;Asia Directory & Chronicle
Escrivao;Asia Directory & Chronicle
Escrivao E Enfermeiro;Asia Directory & Chronicle
Escrivao Inspector;Asia Directory & Chronicle
Estate Agent;Asia Directory & Chronicle
Estate Agent and Accountant;Asia Directory & Chronicle
Estate Agent and Secretary;Asia Directory & Chronicle
Estate and General Broker;Asia Directory & Chronicle
Estate and Share Broker;Asia Directory & Chronicle
Estate Broker;Asia Directory & Chronicle
Examiner;Asia Directory & Chronicle
Exchange and Bullion Broker;Asia Directory & Chronicle
Exchange and Share Broker;Asia Directory & Chronicle
Exchange Broker;Asia Directory & Chronicle
Executive Consul;Asia Directory & Chronicle
Executive Engineer;Asia Directory & Chronicle
Executor of the Late Granville Sharp;Asia Directory & Chronicle
Expeditionnaire;Asia Directory & Chronicle
Expense Accounts Officer;Asia Directory & Chronicle
Expense Accounts-Officer;Asia Directory & Chronicle
Export Department;Asia Directory & Chronicle
Export Manager;Asia Directory & Chronicle
Export Merchant;Asia Directory & Chronicle
Exporter;Asia Directory & Chronicle
Exporter and Importer;Asia Directory & Chronicle
Exporter and Manufacturer;Asia Directory & Chronicle
Exporter, Importer and Commission Agent;Asia Directory & Chronicle
Extra Commissioner;Asia Directory & Chronicle
Extraordinary Envoy and Minister;Asia Directory & Chronicle
Eye Specialist;Asia Directory & Chronicle
Factories Inspector;Asia Directory & Chronicle
Factory Clerk;Asia Directory & Chronicle
Factory Manager;Asia Directory & Chronicle
Factory Superintendent;Asia Directory & Chronicle
Factory-Manager;Asia Directory & Chronicle
Facultative;Asia Directory & Chronicle
Far Eastern Administrator;Asia Directory & Chronicle
Far Eastern Manager;Asia Directory & Chronicle
Farrier;Asia Directory & Chronicle
Feldmesser;Asia Directory & Chronicle
Female Searcher;Asia Directory & Chronicle
Fiel;Asia Directory & Chronicle
Fiel do Thesoureiro;Asia Directory & Chronicle
Field Secretary;Asia Directory & Chronicle
Fifth Clerk;Asia Directory & Chronicle
Finance Clerk;Asia Directory & Chronicle
Finance Editor;Asia Directory & Chronicle
Financial Manager;Asia Directory & Chronicle
Financial Secretary;Asia Directory & Chronicle
Financier;Asia Directory & Chronicle
Finisher;Asia Directory & Chronicle
Fire Brick Maker;Asia Directory & Chronicle
Fire Inspector;Asia Directory & Chronicle
Fire Manager;Asia Directory & Chronicle
Fire Master and Inspector;Asia Directory & Chronicle
First Accountant;Asia Directory & Chronicle
First Adjutant;Asia Directory & Chronicle
First Assistant;Asia Directory & Chronicle
First Assistant / Packet Agent;Asia Directory & Chronicle
First Attache;Asia Directory & Chronicle
First Bailiff;Asia Directory & Chronicle
First Battalion;Asia Directory & Chronicle
First Berthing Officer;Asia Directory & Chronicle
First Boarding Office;Asia Directory & Chronicle
First Class Clerk;Asia Directory & Chronicle
First Class Overseer;Asia Directory & Chronicle
First Class Writer;Asia Directory & Chronicle
First Clerk;Asia Directory & Chronicle
First Clerk and Cashier;Asia Directory & Chronicle
First Clerk and Mariage Registar;Asia Directory & Chronicle
First Clerk of Court;Asia Directory & Chronicle
First Engineer;Asia Directory & Chronicle
First Heater;Asia Directory & Chronicle
First Interpreter;Asia Directory & Chronicle
First Keeper;Asia Directory & Chronicle
First Lieutenant;Asia Directory & Chronicle
First Magistrate;Asia Directory & Chronicle
First Mate;Asia Directory & Chronicle
First Officer;Asia Directory & Chronicle
First Police Magistrate;Asia Directory & Chronicle
First Roller;Asia Directory & Chronicle
First Substitute;Asia Directory & Chronicle
First Surgeon;Asia Directory & Chronicle
Fitter;Asia Directory & Chronicle
Fittings Superintendent;Asia Directory & Chronicle
Flag Captain;Asia Directory & Chronicle
Flag Lieutenant;Asia Directory & Chronicle
Fleet Captain;Asia Directory & Chronicle
Fleet Engineer;Asia Directory & Chronicle
Fleet Master;Asia Directory & Chronicle
Fleet Navigating Officer;Asia Directory & Chronicle
Fleet Officer of Marine;Asia Directory & Chronicle
Fleet Paymaster;Asia Directory & Chronicle
Fleet Surgeon;Asia Directory & Chronicle
Fleet-Gunner;Asia Directory & Chronicle
Fleet-Surgeon;Asia Directory & Chronicle
Flour Merchant;Asia Directory & Chronicle
Fonde de Pouvoir;Asia Directory & Chronicle
Foreign Correspondent;Asia Directory & Chronicle
Foreign Representative;Asia Directory & Chronicle
Foreign Secretary;Asia Directory & Chronicle
Foreign Teacher;Asia Directory & Chronicle
Foreman;Asia Directory & Chronicle
Foreman Blacksmith;Asia Directory & Chronicle
Foreman Boilennaker;Asia Directory & Chronicle
Foreman Boilermaker;Asia Directory & Chronicle
Foreman Boilmaker;Asia Directory & Chronicle
Foreman Carpenter;Asia Directory & Chronicle
Foreman Compositor;Asia Directory & Chronicle
Foreman Coppersmith;Asia Directory & Chronicle
Foreman Electrician;Asia Directory & Chronicle
Foreman Engineer;Asia Directory & Chronicle
Foreman Erector;Asia Directory & Chronicle
Foreman Fitter;Asia Directory & Chronicle
Foreman Forger;Asia Directory & Chronicle
Foreman Joiner;Asia Directory & Chronicle
Foreman Litter;Asia Directory & Chronicle
Foreman Mason;Asia Directory & Chronicle
Foreman Mechanic;Asia Directory & Chronicle
Foreman Meter Maker;Asia Directory & Chronicle
Foreman Moulder;Asia Directory & Chronicle
Foreman of Boilermakers;Asia Directory & Chronicle
Foreman of Store;Asia Directory & Chronicle
Foreman of Works;Asia Directory & Chronicle
Foreman Patternmaker;Asia Directory & Chronicle
Foreman Platelayer;Asia Directory & Chronicle
Foreman Plater;Asia Directory & Chronicle
Foreman Plumber;Asia Directory & Chronicle
Foreman Plunilier;Asia Directory & Chronicle
Foreman Printer;Asia Directory & Chronicle
Foreman Reeler;Asia Directory & Chronicle
Foreman Rivetter;Asia Directory & Chronicle
Foreman Sawyer;Asia Directory & Chronicle
Foreman Shipbuilder;Asia Directory & Chronicle
Foreman Shipwright;Asia Directory & Chronicle
Foreman Smith;Asia Directory & Chronicle
Foreman Titter;Asia Directory & Chronicle
Foreman Turner;Asia Directory & Chronicle
Foremant of Works;Asia Directory & Chronicle
Forger;Asia Directory & Chronicle
Fort Adjudant;Asia Directory & Chronicle
Forwarding Agent;Asia Directory & Chronicle
Fourth Class Clerk;Asia Directory & Chronicle
Fourth Engineer;Asia Directory & Chronicle
Freight and Cotton Broker;Asia Directory & Chronicle
Freight Clerk;Asia Directory & Chronicle
Catholic Missionary;Asia Directory & Chronicle
Governess;Asia Directory & Chronicle
Plenipotentiary;Asia Directory & Chronicle
Roman Catholic Missionary;Asia Directory & Chronicle
Trappist Missionary;Asia Directory & Chronicle
Vice-Consul;Asia Directory & Chronicle
Frere Coadjuteur;Asia Directory & Chronicle
Friar;Asia Directory & Chronicle
Friseur;Asia Directory & Chronicle
Functionary;Asia Directory & Chronicle
Functionary for Special Commissions;Asia Directory & Chronicle
Fur Inspector;Asia Directory & Chronicle
Furniture Dealer;Asia Directory & Chronicle
Furniture Maker and Decorator;Asia Directory & Chronicle
Gaoler;Asia Directory & Chronicle
Garn. Varw. Ob. Insp.;Asia Directory & Chronicle
Garrison;Asia Directory & Chronicle
Garrison Schoolmaster;Asia Directory & Chronicle
Garrison Sergeant-Major;Asia Directory & Chronicle
Gas Engineer;Asia Directory & Chronicle
Gas Fitter;Asia Directory & Chronicle
General Administrator;Asia Directory & Chronicle
General Agent;Asia Directory & Chronicle
General Agent Passenger Department;Asia Directory & Chronicle
General Assistant;Asia Directory & Chronicle
General Booker;Asia Directory & Chronicle
General Broker;Asia Directory & Chronicle
General Broker and Commission Agent;Asia Directory & Chronicle
General Commission Agent;Asia Directory & Chronicle
General Constable;Asia Directory & Chronicle
General Contractor;Asia Directory & Chronicle
General Director;Asia Directory & Chronicle
General Draper;Asia Directory & Chronicle
General Exporter;Asia Directory & Chronicle
General Import Merchant;Asia Directory & Chronicle
General Importer;Asia Directory & Chronicle
General Importer and Commission Agent;Asia Directory & Chronicle
General Manager and Partner;Asia Directory & Chronicle
General Manager and Secretary;Asia Directory & Chronicle
General Manager Business Department;Asia Directory & Chronicle
General Manager for China;Asia Directory & Chronicle
General Manager for Far East;Asia Directory & Chronicle
General Manager for the East;Asia Directory & Chronicle
General Manager Pro Tempore;Asia Directory & Chronicle
General Manager Secretary;Asia Directory & Chronicle
General Merchant;Asia Directory & Chronicle
General Passenger Agent for Orient;Asia Directory & Chronicle
General Practitioner;Asia Directory & Chronicle
General Reformado;Asia Directory & Chronicle
General Representative;Asia Directory & Chronicle
General Secretary;Asia Directory & Chronicle
General Secretary Manager;Asia Directory & Chronicle
General Secy;Asia Directory & Chronicle
General Staff Officer;Asia Directory & Chronicle
General Storekeeper;Asia Directory & Chronicle
General Supervisor;Asia Directory & Chronicle
General Traffic Agent;Asia Directory & Chronicle
General Works Manager;Asia Directory & Chronicle
General-Agent;Asia Directory & Chronicle
General-Broker;Asia Directory & Chronicle
Gentlemen’S Outfitter;Asia Directory & Chronicle
Gérant du Consulat de France;Asia Directory & Chronicle
Gerente;Asia Directory & Chronicle
German Governess;Asia Directory & Chronicle
German Missionary;Asia Directory & Chronicle
German Postmaster;Asia Directory & Chronicle
Girls’ Department;Asia Directory & Chronicle
Goaler;Asia Directory & Chronicle
Godown Clerk;Asia Directory & Chronicle
Godown Keeper;Asia Directory & Chronicle
Godown Superintendant;Asia Directory & Chronicle
Godown Superintendent;Asia Directory & Chronicle
Gouvernment Intendant;Asia Directory & Chronicle
Governador do Bispado;Asia Directory & Chronicle
Governeur;Asia Directory & Chronicle
Governing Director;Asia Directory & Chronicle
Government Assistant Surveyor;Asia Directory & Chronicle
Government Auctioneer and Commission Agent;Asia Directory & Chronicle
Government Auditor;Asia Directory & Chronicle
Government Commissioner;Asia Directory & Chronicle
Government Interpreter;Asia Directory & Chronicle
Government Local Auditor;Asia Directory & Chronicle
Government Marine Guard;Asia Directory & Chronicle
Government Marine Surveyor;Asia Directory & Chronicle
Government Medical Officer;Asia Directory & Chronicle
Government Secretary;Asia Directory & Chronicle
Government Surveyor;Asia Directory & Chronicle
Government Treasurer;Asia Directory & Chronicle
Governor of Hongkong;Asia Directory & Chronicle
Governor-General and Commanding the Troops;Asia Directory & Chronicle
Greffier;Asia Directory & Chronicle
Guard;Asia Directory & Chronicle
Guarda;Asia Directory & Chronicle
Guarda Marinha;Asia Directory & Chronicle
Guardalivros;Asia Directory & Chronicle
Gunner;Asia Directory & Chronicle
Gunner’S Mate;Asia Directory & Chronicle
Gunsmith;Asia Directory & Chronicle
H. E. the Belgian Minister;Asia Directory & Chronicle
H. M. Naval Agent;Asia Directory & Chronicle
H.B.M. Acting Chief Justice;Asia Directory & Chronicle
H.B.M. Acting Consul;Asia Directory & Chronicle
H.B.M. Chief Justice;Asia Directory & Chronicle
H.B.M. Consul;Asia Directory & Chronicle
H.B.M. Minister Plenipotentiary;Asia Directory & Chronicle
H.B.M. Officiating Consul;Asia Directory & Chronicle
H.B.M. Vice-Consul;Asia Directory & Chronicle
H.B.M.’S Div. Architect and Surveyor of Works;Asia Directory & Chronicle
H.B.M.’S Vice-Consul;Asia Directory & Chronicle
Hag-Lieutenant;Asia Directory & Chronicle
Hairdresser;Asia Directory & Chronicle
Harbour Engineer;Asia Directory & Chronicle
Harbour Master;Asia Directory & Chronicle
Harbour Master and Marine Magistrate;Asia Directory & Chronicle
Harbour Master and Tide Surveyor;Asia Directory & Chronicle
Harbour Pilot;Asia Directory & Chronicle
Harness Maker;Asia Directory & Chronicle
Head Accountant;Asia Directory & Chronicle
Head Attendent;Asia Directory & Chronicle
Head Clerk;Asia Directory & Chronicle
Head Constable;Asia Directory & Chronicle
Head Draughtsman;Asia Directory & Chronicle
Head Gaoler;Asia Directory & Chronicle
Head Inspector;Asia Directory & Chronicle
Head Master;Asia Directory & Chronicle
Head Mistress;Asia Directory & Chronicle
Head of Sanitary Department;Asia Directory & Chronicle
Head Puddler;Asia Directory & Chronicle
Head Roller;Asia Directory & Chronicle
Head Roller Turner;Asia Directory & Chronicle
Head Teacher;Asia Directory & Chronicle
Head Turnkey;Asia Directory & Chronicle
Head Watchman;Asia Directory & Chronicle
Headmaster;Asia Directory & Chronicle
Headmistress;Asia Directory & Chronicle
Health Department;Asia Directory & Chronicle
Health Inspector;Asia Directory & Chronicle
Health Officer;Asia Directory & Chronicle
Health Officer of Port;Asia Directory & Chronicle
Health Surgeon;Asia Directory & Chronicle
Heater;Asia Directory & Chronicle
Heermann;Asia Directory & Chronicle
Heet Paymaster;Asia Directory & Chronicle
Heet Torpedo Officer, Admiral'S Staff;Asia Directory & Chronicle
Hide Inspector;Asia Directory & Chronicle
Highways Engineer;Asia Directory & Chronicle
Hill and Bullion Broker;Asia Directory & Chronicle
Hill Broker;Asia Directory & Chronicle
Hindustani and Punti Interpreter;Asia Directory & Chronicle
Hoarding Officer;Asia Directory & Chronicle
Hoarding-House Keeper;Asia Directory & Chronicle
Hoklo Interpreter;Asia Directory & Chronicle
Holliday;Asia Directory & Chronicle
Honorary Attache;Asia Directory & Chronicle
Honorary Treasurer;Asia Directory & Chronicle
Hospital Clerk;Asia Directory & Chronicle
Hospital Supervisor;Asia Directory & Chronicle
Hotel Keeper;Asia Directory & Chronicle
Hotel-Keeper;Asia Directory & Chronicle
House and Land Agent;Asia Directory & Chronicle
Huissier;Asia Directory & Chronicle
Hulk Keeper;Asia Directory & Chronicle
Hydrant Inspector;Asia Directory & Chronicle
Hydrographic Surveyor;Asia Directory & Chronicle
Immediate;Asia Directory & Chronicle
Import Agent;Asia Directory & Chronicle
Import and Export Commission Agent;Asia Directory & Chronicle
Import and Export Merchant;Asia Directory & Chronicle
Import Merchant;Asia Directory & Chronicle
Importer;Asia Directory & Chronicle
Importer and Engineer;Asia Directory & Chronicle
Importer and Exporter;Asia Directory & Chronicle
Importer of Watches;Asia Directory & Chronicle
In Charge;Asia Directory & Chronicle
In Charge Gunpowder Depot;Asia Directory & Chronicle
In Charge Gunpowder Depot of Stonecutter Island;Asia Directory & Chronicle
In Charge Naval Stores;Asia Directory & Chronicle
In Charge of Boilermakers;Asia Directory & Chronicle
In Charge of Hulks;Asia Directory & Chronicle
In Charge of Hulls;Asia Directory & Chronicle
In Charge of Native Customs;Asia Directory & Chronicle
In Charge of Naval Establishment;Asia Directory & Chronicle
In Charge of Signal Station;Asia Directory & Chronicle
Incorporated Accountant;Asia Directory & Chronicle
Independent Medical Missionary;Asia Directory & Chronicle
Indian Interperter;Asia Directory & Chronicle
Indian Interpreter;Asia Directory & Chronicle
Infant Mistress;Asia Directory & Chronicle
Infirmier;Asia Directory & Chronicle
Informer;Asia Directory & Chronicle
Ingénieur;Asia Directory & Chronicle
Ingénieur Chef de la 2e Division;Asia Directory & Chronicle
Ingénieur Chimiste;Asia Directory & Chronicle
Ingénieur de Division;Asia Directory & Chronicle
Ingénieur de Section;Asia Directory & Chronicle
Ingénieur Directeur;Asia Directory & Chronicle
Ingénieur En Chef;Asia Directory & Chronicle
Ingénieur et Chef d'Exploitation;Asia Directory & Chronicle
Ingénieur Représentant;Asia Directory & Chronicle
Inner Guard;Asia Directory & Chronicle
Inspecteur;Asia Directory & Chronicle
Inspecteur Commandant de Brigade;Asia Directory & Chronicle
Inspecteur de Police;Asia Directory & Chronicle
Inspecting Officer;Asia Directory & Chronicle
Inspecting Ordnance Officer;Asia Directory & Chronicle
Inspection Officer;Asia Directory & Chronicle
Inspector and Accountant;Asia Directory & Chronicle
Inspector and Harbour Master;Asia Directory & Chronicle
Inspector Architect;Asia Directory & Chronicle
Inspector de Fazenda;Asia Directory & Chronicle
Inspector General of Hospitals;Asia Directory & Chronicle
Inspector General of Police;Asia Directory & Chronicle
Inspector in Charge;Asia Directory & Chronicle
Inspector in Charge of Police;Asia Directory & Chronicle
Inspector Interino;Asia Directory & Chronicle
Inspector of Agencies;Asia Directory & Chronicle
Inspector of Army Schools;Asia Directory & Chronicle
Inspector of Boilermakers;Asia Directory & Chronicle
Inspector of Brothels;Asia Directory & Chronicle
Inspector of Buildings;Asia Directory & Chronicle
Inspector of Cargo Boats and Junk;Asia Directory & Chronicle
Inspector of Cargo Boats and Junks;Asia Directory & Chronicle
Inspector of Cattle;Asia Directory & Chronicle
Inspector of Drainage;Asia Directory & Chronicle
Inspector of English Schools;Asia Directory & Chronicle
Inspector of Examiners;Asia Directory & Chronicle
Inspector of Fitters;Asia Directory & Chronicle
Inspector of Furniture;Asia Directory & Chronicle
Inspector of Junks;Asia Directory & Chronicle
Inspector of Lights;Asia Directory & Chronicle
Inspector of Litters;Asia Directory & Chronicle
Inspector of Machinery;Asia Directory & Chronicle
Inspector of Markets;Asia Directory & Chronicle
Inspector of Nuisances;Asia Directory & Chronicle
Inspector of Ordnance Machinery;Asia Directory & Chronicle
Inspector of Plumbers;Asia Directory & Chronicle
Inspector of Police;Asia Directory & Chronicle
Inspector of Postmen;Asia Directory & Chronicle
Inspector of Roads;Asia Directory & Chronicle
Inspector of Schools;Asia Directory & Chronicle
Inspector of Shipwrights;Asia Directory & Chronicle
Inspector of Stores;Asia Directory & Chronicle
Inspector of Taxes;Asia Directory & Chronicle
Inspector of Vehicles;Asia Directory & Chronicle
Inspector of Vernacular Schools;Asia Directory & Chronicle
Inspector of Vineyards;Asia Directory & Chronicle
Inspector of War Material;Asia Directory & Chronicle
Inspector of Warlike Stores;Asia Directory & Chronicle
Inspector of Water Police;Asia Directory & Chronicle
Inspector of Wireless;Asia Directory & Chronicle
Inspector of Wireless and Telegraph;Asia Directory & Chronicle
Inspector of Works;Asia Directory & Chronicle
Inspector-General;Asia Directory & Chronicle
Inspector-in-Charge;Asia Directory & Chronicle
Inspector-in-Charge of Police Force;Asia Directory & Chronicle
Installation Assistant;Asia Directory & Chronicle
Installation Engineer;Asia Directory & Chronicle
Installation Inspector;Asia Directory & Chronicle
Installation Manager;Asia Directory & Chronicle
Installation Superintendent;Asia Directory & Chronicle
Installation-Manager;Asia Directory & Chronicle
Instructor and Interpreter;Asia Directory & Chronicle
Instructor Boatswain;Asia Directory & Chronicle
Instructor of Cadets;Asia Directory & Chronicle
Instructor of Gunnery;Asia Directory & Chronicle
Instructor Range Finding;Asia Directory & Chronicle
Insurance Agent;Asia Directory & Chronicle
Insurance and General Broker;Asia Directory & Chronicle
Insurance Representative;Asia Directory & Chronicle
Intendant;Asia Directory & Chronicle
Interim Agent;Asia Directory & Chronicle
International Commissioner;Asia Directory & Chronicle
International Commissioner of Police;Asia Directory & Chronicle
Interprète Auxiliaire;Asia Directory & Chronicle
Interprète Chancelier;Asia Directory & Chronicle
Interpreter and Acting Clerk and Bailiff;Asia Directory & Chronicle
Interpreter and Assessor;Asia Directory & Chronicle
Interpreter and Assessor At Mixed Court;Asia Directory & Chronicle
Interpreter and Clerk;Asia Directory & Chronicle
Interpreter and Mixed Court Assessor;Asia Directory & Chronicle
Interpreter and Post Office Agent;Asia Directory & Chronicle
Interpreter and Printer;Asia Directory & Chronicle
Interpreter and Pro-Consul;Asia Directory & Chronicle
Interpreter and Pro-Consul for Great Britain;Asia Directory & Chronicle
Interpreter and Secretary;Asia Directory & Chronicle
Interpreter In Charge;Asia Directory & Chronicle
Issuer of Stores;Asia Directory & Chronicle
Jail Keeper;Asia Directory & Chronicle
Jail Warden;Asia Directory & Chronicle
Jailer;Asia Directory & Chronicle
Japanese Adviser;Asia Directory & Chronicle
Japanese Postmaster;Asia Directory & Chronicle
Jeweller;Asia Directory & Chronicle
Jeweller and Importer;Asia Directory & Chronicle
Jeweller and Optician;Asia Directory & Chronicle
Jobbing Foreman;Asia Directory & Chronicle
Joiner;Asia Directory & Chronicle
Joint Manager;Asia Directory & Chronicle
Juge Assesseur;Asia Directory & Chronicle
Juge Consulaire;Asia Directory & Chronicle
Juge de Paix A Competence Etendue;Asia Directory & Chronicle
Juinor Partner;Asia Directory & Chronicle
Juiz de Direito;Asia Directory & Chronicle
Juiz Substituto;Asia Directory & Chronicle
Junior;Asia Directory & Chronicle
Junior Assistant;Asia Directory & Chronicle
Junior Assistant Master;Asia Directory & Chronicle
Junior Marine Officer;Asia Directory & Chronicle
Junior Medical Officer;Asia Directory & Chronicle
Junior Partner;Asia Directory & Chronicle
Junior Sub-Accountant;Asia Directory & Chronicle
Junior Treasurer;Asia Directory & Chronicle
Kaiserlicher Oberrichter Kriegsgerichtsrath;Asia Directory & Chronicle
Kapitanleutnant;Asia Directory & Chronicle
King’s Harbour Master;Asia Directory & Chronicle
Kommandeur;Asia Directory & Chronicle
Laboratory Assistant;Asia Directory & Chronicle
Lamocks Lightkeeper;Asia Directory & Chronicle
Land Agent;Asia Directory & Chronicle
Land Agent and Broker;Asia Directory & Chronicle
Land and Commission Agent;Asia Directory & Chronicle
Land and Estate Agent;Asia Directory & Chronicle
Land and Estate Broker;Asia Directory & Chronicle
Land and General Broker;Asia Directory & Chronicle
Land Bailiff;Asia Directory & Chronicle
Land Broker and Estates Agent;Asia Directory & Chronicle
Land Department;Asia Directory & Chronicle
Land Estate Agent;Asia Directory & Chronicle
Land Estate and Commission Agent;Asia Directory & Chronicle
Land Officer;Asia Directory & Chronicle
Land Owner;Asia Directory & Chronicle
Land Surveyor;Asia Directory & Chronicle
Land, Estate and Commission Agent;Asia Directory & Chronicle
Land, Estate, and Commission Agent;Asia Directory & Chronicle
Landowner;Asia Directory & Chronicle
Language Attache;Asia Directory & Chronicle
Language Officer;Asia Directory & Chronicle
Launch Inspector;Asia Directory & Chronicle
Launch Officer;Asia Directory & Chronicle
Law Reporter and Short Hand Writer;Asia Directory & Chronicle
Law Secretary;Asia Directory & Chronicle
Lawyer;Asia Directory & Chronicle
Lawyer and Administrador;Asia Directory & Chronicle
Lawyer and Editor Independente;Asia Directory & Chronicle
Lawyer and Vice President;Asia Directory & Chronicle
Leading Fitter;Asia Directory & Chronicle
Leading Titter;Asia Directory & Chronicle
Leadingman;Asia Directory & Chronicle
Leadingman of Boilermakers;Asia Directory & Chronicle
Leadingman of Fitters;Asia Directory & Chronicle
Leadingman of Storehouses;Asia Directory & Chronicle
Leadingman of Titters;Asia Directory & Chronicle
Leandingman of Boilermakers;Asia Directory & Chronicle
Leandingman of Fitters;Asia Directory & Chronicle
Leandingman of Storehouses;Asia Directory & Chronicle
Leather and Shoe Merchant;Asia Directory & Chronicle
Lecturer of Civil and Mechanical Engineering;Asia Directory & Chronicle
Lecturer of Mechanical Engineering;Asia Directory & Chronicle
Lecturer On Eye Diseases;Asia Directory & Chronicle
Legal Assistant;Asia Directory & Chronicle
Lessee;Asia Directory & Chronicle
Lessee and Publisher;Asia Directory & Chronicle
Librarian-in-Charge;Asia Directory & Chronicle
Licensee;Asia Directory & Chronicle
Licensee and Manager;Asia Directory & Chronicle
Licensing Inspector;Asia Directory & Chronicle
Licet Paymaster;Asia Directory & Chronicle
Lieutenant Acting Assistant Chinese Secretary;Asia Directory & Chronicle
Lieutenant and Commandant;Asia Directory & Chronicle
Lieutenant and Quartermaster;Asia Directory & Chronicle
Lieutenant Chief Instructor;Asia Directory & Chronicle
Lieutenant Commandant;Asia Directory & Chronicle
Lieutenant Commander;Asia Directory & Chronicle
Lieutenant In Charge;Asia Directory & Chronicle
Lieutenant of Infantry;Asia Directory & Chronicle
Lieutenant of Marine;Asia Directory & Chronicle
Lieutenant of Marines;Asia Directory & Chronicle
Lieutenant Quartermaster;Asia Directory & Chronicle
Lieutenant-Colonel;Asia Directory & Chronicle
Lieutenant-Colonel and Chief;Asia Directory & Chronicle
Lieutenant-Colonel and Commandant;Asia Directory & Chronicle
Lieutenant-Colonel and Director;Asia Directory & Chronicle
Lieutenant-Commandant;Asia Directory & Chronicle
Lieutenant-Governor and Commandant;Asia Directory & Chronicle
Lighthouse Keeper;Asia Directory & Chronicle
Lightship Officer;Asia Directory & Chronicle
Liide Inspector;Asia Directory & Chronicle
Line Engineer;Asia Directory & Chronicle
Line Overseer;Asia Directory & Chronicle
Linguist;Asia Directory & Chronicle
Lioilennaker;Asia Directory & Chronicle
Liquidator and Estate Agent;Asia Directory & Chronicle
Livery Stable Keeper;Asia Directory & Chronicle
Loan Officer Works;Asia Directory & Chronicle
Loan Works Officer;Asia Directory & Chronicle
Local Agent;Asia Directory & Chronicle
Local and Coast Pilot;Asia Directory & Chronicle
Local Auditor;Asia Directory & Chronicle
Local Manager;Asia Directory & Chronicle
Local Postmaster;Asia Directory & Chronicle
Local Sales Department;Asia Directory & Chronicle
Local Secretary;Asia Directory & Chronicle
Local Sub-Manager;Asia Directory & Chronicle
Locksmith;Asia Directory & Chronicle
Locomotive and Works Superintendent;Asia Directory & Chronicle
Locomotive Driver;Asia Directory & Chronicle
Locomotive Inspector;Asia Directory & Chronicle
Locomotive Inspector.;Asia Directory & Chronicle
Locomotive Superintendent;Asia Directory & Chronicle
Locomotive Supt;Asia Directory & Chronicle
Locomotive Supt.;Asia Directory & Chronicle
Lord Bishop of Victoria Diocese;Asia Directory & Chronicle
Machinery Artificer;Asia Directory & Chronicle
Machinery Merchant;Asia Directory & Chronicle
Machinist;Asia Directory & Chronicle
Machinista;Asia Directory & Chronicle
Machinista Naval;Asia Directory & Chronicle
Maekinnon;Asia Directory & Chronicle
Magasiner;Asia Directory & Chronicle
Magasinier;Asia Directory & Chronicle
Magasinverwalter;Asia Directory & Chronicle
Magistrate and Acting Puisne Judge;Asia Directory & Chronicle
Mains Superintendent;Asia Directory & Chronicle
Maintenance Assistant;Asia Directory & Chronicle
Maintenance Department;Asia Directory & Chronicle
Major Commandant;Asia Directory & Chronicle
Major Commanding;Asia Directory & Chronicle
Major In Charge;Asia Directory & Chronicle
Major of Marines;Asia Directory & Chronicle
Major Paymaster;Asia Directory & Chronicle
Major-General;Asia Directory & Chronicle
Major-General Chief of Artillery;Asia Directory & Chronicle
Malariologist;Asia Directory & Chronicle
Manager (Detached);Asia Directory & Chronicle
Manager (Pro Tempore);Asia Directory & Chronicle
Manager (Signs Per Pro.);Asia Directory & Chronicle
Manager Agent;Asia Directory & Chronicle
Manager and Acting Secretary;Asia Directory & Chronicle
Manager and Attorney;Asia Directory & Chronicle
Manager and Chief Engineer;Asia Directory & Chronicle
Manager and Director;Asia Directory & Chronicle
Manager and Editor;Asia Directory & Chronicle
Manager and Engineer;Asia Directory & Chronicle
Manager and Municipal Sexton;Asia Directory & Chronicle
Manager and Proprietor;Asia Directory & Chronicle
Manager and Second Vice-President;Asia Directory & Chronicle
Manager and Secretary;Asia Directory & Chronicle
Manager and Signs Per Pro.;Asia Directory & Chronicle
Manager and Traffic Superintendent;Asia Directory & Chronicle
Manager Bishop;Asia Directory & Chronicle
Manager Bridge Works;Asia Directory & Chronicle
Manager Building Department;Asia Directory & Chronicle
Manager Cables;Asia Directory & Chronicle
Manager Director;Asia Directory & Chronicle
Manager Eastern Extension;Asia Directory & Chronicle
Manager for Asia;Asia Directory & Chronicle
Manager for China;Asia Directory & Chronicle
Manager for Far East;Asia Directory & Chronicle
Manager Funishing Departmen;Asia Directory & Chronicle
Manager Furnishing Department;Asia Directory & Chronicle
Manager In China;Asia Directory & Chronicle
Manager In China and Japan;Asia Directory & Chronicle
Manager In the Far East;Asia Directory & Chronicle
Manager Music Department;Asia Directory & Chronicle
Manager of Bridgeworks;Asia Directory & Chronicle
Manager of Foreign Exchange;Asia Directory & Chronicle
Manager of Printing Office;Asia Directory & Chronicle
Manager of Tannery;Asia Directory & Chronicle
Manager Oil Wharf;Asia Directory & Chronicle
Manager Per Pro.;Asia Directory & Chronicle
Manager Printing Office;Asia Directory & Chronicle
Manager Printing Office and Director;Asia Directory & Chronicle
Manager Pro Tempore;Asia Directory & Chronicle
Manager Representative for China;Asia Directory & Chronicle
Manager Steam-Boat Dock;Asia Directory & Chronicle
Manager Tailoring Department;Asia Directory & Chronicle
Manageress;Asia Directory & Chronicle
Managing Clerk;Asia Directory & Chronicle
Managing Director and Chairman;Asia Directory & Chronicle
Managing Director and Editor;Asia Directory & Chronicle
Managing Director and Editor-in-Chief;Asia Directory & Chronicle
Managing Director for the East;Asia Directory & Chronicle
Managing Editor;Asia Directory & Chronicle
Managing Engineer;Asia Directory & Chronicle
Managing Partner;Asia Directory & Chronicle
Managing Proprietor;Asia Directory & Chronicle
Managing-Director and Editor-in-Chief;Asia Directory & Chronicle
Manufacturers' Agent;Asia Directory & Chronicle
Manufacturers' Representative;Asia Directory & Chronicle
Manufacturers’ Representative;Asia Directory & Chronicle
Manufacturers’ Representatives;Asia Directory & Chronicle
Manufacturing Chemist;Asia Directory & Chronicle
Marine and Cargo Surveyor;Asia Directory & Chronicle
Marine and Engineer Superintendent;Asia Directory & Chronicle
Marine Artillery;Asia Directory & Chronicle
Marine Engineer;Asia Directory & Chronicle
Marine Guard;Asia Directory & Chronicle
Marine Ober Assistenz-Arzt.;Asia Directory & Chronicle
Marine Oberzahnneister;Asia Directory & Chronicle
Marine Officer;Asia Directory & Chronicle
Marine Reporter;Asia Directory & Chronicle
Marine Sorter;Asia Directory & Chronicle
Marine Superintendent;Asia Directory & Chronicle
Marine Surveyor;Asia Directory & Chronicle
Marine Surveyor and Pilot;Asia Directory & Chronicle
Marine-Ober Stabs-Argt.;Asia Directory & Chronicle
Maritime Customs;Asia Directory & Chronicle
Marshal;Asia Directory & Chronicle
Marshal and Clerk;Asia Directory & Chronicle
Marshall;Asia Directory & Chronicle
Maschinenmeister;Asia Directory & Chronicle
Mason;Asia Directory & Chronicle
Masseuse;Asia Directory & Chronicle
Master;Asia Directory & Chronicle
Master and Diver;Asia Directory & Chronicle
Master and Superior;Asia Directory & Chronicle
Master Artificer;Asia Directory & Chronicle
Master Attendant;Asia Directory & Chronicle
Master Attendant and Staff Commandant;Asia Directory & Chronicle
Master Carpenter;Asia Directory & Chronicle
Master Gunner;Asia Directory & Chronicle
Master In Charge;Asia Directory & Chronicle
Master Lightship;Asia Directory & Chronicle
Master of Dredger;Asia Directory & Chronicle
Master of Governor’s Yacht;Asia Directory & Chronicle
Master of Steam Tug;Asia Directory & Chronicle
Master of Steamer Chinlung;Asia Directory & Chronicle
Master of Steamer Gem;Asia Directory & Chronicle
Master of Tug;Asia Directory & Chronicle
Master Spinner;Asia Directory & Chronicle
Master-Gunner;Asia Directory & Chronicle
Master-In Charge;Asia Directory & Chronicle
Mate;Asia Directory & Chronicle
Mate Ana Lightkeeper;Asia Directory & Chronicle
Mate and Lightkeeper;Asia Directory & Chronicle
Mate Lightship;Asia Directory & Chronicle
Matron;Asia Directory & Chronicle
Mecanicien;Asia Directory & Chronicle
Mecanicien Fontainier;Asia Directory & Chronicle
Mechanic;Asia Directory & Chronicle
Mechanical Engineer;Asia Directory & Chronicle
Mechanical Enginer;Asia Directory & Chronicle
Mechanical Foreman;Asia Directory & Chronicle
Mechanician;Asia Directory & Chronicle
Mechanist;Asia Directory & Chronicle
Médecin Major;Asia Directory & Chronicle
Medical Attendant;Asia Directory & Chronicle
Medical Department;Asia Directory & Chronicle
Medical Doctor;Asia Directory & Chronicle
Medical Doctor and Assistant Surgeon;Asia Directory & Chronicle
Medical Doctor and Surgeon;Asia Directory & Chronicle
Medical Missionary;Asia Directory & Chronicle
Medical Officer of Health;Asia Directory & Chronicle
Medical Officer of Health and Superintendent;Asia Directory & Chronicle
Medical Practitioner;Asia Directory & Chronicle
Medical Practitioner and Health Officer;Asia Directory & Chronicle
Medical Practitioner and Health Officer of Port;Asia Directory & Chronicle
Medical Practitioner and Medical Officer;Asia Directory & Chronicle
Medical Practitioner and Surgeon;Asia Directory & Chronicle
Medical Specialist;Asia Directory & Chronicle
Medical Superintendent;Asia Directory & Chronicle
Medico Municipal;Asia Directory & Chronicle
Medico Naval;Asia Directory & Chronicle
Mental Ward Attendant;Asia Directory & Chronicle
Merchant;Asia Directory & Chronicle
Merchant and Agent;Asia Directory & Chronicle
Merchant and Baker;Asia Directory & Chronicle
Merchant and British Vice Consul;Asia Directory & Chronicle
Merchant and Broker;Asia Directory & Chronicle
Merchant and Civil Engineer;Asia Directory & Chronicle
Merchant and Commercial Agent;Asia Directory & Chronicle
Merchant and Commission Agent;Asia Directory & Chronicle
Merchant and Cycle Commission Agent;Asia Directory & Chronicle
Merchant and Engineer;Asia Directory & Chronicle
Merchant and Importer;Asia Directory & Chronicle
Merchant and Manager;Asia Directory & Chronicle
Merchant and Representative;Asia Directory & Chronicle
Merchant and Shipowner;Asia Directory & Chronicle
Merchant and Steamship Agent;Asia Directory & Chronicle
Merchant and Storekeeper;Asia Directory & Chronicle
Merchant Director;Asia Directory & Chronicle
Merchant, Shipping and Commission Agent;Asia Directory & Chronicle
Messenger;Asia Directory & Chronicle
Meter Inspector;Asia Directory & Chronicle
Meter Inspector and Collector;Asia Directory & Chronicle
Meter Reader;Asia Directory & Chronicle
Meter Superintendent;Asia Directory & Chronicle
Meters Assistant;Asia Directory & Chronicle
Meters Engineering Assistant;Asia Directory & Chronicle
Midshipman;Asia Directory & Chronicle
Military;Asia Directory & Chronicle
Military Agent;Asia Directory & Chronicle
Military Agent  for Russia;Asia Directory & Chronicle
Military Assistant;Asia Directory & Chronicle
Military Attache;Asia Directory & Chronicle
Military Attaché;Asia Directory & Chronicle
Military Chaplain;Asia Directory & Chronicle
Military Foreman of Works;Asia Directory & Chronicle
Military Instructor;Asia Directory & Chronicle
Military Mechanist;Asia Directory & Chronicle
Military Staff Clerk;Asia Directory & Chronicle
Military Writer;Asia Directory & Chronicle
Mill Assistant;Asia Directory & Chronicle
Mill Clerk;Asia Directory & Chronicle
Mill Manager;Asia Directory & Chronicle
Miller;Asia Directory & Chronicle
Milliner;Asia Directory & Chronicle
Milliner and Draper;Asia Directory & Chronicle
Mine Assistant;Asia Directory & Chronicle
Mine Manager;Asia Directory & Chronicle
Mining Engineer;Asia Directory & Chronicle
Mining Expert;Asia Directory & Chronicle
Minister Resident;Asia Directory & Chronicle
Misionary;Asia Directory & Chronicle
Missionary Agent;Asia Directory & Chronicle
Missionary and Principal;Asia Directory & Chronicle
Missionary and Teacher;Asia Directory & Chronicle
Missionary Apostolic;Asia Directory & Chronicle
Mistress;Asia Directory & Chronicle
Mixed Court Assessor;Asia Directory & Chronicle
Money Order Clerk;Asia Directory & Chronicle
Monopoly Analyst;Asia Directory & Chronicle
Motor Engineer;Asia Directory & Chronicle
Motor-Car Dealer;Asia Directory & Chronicle
Moulder;Asia Directory & Chronicle
Municipal Engineer;Asia Directory & Chronicle
Municipal Superintendent;Asia Directory & Chronicle
Music Dealer;Asia Directory & Chronicle
Music Teacher;Asia Directory & Chronicle
Musical Instrument Dealer;Asia Directory & Chronicle
Naval Architect;Asia Directory & Chronicle
Naval Engineer;Asia Directory & Chronicle
Naval Instructor;Asia Directory & Chronicle
Naval Lieutenant;Asia Directory & Chronicle
Naval Midshipman;Asia Directory & Chronicle
Naval Officer In Charge;Asia Directory & Chronicle
Naval Schoolmaster;Asia Directory & Chronicle
Naval Staff Officer;Asia Directory & Chronicle
Naval Store Officer;Asia Directory & Chronicle
Naval Store Officer and Cashier;Asia Directory & Chronicle
Naval Storekeeper;Asia Directory & Chronicle
Naval Sub-Lieutenant;Asia Directory & Chronicle
Naval-Lieutenant;Asia Directory & Chronicle
Naval-Midshipman;Asia Directory & Chronicle
Navigating Lieutenant;Asia Directory & Chronicle
Navigating Sub-Lieutenant;Asia Directory & Chronicle
Navy Contractor and Coal Merchant;Asia Directory & Chronicle
Navy Officer;Asia Directory & Chronicle
Navy Sub-Lieutenant;Asia Directory & Chronicle
News Editor;Asia Directory & Chronicle
News Foreman;Asia Directory & Chronicle
Northern Division Manager;Asia Directory & Chronicle
Norwegian Adviser;Asia Directory & Chronicle
Norwegian Missionary;Asia Directory & Chronicle
Notary;Asia Directory & Chronicle
Notary-Public and Practitionner At Law;Asia Directory & Chronicle
Nurse;Asia Directory & Chronicle
O.S.B;Asia Directory & Chronicle
Oberleutnant;Asia Directory & Chronicle
Observador;Asia Directory & Chronicle
Offg. 2Nd Co. Officer and Offg. Adjutant;Asia Directory & Chronicle
Officaiting Consul for Great Britain;Asia Directory & Chronicle
Office Assistant;Asia Directory & Chronicle
Office Manager;Asia Directory & Chronicle
Office of Inspectorate General of Customs;Asia Directory & Chronicle
Office Secretary;Asia Directory & Chronicle
Office Superintendent;Asia Directory & Chronicle
Office-Gunner;Asia Directory & Chronicle
Officer Commanding;Asia Directory & Chronicle
Officer In Charge;Asia Directory & Chronicle
Officer In Charge of Cattle Markets;Asia Directory & Chronicle
Officer In Charge of Radio Stations;Asia Directory & Chronicle
Officer In Charge of Works;Asia Directory & Chronicle
Officer In Charge. Gunpowder Depot;Asia Directory & Chronicle
Officer In Charghe;Asia Directory & Chronicle
Officer In Command;Asia Directory & Chronicle
Officer of Health;Asia Directory & Chronicle
Official de Deligencia;Asia Directory & Chronicle
Official Measurer;Asia Directory & Chronicle
Official Privisorio;Asia Directory & Chronicle
Official Receiver;Asia Directory & Chronicle
Officiating Consul;Asia Directory & Chronicle
Officiating Second Company Officer;Asia Directory & Chronicle
Officier;Asia Directory & Chronicle
Officier Payeur;Asia Directory & Chronicle
Oil Wharf Manager;Asia Directory & Chronicle
Operator;Asia Directory & Chronicle
Opium Inspector;Asia Directory & Chronicle
Opthalmologist;Asia Directory & Chronicle
Optician;Asia Directory & Chronicle
Optometrist;Asia Directory & Chronicle
Orderly Officer;Asia Directory & Chronicle
Orderly Room Clerk;Asia Directory & Chronicle
Ordnance Officer In Charge;Asia Directory & Chronicle
Ordnance Store Officer In Charge;Asia Directory & Chronicle
Organist;Asia Directory & Chronicle
Oriental Manager;Asia Directory & Chronicle
Out-Door Assistant;Asia Directory & Chronicle
Outfitter;Asia Directory & Chronicle
Outside Superintendent;Asia Directory & Chronicle
Overlooke;Asia Directory & Chronicle
Overman;Asia Directory & Chronicle
Overseer;Asia Directory & Chronicle
Overseer of Convicts;Asia Directory & Chronicle
Overseer of Drains;Asia Directory & Chronicle
Overseer of Markets;Asia Directory & Chronicle
Overseer of Roads;Asia Directory & Chronicle
Overseer of Taxes;Asia Directory & Chronicle
Overseer of Water Works;Asia Directory & Chronicle
Overseer of Works;Asia Directory & Chronicle
Packet Agent;Asia Directory & Chronicle
Packet Agent and Interpreter;Asia Directory & Chronicle
Pagador;Asia Directory & Chronicle
Painter;Asia Directory & Chronicle
Paper Merchant;Asia Directory & Chronicle
Parocho Da Egreja de Taipa;Asia Directory & Chronicle
Part Proprietor;Asia Directory & Chronicle
Partner;Asia Directory & Chronicle
Partner and General Manager;Asia Directory & Chronicle
Partner and Manager;Asia Directory & Chronicle
Partner. Boyes;Asia Directory & Chronicle
Passanger Agent;Asia Directory & Chronicle
Passenger Agent;Asia Directory & Chronicle
Pastry Cook;Asia Directory & Chronicle
Pathologist;Asia Directory & Chronicle
Patrol Officer;Asia Directory & Chronicle
Pattern Maker;Asia Directory & Chronicle
Paymaster In Charge;Asia Directory & Chronicle
Paymaster, In Charge;Asia Directory & Chronicle
Paymaster, Naval and Victualling Storekeeper;Asia Directory & Chronicle
Peak Hospital;Asia Directory & Chronicle
Percepteur;Asia Directory & Chronicle
Percepteur des Bateaux;Asia Directory & Chronicle
Percepteur du Territoire;Asia Directory & Chronicle
Percepteur Receveur;Asia Directory & Chronicle
Percepteur, Secretary;Asia Directory & Chronicle
Permanent Way Inspector;Asia Directory & Chronicle
Personal Assistant To Chief Accountant;Asia Directory & Chronicle
Pharmacist;Asia Directory & Chronicle
Photographer;Asia Directory & Chronicle
Physician;Asia Directory & Chronicle
Physician and Surgeon;Asia Directory & Chronicle
Physician In Charge;Asia Directory & Chronicle
Pianist;Asia Directory & Chronicle
Piano Tuner;Asia Directory & Chronicle
Piano-Forte Teacher;Asia Directory & Chronicle
Piece Goods Expert;Asia Directory & Chronicle
Pilot and Secretary;Asia Directory & Chronicle
Pilot In Reserve;Asia Directory & Chronicle
Pilot Upper Yangtsze;Asia Directory & Chronicle
Planter, Exporter and Importer;Asia Directory & Chronicle
Platelayer;Asia Directory & Chronicle
Plumber;Asia Directory & Chronicle
Plumber and Gas Fitter;Asia Directory & Chronicle
Plywood Merchant;Asia Directory & Chronicle
Police Advocate;Asia Directory & Chronicle
Police Constable;Asia Directory & Chronicle
Police Department;Asia Directory & Chronicle
Police Inspector;Asia Directory & Chronicle
Police Magistrate;Asia Directory & Chronicle
Police Master;Asia Directory & Chronicle
Police Officer;Asia Directory & Chronicle
Police Sergeant;Asia Directory & Chronicle
Police Superintendent;Asia Directory & Chronicle
Port Captain;Asia Directory & Chronicle
Porteiro;Asia Directory & Chronicle
Porteiro Archivista;Asia Directory & Chronicle
Porter;Asia Directory & Chronicle
Portuguese Catholic Missionary;Asia Directory & Chronicle
Portuguese Missionary;Asia Directory & Chronicle
Posi Master;Asia Directory & Chronicle
Post Adjudant;Asia Directory & Chronicle
Post Exchange Officer;Asia Directory & Chronicle
Post Staff Officer;Asia Directory & Chronicle
Postal Clerk;Asia Directory & Chronicle
Postal Commissioner;Asia Directory & Chronicle
Postal District Inspector;Asia Directory & Chronicle
Postal Inspector;Asia Directory & Chronicle
Postal Secretary;Asia Directory & Chronicle
Postchaffeur;Asia Directory & Chronicle
Postmaster General;Asia Directory & Chronicle
Postmaster Principal;Asia Directory & Chronicle
Postmaster-General;Asia Directory & Chronicle
Postmaster-General and Collector of Stamp Revenue;Asia Directory & Chronicle
Postmeister;Asia Directory & Chronicle
Postpractivant;Asia Directory & Chronicle
Postsec Retail;Asia Directory & Chronicle
Powder Maker;Asia Directory & Chronicle
Power Engineer;Asia Directory & Chronicle
Power Station Superintendent;Asia Directory & Chronicle
Power-House Engineer;Asia Directory & Chronicle
Practitioner;Asia Directory & Chronicle
Precepteur;Asia Directory & Chronicle
Precious Stones Dealer;Asia Directory & Chronicle
Prefect Apostolic;Asia Directory & Chronicle
Prefect Roman Catholic Church;Asia Directory & Chronicle
Prefeito;Asia Directory & Chronicle
Premier Commissaire;Asia Directory & Chronicle
Prescription Department;Asia Directory & Chronicle
President and General Manager;Asia Directory & Chronicle
President and Manager;Asia Directory & Chronicle
President and Professor;Asia Directory & Chronicle
President and Professor of Natural Philosophy;Asia Directory & Chronicle
President of College;Asia Directory & Chronicle
Presidente;Asia Directory & Chronicle
Preventive Officer;Asia Directory & Chronicle
Preventive Secretary;Asia Directory & Chronicle
Priest;Asia Directory & Chronicle
Primeiro Escripturario;Asia Directory & Chronicle
Primeiro Official;Asia Directory & Chronicle
Principal Agent;Asia Directory & Chronicle
Principal and Partner;Asia Directory & Chronicle
Principal Army Medical Officer;Asia Directory & Chronicle
Principal Civil Medical Officer;Asia Directory & Chronicle
Principal Civil Medical Officerpresident;Asia Directory & Chronicle
Principal Engineer;Asia Directory & Chronicle
Principal Foreman;Asia Directory & Chronicle
Principal Land Surveyor;Asia Directory & Chronicle
Principal Medical Officer;Asia Directory & Chronicle
Principal Printing Officer;Asia Directory & Chronicle
Principal Warden;Asia Directory & Chronicle
Principal Warder;Asia Directory & Chronicle
Printer;Asia Directory & Chronicle
Printer and Commission Agent;Asia Directory & Chronicle
Printer and Proprietor;Asia Directory & Chronicle
Printer and Publisher;Asia Directory & Chronicle
Printer and Stationer;Asia Directory & Chronicle
Printing Department Manager;Asia Directory & Chronicle
Printing Manager;Asia Directory & Chronicle
Printing Office Manager;Asia Directory & Chronicle
Printing Officer;Asia Directory & Chronicle
Printing Overseer;Asia Directory & Chronicle
Private Boarding House;Asia Directory & Chronicle
Private Clerk;Asia Directory & Chronicle
Private Secretary and Accountant;Asia Directory & Chronicle
Private Secretary and Aide-De-Camp;Asia Directory & Chronicle
Private Secretary To Ghe Governor;Asia Directory & Chronicle
Private Secretary To Governor;Asia Directory & Chronicle
Pro-Consul;Asia Directory & Chronicle
Pro-Manager;Asia Directory & Chronicle
Pro-Rector;Asia Directory & Chronicle
Pro-Vicar;Asia Directory & Chronicle
Pro-Vicar Apostolic;Asia Directory & Chronicle
Probationary Assistant;Asia Directory & Chronicle
Probationary Tidewaiter;Asia Directory & Chronicle
Probationer;Asia Directory & Chronicle
Procurador;Asia Directory & Chronicle
Procurador Administrative;Asia Directory & Chronicle
Procurador Da Corõa;Asia Directory & Chronicle
Procurador Dos Negocios Sinicos;Asia Directory & Chronicle
Procurator;Asia Directory & Chronicle
Procurator Da Coroa;Asia Directory & Chronicle
Procurer;Asia Directory & Chronicle
Procureur;Asia Directory & Chronicle
Procureur General des Missions de Chine;Asia Directory & Chronicle
Procureur-General;Asia Directory & Chronicle
Procurist;Asia Directory & Chronicle
Professional Assistant;Asia Directory & Chronicle
Professor and Rector;Asia Directory & Chronicle
Professor Da Lingua Ingleza;Asia Directory & Chronicle
Professor Da Lingua Sinica;Asia Directory & Chronicle
Professor de Gynmastica;Asia Directory & Chronicle
Professor de Philosophia;Asia Directory & Chronicle
Professor In Chemistry;Asia Directory & Chronicle
Professor of Anatomy;Asia Directory & Chronicle
Professor of Astronomy and Mathematics;Asia Directory & Chronicle
Professor of Astronomy and Mathematies;Asia Directory & Chronicle
Professor of Cantonese;Asia Directory & Chronicle
Professor of Chemistry;Asia Directory & Chronicle
Professor of Chemistry and Physics;Asia Directory & Chronicle
Professor of Chinese;Asia Directory & Chronicle
Professor of Chinese and Provedor;Asia Directory & Chronicle
Professor of Chinese Language;Asia Directory & Chronicle
Professor of Civil and Mechanical Engineering;Asia Directory & Chronicle
Professor of Civil Engineer;Asia Directory & Chronicle
Professor of Civil Engineering;Asia Directory & Chronicle
Professor of Economic and Political Science;Asia Directory & Chronicle
Professor of Economics;Asia Directory & Chronicle
Professor of Education;Asia Directory & Chronicle
Professor of Elec. Engineering;Asia Directory & Chronicle
Professor of Engineering;Asia Directory & Chronicle
Professor of English;Asia Directory & Chronicle
Professor of English Literature;Asia Directory & Chronicle
Professor of English Literature and Economics;Asia Directory & Chronicle
Professor of Engraving;Asia Directory & Chronicle
Professor of Experimental Physics;Asia Directory & Chronicle
Professor of French;Asia Directory & Chronicle
Professor of Geology;Asia Directory & Chronicle
Professor of German;Asia Directory & Chronicle
Professor of German and Russian;Asia Directory & Chronicle
Professor of Greek;Asia Directory & Chronicle
Professor of Histology;Asia Directory & Chronicle
Professor of History;Asia Directory & Chronicle
Professor of Languages;Asia Directory & Chronicle
Professor of Languages and Literature;Asia Directory & Chronicle
Professor of Latin;Asia Directory & Chronicle
Professor of Mandarin Chinese;Asia Directory & Chronicle
Professor of Mathematics;Asia Directory & Chronicle
Professor of Mechanical Engineering;Asia Directory & Chronicle
Professor of Medicine;Asia Directory & Chronicle
Professor of Mental and Moral Science;Asia Directory & Chronicle
Professor of Mental Science;Asia Directory & Chronicle
Professor of Metaphysics;Asia Directory & Chronicle
Professor of Music;Asia Directory & Chronicle
Professor of Music and Organist;Asia Directory & Chronicle
Professor of Music and Pianoforte;Asia Directory & Chronicle
Professor of Music and Singing;Asia Directory & Chronicle
Professor of Navigation;Asia Directory & Chronicle
Professor of Obsterics and Gynaecology;Asia Directory & Chronicle
Professor of Pathology;Asia Directory & Chronicle
Professor of Philosophy;Asia Directory & Chronicle
Professor of Phvsics;Asia Directory & Chronicle
Professor of Physical Condition;Asia Directory & Chronicle
Professor of Physics;Asia Directory & Chronicle
Professor of Physiology;Asia Directory & Chronicle
Professor of Physiology and Biology;Asia Directory & Chronicle
Professor of Portuguese;Asia Directory & Chronicle
Professor of Practical Theology;Asia Directory & Chronicle
Professor of Primary Instruction;Asia Directory & Chronicle
Professor of Religious Instruction;Asia Directory & Chronicle
Professor of Russian;Asia Directory & Chronicle
Professor of Science;Asia Directory & Chronicle
Professor of Surgery;Asia Directory & Chronicle
Professor of Surveying and Mathematics;Asia Directory & Chronicle
Professor of Theology;Asia Directory & Chronicle
Professor Theologia Moral;Asia Directory & Chronicle
Professora;Asia Directory & Chronicle
Proof Reader;Asia Directory & Chronicle
Proof-Reader;Asia Directory & Chronicle
Proofreader;Asia Directory & Chronicle
Property Broker;Asia Directory & Chronicle
Property Broker and Commission Agent;Asia Directory & Chronicle
Proprietario E Manejante;Asia Directory & Chronicle
Proprietor;Asia Directory & Chronicle
Proprietor and Editor;Asia Directory & Chronicle
Proprietor and General Manager;Asia Directory & Chronicle
Proprietor and Manager;Asia Directory & Chronicle
Proprietor and Publisher;Asia Directory & Chronicle
Proprietor-Editor;Asia Directory & Chronicle
Proprietress;Asia Directory & Chronicle
Proprietrix;Asia Directory & Chronicle
Protestant Missionary;Asia Directory & Chronicle
Provedor;Asia Directory & Chronicle
Provicar;Asia Directory & Chronicle
Provincial;Asia Directory & Chronicle
Provincial Visitor;Asia Directory & Chronicle
Provision and Wine Merchant;Asia Directory & Chronicle
Provision Contractor;Asia Directory & Chronicle
Provision Merchant;Asia Directory & Chronicle
Provisions Contractor;Asia Directory & Chronicle
Public Accountant;Asia Directory & Chronicle
Public Accountant and Auditor;Asia Directory & Chronicle
Public Accountant and Secretary;Asia Directory & Chronicle
Public Silk Inspector;Asia Directory & Chronicle
Public Silk Inspector and Exporter;Asia Directory & Chronicle
Public Silk-Inspector;Asia Directory & Chronicle
Public Tea Inspector;Asia Directory & Chronicle
Public Tea Inspector and Commission Merchant;Asia Directory & Chronicle
Publicity Manager;Asia Directory & Chronicle
Publisher;Asia Directory & Chronicle
Publisher and Editor;Asia Directory & Chronicle
Puddler;Asia Directory & Chronicle
Puisne Judge;Asia Directory & Chronicle
Pupil Interpreter;Asia Directory & Chronicle
Purchasing Agent;Asia Directory & Chronicle
Purser;Asia Directory & Chronicle
Quantity Surveyor;Asia Directory & Chronicle
Quarry Master;Asia Directory & Chronicle
Quartermaster;Asia Directory & Chronicle
Quartermaster Clerk;Asia Directory & Chronicle
Quartermaster Sergeant;Asia Directory & Chronicle
Quatermaster;Asia Directory & Chronicle
Radio Technician;Asia Directory & Chronicle
Radiographer;Asia Directory & Chronicle
Radiologist;Asia Directory & Chronicle
Railway and Mining Agent;Asia Directory & Chronicle
Railway Contractor;Asia Directory & Chronicle
Raw Silk Exporter;Asia Directory & Chronicle
Reader;Asia Directory & Chronicle
Reader and Foreman;Asia Directory & Chronicle
Reader and Overseer;Asia Directory & Chronicle
Reader and Reporter;Asia Directory & Chronicle
Real Estate and Mortgage Broker;Asia Directory & Chronicle
Real Estate Broker;Asia Directory & Chronicle
Real Estate Manager;Asia Directory & Chronicle
Rear-Admiral;Asia Directory & Chronicle
Recebdor Proposta;Asia Directory & Chronicle
Receiver;Asia Directory & Chronicle
Receveur;Asia Directory & Chronicle
Receveur des Postes;Asia Directory & Chronicle
Receveur Principal;Asia Directory & Chronicle
Rechnungsfuehrer;Asia Directory & Chronicle
Rector;Asia Directory & Chronicle
Rector and Military Chaplain;Asia Directory & Chronicle
Redacteur-En-Chef;Asia Directory & Chronicle
Reeling Overseer;Asia Directory & Chronicle
Refinery Manager;Asia Directory & Chronicle
Registrar;Asia Directory & Chronicle
Registrar and Coroner;Asia Directory & Chronicle
Registrar and Official Administrator;Asia Directory & Chronicle
Registrar General;Asia Directory & Chronicle
Registrar General and Acting Colonial Treasurer;Asia Directory & Chronicle
Reitor;Asia Directory & Chronicle
Relieving Lightkeeper;Asia Directory & Chronicle
Rentier;Asia Directory & Chronicle
Representative In China;Asia Directory & Chronicle
Representative of Trustees In China;Asia Directory & Chronicle
Representing;Asia Directory & Chronicle
Resident Director;Asia Directory & Chronicle
Resident Engineer;Asia Directory & Chronicle
Resident Inspector;Asia Directory & Chronicle
Resident Manager;Asia Directory & Chronicle
Resident Medical Officer;Asia Directory & Chronicle
Resident Medical Superintendent;Asia Directory & Chronicle
Resident Minister;Asia Directory & Chronicle
Resident Naval Officer;Asia Directory & Chronicle
Resident Representative;Asia Directory & Chronicle
Resident Secretary;Asia Directory & Chronicle
Resident Secretary and Local Manager;Asia Directory & Chronicle
Resident Superintendent;Asia Directory & Chronicle
Resident Surgeon;Asia Directory & Chronicle
Resident Vice-President;Asia Directory & Chronicle
Responsable;Asia Directory & Chronicle
Restaurant;Asia Directory & Chronicle
Restaurant Proprietor;Asia Directory & Chronicle
Retired;Asia Directory & Chronicle
Retired Ensign;Asia Directory & Chronicle
Retired Lieutenant Colonel;Asia Directory & Chronicle
Retired Major;Asia Directory & Chronicle
Retired Surgeon-Major;Asia Directory & Chronicle
Revenue Officer;Asia Directory & Chronicle
Reviser of Agencies;Asia Directory & Chronicle
Revisor;Asia Directory & Chronicle
Rhenish Missionary;Asia Directory & Chronicle
Riel;Asia Directory & Chronicle
River Inspector;Asia Directory & Chronicle
River Officer;Asia Directory & Chronicle
River Police Inspector;Asia Directory & Chronicle
River Police Superintendent;Asia Directory & Chronicle
Rojnan Catholic Missionary;Asia Directory & Chronicle
Roller;Asia Directory & Chronicle
Rolling Stock Superintendent;Asia Directory & Chronicle
Roman Catholic Bishop;Asia Directory & Chronicle
Roman Catholic Bishop Of Clazomena;Asia Directory & Chronicle
Roman Catholic Bishop of Diana;Asia Directory & Chronicle
Roman Catholic Bishop of Fussulan;Asia Directory & Chronicle
Roman Catholic Bishop Of Madaurus;Asia Directory & Chronicle
Roman Catholic Bishop of Milet;Asia Directory & Chronicle
Roman Catholic Bishop Of Tavia;Asia Directory & Chronicle
Roman Catholic Bishop of Vaga;Asia Directory & Chronicle
Roman Catholic Bishop, Coadjutor;Asia Directory & Chronicle
Roman Catholic Vicar Apostolic;Asia Directory & Chronicle
Roman Catholic Vicar Provincial;Asia Directory & Chronicle
Roman CatholicBishop;Asia Directory & Chronicle
Royal Army;Asia Directory & Chronicle
Royal Engineer;Asia Directory & Chronicle
Rssistant;Asia Directory & Chronicle
Ruling Overseer;Asia Directory & Chronicle
Runner;Asia Directory & Chronicle
Greek Church Mission;Asia Directory & Chronicle
Orthodox Bishop;Asia Directory & Chronicle
Russian Secretary;Asia Directory & Chronicle
Sail Maker;Asia Directory & Chronicle
Sailmaker;Asia Directory & Chronicle
Sales Manager;Asia Directory & Chronicle
Sales Pilot;Asia Directory & Chronicle
Sales Representative;Asia Directory & Chronicle
Sales Stockbroker;Asia Directory & Chronicle
Sales Supervisor;Asia Directory & Chronicle
Salesman;Asia Directory & Chronicle
Salt Searcher;Asia Directory & Chronicle
Salt Watcher;Asia Directory & Chronicle
Sampler;Asia Directory & Chronicle
Sanitary Inspector;Asia Directory & Chronicle
Sanitary Observer;Asia Directory & Chronicle
Sanitary Surveyor;Asia Directory & Chronicle
Sawmill Superintendent;Asia Directory & Chronicle
Sawmiller;Asia Directory & Chronicle
School Keeper;Asia Directory & Chronicle
Schoolmaster;Asia Directory & Chronicle
Scientific Translation Department;Asia Directory & Chronicle
Scripture Reader;Asia Directory & Chronicle
Second Ajutatn Governor General;Asia Directory & Chronicle
Second Assistant;Asia Directory & Chronicle
Second Assistant Commander of Forts;Asia Directory & Chronicle
Second Assistant Director;Asia Directory & Chronicle
Second Assistant Harbour Master;Asia Directory & Chronicle
Second Assistant Superintendent of Crown Lands;Asia Directory & Chronicle
Second Assistant To Commandant of the Port;Asia Directory & Chronicle
Second Assistant To Commander;Asia Directory & Chronicle
Second Attache;Asia Directory & Chronicle
Second Bailiff;Asia Directory & Chronicle
Second Boarding Officer;Asia Directory & Chronicle
Second Captain;Asia Directory & Chronicle
Second Class Clerk;Asia Directory & Chronicle
Second Class Engine-Driver;Asia Directory & Chronicle
Second Clerk;Asia Directory & Chronicle
Second Commandant;Asia Directory & Chronicle
Second Company;Asia Directory & Chronicle
Second Engineer;Asia Directory & Chronicle
Second Health Officer of Port;Asia Directory & Chronicle
Second Health Officer of the Port;Asia Directory & Chronicle
Second In Command;Asia Directory & Chronicle
Second Interpreter;Asia Directory & Chronicle
Second Interpreter of Police Court;Asia Directory & Chronicle
Second Lieut.;Asia Directory & Chronicle
Second Lieutenant of Marine;Asia Directory & Chronicle
Second Linguist;Asia Directory & Chronicle
Second Magistrate;Asia Directory & Chronicle
Second Master;Asia Directory & Chronicle
Second Mate;Asia Directory & Chronicle
Second Officer;Asia Directory & Chronicle
Second Police Magistrate;Asia Directory & Chronicle
Second Port Health Officer;Asia Directory & Chronicle
Second Secretary;Asia Directory & Chronicle
Second Substitute;Asia Directory & Chronicle
Second Surgeon;Asia Directory & Chronicle
Secretaire;Asia Directory & Chronicle
Secretaire Particulier;Asia Directory & Chronicle
Secretaire-General;Asia Directory & Chronicle
Secretario;Asia Directory & Chronicle
Secretario Particular Obispo;Asia Directory & Chronicle
Secretary and Assistant Manager;Asia Directory & Chronicle
Secretary and Cashier;Asia Directory & Chronicle
Secretary and Chargé D'Affaires;Asia Directory & Chronicle
Secretary and Chinese Interpreter;Asia Directory & Chronicle
Secretary and Commodore;Asia Directory & Chronicle
Secretary and Director;Asia Directory & Chronicle
Secretary and Engineer In Chief;Asia Directory & Chronicle
Secretary and Engineer-in-Chief;Asia Directory & Chronicle
Secretary and General Manager;Asia Directory & Chronicle
Secretary and Manager;Asia Directory & Chronicle
Secretary and Postmaster;Asia Directory & Chronicle
Secretary and Sales Manager;Asia Directory & Chronicle
Secretary and Treasurer;Asia Directory & Chronicle
Secretary Engineer;Asia Directory & Chronicle
Secretary for Chinese Affairs;Asia Directory & Chronicle
Secretary for Judicial Matters;Asia Directory & Chronicle
Secretary International Underwriters;Asia Directory & Chronicle
Secretary Interpreter;Asia Directory & Chronicle
Secretary Medical Department;Asia Directory & Chronicle
Secretary To Commandant-in-Chief;Asia Directory & Chronicle
Secretary To Commodore;Asia Directory & Chronicle
Secretary To Commodore Parish;Asia Directory & Chronicle
Secretary To Engineer In Chief;Asia Directory & Chronicle
Secretary To General Manager;Asia Directory & Chronicle
Secretary To Manager;Asia Directory & Chronicle
Secretary To Rear-Admiral Commanding;Asia Directory & Chronicle
Secretary To Vice-Admiral;Asia Directory & Chronicle
Secretary To Vice-Admiral Shadwell;Asia Directory & Chronicle
Secretary Treasurer;Asia Directory & Chronicle
Secretary-in-Charge;Asia Directory & Chronicle
Secretary-Interpreter;Asia Directory & Chronicle
Secretary-Treasurer;Asia Directory & Chronicle
Secretary’s Clerk;Asia Directory & Chronicle
Section Engineer;Asia Directory & Chronicle
Segundo Official;Asia Directory & Chronicle
Senior Assistant;Asia Directory & Chronicle
Senior Assistant Architect;Asia Directory & Chronicle
Senior Assistant Building Surveyor;Asia Directory & Chronicle
Senior Assistant Engineer;Asia Directory & Chronicle
Senior Assistant Land Surveyor;Asia Directory & Chronicle
Senior Assistant Secretariat;Asia Directory & Chronicle
Senior Assistant Surveyor;Asia Directory & Chronicle
Senior Assitant Engineer;Asia Directory & Chronicle
Senior Charge Engineer;Asia Directory & Chronicle
Senior Clerk;Asia Directory & Chronicle
Senior Clerk of Works;Asia Directory & Chronicle
Senior Clerk-Of-Works;Asia Directory & Chronicle
Senior District Engineer;Asia Directory & Chronicle
Senior Drainage Inspector;Asia Directory & Chronicle
Senior Engineer Surveyor;Asia Directory & Chronicle
Senior Inspector;Asia Directory & Chronicle
Senior Inspector of Nuisances;Asia Directory & Chronicle
Senior Inspector of Nuisances';Asia Directory & Chronicle
Senior Installation Inspector;Asia Directory & Chronicle
Senior Magistrate;Asia Directory & Chronicle
Senior Marine Office;Asia Directory & Chronicle
Senior Marine Officer;Asia Directory & Chronicle
Senior Medical Officer;Asia Directory & Chronicle
Senior Meter Inspector;Asia Directory & Chronicle
Senior Overseer;Asia Directory & Chronicle
Senior Partner;Asia Directory & Chronicle
Senior Resident Master;Asia Directory & Chronicle
Senior Revenue Officer;Asia Directory & Chronicle
Senior Shift Charge Engineer;Asia Directory & Chronicle
Senior Warder;Asia Directory & Chronicle
Senior Wireless Operator;Asia Directory & Chronicle
Senior Works Inspector;Asia Directory & Chronicle
Senior Writer;Asia Directory & Chronicle
Sep. Representative;Asia Directory & Chronicle
Sergeant;Asia Directory & Chronicle
Sergeant Clerk;Asia Directory & Chronicle
Sergeant of Escort;Asia Directory & Chronicle
Sergeant of Police;Asia Directory & Chronicle
Sergeant of Police In Charge;Asia Directory & Chronicle
Sergeant-Major;Asia Directory & Chronicle
Sergeant-Major of Marines;Asia Directory & Chronicle
Service Accountant;Asia Directory & Chronicle
Service Architect;Asia Directory & Chronicle
Service Manager;Asia Directory & Chronicle
Service Medical;Asia Directory & Chronicle
Setter-Up;Asia Directory & Chronicle
Sewerage Engineer;Asia Directory & Chronicle
Share and General Broker;Asia Directory & Chronicle
Share and Property Broker;Asia Directory & Chronicle
Share Broker;Asia Directory & Chronicle
Share broker and Agent;Asia Directory & Chronicle
Share, Real Estate and General Broker;Asia Directory & Chronicle
Sheriff and Chief Clerk;Asia Directory & Chronicle
Shift Charge Engineer;Asia Directory & Chronicle
Ship and Commission Agent;Asia Directory & Chronicle
Ship and Engine Surveyor;Asia Directory & Chronicle
Ship and Engineer Surveyor;Asia Directory & Chronicle
Ship and Freight Broker;Asia Directory & Chronicle
Ship and General Agent;Asia Directory & Chronicle
Ship and General Broker;Asia Directory & Chronicle
Ship Broker;Asia Directory & Chronicle
Ship Cargo and Engineer Surveyor;Asia Directory & Chronicle
Ship Fitter;Asia Directory & Chronicle
Ship Freight Ana Coal Broker;Asia Directory & Chronicle
Ship Freight and Coal Broker;Asia Directory & Chronicle
Ship Freight and General Broker;Asia Directory & Chronicle
Ship Share and General Broker;Asia Directory & Chronicle
Shipbuilder;Asia Directory & Chronicle
Shipbuilding Engineer;Asia Directory & Chronicle
Shipbuilding Salesman;Asia Directory & Chronicle
Shipchandler;Asia Directory & Chronicle
Shipmaker;Asia Directory & Chronicle
Shipowner;Asia Directory & Chronicle
Shipowner and Agent;Asia Directory & Chronicle
Shipping Agent;Asia Directory & Chronicle
Shipping Clerk;Asia Directory & Chronicle
Shipping Clerk and Accountant;Asia Directory & Chronicle
Shipping Department;Asia Directory & Chronicle
Shipping Master;Asia Directory & Chronicle
Shipping Reporter;Asia Directory & Chronicle
Shipping Secretary;Asia Directory & Chronicle
Shipping Section;Asia Directory & Chronicle
Shipping Superintendent;Asia Directory & Chronicle
Shipping-Clerk;Asia Directory & Chronicle
Shipping, Estate and Commission Agent;Asia Directory & Chronicle
Ships' Pilot;Asia Directory & Chronicle
Shipwright;Asia Directory & Chronicle
Shipwright and Blacksmith;Asia Directory & Chronicle
Shipyard Manager;Asia Directory & Chronicle
Shoe Manufacturer;Asia Directory & Chronicle
Shoeing Smith;Asia Directory & Chronicle
Shoemaker;Asia Directory & Chronicle
Shop Foreman;Asia Directory & Chronicle
Shop Manager;Asia Directory & Chronicle
Shopkeeper;Asia Directory & Chronicle
Showroom Assistant;Asia Directory & Chronicle
Sietas;Asia Directory & Chronicle
Signal Officer;Asia Directory & Chronicle
Signalman;Asia Directory & Chronicle
Signs Jointly;Asia Directory & Chronicle
Signs Per Pro;Asia Directory & Chronicle
Signs the Firm;Asia Directory & Chronicle
Silk;Asia Directory & Chronicle
Silk and Tea Merchant;Asia Directory & Chronicle
Silk Broker;Asia Directory & Chronicle
Silk Expert;Asia Directory & Chronicle
Silk Exporter;Asia Directory & Chronicle
Silk Goods Dealer;Asia Directory & Chronicle
Silk Inspector;Asia Directory & Chronicle
Silk Mercer;Asia Directory & Chronicle
Silk Merchant;Asia Directory & Chronicle
Sinker;Asia Directory & Chronicle
Sister-in-Charge;Asia Directory & Chronicle
Skin Merchant;Asia Directory & Chronicle
Skins Inspector;Asia Directory & Chronicle
Smelter;Asia Directory & Chronicle
Smith;Asia Directory & Chronicle
Soda Water Maker;Asia Directory & Chronicle
Soda Water Manufacturer;Asia Directory & Chronicle
Sole Director;Asia Directory & Chronicle
Sole Manager;Asia Directory & Chronicle
Sole Partner;Asia Directory & Chronicle
Solicitor;Asia Directory & Chronicle
Solicitor and Advocate;Asia Directory & Chronicle
Solicitor and Managing Clerk;Asia Directory & Chronicle
Solicitor and Notary Public;Asia Directory & Chronicle
Solicitor, Proctor;Asia Directory & Chronicle
Solictor;Asia Directory & Chronicle
Sollicitor;Asia Directory & Chronicle
Sorter;Asia Directory & Chronicle
Sous Chef de la Voirie;Asia Directory & Chronicle
Sous Ingénieur;Asia Directory & Chronicle
Sous Procureur;Asia Directory & Chronicle
Sous-Chef;Asia Directory & Chronicle
Sous-Chef de Section de Chemin de Fer;Asia Directory & Chronicle
Sous-Directeur;Asia Directory & Chronicle
Sous-Procureur;Asia Directory & Chronicle
Spanish Missionary;Asia Directory & Chronicle
Special Agent;Asia Directory & Chronicle
Special Assistant;Asia Directory & Chronicle
Special Disbursing Officer;Asia Directory & Chronicle
Special Duty;Asia Directory & Chronicle
Special Engineer;Asia Directory & Chronicle
Special Representative;Asia Directory & Chronicle
Special Service Officer;Asia Directory & Chronicle
Specialist;Asia Directory & Chronicle
Specialist In Skin Diseases;Asia Directory & Chronicle
Spinner;Asia Directory & Chronicle
Spinning Department;Asia Directory & Chronicle
Spinning Master;Asia Directory & Chronicle
Spirit Merchant;Asia Directory & Chronicle
Spirit Merchant and Importer;Asia Directory & Chronicle
Staff;Asia Directory & Chronicle
Staff and Private Secretary;Asia Directory & Chronicle
Staff Assistant Surgeon;Asia Directory & Chronicle
Staff Captain;Asia Directory & Chronicle
Staff Clerk;Asia Directory & Chronicle
Staff Commander;Asia Directory & Chronicle
Staff Engineer;Asia Directory & Chronicle
Staff Officer and Officer Commanding;Asia Directory & Chronicle
Staff Paymaster;Asia Directory & Chronicle
Staff Secretary;Asia Directory & Chronicle
Staff Sergeant Foreman of Works;Asia Directory & Chronicle
Staff Surgeon;Asia Directory & Chronicle
Staff-Captain;Asia Directory & Chronicle
Staff-Sergeant;Asia Directory & Chronicle
Staff-Sergeant Clerk;Asia Directory & Chronicle
Staff-Sergeant Foreman of Works;Asia Directory & Chronicle
Stall Commander;Asia Directory & Chronicle
Stall Paymaster;Asia Directory & Chronicle
Stallsurgeon;Asia Directory & Chronicle
Stamp Dealer;Asia Directory & Chronicle
Stamp Dealer and Cleerk;Asia Directory & Chronicle
Stamp Dealer and Clerk;Asia Directory & Chronicle
Station Master;Asia Directory & Chronicle
Station Officer;Asia Directory & Chronicle
Station Superintendent;Asia Directory & Chronicle
Station Watcher;Asia Directory & Chronicle
Stationer;Asia Directory & Chronicle
Statistical Secretary;Asia Directory & Chronicle
Statistical Secretary and Deputy Postal Secretary;Asia Directory & Chronicle
Steam Roller Engineer;Asia Directory & Chronicle
Steamlaunch Overseer;Asia Directory & Chronicle
Steward;Asia Directory & Chronicle
Steward-in-Charge;Asia Directory & Chronicle
Stock and General Broker;Asia Directory & Chronicle
Stock and Share Broker;Asia Directory & Chronicle
Stock Broker;Asia Directory & Chronicle
Store Accountant;Asia Directory & Chronicle
Store Foreman;Asia Directory & Chronicle
Store Issuer;Asia Directory & Chronicle
Store Officer;Asia Directory & Chronicle
Store Officer In Charge;Asia Directory & Chronicle
Store Superintendent;Asia Directory & Chronicle
Store Supervisor;Asia Directory & Chronicle
Store-Accountant;Asia Directory & Chronicle
Store-Issuer;Asia Directory & Chronicle
Store-Keeper;Asia Directory & Chronicle
Storehouseman;Asia Directory & Chronicle
Storehoussinan;Asia Directory & Chronicle
Storekeejier and Commission Agent;Asia Directory & Chronicle
Storekeeper;Asia Directory & Chronicle
Storekeeper and Cashier;Asia Directory & Chronicle
Storekeeper and Commission Agent;Asia Directory & Chronicle
Storekeeper and Drill Instructor;Asia Directory & Chronicle
Storekeeper and Hotelkeeper;Asia Directory & Chronicle
Storekeeper and Proprietor;Asia Directory & Chronicle
Storekeeper and Watchmaker;Asia Directory & Chronicle
Storeman;Asia Directory & Chronicle
Storeofficer In Charge Victualling Department;Asia Directory & Chronicle
Stores Accountant;Asia Directory & Chronicle
Stores Assistant;Asia Directory & Chronicle
Stores Superintendent;Asia Directory & Chronicle
Structural Engineer;Asia Directory & Chronicle
Student;Asia Directory & Chronicle
Student Interpreter;Asia Directory & Chronicle
Sub Accountant;Asia Directory & Chronicle
Sub Agent;Asia Directory & Chronicle
Sub Editor and Reporter;Asia Directory & Chronicle
Sub Lieutenant;Asia Directory & Chronicle
Sub Manager;Asia Directory & Chronicle
Sub-Accountant;Asia Directory & Chronicle
Sub-Agent;Asia Directory & Chronicle
Sub-Chefe;Asia Directory & Chronicle
Sub-Chief and Acting Inspector;Asia Directory & Chronicle
Sub-Chief of Police;Asia Directory & Chronicle
Sub-Collector;Asia Directory & Chronicle
Sub-Conductor;Asia Directory & Chronicle
Sub-Director;Asia Directory & Chronicle
Sub-Editor;Asia Directory & Chronicle
Sub-Editor and General Manager;Asia Directory & Chronicle
Sub-Editor and Reporter;Asia Directory & Chronicle
Sub-Engineer;Asia Directory & Chronicle
Sub-Inspector;Asia Directory & Chronicle
Sub-Lieutenant;Asia Directory & Chronicle
Sub-Manager;Asia Directory & Chronicle
Sub-Manager for China;Asia Directory & Chronicle
Sub-Mining Storekeeper;Asia Directory & Chronicle
Sub-Officer;Asia Directory & Chronicle
Sub-Station Attendant;Asia Directory & Chronicle
Sub-Warden;Asia Directory & Chronicle
Subadar Major;Asia Directory & Chronicle
Substituto Procurador and Judge;Asia Directory & Chronicle
Sugar Boiler;Asia Directory & Chronicle
Superintendant;Asia Directory & Chronicle
Superintendent Accountant;Asia Directory & Chronicle
Superintendent and Chief Engineer;Asia Directory & Chronicle
Superintendent and Secretary;Asia Directory & Chronicle
Superintendent and Technical Expert;Asia Directory & Chronicle
Superintendent Crown Lands;Asia Directory & Chronicle
Superintendent d'Opio;Asia Directory & Chronicle
Superintendent Drawing Department;Asia Directory & Chronicle
Superintendent Electric Engineer;Asia Directory & Chronicle
Superintendent Electric Lighting;Asia Directory & Chronicle
Superintendent Engineer;Asia Directory & Chronicle
Superintendent Fitter;Asia Directory & Chronicle
Superintendent Godowns;Asia Directory & Chronicle
Superintendent Litter;Asia Directory & Chronicle
Superintendent Military Telegraph;Asia Directory & Chronicle
Superintendent Military Telegraphs;Asia Directory & Chronicle
Superintendent Mission House;Asia Directory & Chronicle
Superintendent Mission Press;Asia Directory & Chronicle
Superintendent Money Order Office;Asia Directory & Chronicle
Superintendent of Accounts;Asia Directory & Chronicle
Superintendent of Accounts, Correspondence and Works;Asia Directory & Chronicle
Superintendent of Cleansing;Asia Directory & Chronicle
Superintendent of Crown Lands;Asia Directory & Chronicle
Superintendent of English Studies;Asia Directory & Chronicle
Superintendent of Exchange;Asia Directory & Chronicle
Superintendent of Gaols;Asia Directory & Chronicle
Superintendent of Gas Fittings;Asia Directory & Chronicle
Superintendent of Government Garden;Asia Directory & Chronicle
Superintendent of Hospitals;Asia Directory & Chronicle
Superintendent of Installation;Asia Directory & Chronicle
Superintendent of Instrument Workshop;Asia Directory & Chronicle
Superintendent of Lighters;Asia Directory & Chronicle
Superintendent of Machinery;Asia Directory & Chronicle
Superintendent of Mails;Asia Directory & Chronicle
Superintendent of Milling Department;Asia Directory & Chronicle
Superintendent of Parks;Asia Directory & Chronicle
Superintendent of Parks and Open Spaces;Asia Directory & Chronicle
Superintendent of Police;Asia Directory & Chronicle
Superintendent of Roads and Police;Asia Directory & Chronicle
Superintendent of Stamps;Asia Directory & Chronicle
Superintendent of Stores;Asia Directory & Chronicle
Superintendent of Transport;Asia Directory & Chronicle
Superintendent of Transportion;Asia Directory & Chronicle
Superintendent of Victoria Goal;Asia Directory & Chronicle
Superintendent of Water Transport;Asia Directory & Chronicle
Superintendent of Works;Asia Directory & Chronicle
Superintendent Purser;Asia Directory & Chronicle
Superintendent Shipbuilder;Asia Directory & Chronicle
Superintendent Shipwright;Asia Directory & Chronicle
Superintendente;Asia Directory & Chronicle
Superintendents;Asia Directory & Chronicle
Superintending Carpenter;Asia Directory & Chronicle
Superintending Civil Engineer;Asia Directory & Chronicle
Superintending Clerk;Asia Directory & Chronicle
Superintending Clerk and Draftsman;Asia Directory & Chronicle
Superintending Engineer;Asia Directory & Chronicle
Superintending Purser;Asia Directory & Chronicle
Superintentent of Police;Asia Directory & Chronicle
Superior;Asia Directory & Chronicle
Superior General;Asia Directory & Chronicle
Superior of Sanitorium;Asia Directory & Chronicle
Superior-General;Asia Directory & Chronicle
Superioress;Asia Directory & Chronicle
Supernumerary Clerk;Asia Directory & Chronicle
Supervisor of Agents;Asia Directory & Chronicle
Supervisor of Works;Asia Directory & Chronicle
Surgeon and Acting Superintendent;Asia Directory & Chronicle
Surgeon and Medical Store-Keeper;Asia Directory & Chronicle
Surgeon Coronel In Charge;Asia Directory & Chronicle
Surgeon Dentist;Asia Directory & Chronicle
Surgeon Major;Asia Directory & Chronicle
Surgeon Major Officer In Charge;Asia Directory & Chronicle
Surgeon To Superintendency of Chinese Emigration;Asia Directory & Chronicle
Surgeon-Captain;Asia Directory & Chronicle
Surgeon-Major;Asia Directory & Chronicle
Surpervisor;Asia Directory & Chronicle
Surveillant;Asia Directory & Chronicle
Surveillant de Semaphore;Asia Directory & Chronicle
Surveyor;Asia Directory & Chronicle
Surveyor and Inspector of Machinery;Asia Directory & Chronicle
Surveyor-General;Asia Directory & Chronicle
Swedish Missionary;Asia Directory & Chronicle
Sworn Measurer;Asia Directory & Chronicle
Syndieo;Asia Directory & Chronicle
System Control Engineer;Asia Directory & Chronicle
Tailor;Asia Directory & Chronicle
Tailor and Clothier;Asia Directory & Chronicle
Tailor and Outfitter;Asia Directory & Chronicle
Tavern Keeper;Asia Directory & Chronicle
Tax Collector;Asia Directory & Chronicle
Tea Exporter;Asia Directory & Chronicle
Tea Inspector;Asia Directory & Chronicle
Tea Inspector and Chairman;Asia Directory & Chronicle
Tea Inspector and Jade Expert;Asia Directory & Chronicle
Tea Inspector and Merchant;Asia Directory & Chronicle
Tea Merchant;Asia Directory & Chronicle
Teacher of Navigation;Asia Directory & Chronicle
Teaelier;Asia Directory & Chronicle
Technical Adviser;Asia Directory & Chronicle
Technical Director;Asia Directory & Chronicle
Technical Engineer;Asia Directory & Chronicle
Technical Manager;Asia Directory & Chronicle
Technical Representative;Asia Directory & Chronicle
Technical Secretary;Asia Directory & Chronicle
Technical Staff;Asia Directory & Chronicle
Technician;Asia Directory & Chronicle
Telegraph Agent;Asia Directory & Chronicle
Telegraph Assistant;Asia Directory & Chronicle
Telegraph Engineer;Asia Directory & Chronicle
Telegraph Overseer;Asia Directory & Chronicle
Telegraph Sub-Engineer;Asia Directory & Chronicle
Telegraphist;Asia Directory & Chronicle
Temporary Surveyor;Asia Directory & Chronicle
Temporary-in-Charge;Asia Directory & Chronicle
Tenente;Asia Directory & Chronicle
Tenente Addido;Asia Directory & Chronicle
Tesoreiro Geral;Asia Directory & Chronicle
Thesourciro Geral Interim;Asia Directory & Chronicle
Thesourciro Geral Interino;Asia Directory & Chronicle
Thesoureiro;Asia Directory & Chronicle
Third Assistant;Asia Directory & Chronicle
Third Assistant Colonial Secretary;Asia Directory & Chronicle
Third Class Clerk;Asia Directory & Chronicle
Third Class Lightkeeper;Asia Directory & Chronicle
Third Clerk;Asia Directory & Chronicle
Third Engineer;Asia Directory & Chronicle
Third Lieutenant;Asia Directory & Chronicle
Third Master;Asia Directory & Chronicle
Third Officer;Asia Directory & Chronicle
Third Secretary;Asia Directory & Chronicle
Ticket Clerk;Asia Directory & Chronicle
Tide Surveyor;Asia Directory & Chronicle
Tide Surveyor and Harbour Master;Asia Directory & Chronicle
Tide Surveyor In Charge;Asia Directory & Chronicle
Tidewaiter;Asia Directory & Chronicle
Tidewaiter and Diver;Asia Directory & Chronicle
Tidewaiter In Charge;Asia Directory & Chronicle
Tiel;Asia Directory & Chronicle
Timber Merchant;Asia Directory & Chronicle
Timekeeper;Asia Directory & Chronicle
Tobacconist;Asia Directory & Chronicle
Toll Collector;Asia Directory & Chronicle
Torchon Lace Manufacturer;Asia Directory & Chronicle
Torpedo Gunner;Asia Directory & Chronicle
Torpedo Lieutenant;Asia Directory & Chronicle
Tracer;Asia Directory & Chronicle
Track Construction Superintendent;Asia Directory & Chronicle
Track Inspector;Asia Directory & Chronicle
Traction Chief;Asia Directory & Chronicle
Trade Commissioner;Asia Directory & Chronicle
Trade Commissioner Registrar;Asia Directory & Chronicle
Tradesman;Asia Directory & Chronicle
Traffic Agent;Asia Directory & Chronicle
Traffic Assistant;Asia Directory & Chronicle
Traffic Department;Asia Directory & Chronicle
Traffic Inspector;Asia Directory & Chronicle
Traffic Manager;Asia Directory & Chronicle
Traffic Motor Inspector;Asia Directory & Chronicle
Traffic Superintendent;Asia Directory & Chronicle
Trafic Inspector;Asia Directory & Chronicle
Trans. Officer;Asia Directory & Chronicle
Transport Mechanic;Asia Directory & Chronicle
Transport Officer;Asia Directory & Chronicle
Traveller;Asia Directory & Chronicle
Travelling Inspector;Asia Directory & Chronicle
Travelling Inspector of Accounts;Asia Directory & Chronicle
Travelling Representative;Asia Directory & Chronicle
Travelling Wireless Inspector;Asia Directory & Chronicle
Treasurer and Accountant;Asia Directory & Chronicle
Tuner;Asia Directory & Chronicle
Turbine House Superintendent;Asia Directory & Chronicle
Turnkey;Asia Directory & Chronicle
Typist;Asia Directory & Chronicle
Under-Viewer;Asia Directory & Chronicle
Undertaker;Asia Directory & Chronicle
Undertaker and Monumental Mason;Asia Directory & Chronicle
Undertaker and Municipal Sexton;Asia Directory & Chronicle
Unemployed;Asia Directory & Chronicle
Unter-Ingénieur;Asia Directory & Chronicle
Upholsterer;Asia Directory & Chronicle
Upper Yangtsze Pilot;Asia Directory & Chronicle
Upper Yangtze Pilot;Asia Directory & Chronicle
Us Naval Storekeeper;Asia Directory & Chronicle
Usher;Asia Directory & Chronicle
Usher of Chief Magistrate'S Office;Asia Directory & Chronicle
Vaccine Manufacturer and Bacteriologist;Asia Directory & Chronicle
Vehicle Inspector;Asia Directory & Chronicle
Veneer and Plywood Merchant;Asia Directory & Chronicle
Verger;Asia Directory & Chronicle
Verger and Clerk;Asia Directory & Chronicle
Verger and Sexton;Asia Directory & Chronicle
Veterinary Officer;Asia Directory & Chronicle
Veterinary Surgeon;Asia Directory & Chronicle
Vicaire Apostolique;Asia Directory & Chronicle
Vicar;Asia Directory & Chronicle
Vicar Apostolic;Asia Directory & Chronicle
Vicar-General;Asia Directory & Chronicle
Vice and Deputy Consul for United States of America;Asia Directory & Chronicle
Vice and Deputy Consul General for U.S.A.;Asia Directory & Chronicle
Vice and Deputy Consul General for United States of America;Asia Directory & Chronicle
Vice Consul;Asia Directory & Chronicle
Vice Prefect Apostolic;Asia Directory & Chronicle
Vice Presidente do Municipio;Asia Directory & Chronicle
Vice Procurator;Asia Directory & Chronicle
Vice-Admiral;Asia Directory & Chronicle
Vice-Chairman;Asia Directory & Chronicle
Vice-Chancellor;Asia Directory & Chronicle
Vice-Consul and Assessor;Asia Directory & Chronicle
Vice-Consul and Chancelier;Asia Directory & Chronicle
Vice-Consul and Consular Judge;Asia Directory & Chronicle
Vice-Consul and Inspector;Asia Directory & Chronicle
Vice-Consul and Interpreter;Asia Directory & Chronicle
Vice-Consul and Marshal;Asia Directory & Chronicle
Vice-Consul and Mixed Court Assessor;Asia Directory & Chronicle
Vice-Consul and Postmaster;Asia Directory & Chronicle
Vice-Director;Asia Directory & Chronicle
Vice-Prefect Apostolic;Asia Directory & Chronicle
Vice-President and Director;Asia Directory & Chronicle
Vice-President and General Manager;Asia Directory & Chronicle
Vice-President and Secretary;Asia Directory & Chronicle
Vice-President and Treasurer;Asia Directory & Chronicle
Vice-Principal;Asia Directory & Chronicle
Vice-Procurator;Asia Directory & Chronicle
Vice-Procureur;Asia Directory & Chronicle
Vice-Rector;Asia Directory & Chronicle
Vice-Reitor;Asia Directory & Chronicle
Viewer;Asia Directory & Chronicle
Visiting Medical Officer;Asia Directory & Chronicle
Visitor;Asia Directory & Chronicle
Voter;Asia Directory & Chronicle
Warde;Asia Directory & Chronicle
Warden;Asia Directory & Chronicle
Warder;Asia Directory & Chronicle
Wardmaster;Asia Directory & Chronicle
Warehouse Inspector;Asia Directory & Chronicle
Warehouseman;Asia Directory & Chronicle
Warrant Officer In Charge;Asia Directory & Chronicle
Watch Importer;Asia Directory & Chronicle
Watch Importer and Merchant;Asia Directory & Chronicle
Watchdealer;Asia Directory & Chronicle
Watchmaker;Asia Directory & Chronicle
Watchmaker and Photographer;Asia Directory & Chronicle
Watchmaker, Jeweller;Asia Directory & Chronicle
Watchman;Asia Directory & Chronicle
Water Inspector;Asia Directory & Chronicle
Waterside Foreman;Asia Directory & Chronicle
Waterworks Engineer;Asia Directory & Chronicle
Weaving Department;Asia Directory & Chronicle
Weaving Master;Asia Directory & Chronicle
Weigher;Asia Directory & Chronicle
Wesleyan Methodist Missionary;Asia Directory & Chronicle
Western Adviser;Asia Directory & Chronicle
Wharf Clerk and Godown;Asia Directory & Chronicle
Wharf Department;Asia Directory & Chronicle
Wharf Manager;Asia Directory & Chronicle
Wharf Superintendent;Asia Directory & Chronicle
Wharfinger;Asia Directory & Chronicle
Wharfinger (French Bund);Asia Directory & Chronicle
Wharfmaster;Asia Directory & Chronicle
Wholesale and Retail Chemist;Asia Directory & Chronicle
Wine and Spirit Merchant;Asia Directory & Chronicle
Wine Merchant;Asia Directory & Chronicle
Wine Merchant and Storekeeper;Asia Directory & Chronicle
Wine Merchant Importer and Exporter;Asia Directory & Chronicle
Wines and Spirits Merchant;Asia Directory & Chronicle
Wing Commander;Asia Directory & Chronicle
Wing Officer;Asia Directory & Chronicle
Wireless Instructor;Asia Directory & Chronicle
Wireless Superintendent;Asia Directory & Chronicle
Wireless Technician;Asia Directory & Chronicle
Wireless Travelling Inspector;Asia Directory & Chronicle
Woollen Merchant and Commission Agent;Asia Directory & Chronicle
Work Loan Officer;Asia Directory & Chronicle
Workman;Asia Directory & Chronicle
Workmaster;Asia Directory & Chronicle
Works Department;Asia Directory & Chronicle
Works Foreman;Asia Directory & Chronicle
Works Loan Officer;Asia Directory & Chronicle
Works Manager;Asia Directory & Chronicle
Works Superintendent;Asia Directory & Chronicle
Workshop Assistant;Asia Directory & Chronicle
Workshop Engineer;Asia Directory & Chronicle
Workshop Foreman;Asia Directory & Chronicle
Workshop Manager;Asia Directory & Chronicle
Workshop Superintendent;Asia Directory & Chronicle
Workshop Supervisor;Asia Directory & Chronicle
Workshops Engineer;Asia Directory & Chronicle
Writer To Commandant In Charge;Asia Directory & Chronicle
Yangtsze River Pilot;Asia Directory & Chronicle
Yard Foreman;Asia Directory & Chronicle
