ID_ROW;Street_Srce;Street_zhS;Street_PINYIN;Street_SUFFIX_Py;Street_Eng;FOREIGN_SETTLEMENT;Street_Eng_SUFFIX;Year_START;Year_END;Year_END_PRC;Street_New_ZhT;Street_New_ZhT_SUFFIX;Street_New_ZhS;Street_New_SUFFIX;Street_New_full;Street_New_PINYIN;Street_New_SUFFIX_Py;LOCALIZATION_INDICATOR;DISTRICT;PERIOD;Street_Eng_full;NOTES;Dating_qualifier;Source
1588;一二八紀念路;一二八纪念路;YI'ERBAJINIAN ;LU;;;;1945;;;共和;路;共和;路;共和新路一段;GONGHE;XINLU YIDUAN;;闸北区;;;;Exact year stated;彰国躍. 上海 の道路命 名年表—社会言語学的命名論の基礎研究. https://kanagawa-u.repo.nii.ac.jp/record/5850/files/kana-9-8-0004.pdf
636;一號路;一号路;YIHAO;LU;;;;1958;1980;;江川;路;江川;路;江川路;JIANGCHUAN;LU;;闵行区;1958-1980;;;;
1515;丁家旗杆;丁家旗杆;DINGJIAQIGAN;;;;;;1964;;薛家;底街;薛家;底街;薛家底街(东段);XUEJIADI ;JIE;DONGDUAN;南市区;-1964;;;;
428;七浦路;七浦路;QIPU;LU;TSEPOO;International Settlement;ROAD;1894;1943;2006;七浦;路;七浦;路;七浦路;QIPULU ;LU;;闸北、虹口区;约1894-1943;TSEPOO ROAD;;Exact year stated;彰国躍. 上海 の道路命 名年表—社会言語学的命名論の基礎研究. https://kanagawa-u.repo.nii.ac.jp/record/5850/files/kana-9-8-0004.pdf
1343;七賢路;七贤路;QIXIAN;LU;;;;1915;1926;;小木橋;路;小木桥;路;小木桥路;XIAOMUQIAO;LU;;徐汇区;1915-1926;;;Exact year stated;彰国躍. 上海 の道路命 名年表—社会言語学的命名論の基礎研究. https://kanagawa-u.repo.nii.ac.jp/record/5850/files/kana-9-8-0004.pdf
370;三姓路;三姓路;SANXING;LU;SANSING;International Settlement;ROAD;1927;1943;;廣西;南路;广西;南路;广西南路;GUANGXI;NANLU;;黄浦区;1949年前;;;;
1003;三官堂弄;三官堂弄;SANGUANTANG;LONG;;;;;;;陸家嘴;路;陆家嘴;路;陆家嘴路275弄;LUJIAZUI;LU;275 LONG;黄浦区;;;;;
1371;三官堂橫街;三官堂横街;SANGUANTANGJIE;HENGJIE;;;;;;;茂興;支路;茂兴;支路;茂兴支路;MAOXING ;ZHILU;;南市区;;;;;
558;三官堂街;三官堂街;SANGUANTANG;JIE;;;;;1964;;三門峽;路;三门峡;路;三门峡路;SANMENXIA;LU;;杨浦区;-1964;;;;
804;三官堂路;三官堂路;SANGUANTANG;LU;;;;;1964;;茂興;北路;茂兴;北路;茂兴北路;MAOXING;BEILU;;南市区;-1964;;;;
836;三官堂路;三官堂路;SANGUANTANG;LONG;;;;;;;永定;路;永定;路;永定路70弄;SANTANG;LONG;;杨浦区;;;;;
1168;三官堂路;三官堂路;SANGUANTANG;LU;;;;1750;1967;;三河;路;三河;路;三河路;SANHE;LU;;虹口区;18世纪中叶-1967;;;;
368;三寶瀧路;三宝泷路;SANBAOLONG;LU;SAMARANG;International Settlement;ROAD;1908;1915;;騰越;路;腾越;路;腾越路;TENGYUE;LU;;杨浦区;1908-1915;SAMARANG ROAD;;;
1470;三層樓碼頭街;三层楼码头街;SANCENGLOU MATOU ;JIE;;;;;;;漕滄;街;漕沧;街;漕沧街;CAOCANG;JIE;;南市区;;;;;
1409;三民路;三民路;SANMIN ;LU;;;;1931;1958;;三門;路;三门;路;三门路;SANMEN;LU;;虹口、杨浦区;1931-1961;;;Exact year stated;彰国躍. 上海 の道路命 名年表—社会言語学的命名論の基礎研究. https://kanagawa-u.repo.nii.ac.jp/record/5850/files/kana-9-8-0004.pdf
679;三泰弄;三泰弄;SANTAI;LONG;;;;1890;1964;2006;三泰;路;三泰;路;三泰路;SANTAI;LU;;闸北区;19世纪末-1964;;;;
840;三泰碼頭;三泰码头;SANTAI MATOU;MATOU;;;;;;;多稼;路;多稼;路;多稼路;DUOJIA;LU;;南市区;;;;;
1431;三泰碼頭街;三泰码头街;SANTAI MATOU;JIE;;;;;;;外馬;路;外马;路;外马路1076弄北;WAIMA;LU;1076 LONG BEI;南市区;;;;;
371;三泰路;三泰路;SANTAI;LU;SANTAI;International Settlement;ROAD;1893;1943;;新泰;路;新泰;路;新泰路;XINTAI;LU;;闸北区;1893-1943;SANTAI ROAD;;Exact year stated;彰国躍. 上海 の道路命 名年表—社会言語学的命名論の基礎研究. https://kanagawa-u.repo.nii.ac.jp/record/5850/files/kana-9-8-0004.pdf
1081;三益弄;三益弄;SANYI;LU;;;;;;;三益;路;三益;路;三益路;SANYI;LU;;吴淞区;;;;;
496;三角路;三角路;SANJIAO;LU;;;;;;2006;南三角;街;南三角;街;南三角街;NANSANJIAO;JIE;;南市区;;;;;
1283;三陽路;三阳路;SANYANG;LU;;;;1928;1940;;中山;北路;中山;北路;中山北路;ZHONGSHAN;BEILU;(YUANMING;虹口、闸北区;1928-20世纪40年代;;;Exact year stated;彰国躍. 上海 の道路命 名年表—社会言語学的命名論の基礎研究. https://kanagawa-u.repo.nii.ac.jp/record/5850/files/kana-9-8-0004.pdf
1690;三馬路;三马路;SANMA ;LU;;;;1865;1949;;漢口;路;汉口;路;汉口路;HANKOU;LU;;黄浦区;1865-1949;;;Exact year stated;彰国躍. 上海 の道路命 名年表—社会言語学的命名論の基礎研究. https://kanagawa-u.repo.nii.ac.jp/record/5850/files/kana-9-8-0004.pdf
751;上元路;上元路;SHANGYUAN;LU;;;;1900;1986;;塘後;路;塘后;路;塘后路;TANGHOU;LU;;吴淞区;1900-1986;;;;
1238;上官路;上官路;SHANGGUAN;LU;;;;;1936;;場中;路;场中;路;场中路;CHANGZHONG;LU;;闸北、宝山区;(待考)-1936;;;;
571;上川鐵路;上川铁路;SHANGCHUAN;TIELU;;;;1922;1981;;上川;路;上川;路;上川路;SHANGCHUAN;LU;;杨浦区;1922-1981;;;;
507;上麟街;上麟街;SHANGLIN;JIE;;;;1810;1887;;蕪湖;路;芜湖;路;芜湖路;WUHU;LU;;黄浦区;1810-1887;;;;
590;中唐家弄;中唐家弄;ZHONGTANGJIA;LONG;;;;;;2006;塘家;弄;塘家;弄;塘家弄(中段);TANGJIA;LONG;ZHONGDUAN;南市区;;;;;
1548;中堅路;中坚路;ZHONGJIAN;LU;;;;1940;1943;;政通;路;政通;路;政通路;ZHENGTONG;LU;;杨浦区;1940-1945;;;Exact year stated;彰国躍. 上海 の道路命 名年表—社会言語学的命名論の基礎研究. https://kanagawa-u.repo.nii.ac.jp/record/5850/files/kana-9-8-0004.pdf
1454;中大夫坊街;中大夫坊街;ZHONGDAIFUFANG;JIE;;;;;;;大夫;坊;大夫;坊;大夫坊;DAIFU FANG;FANG;;南市区;;;;;
59;中央路;中央路;ZHONGYANG;LU;CENTRAL;International Settlement;ROAD;1921;1943;1953;沙市;一路;沙市;一路;沙市一路;SHASHI;YILU;;黄浦区;1921-1953;CENTRAL ROAD;;Exact year stated;彰国躍. 上海 の道路命 名年表—社会言語学的命名論の基礎研究. https://kanagawa-u.repo.nii.ac.jp/record/5850/files/kana-9-8-0004.pdf
1336;中山北路;中山北路;ZHONGSHAN;BEILU;;;;1918;1943;;逸仙;路;逸仙;路;逸仙路;YIXIAN;LU;;吴淞、虹口区;1918-1945;;;Exact year stated;彰国躍. 上海 の道路命 名年表—社会言語学的命名論の基礎研究. https://kanagawa-u.repo.nii.ac.jp/record/5850/files/kana-9-8-0004.pdf
859;中山東路;中山东路;ZHONGSHAN;DONGLU;;;;;;2006;中山;東二路;中山;东二路;中山东二路;ZHONGSHAN;DONGERLU;;南市区;;;;;
626;中山路;中山路;ZHONGSHAN;LU;;;;1927;1930;;中興;路;中兴;路;中兴路;ZHONGXING;LU;;闸北区;1927-约1930;;;Exact year stated;彰国躍. 上海 の道路命 名年表—社会言語学的命名論の基礎研究. https://kanagawa-u.repo.nii.ac.jp/record/5850/files/kana-9-8-0004.pdf
1129;中山路;中山路;ZHONGSHAN;LU;;;;1928;1943;;中山;西路;中山;西路;中山西路;ZHONGSHAN;XILU;;长宁、徐汇区;1928-1945;;;Exact year stated;彰国躍. 上海 の道路命 名年表—社会言語学的命名論の基礎研究. https://kanagawa-u.repo.nii.ac.jp/record/5850/files/kana-9-8-0004.pdf
1134;中山路;中山路;ZHONGSHAN;LU;;;;1928;1943;2006;中山;北路;中山;北路;中山北路;ZHONGSHAN;BEILU;;普陀、长宁;1928-1945;;;Exact year stated;彰国躍. 上海 の道路命 名年表—社会言語学的命名論の基礎研究. https://kanagawa-u.repo.nii.ac.jp/record/5850/files/kana-9-8-0004.pdf
1574;中山路;中山路;ZHONGSHAN;LU;;;;1918;1943;;逸仙;路;逸仙;路;逸仙路;YIXIAN;LU;;杨浦区;1918-1945;;;Exact year stated;彰国躍. 上海 の道路命 名年表—社会言語学的命名論の基礎研究. https://kanagawa-u.repo.nii.ac.jp/record/5850/files/kana-9-8-0004.pdf
1302;中心弄;中心弄;ZHONGXIN;LONG;;;;;;;瞿溪;路;瞿溪;路;瞿溪路(东段);QUXILU ;LU;DONGDUAN;卢湾区;;;;;
1147;中新街;中新街;ZHONGXIN;JIE;;;;;1980;;北興;路;北兴;路;北兴路;BEIXING;LU;;吴淞区;1980年11月前;;;;
555;中新路;中新路;ZHONGXIN;LU;;;;;1980;;北興;路;北兴;路;北兴路;BEIXING;LU;;吴淞区;1980年11月前;;;;
1176;中旺街;中旺街;ZHONGWANG;JIE;;;;1848;1865;;寧波;路;宁波;路;宁波路(中段);NINGBO;LU;ZHONGDUAN;黄浦区;1848-1865;;;Exact year stated;彰国躍. 上海 の道路命 名年表—社会言語学的命名論の基礎研究. https://kanagawa-u.repo.nii.ac.jp/record/5850/files/kana-9-8-0004.pdf
1682;中正中路;中正中路;ZHONGZHENG;ZHONGLU;;;;1945;1950;;延安;中路;延安;中路;延安中路;YAN'AN;ZHONGLU;;黄浦区;1945-1950;;;Exact year stated;彰国躍. 上海 の道路命 名年表—社会言語学的命名論の基礎研究. https://kanagawa-u.repo.nii.ac.jp/record/5850/files/kana-9-8-0004.pdf
1586;中正北一路;中正北一路;ZHONGZHENG BEIYI;BEIYILU;;;;1945;;;石門;一路;石门;一路;石门一路;SHIMEN;YILU;;静安区;;;;Exact year stated;彰国躍. 上海 の道路命 名年表—社会言語学的命名論の基礎研究. https://kanagawa-u.repo.nii.ac.jp/record/5850/files/kana-9-8-0004.pdf
1308;中正北二路;中正北二路;ZHONGZHENG;BEI'ERLU;;;;1945;;;石門;二路;石门;二路;石门二路;SHIMEN;ERLU;;静安区;;;;Exact year stated;彰国躍. 上海 の道路命 名年表—社会言語学的命名論の基礎研究. https://kanagawa-u.repo.nii.ac.jp/record/5850/files/kana-9-8-0004.pdf
922;中正南一路;中正南一路;ZHONGZHENG;NANYILU;;;;1945;;;瑞金;一路;瑞金;一路;瑞金一路;RUIJIN YILU;YILU;;卢湾区;;;;Exact year stated;彰国躍. 上海 の道路命 名年表—社会言語学的命名論の基礎研究. https://kanagawa-u.repo.nii.ac.jp/record/5850/files/kana-9-8-0004.pdf
639;中正南二路;中正南二路;ZHONGZHENG;NAN'ERLU;;;;1945;;;瑞金;二路;瑞金;二路;瑞金二路;RUIJIN ERLU;ERLU;;卢湾区;;;;Exact year stated;彰国躍. 上海 の道路命 名年表—社会言語学的命名論の基礎研究. https://kanagawa-u.repo.nii.ac.jp/record/5850/files/kana-9-8-0004.pdf
569;中正東路;中正东路;ZHONGZHENG;DONGLU;;;;1945;1950;;延安;東路;延安;东路;延安东路;YAN'AN;DONGLU;;黄浦区;1945-1950;;;Exact year stated;彰国躍. 上海 の道路命 名年表—社会言語学的命名論の基礎研究. https://kanagawa-u.repo.nii.ac.jp/record/5850/files/kana-9-8-0004.pdf
1066;中正西路;中正西路;ZHONGZHENG;XILU;;;;1945;1950;;延安;西路;延安;西路;延安西路;YAN'AN;XILU;;长宁、静安区;1945-1950;;;Exact year stated;彰国躍. 上海 の道路命 名年表—社会言語学的命名論の基礎研究. https://kanagawa-u.repo.nii.ac.jp/record/5850/files/kana-9-8-0004.pdf
530;中洞庭山弄;中洞庭山弄;ZHONGDONGTINGSHAN;LONG;;;;;;;洞庭山;弄;洞庭山;弄;洞庭山弄(东段);DONGTINGSHAN ;LONG;DONGDUAN;南市区;;;;;
532;中華興路;中华兴路;ZHONGHUAXING;LU;;;;1918;;;中華;新路;中华;新路;中华新路;ZHONGHUAN;XINLU;;闸北区;1918;;;Exact year stated;彰国躍. 上海 の道路命 名年表—社会言語学的命名論の基礎研究. https://kanagawa-u.repo.nii.ac.jp/record/5850/files/kana-9-8-0004.pdf
842;中迪化路;中迪化路;ZHONGDIHUA;LU;;;;1943;1943;;烏魯木齊;中路;乌鲁木齐;中路;乌鲁木齐中路;WULUMUQI;ZHONGLU;;徐汇区;1943-1945;;;Exact year stated;彰国躍. 上海 の道路命 名年表—社会言語学的命名論の基礎研究. https://kanagawa-u.repo.nii.ac.jp/record/5850/files/kana-9-8-0004.pdf
711;中道橋南街;中道桥南街;ZHONGDAOQIAO;NANJIE;;;;;;;普育;東路;普育;东路;普育东路;PUYUDONG;LU;;南市区;;;;;
1173;丹天東路;丹天东路;DANTIAN;DONGLU;;;;1946;1951;;姚虹;東路;姚虹;东路;姚虹东路;YAOHONG;DONGLU;;卢湾区;1946-1951;;;;
1642;丹天路;丹天路;DANTIAN;LU;;;;1946;1951;;姚虹;西路;姚虹;西路;姚虹西路;YAOHONG;XILU;;长宁区;1946-1951;;;Exact year stated;彰国躍. 上海 の道路命 名年表—社会言語学的命名論の基礎研究. https://kanagawa-u.repo.nii.ac.jp/record/5850/files/kana-9-8-0004.pdf
477;乃木通;乃木通;NAIMU;TONG;;;;1939;1940;;恆仁;路;恒仁;路;恒仁路;HENGREN;LU;;杨浦区;1939-1940;;;;
497;久大弄;久大弄;JIUDA;LONG;;;;;1984;;南江;路;南江;路;南江路;NANJIANG;LU;;南市区;-1984;;;;
720;久大碼頭;久大码头;JIUDA MATOU ;MATOU;;;;;;;古祥;弄;古祥;弄;古祥弄;GUXIANG;LONG;;南市区;;;;;
1698;乍鋪路;乍铺路;ZHAPU;LU;CHAPOO;International Settlement;ROAD;;;;乍鋪;路;乍铺路;路;乍铺路;ZHAPU;LU;;;;;;;
203;九江路;九江路;JIUJIANG;LU;KIU KIANG;International Settlement;ROAD;1865;1943;2006;九江;路;九江;路;九江路;JIUJIANG;LU;;黄浦区;;;;Exact year stated;彰国躍. 上海 の道路命 名年表—社会言語学的命名論の基礎研究. https://kanagawa-u.repo.nii.ac.jp/record/5850/files/kana-9-8-0004.pdf
1664;二馬路;二马路;ERMA;LU;;;;1865;1949;;九江;路;九江;路;九江路;JIUJIANG;LU;;黄浦区;1865-1949;;;;
554;五埭頭;五埭头;WUDAITOU ;;;;;;;;匯南;街;汇南;街;汇南街;HUINAN;JIE;;徐汇区;;;;;
1193;五星路;五星路;WUXING;LU;;;;1958;1980;;民星;路;民星;路;民星路;MINXING;LU;;杨浦区;1958-1980;;;Exact year stated;彰国躍. 上海 の道路命 名年表—社会言語学的命名論の基礎研究. https://kanagawa-u.repo.nii.ac.jp/record/5850/files/kana-9-8-0004.pdf
1394;五權路;五权路;WUQUAN;LU;;;;1929;1958;;民星;路;民星;路;民星路;MINXING;LU;;杨浦区;1929-1958;;;;
1197;五爪龍浜;五爪龙浜;WUZHUALONG;BANG;;;;;;;秀水浜;;秀水浜;;秀水浜;XIUSHUIBANG ;;;南市区;;;;;
1024;五福弄;五福弄;WUFU;LONG;;;;;;;學院;路;学院;路;学院路134弄;XUEYUAN;LU;134 LONG;南市区;;;;;
1696;五馬路;五马路;WUMA;LU;;;;1865;1949;;廣東;路;广东;路;广东路;GUANGDONG;LU;;黄浦区;1865-1949;;;Exact year stated;彰国躍. 上海 の道路命 名年表—社会言語学的命名論の基礎研究. https://kanagawa-u.repo.nii.ac.jp/record/5850/files/kana-9-8-0004.pdf
18;亞德路;亚德路;YADE;LU;ARTHUR;International Settlement;ROAD;1910;1943;;旅順;路;旅顺;路;旅顺路;LVSHUN;LU;;虹口区;20世纪初-1943;ARTHUR ROAD;;;
362;亞爾培路;亚尔培路;YA'ERPEI;LU;ROI ALBERT;French Concession;AVENUE;1915;1943;;陝西;路;陕西;路;陕西南路;SHAANXI;NANLU;;卢湾区;1915-1943;;;;
63;交通路;交通路;JIAOTONG;LU;CHAOTUNG;International Settlement;ROAD;1918;1943;;平江;路;平江;路;平江路;PINGJIANG;LU;;徐汇区;1918-1927;;;Exact year stated;彰国躍. 上海 の道路命 名年表—社会言語学的命名論の基礎研究. https://kanagawa-u.repo.nii.ac.jp/record/5850/files/kana-9-8-0004.pdf
318;亨利路;亨利路;HENGLI;LU;PAUL HENRY;French Concession;ROUTE;1932;1943;;新樂;路;新乐;路;新乐路;XINLE;LU;;徐汇区;1932-1943;ROUTE P.HENRY;;;
73;京州路;京州路;JINGZHOU;LU;CHIN CHOW;French Concession;RUE;1860;;;;;;;;;;;;;;;;
876;京江弄;京江弄;JINGJIANG;LONG;MISSION;French Concession;PASSAGE;;;;;;;;;;;;;;;;;
484;亭橋路;亭桥路;TINGQIAO;LU;;;;1907;;2006;亭橋;街;亭桥;街;亭桥街;TINGQIAO;JIE;;南市区;;;;Exact year stated;彰国躍. 上海 の道路命 名年表—社会言語学的命名論の基礎研究. https://kanagawa-u.repo.nii.ac.jp/record/5850/files/kana-9-8-0004.pdf
187;仁記路;仁记路;RENJI;LU;JINKEE;International Settlement;ROAD;1899;1943;;滇池;路;滇池;路;滇池路;DIANCHI;LU;;黄浦区;1899-1943;JINKEE ROAD;;Exact year stated;彰国躍. 上海 の道路命 名年表—社会言語学的命名論の基礎研究. https://kanagawa-u.repo.nii.ac.jp/record/5850/files/kana-9-8-0004.pdf
1291;仙台通;仙台通;XIANTAI;TONG;;;;1939;1940;;國濟;路;国济;路;国济路;GUOJI;LU;;杨浦区;1939-1940;;;Exact year stated;彰国躍. 上海 の道路命 名年表—社会言語学的命名論の基礎研究. https://kanagawa-u.repo.nii.ac.jp/record/5850/files/kana-9-8-0004.pdf
347;伯頓路;伯顿路;BODUN;LU;PURDON;International Settlement;ROAD;1890;1943;;彭澤;路;彭泽;路;彭泽路;PENGZE;LU;;虹口区;19世纪末-1943;PURDON ROAD;;;
97;但里路;但里路;DANLI;LU;DELHI;International Settlement;ROAD;1908;1915;;廣德;路;广德;路;广德路;GUANGDE;LU;;杨浦区;1908-1915;DELHI ROAD;;Exact year stated;彰国躍. 上海 の道路命 名年表—社会言語学的命名論の基礎研究. https://kanagawa-u.repo.nii.ac.jp/record/5850/files/kana-9-8-0004.pdf
1599;佈道路;布道路;BUDAO;LU;;;;1850;1865;;福州;路;福州;路;福州路;FUZHOU;LU;;黄浦区;约1850-1865;;;;
183;佑尼幹路;佑尼干路;YOUNIGAN;LU;JERNIGAN;International Settlement;ROAD;1925;1943;;仙霞;路;仙霞;路;仙霞路;XIANXIA;LU;;长宁区;1925-1943;JERNIGAN ROAD;;Exact year stated;彰国躍. 上海 の道路命 名年表—社会言語学的命名論の基礎研究. https://kanagawa-u.repo.nii.ac.jp/record/5850/files/kana-9-8-0004.pdf
911;何家弄;何家弄;HEJIA;LONG;;;;;;;河南;南路;河南;南路;河南南路（南段）;HENAN ;NANLU;NANDUAN;南市区;;;;;
1705;余姚路;余姚路;YUYAO;LU;;;;1943;;;;;;;;;;;;;;;;
1216;佛山路;佛山路;FOSHAN;LU;;;;1900;1906;;望亭;路;望亭;路;望亭路;WANGTING;LU;;黄浦区;1900-1906;;;Exact year stated;彰国躍. 上海 の道路命 名年表—社会言語学的命名論の基礎研究. https://kanagawa-u.repo.nii.ac.jp/record/5850/files/kana-9-8-0004.pdf
943;佛閣街;佛阁街;FOGE;JIE;;;;;1964;;府谷;街;府谷;街;府谷街;FUGU;JIE;;南市区;-1964;;;;
654;佛陀街;佛陀街;FOTUO;JIE;;;;1902;;;南京;東路;南京;东路;南京东路353弄;NANJING;DONGLU;353 LONG;黄浦区;;;;Exact year stated;彰国躍. 上海 の道路命 名年表—社会言語学的命名論の基礎研究. https://kanagawa-u.repo.nii.ac.jp/record/5850/files/kana-9-8-0004.pdf
1275;侖永通;仑永通;LUNYONG;TONG;;;;1939;1940;;淞滬;路;淞沪;路;淞沪路;SONGHU;LU;;杨浦区;1939-1940;;;;
1570;侯家浜;侯家浜;HOUJIA;BANG ;;;;;;;侯家;路;侯家;路;侯家路;HOUJIA;LU;;南市区;;;;;
983;保安支路;保安支路;BAO'ANLU;ZHILU;;;;;;;瞿溪;路;瞿溪;路;瞿溪路319弄;QUXI;LU;319 LONG;南市区;;;;;
1493;保安路;保安路;BAO'AN;LU;;;;;1980;;保屯;路;保屯;路;保屯路;BAOTUN;LU;;南市区;-1980;;;;
871;俞家廟路;俞家庙路;YUJIAMIAO;LU;;;;1953;1964;;濰坊;西路;潍坊;西路;潍坊西路;WEIFANG;XILU;;黄浦区;1953-1964;;;;
1544;信大碼頭;信大码头;XINDA MATOU;MATOU;;;;;;;多稼;路;多稼;路;多稼路;DUOJIA;LU;;南市区;;;;;
975;信泰路;信泰路;XINTAI;LU;;;;;;;信泰碼頭;街;信泰码头;街;信泰码头街;XINTAI MATOU;JIE;;南市区;;;;;
932;倍耐爾司路;倍耐尔司路;BEINAI'ERSI;LU;;;;1912;;;海州;路;海州;路;海州路;HAIZHOU;LU;;杨浦区;;;;Exact year stated;彰国躍. 上海 の道路命 名年表—社会言語学的命名論の基礎研究. https://kanagawa-u.repo.nii.ac.jp/record/5850/files/kana-9-8-0004.pdf
22;倍開爾路;倍开尔路;BEIKAI'ER;LU;BAIKAL;International Settlement;ROAD;1920;1943;;惠民;路;惠民;路;惠民路;HUIMIN;LU;;虹口区;20世纪20年代-1943;BAIKAL ROAD;;Exact year stated;彰国躍. 上海 の道路命 名年表—社会言語学的命名論の基礎研究. https://kanagawa-u.repo.nii.ac.jp/record/5850/files/kana-9-8-0004.pdf
1699;倍開甭路;倍开甭路;HANBEIKAIBENG;LU;;;;;;;;;;;;;;;;;;;;
227;倫敦路;伦敦路;LUNDUN;LU;LONDON;International Settlement;ROAD;1910;1930;;黃山;路;黄山;路;黄山路;HUANGSHAN;LU;;虹口、闸北区;20世纪初-1930;LONDON ROAD;;;
1700;停信路;停信路;TINGXIN;LU;;;;;;;;;;;;;;;;;;;;
1616;傅宗路;傅宗路;FUZONG;LU;;;;1938;1943;;曹楊;路;曹杨;路;曹杨路;CAOYANG;LU;;普陀区;1938-1945;;;Exact year stated;彰国躍. 上海 の道路命 名年表—社会言語学的命名論の基礎研究. https://kanagawa-u.repo.nii.ac.jp/record/5850/files/kana-9-8-0004.pdf
674;儀鳳路;仪凤路;YIFENG;LU;;;;;;;復興;東路;复兴;东路;复兴东路（西段）;FUXING ;DONGLU;XIDUAN;南市区;;;;;
1658;元芳路;元芳路;YUANFANG;LU;;;;1910;1950;;商丘;路;商丘;路;商丘路;SHANGQIU;LU;;虹口区;20世纪初-20世纪50年代;;;;
65;兆豐路;兆丰路;ZHAOFENG;LU;CHAOUFOONG;International Settlement;ROAD;1890;1943;;高陽;路;高阳;路;高阳路;GAOYANG;LU;;虹口区;19世纪末-1943;CHAOUFOONG ROAD;;;
209;光州路;光州路;GUANGZHOU;LU;KWANGCHOW;International Settlement;ROAD;1915;1943;;廣州;路;广州;路;广州路;GUANGZHOU;LU;;杨浦区;1915-1943;KWANGCHOW ROAD;;Exact year stated;彰国躍. 上海 の道路命 名年表—社会言語学的命名論の基礎研究. https://kanagawa-u.repo.nii.ac.jp/record/5850/files/kana-9-8-0004.pdf
664;克明路;克明路;KEMING;LU;;;;1911;1952;;永明;路;永明;路;永明路;YONGMING;LU;;虹口区;1911-1952;;;Exact year stated;彰国躍. 上海 の道路命 名年表—社会言語学的命名論の基礎研究. https://kanagawa-u.repo.nii.ac.jp/record/5850/files/kana-9-8-0004.pdf
92;克能海路;克能海路;KENENGHAI;LU;CUNNINGHAM;International Settlement;ROAD;1900;1943;;康樂;路;康乐;路;康乐路;KANGLE;LU;;闸北区;1900-1943;;;Exact year stated;彰国躍. 上海 の道路命 名年表—社会言語学的命名論の基礎研究. https://kanagawa-u.repo.nii.ac.jp/record/5850/files/kana-9-8-0004.pdf
1451;全家庵路;全家庵路;QUANJIA'AN;LU;;;;1930;1958;;臨平;北路;临平;北路;临平北路;LINPING;BEILU;;虹口区;20世纪30年代-1958;;;Named within the decade;彰国躍. 上海 の道路命 名年表—社会言語学的命名論の基礎研究. https://kanagawa-u.repo.nii.ac.jp/record/5850/files/kana-9-8-0004.pdf
314;八仙橋街;八仙桥街;BAXIANQIAO;JIE;PASIEJO;;;1889;1909;;桃源;路;桃源;路;桃源路（东段）;TAOYUAN ;LU;DONGDUAN;卢湾区;1889-1909;;;Exact year stated;彰国躍. 上海 の道路命 名年表—社会言語学的命名論の基礎研究. https://kanagawa-u.repo.nii.ac.jp/record/5850/files/kana-9-8-0004.pdf
311;八里橋路;八里桥路;BALIQIAO;LU;PALIKAO;French Concession;RUE;1865;1943;;雲南;南路;云南;南路;云南南路;YUNNAN ;NANLU;;黄浦、南市区;1865-1943;PALIKAO;;Exact year stated;彰国躍. 上海 の道路命 名年表—社会言語学的命名論の基礎研究. https://kanagawa-u.repo.nii.ac.jp/record/5850/files/kana-9-8-0004.pdf
1044;公園靶子場路;公园靶子场路;GONGYUANBAZICHANG;LU;;;;1920;1950;;甜愛;路;甜爱;路;甜爱路;TIAN'AI;LU;;虹口区;1920-20世纪50年代;;;Exact year stated;彰国躍. 上海 の道路命 名年表—社会言語学的命名論の基礎研究. https://kanagawa-u.repo.nii.ac.jp/record/5850/files/kana-9-8-0004.pdf
493;公濟堂;公济堂;GONGJITANG ;;;;;;;;清流;街;清流;街;清流街;QINGLIU;JIE;;南市区;;;;;
492;公義碼頭直街;公义码头直街;GONGYI MATOU;ZHIJIE;;;;;;;公義碼頭;街;公义码头;街;公义码头街;GONGYI MATOU;JIE;;南市区;;;;;
86;公館馬路;公馆马路;GONGGUAN;MALU;CONSULAT;French Concession;RUE;1865;1907;;金陵;中路;金陵;中路;金陵中路;JINLING;ZHONGLU;;卢湾区;1865-1907;RUE.DU CONSULAT;;Exact year stated;彰国躍. 上海 の道路命 名年表—社会言語学的命名論の基礎研究. https://kanagawa-u.repo.nii.ac.jp/record/5850/files/kana-9-8-0004.pdf
848;六馬路;六马路;LIUMA;LU;;;;1883;1949;;北海;路;北海;路;北海路;BEIHAI;LU;;黄浦区;1883-1949;;;Exact year stated;彰国躍. 上海 の道路命 名年表—社会言語学的命名論の基礎研究. https://kanagawa-u.repo.nii.ac.jp/record/5850/files/kana-9-8-0004.pdf
1617;共存路;共存路;GONGCUN;LU;;;;1940;1943;;翔殷;路;翔殷;路;翔殷路;XIANGYIN;LU;;杨浦区;1940-1945;;;Exact year stated;彰国躍. 上海 の道路命 名年表—社会言語学的命名論の基礎研究. https://kanagawa-u.repo.nii.ac.jp/record/5850/files/kana-9-8-0004.pdf
903;共榮路;共荣路;GONGRONG;LU;;;;1940;1943;;翔殷;路;翔殷;路;翔殷路;XIANGYIN;LU;;杨浦区;1940-1945;;;Exact year stated;彰国躍. 上海 の道路命 名年表—社会言語学的命名論の基礎研究. https://kanagawa-u.repo.nii.ac.jp/record/5850/files/kana-9-8-0004.pdf
757;共青路;共青路;GONGQING;LU;;;;1968;1981;;永和;支路;永和;支路;永和支路;YOUHE ;ZHILU;;闸北区;1968-1981;;;Exact year stated;彰国躍. 上海 の道路命 名年表—社会言語学的命名論の基礎研究. https://kanagawa-u.repo.nii.ac.jp/record/5850/files/kana-9-8-0004.pdf
1287;兵監路;兵监路;BINGJIAN;LU;;;;1939;1940;;世界;路;世界;路;世界路;SHIJIE;LU;;杨浦区;1939-1940;;;Exact year stated;彰国躍. 上海 の道路命 名年表—社会言語学的命名論の基礎研究. https://kanagawa-u.repo.nii.ac.jp/record/5850/files/kana-9-8-0004.pdf
1490;其昌棧南街;其昌栈南街;QICHANGZHAN;NANJIE;;;;1860;1987;;錢倉;路;钱仓;路;钱仓路（南段）;QIANCANG ;LU;NANDUAN;黄浦区;19世纪60年代-1987;;;;
739;其昌棧大街;其昌栈大街;QICHANGZHAN;DAJIE;;;;1906;1987;;錢倉;路;钱仓;路;钱仓路;QIANCANG;LU;;杨浦区;1906-1987;;;;
1114;其美路;其美路;QIMEI;LU;;;;1934;1950;;四平;路;四平;路;四平路;SIPING;LU;;杨浦区;1934-1950;;;Exact year stated;彰国躍. 上海 の道路命 名年表—社会言語学的命名論の基礎研究. https://kanagawa-u.repo.nii.ac.jp/record/5850/files/kana-9-8-0004.pdf
955;典當弄;典当弄;DIANDANG;LONG;;;;1920;;;海興;路;海兴;路;海兴路110弄;HAIXING;LU;110 LONG;黄浦区;;;;Exact year stated;彰国躍. 上海 の道路命 名年表—社会言語学的命名論の基礎研究. https://kanagawa-u.repo.nii.ac.jp/record/5850/files/kana-9-8-0004.pdf
1340;典當弄;典当弄;DIANDANG;LONG;;;;1920;;;南昌;路;南昌;路;南昌路54-59弄;NANCHANG;LU;54-59 LONG;南市区;;;;Exact year stated;彰国躍. 上海 の道路命 名年表—社会言語学的命名論の基礎研究. https://kanagawa-u.repo.nii.ac.jp/record/5850/files/kana-9-8-0004.pdf
346;典當街;典当街;DIANDANG;JIE;PROTET;French Concession;RUE;1872;1943;;金門;路;金门;路;金门路;JINMEN;LU;;黄浦区;1863-1943;RUE PROTET;;Exact year stated;彰国躍. 上海 の道路命 名年表—社会言語学的命名論の基礎研究. https://kanagawa-u.repo.nii.ac.jp/record/5850/files/kana-9-8-0004.pdf
1563;典當街;典当街;DIANDANG;JIE;;;;1863;1966;;鹽城;路;盐城;路;盐城路;YANCHENG;LU;;南市区;-1966;;;Exact year stated;彰国躍. 上海 の道路命 名年表—社会言語学的命名論の基礎研究. https://kanagawa-u.repo.nii.ac.jp/record/5850/files/kana-9-8-0004.pdf
1701;冊東路;册东路;CEDONG;LU;;;;;;;;;;;;;;;;;;;;
500;冬青園街;冬青园街;DONGQINGYUAN;JIE;;;;;;;夢花;街;梦花;街;梦花街（西段）;MENGHUA ;JIE;XIDUAN;南市区;;;;;
812;凝和支弄;凝和支弄;NINGHE;ZHILONG;;;;;;;凝和;路;凝和;路;凝和路58弄;NIHE;LU;;南市区;;;;;
536;刷布場;刷布场;SHUABUCHANG;;;;;;;;夢花;街;梦花;街;梦花街;MENGHUA;JIE;;南市区;;;;;
1017;前石街;前石街;QIANSHI;JIE;;;;;;;微寧;路;微宁;路;微宁路(西段);WEINING ;LU;XIDUAN;南市区;;;;;
193;剛狄路;刚狄路;GANGDI;LU;KANDY;International Settlement;ROAD;1908;1915;;黎平;路;黎平;路;黎平路;LIPING;LU;;杨浦区;1908-1915;KANDY ROAD;;Exact year stated;彰国躍. 上海 の道路命 名年表—社会言語学的命名論の基礎研究. https://kanagawa-u.repo.nii.ac.jp/record/5850/files/kana-9-8-0004.pdf
192;剛達哈爾路;刚达哈尔路;GANGDAHA'ER;LU;KANDAHAR;International Settlement;ROAD;1908;1915;;臨青;路;临青;路;临青路;LINQING;LU;;杨浦区;1908-1915;KANDAHAR ROAD;;Exact year stated;彰国躍. 上海 の道路命 名年表—社会言語学的命名論の基礎研究. https://kanagawa-u.repo.nii.ac.jp/record/5850/files/kana-9-8-0004.pdf
616;劉公祠弄;刘公祠弄;LIUGONGCI;LONG;;;;;1964;;柳江;街;柳江;街;柳江街;LIUJIANG;JIE;;南市区;-1964;;;;
1585;劉墳弄;刘坟弄;LIUFEN;LONG;;;;;1964;;柳泉;弄;柳泉;弄;柳泉弄;LIUQUAN;LONG;;南市区;-1964;;;;
529;劉家弄;刘家弄;LIUJIA;LONG;;;;;;;長樂;路;长乐;路;长乐路;CHANGLE;LU;;静安区;;;;;
722;劉家弄;刘家弄;LIUJIA;LONG;;;;;;;西劉家;弄;西刘家;弄;西刘家弄;XILIUJIA;LONG;;南市区;;;;;
837;劉家弄;刘家弄;LIUJIA;LONG;;;;;;;三牌樓;路;三牌楼;路;三牌楼路48弄;SANPAILOU;LU;48 LONG;南市区;;;;;
1221;劉興弄;刘兴弄;LIUXING;LONG;;;;;;;復興;東路;复兴;东路;复兴东路871弄;FUXING;DONGLU;871 LONG;南市区;;;;;
1702;力浜路;力浜路;LIBANG;LU;;;;;;;;;;;;;;;;;;;;
50;加爾各答路;加尔各答路;JIA'ERGEDA;LU;CALCUTTA;International Settlement;ROAD;1908;1915;;杭州;路;杭州;路;杭州路;HANGZHOU;LU;;杨浦区;1908-1915;CALCUTTA ROAD;;Exact year stated;彰国躍. 上海 の道路命 名年表—社会言語学的命名論の基礎研究. https://kanagawa-u.repo.nii.ac.jp/record/5850/files/kana-9-8-0004.pdf
1601;加納路;加纳路;JIANA;LU;;;;1939;1943;;黃興;路;黄兴;路;黄兴路;HUANGXING;LU;;杨浦区;1939-1945;;;;
1378;勒克諾路;勒克诺路;LEKENUO;LU;;;;1911;;;寧武;路;宁武;路;宁武路;NINGWU;LU;;杨浦区;;;;Exact year stated;彰国躍. 上海 の道路命 名年表—社会言語学的命名論の基礎研究. https://kanagawa-u.repo.nii.ac.jp/record/5850/files/kana-9-8-0004.pdf
51;勞利育路;劳利育路;LAOLIYU;LU;CAMILLE LORIOZ;French Concession;ROUTE;1918;1943;;泰安;路;泰安;路;泰安路;TAIAN;LU;;长宁、徐汇区;1918-1943;ROUTE CAMILE LORLOZ;;Exact year stated;彰国躍. 上海 の道路命 名年表—社会言語学的命名論の基礎研究. https://kanagawa-u.repo.nii.ac.jp/record/5850/files/kana-9-8-0004.pdf
360;勞勃生路;劳勃生路;LAOBOSHENG;LU;ROBISON;International Settlement;ROAD;1900;1943;;長壽;路;长寿;路;长寿路;CHANGSHOU;LU;;普陀、静安区;1900-1943;ROBISON ROAD;;Exact year stated;彰国躍. 上海 の道路命 名年表—社会言語学的命名論の基礎研究. https://kanagawa-u.repo.nii.ac.jp/record/5850/files/kana-9-8-0004.pdf
226;勞合路;劳合路;LAOHE;LU;LLOYD;International Settlement;ROAD;1871;1943;;六合;路;六合;路;六合路;LIUHE;LU;;黄浦区;1871-1943;LLOYD ROAD;;Exact year stated;彰国躍. 上海 の道路命 名年表—社会言語学的命名論の基礎研究. https://kanagawa-u.repo.nii.ac.jp/record/5850/files/kana-9-8-0004.pdf
231;勞爾登路;劳尔登路;LAO'ERDENG;LU;LORTON (L.);French Concession;RUE;1918;1943;;襄陽;北路;襄阳;北路;襄阳北路;XIANGYANG;BEILU;;徐汇区;1918-1943;RUE L.LORTON;;Exact year stated;彰国躍. 上海 の道路命 名年表—社会言語学的命名論の基礎研究. https://kanagawa-u.repo.nii.ac.jp/record/5850/files/kana-9-8-0004.pdf
324;勞神父路;劳神父路;LAOSHENFU;LU;PERE FROC;French Concession;RUE;1922;1943;;合肥;路;合肥;路;合肥路;HEFEI;LU;;卢湾区;1931-1946;RUE DU PERE FROC;;;
1070;化子街;化子街;HUAZI;JIE;;;;;;;平定;路;平定;路;平定路;PINGDING;LU;;杨浦区;;;;;
1581;北一條通;北一条通;BEIYITIAO ;TONG;;;;1939;1940;;民獻（已廢）;路;民献（已废）;路;民献路（已废）;MINXIAN;LU;;杨浦区;1939-1940;;;;
931;北一路;北一路;BEIYI;LU;;;;;;;漠河;路;漠河;路;漠河路;MOHE;LU;;吴淞区;;;;;
1358;北三條通;北三条通;BEISANTIAO;TONG;;;;1939;1940;;民壯;路;民壮;路;民壮路;MINZHUANG;LU;;杨浦区;1939-1940;;;;
1282;北二條通;北二条通;BEIERTIAO;TONG;;;;1939;1940;;民府;路;民府;路;民府路;MINFU;LU;;杨浦区;1939-1940;;;;
1093;北二路;北二路;BEI'ER;LU;;;;;;;盤古;路;盘古;路;盘古路;PANGU;LU;;吴淞区;;;;;
952;北五條通;北五条通;BEIWUTIAO;T;;;;1939;1940;;民約;路;民约;路;民约路;MINYUE;LU;;杨浦区;1939-1940;;;;
1241;北京路;北京路;BEIJING;LU;;;;1865;1943;2006;北京;東路;北京;东路;北京东路;BEIJING;DONGLU;;黄浦区;1865-1945;;;Exact year stated;彰国躍. 上海 の道路命 名年表—社会言語学的命名論の基礎研究. https://kanagawa-u.repo.nii.ac.jp/record/5850/files/kana-9-8-0004.pdf
1626;北公益路;北公益路;BEIGONGYI;LU;;;;1910;1914;;蒙古;路;蒙古;路;蒙古路;MENGGU;LU;;闸北区;约1910-1914;;;Exact year stated;彰国躍. 上海 の道路命 名年表—社会言語学的命名論の基礎研究. https://kanagawa-u.repo.nii.ac.jp/record/5850/files/kana-9-8-0004.pdf
1079;北六條通;北六条通;BEILIUTIAO;TONG;;;;1939;1940;;民慶;路;民庆;路;民庆路;MINQING;LU;;杨浦区;1939-1940;;;;
637;北吉祥弄;北吉祥弄;BEIJIXIANG;LONG;;;;;;;中山;南路;中山;南路;中山南路（东段）;ZHONGSHAN;NANLU;DONGDUAN;南市区;;;;;
929;北吉祥弄;北吉祥弄;BEIJIXIANG;LONG;;;;;;;白渡;路;白渡;路;白渡路北;BAIDU;LU;;南市区;;河南路至福建路段，名宝善街;;;
1222;北四川路;北四川路;BEISICHUAN;LU;NORTH SZECHUEN;International Settlement;ROAD;1916;1943;2006;四川;北路;四川;北路;四川北路;SICHUAN;BEILU;;虹口区;1930-1916-1945;;;Exact year stated;彰国躍. 上海 の道路命 名年表—社会言語学的命名論の基礎研究. https://kanagawa-u.repo.nii.ac.jp/record/5850/files/kana-9-8-0004.pdf
1281;北四條通;北四条通;BEISITIAO;TONG;;;;1939;1940;;民彝;路;民彝;路;民彝路;MINYI;LU;;杨浦区;1939-1940;;;;
1234;北堤路;北堤路;BEITI;LU;;;;;1943;;北瞿;路;北瞿;路;北瞿路;BEIQULU;LU;;长宁区、上海县;-1943;;;;
1375;北山東通;北山东通;BEISHANDONG;TONG;;;;1943;1943;;山東;北路;山东;北路;山东北路;SHANGDONG;BEILU;;黄浦区;1943-1945;;;;
294;北山西路;北山西路;BEISHANXI;LU;NORTH SHANSE;International Settlement;ROAD;1887;1943;2006;山西;北路;山西;北路;山西北路;SHANXI;BEILU;;闸北区;1887-1943;;;Exact year stated;彰国躍. 上海 の道路命 名年表—社会言語学的命名論の基礎研究. https://kanagawa-u.repo.nii.ac.jp/record/5850/files/kana-9-8-0004.pdf
1459;北廟路;北庙路;BEIMIAO;LU;;;;1928;1956;;新閔;路;新闵;路;新闵路;XINMIN;LU;;闵行区;1928-1956;;;Exact year stated;彰国躍. 上海 の道路命 名年表—社会言語学的命名論の基礎研究. https://kanagawa-u.repo.nii.ac.jp/record/5850/files/kana-9-8-0004.pdf
1580;北成都路;北成都路;BEICHENGDU;LU;;;;1915;1943;2006;成都;北路;成都;北路;成都北路（北段）;CHENGDU ;BEILU;BEIDUAN;黄浦、静安区;1915-1945;;;Exact year stated;彰国躍. 上海 の道路命 名年表—社会言語学的命名論の基礎研究. https://kanagawa-u.repo.nii.ac.jp/record/5850/files/kana-9-8-0004.pdf
298;北揚子路;北扬子路;BEIYANGZI;LU;NORTH YANGTZE;International Settlement;ROAD;1910;1943;;揚子江;路;扬子江;路;扬子江路;YANGZIJIANG;LU;;虹口区;20世纪初-1943;NORTH YANGTZE ROAD;;;
1164;北新涇鎮新街;北新泾镇新街;BEIXINJINGZHEN;XINJIE;;;;1912;1927;;蒲松;南路;蒲松;南路;蒲松南路;PUSONG;NANLU;;长宁区;1912-1927;;;Exact year stated;彰国躍. 上海 の道路命 名年表—社会言語学的命名論の基礎研究. https://kanagawa-u.repo.nii.ac.jp/record/5850/files/kana-9-8-0004.pdf
1512;北新街;北新街;BEIXIN;JIE;;;;1863;;;山東;路;山东;路;山东南路（南段）;SHANDONG ;N;NANDUAN;黄浦区;1863年后;;;Exact year stated;彰国躍. 上海 の道路命 名年表—社会言語学的命名論の基礎研究. https://kanagawa-u.repo.nii.ac.jp/record/5850/files/kana-9-8-0004.pdf
1413;北梅園路;北梅园路;BEIMEIYUAN;LU;;;;1920;1930;;梅園;路;梅园;路;梅园路;MEIYUAN;LU;;闸北区;20年代-30年代初;;;;
293;北江西路;北江西路;BEIJIANGXI;LU;NORTH KIANGSE;International Settlement;ROAD;1850;1943;2006;江西;北路;江西;北路;江西北路;JIANGXI;BEILU;;虹口区;19世纪中叶-1945;;;;
684;北江陰街;北江阴街;BEIJIANGYIN;JIE;;;;;;;馬橋;北街;马桥;北街;马路桥北街（北段）;MALUQIAOJIE ;BEIJIE;BEIDUAN;南市区;;;;;
292;北河南路;北河南路;BEIHENAN;LU;NORTH HONAN;International Settlement;ROAD;1880;1943;2006;河南;北路;河南;北路;河南北路;HENAN;BEILU;;虹口、闸北区;19世纪80年代-1945;;;Exact year stated;彰国躍. 上海 の道路命 名年表—社会言語学的命名論の基礎研究. https://kanagawa-u.repo.nii.ac.jp/record/5850/files/kana-9-8-0004.pdf
321;北河路;北河路;BEIHE;LU;PEIHO;International Settlement;ROAD;1920;1943;;白河;路;白河;路;白河路;BAIHE;LU;;黄浦区;1920-1943;PEIHO ROAD;;Exact year stated;彰国躍. 上海 の道路命 名年表—社会言語学的命名論の基礎研究. https://kanagawa-u.repo.nii.ac.jp/record/5850/files/kana-9-8-0004.pdf
1678;北泥牆圈路;北泥墙圈路;BEINIQIANGQUAN;LU;;;;;;;北張家浜;路;北张家浜;路;北张家浜路;BEIZHANGJIABANG;LU;;黄浦区;;;;;
289;北浙江路;北浙江路;BEIZHEJIANG;LU;NORTH CHEKIANG;International Settlement;ROAD;1896;1943;2006;浙江;北路;浙江;北路;浙江北路;ZHEJIANG;BEILU;;黄浦区;1896-1943;;;Exact year stated;彰国躍. 上海 の道路命 名年表—社会言語学的命名論の基礎研究. https://kanagawa-u.repo.nii.ac.jp/record/5850/files/kana-9-8-0004.pdf
310;北海路;北海路;BEIHAI;LU;PAKHOI;International Settlement;ROAD;;1943;2006;北海;路;北海;路;北海路;BEIHAI;LU;;黄浦区;;;;;
526;北獅子弄;北狮子弄;BEISHIZI;LONG;;;;;;;馬街;街;马街;街;马街27号对面;MAJIE;;27 HAO DUIMIAN;南市区;;;;;
1653;北石駁岸;北石驳岸;BEISHIBO'AN;;;;;;;;紅欄杆;街;红栏杆;街;红栏杆街;HONGLANGAN;JIE;;南市区;;;;;
290;北福建路;北福建路;BEIFUJIAN;LU;NORTH FOKIEN ;International Settlement;ROAD;1891;1943;2006;福建;北路;福建;北路;福建北路;FUJIAN;BEILU;;闸北区;1891-1943;;;Exact year stated;彰国躍. 上海 の道路命 名年表—社会言語学的命名論の基礎研究. https://kanagawa-u.repo.nii.ac.jp/record/5850/files/kana-9-8-0004.pdf
1146;北薛華立路;北薛华立路;BEIXUEHUALI;LU;;;;1917;1920;;建德;路;建德;路;建德路;JIANDE;LU;;卢湾区;1917-1920;;;Exact year stated;彰国躍. 上海 の道路命 名年表—社会言語学的命名論の基礎研究. https://kanagawa-u.repo.nii.ac.jp/record/5850/files/kana-9-8-0004.pdf
295;北蘇州路;北苏州路;BEISUZHOU;LU;NORTH SOOCHOW;International Settlement;ROAD;1910;1925;1950;光復;路;光复;路;光复路;GUANGFU;LU;;闸北区;20世纪初-1925;;;;
1167;北蘇州路;北苏州路;BEISUZHOU;LU;;;;1866;1924;2006;北蘇州;路;北苏州;路;北苏州路;BEISUZHOU;LU;;闸北、虹口区;1866-1924;;;;
1334;北街;北街;BEIJIE;;;;;1905;1921;;昌北;路;昌北;路;昌北路;CHANGBEI;LU;;吴淞区;清末-1921;;;;
297;北西藏路;北西藏路;BEIXIZANG;LU;NORTH TIBET;International Settlement;ROAD;1900;1943;2006;西藏;北路;西藏;北路;西藏北路;XIZANG;BEILU;;闸北区;约1900-1943;;;;
1408;北諸家橋;北诸家桥;BEIZHUJIA;QIAO;;;;;;;桃園;路;桃园;路;桃园路;TAOYUAN;LU;;南市区;;;;;
291;北門街;北门街;BEIMEN;JIE;NORTH GATE;International Settlement;ROAD;1845;1865;;廣東;路;广东;路;广东路（东段）;GUANGDONG ;LU;DONGDUAN;黄浦区;1845-1865;NORTH GATE ROAD;;Exact year stated;彰国躍. 上海 の道路命 名年表—社会言語学的命名論の基礎研究. https://kanagawa-u.repo.nii.ac.jp/record/5850/files/kana-9-8-0004.pdf
1175;北門路;北门路;BEIMEN;LU;;;;1865;1872;;河南;南路;河南;南路;河南南路;HENAN;NANLU;;黄浦区;1865-1872;;;Exact year stated;彰国躍. 上海 の道路命 名年表—社会言語学的命名論の基礎研究. https://kanagawa-u.repo.nii.ac.jp/record/5850/files/kana-9-8-0004.pdf
1322;北雲南路;北云南路;BEIYUNNAN;LU;;;;1869;1943;2006;雲南;北路;云南;北路;云南北路;YUNNAN;BEILU;;黄浦区;1869-1945;;;Exact year stated;彰国躍. 上海 の道路命 名年表—社会言語学的命名論の基礎研究. https://kanagawa-u.repo.nii.ac.jp/record/5850/files/kana-9-8-0004.pdf
451;匯司林路;汇司林路;HUISILIN;LU;WEST END;International Settlement;ROAD;1910;1943;;西街;街;西街;街;西街;XIJIE;LU;;虹口区;20世纪初-1943;WEST END ROAD;;;
446;匯山路;汇山路;HUISHAN;LU;WAYSIDE;International Settlement;ROAD;1895;1943;;霍山;路;霍山;路;霍山路;HUOSHAN;LU;;虹口、杨浦区;1895-1943;WAYSIDE ROAD;;Exact year stated;彰国躍. 上海 の道路命 名年表—社会言語学的命名論の基礎研究. https://kanagawa-u.repo.nii.ac.jp/record/5850/files/kana-9-8-0004.pdf
1053;匯西路;汇西路;HUIXI;LU;;;;;;;徐文;路;徐文;路;徐文路;XUWEN;LU;;徐汇区;;;;;
1447;區裏道;区里道;QULI;DAO;;;;1928;1956;;新閔;路;新闵;路;新闵路;XINWEN;LU;;闵行区;1928-1956;;;;
1359;十六間;十六间;SHILIUJIAN;LU;;;;;1932;;同江;路;同江;路;同江路;TONGJIANG;LU;;吴淞区;1932年前;;;;
1624;千愛路;千爱路;QIANAI;LU;;;;1920;1950;;甜愛;路;甜爱;路;甜爱路;TIAN'AI;LU;;虹口区;1920-20世纪50年代;;;;
753;半涇園弄;半泾园弄;BANJINGYUAN;LONG;;;;;;;半涇園;弄;半泾园;弄;半泾园弄;BANJINGYUAN;LONG;;南市区;;;;;
599;協儀路;协仪路;XIEYI;LU;;;;1940;1943;;國定;路;国定;路;国定路;GUODING;LU;;杨浦区;1940-1945;;;Exact year stated;彰国躍. 上海 の道路命 名年表—社会言語学的命名論の基礎研究. https://kanagawa-u.repo.nii.ac.jp/record/5850/files/kana-9-8-0004.pdf
1547;協儀路西二街;协仪路西二街;XIEYILU;XI'ERJIE;;;;1940;1943;;國福;路;国福;路;国福路;GUOFU;LU;;杨浦区;1940-1945;;;Exact year stated;彰国躍. 上海 の道路命 名年表—社会言語学的命名論の基礎研究. https://kanagawa-u.repo.nii.ac.jp/record/5850/files/kana-9-8-0004.pdf
1135;協儀路西街;协仪路西街;XIEYILU;XIJIE;;;;1940;1943;;國達;路;国达;路;国达路;GUODA;LU;;杨浦区;1940-1945;;;Exact year stated;彰国躍. 上海 の道路命 名年表—社会言語学的命名論の基礎研究. https://kanagawa-u.repo.nii.ac.jp/record/5850/files/kana-9-8-0004.pdf
1558;協力路;协力路;XIELI;LU;;;;1940;1943;;政宣;路;政宣;路;政宣路;ZHENGXUAN;LU;;杨浦区;1940-1945;;;Exact year stated;彰国躍. 上海 の道路命 名年表—社会言語学的命名論の基礎研究. https://kanagawa-u.repo.nii.ac.jp/record/5850/files/kana-9-8-0004.pdf
1546;協同路;协同路;XIETONG;LU;;;;1940;1943;;政本;路;政本;路;政本路;ZHENGBEN;LU;;杨浦区;1940-1945;;;Exact year stated;彰国躍. 上海 の道路命 名年表—社会言語学的命名論の基礎研究. https://kanagawa-u.repo.nii.ac.jp/record/5850/files/kana-9-8-0004.pdf
875;協和路;协和路;XIEHE;LU;;;;1937;1947;;邯鄲;路;邯郸;路;邯郸路;HANDAN;LU;;虹口区;1937-1947;;;Exact year stated;彰国躍. 上海 の道路命 名年表—社会言語学的命名論の基礎研究. https://kanagawa-u.repo.nii.ac.jp/record/5850/files/kana-9-8-0004.pdf
1542;協平路;协平路;XIEPING;LU;;;;1940;1943;;國順;路;国顺;路;国顺路;GUOXUN;LU;;杨浦区;1940-1945;;;Exact year stated;彰国躍. 上海 の道路命 名年表—社会言語学的命名論の基礎研究. https://kanagawa-u.repo.nii.ac.jp/record/5850/files/kana-9-8-0004.pdf
1545;協平路西街;协平路西街;XIEPINGLU;XIJIE;;;;1940;1943;;國年;路;国年;路;国年路;GUONIAN;LU;;杨浦区;1940-1945;;;Exact year stated;彰国躍. 上海 の道路命 名年表—社会言語学的命名論の基礎研究. https://kanagawa-u.repo.nii.ac.jp/record/5850/files/kana-9-8-0004.pdf
1554;協建路;协建路;XIEJIAN;LU;;;;1940;1943;;政化;路;政化;路;政化路;ZHENGHUA;LU;;杨浦区;1940-1945;;;Exact year stated;彰国躍. 上海 の道路命 名年表—社会言語学的命名論の基礎研究. https://kanagawa-u.repo.nii.ac.jp/record/5850/files/kana-9-8-0004.pdf
1553;協成路;协成路;XIECHENG;LU;;;;1940;1943;;國粹;路;国粹;路;国粹路;GUOSUI;LU;;杨浦区;1940-1945;;;Exact year stated;彰国躍. 上海 の道路命 名年表—社会言語学的命名論の基礎研究. https://kanagawa-u.repo.nii.ac.jp/record/5850/files/kana-9-8-0004.pdf
685;協睦路;协睦路;XIEMU;LU;;;;1940;1943;;國權;路;国权;路;国权路;GUOQUAN;LU;;杨浦区;1940-1945;;;;
1118;協睦路西二街;协睦路西二街;XIEMU;XI'ERJIE;;;;1940;1943;;國權;後路;国权;后路;国权后路;GUOQUAN;HOULU;;杨浦区;1940-1945;;;Exact year stated;彰国躍. 上海 の道路命 名年表—社会言語学的命名論の基礎研究. https://kanagawa-u.repo.nii.ac.jp/record/5850/files/kana-9-8-0004.pdf
1550;協贊路;协赞路;XIEZAN;LU;;;;1940;1943;;政法;路;政法;路;政法路;ZHENGFA;LU;;杨浦区;1940-1945;;;;
1691;協進路;协进路;XIEJIN;LU;;;;1940;1943;;政修;路;政修;路;政修路;ZHENGXIU;LU;;杨浦区;1940-1945;;;Exact year stated;彰国躍. 上海 の道路命 名年表—社会言語学的命名論の基礎研究. https://kanagawa-u.repo.nii.ac.jp/record/5850/files/kana-9-8-0004.pdf
1561;協進路東一街;协进路东一街;XIEJINLU;DONGYIJIE;;;;1940;1943;;政熙;路;政熙;路;政熙路;ZHENGXI;LU;;杨浦区;1940-1945;;;Exact year stated;彰国躍. 上海 の道路命 名年表—社会言語学的命名論の基礎研究. https://kanagawa-u.repo.nii.ac.jp/record/5850/files/kana-9-8-0004.pdf
1560;協進路西二街;协进路西二街;XIEJINLU;XI'ERJIE;;;;1940;1943;;政肅;路;政肃;路;政肃路;ZHENGSU;LU;;杨浦区;1940-1945;;;;
1307;南一條通;南一条通;NANYITIAO;TONG;;;;1939;1940;;政治;路;政治;路;政治路;ZHENGZHI;LU;;杨浦区;1939-1940;;;;
1270;南七條通;南七条通;NANQITIAO;TONG;;;;1939;1940;;政楊;東路;政杨;东路;政杨东路;ZHENGYANG;DONGLU;;杨浦区;1939-1940;;;;
734;南三條通;南三条通;NANSANTIAO;TONG;;;;1939;1940;;政德;東路;政德;东路;政德东路;ZHENGDE;DONGLU;;杨浦区;1939-1940;;;;
1299;南二條通;南二条通;NAN'ERTIAO;TONG;;;;1939;1940;;政府;路;政府;路;政府路;ZHENGFU;LU;;杨浦区;1939-1940;;;;
1489;南五條通;南五条通;NANWUTIAO;TONG;;;;1939;1940;;政哀;路;政哀;路;政哀路;ZHENG'AI;LU;;杨浦区;1939-1940;;;;
281;南京路;南京路;NANJING;LU;NANKING;International Settlement;ROAD;1865;1943;2006;南京;東路;南京;东路;南京东路;NANJING;DONGLU;;黄浦区;1865-1945;;;Exact year stated;彰国躍. 上海 の道路命 名年表—社会言語学的命名論の基礎研究. https://kanagawa-u.repo.nii.ac.jp/record/5850/files/kana-9-8-0004.pdf
583;南倉大街;南仓大街;NANCANGDA;JIE;;;;;;2006;南倉;街;南仓;街;南仓街;NANCANG;JIE;;南市区;;;;;
1074;南八條通;南八条通;NANBATIAO;TONG;;;;1939;1940;;政益;路;政益;路;政益路;ZHENGYI;LU;;杨浦区;1939-1940;;;;
1300;南六條通;南六条通;NANLIUTIAO;TONG;;;;1939;1940;;政通;路;政通;路;政通路;ZHENGTONG;LU;;杨浦区;1939-1940;;;;
849;南北路;南北路;NANBEI;LU;;;;;;;;;;;;;;;;;;;;
1303;南四條通;南四条通;NANSITIAO;TONG;;;;1939;1940;;政立;路;政立;路;政立路;ZHENGLI;LU;;杨浦区;1939-1940;;;;
821;南大王廟街;南大王庙街;NANDAWANGMIAO;JIE;;;;;;;大德;路;大德;路;大德路;DADE;LU;;南市区;;;;;
400;南天潼路;南天潼路;NANTIANTONG;LU;SOUTH TIENDONG;International Settlement;ROAD;;1943;1950;;;;;;;;;;;;;;
1192;南官路;南官路;NANGUAN;LU;;;;;1911;;徐鎮;路;徐镇;路;徐镇路;XUZHEN;LU;;徐汇区;清-1911;;;;
1312;南川公路;南川公路;NANCHUANGONG;LU;;;;1917;1935;;川公;路;川公;路;川公路;CHUANGONG;LU;;闸北区;1917-1927年前;;;Exact year stated;彰国躍. 上海 の道路命 名年表—社会言語学的命名論の基礎研究. https://kanagawa-u.repo.nii.ac.jp/record/5850/files/kana-9-8-0004.pdf
1097;南川虹路;南川虹路;NANCHUANHONG;LU;;;;1908;1914;;國慶;路;国庆;路;国庆路;GUOQING;LU;;闸北区;1908-1914;;;Exact year stated;彰国躍. 上海 の道路命 名年表—社会言語学的命名論の基礎研究. https://kanagawa-u.repo.nii.ac.jp/record/5850/files/kana-9-8-0004.pdf
1353;南康家弄;南康家弄;NANKANGJIA;LONG;;;;;;;河南;南路;河南;南路;河南南路（中段）;HENAN ;NANLU;ZHONGDUAN;南市区;;;;;
642;南成都路;南成都路;NANCHENGDU;LU;;;;1915;1943;2006;成都;北路;成都;北路;成都北路（南段）;CHENGDU ;BEILU;NANDUAN;黄浦、静安区;1915-1945;;;Exact year stated;彰国躍. 上海 の道路命 名年表—社会言語学的命名論の基礎研究. https://kanagawa-u.repo.nii.ac.jp/record/5850/files/kana-9-8-0004.pdf
1261;南昌路;南昌路;NANCHANG;LU;;;;1921;1943;;昌北;路;昌北;路;昌北路;CHANGHUA;LU;;吴淞区;1921-1943;;;Exact year stated;彰国躍. 上海 の道路命 名年表—社会言語学的命名論の基礎研究. https://kanagawa-u.repo.nii.ac.jp/record/5850/files/kana-9-8-0004.pdf
1510;南晝錦裏;南昼锦里;NANZHOUJIN;LI;;;;1870;;;山西;南路;山西;南路;山西南路（南段）;SHANXI ;NANLU;NANDUAN;黄浦区;19世纪70年代;;;;
592;南會館橫街;南会馆横街;NANHUIGUAN;HENGJIE;;;;;;;會館碼頭;街;会馆码头;街;会馆码头街;HUIGUAN MATOU;JIE;;南市区;;;;;
1205;南柵路;南栅路;NANZHA;LU;;;;;;;蘭溪;路;兰溪;路;兰溪路;LANXI;LU;;普陀区;1945年前;;;;
1383;南梅園路;南梅园路;NANMEIYUAN;LU;;;;1915;1930;;梅園;路;梅园;路;梅园路;MEIYUAN;LU;;闸北区;1915-30年代初;;;Exact year stated;彰国躍. 上海 の道路命 名年表—社会言語学的命名論の基礎研究. https://kanagawa-u.repo.nii.ac.jp/record/5850/files/kana-9-8-0004.pdf
822;南梅家弄;南梅家弄;NANMEIJIA;LONG;;;;;;2006;梅家;弄;梅家;弄;梅家弄（南段）;MEIJIA;LONG;NANDUAN;南市区;;;;;
1125;南海路;南海路;NANHAI;LU;;;;1943;1943;;建國;西路;建国;西路;建国西路;JIANGUO;XILU;;徐汇、卢湾区;1943-1945;;;Exact year stated;彰国躍. 上海 の道路命 名年表—社会言語学的命名論の基礎研究. https://kanagawa-u.repo.nii.ac.jp/record/5850/files/kana-9-8-0004.pdf
627;南獅子弄;南狮子弄;NANSHIZI;LONG;;;;;;;方浜;中路;方浜;中路;方浜中路531弄;FANGBANG;ZHONGLU;531 LONG;南市区;;;;;
593;南石駁岸;南石驳岸;NANSHIBO'AN;;;;;;;;吾園;街;吾园;街;吾园街;WUYUAN;JIE;;南市区;;;;;
807;南篾竹街;南篾竹街;NANMIEZHU;JIE;;;;;;;篾竹;路;篾竹;路;篾竹路;MIEZHU;LU;;南市区;;;;;
285;南翔街;南翔街;NANXIANG;JIE;NEZIAN;French Concession;PASSAGE;;1943;;南翔;路;南翔;路;南翔路;NANXIANG;LU;;南市区;;;;;
596;南薰街;南薰街;NANXUN;JIE;;;;;;;南京;街;南京;街;南京街;NANJING;JIE;;南市区;;;;;
1571;南街;南街;NANJIE;;;;;1905;1921;;昌北;路;昌北;路;昌北路;CHANGBEI;LU;;吴淞区;清末-1921;;;;
1669;南路;南路;NAN;LU;;;;1943;1946;;安亭;路;安亭;路;安亭路;ANTING;LU;;徐汇区;1943-1946;;;;
843;南車站後路;南车站后路;NANCHEZHANLU;HOULU;;;;;;2006;車站;後路;车站;后路;车站后路;CHEZHAN;HOULU;;南市区;;;;;
1188;南迪化路;南迪化路;NANDIHUA;LU;;;;1943;1946;;烏魯木齊;南路;乌鲁木齐;南路;乌鲁木齐南路;WULUMUQI;NANLU;;徐汇区;1943-1946;;;Exact year stated;彰国躍. 上海 の道路命 名年表—社会言語学的命名論の基礎研究. https://kanagawa-u.repo.nii.ac.jp/record/5850/files/kana-9-8-0004.pdf
802;南通路;南通路;NANTONG;LU;;;;1943;1946;;淡水;路;淡水;路;淡水路;DANSHUI;LU;;黄浦、卢湾区;1943-1946;;;Exact year stated;彰国躍. 上海 の道路命 名年表—社会言語学的命名論の基礎研究. https://kanagawa-u.repo.nii.ac.jp/record/5850/files/kana-9-8-0004.pdf
808;南鐵道路;南铁道路;NANTIEDAO;LU;;;;;;;鐵道;路;铁道;路;铁道路;TIEDAO;LU;;南市区;;;;;
805;南陽街;南阳街;NANYANG;JIE;;;;;;;蓬萊;路;蓬莱;路;蓬莱路（东段）;PENGLAI ;LU;DONGDUAN;南市区;;;;;
282;南陽路;南阳路;NANYANG;LU;NANYANG;International Settlement;ROAD;1946;1943;2006;南陽;路;南阳;路;南阳路;NANYANG;LU;;;;;;Exact year stated;彰国躍. 上海 の道路命 名年表—社会言語学的命名論の基礎研究. https://kanagawa-u.repo.nii.ac.jp/record/5850/files/kana-9-8-0004.pdf
1441;南館路后街;南馆路后街;NANGUANLU;HOUJIE;;;;;;;同仁;街;同仁;街;同仁街;TONGREN;JIE;;徐汇区;;;;;
1342;南馬路;南马路;NANMA;LU;;;;;;;外馬;路;外马;路;外马路;WAIMA;LU;;南市区;;;;;
348;南黃浦灘路;南黄浦滩路;NANHUANGPUTAN;LU;QUAI DE FRANCE;French Concession;;1856;1943;;中山;東二路;中山;东二路;中山东二路;ZHONGSHAN;DONGERLU;;黄浦区;1856-1943;QUAI DE FRANCE;;;
826;南黃陂路;南黄陂路;NANHUANGPO;LU;;;;;;2006;黃陂南;南路;黄陂南;南路;黄陂南路;HUANGPO;NANLU;;黄浦区;;;;;
279;博物院路;博物院路;BOWUYUAN;LU;MUSEUM;International Settlement;ROAD;1886;1943;;虎丘;路;虎丘;路;虎丘路;HUQIU;LU;;黄浦区;1886-1943;MUSEUM ROAD;;Exact year stated;彰国躍. 上海 の道路命 名年表—社会言語学的命名論の基礎研究. https://kanagawa-u.repo.nii.ac.jp/record/5850/files/kana-9-8-0004.pdf
345;卜羅德路;卜罗德路;BOLUODE ;LU;PROTET;French Concession;RUE;1872;1943;;河南;南路;河南;南路;河南南路;HENAN ;NANLU;;黄浦区;1972-1943;PROTET;RUE;;
57;卡德路;卡德路;KADE;LU;CARTER;International Settlement;ROAD;;1943;;石門;二路;石门;二路;石门二路;SHIMEN;ERLU;;;;;;;
935;參府署前;参府署前;CANFUSHU;QIAN;;;;;;;蓬萊;路;蓬莱;路;蓬莱路;PENGLAI;LU;;南市区;;;;;
855;友誼西路;友谊西路;YOUYI;XILU;;;;;;;友誼;路;友谊;路;友谊路;YOUYI;LU;;吴淞区;;;;;
11;古拔路;古拔路;GUBO;LU;AMIRAL COURBET;French Concession;ROUTE;1913;1943;;富民;路;富民;路;富民路;FUMIN;LU;;徐汇、静安区;1913-1943;ROUTE AMINAL COURBET;;;
325;古神父路;古神父路;GUSHENFU;LU;PERE HUC ;French Concession;ROUTE;1930;1943;;永福;路;永福;路;永福路;YONGFU;LU;;徐汇区;1930-1943;ROUTE PERE HUC ;;Exact year stated;彰国躍. 上海 の道路命 名年表—社会言語学的命名論の基礎研究. https://kanagawa-u.repo.nii.ac.jp/record/5850/files/kana-9-8-0004.pdf
531;古驛路;古驿路;GUYI;LU;;;;;1964;;邑城;路;邑城;路;邑城路;YICHENG;LU;;南市区;-1964;;;;
747;史家弄;史家弄;SHIJIA;LONG;;;;;;;南施家;弄;南施家;弄;南施家弄;NANSHIJIA;LONG;;南市区;;;;;
1603;合作路;合作路;HEZUO;LU;;;;1940;1943;;黃興;路;黄兴;路;黄兴路;HUANGXING;LU;;杨浦区;1940-1945;;;Exact year stated;彰国躍. 上海 の道路命 名年表—社会言語学的命名論の基礎研究. https://kanagawa-u.repo.nii.ac.jp/record/5850/files/kana-9-8-0004.pdf
576;吉慶路;吉庆路;JIQING;LU;;;;;;;夢花;街;梦花;街;梦花街（西段）;MENGHUA ;JIE;XIDUAN;南市区;;;;;
332;吉祥街;吉祥街;PODI;LU;PETIT;French Concession;RUE;1859;1943;;江西;南路;江西;南路;江西南路;JIANGXI;NANLU;;黄浦区;1872年内;RUE PETIT;;Exact year stated;彰国躍. 上海 の道路命 名年表—社会言語学的命名論の基礎研究. https://kanagawa-u.repo.nii.ac.jp/record/5850/files/kana-9-8-0004.pdf
1552;同化路;同化路;TONGHUA;LU;;;;1940;1943;;國定;路;国定;路;国定路;GUODING;LU;;杨浦区;1940-1945;;;Exact year stated;彰国躍. 上海 の道路命 名年表—社会言語学的命名論の基礎研究. https://kanagawa-u.repo.nii.ac.jp/record/5850/files/kana-9-8-0004.pdf
465;同孚路;同孚路;TONGFU;LU;YATES;International Settlement;ROAD;1869;1943;;石門;一路;石门;一路;石门一路;SHIMEN;YILU;;静安区;;YATES ROAD;;Exact year stated;彰国躍. 上海 の道路命 名年表—社会言語学的命名論の基礎研究. https://kanagawa-u.repo.nii.ac.jp/record/5850/files/kana-9-8-0004.pdf
1098;同德路;同德路;TONGDE;LU;;;;1943;1950;;丹徒;路;丹徒;路;丹徒路133弄;DANTU;LU;133 LONG;虹口区;1943-1950;;;;
781;同心路;同心路;TONGXIN;LU;;;;1930;;;同濟;路;同济;路;同济路;TONGJI;LU;;吴淞区;;;;Named within the decade;彰国躍. 上海 の道路命 名年表—社会言語学的命名論の基礎研究. https://kanagawa-u.repo.nii.ac.jp/record/5850/files/kana-9-8-0004.pdf
1590;同新路;同新路;TONGXIN;LU;;;;1927;;;武夷;路;武夷;路;武夷路;WUYI;LU;;长宁区;1927年前后;;;;
784;同普路;同普路;TONGPU;LU;;;;1955;;;同濟;路;同济;路;同济路;TONGJI;LU;;吴淞区;;;;Exact year stated;彰国躍. 上海 の道路命 名年表—社会言語学的命名論の基礎研究. https://kanagawa-u.repo.nii.ac.jp/record/5850/files/kana-9-8-0004.pdf
74;同桂路;同桂路;TONGGUI;LU;CHIN CHOW;French Concession;RUE;1860;1943;;周浦;路;周浦;路;周浦路;ZHOUPU;LU;;南市区;;RUE CHINCHEW;;;
551;同泰弄;同泰弄;TONGTAI;LONG;;;;;;2006;同泰;路;同泰;路;同泰路;TONGTAI;LU;;吴淞区;;;;;
758;同濟路;同济路;TONGJI;LU;;;;1915;1961;;同心;路;同心;路;同心路;TONGXIN;LU;;虹口区;1915-1961;;;Exact year stated;彰国躍. 上海 の道路命 名年表—社会言語学的命名論の基礎研究. https://kanagawa-u.repo.nii.ac.jp/record/5850/files/kana-9-8-0004.pdf
1485;同興路;同兴路;TONGXING;LU;;;;1956;1980;;同江;路;同江;路;同江路;TONGJIANG;LU;;吴淞区;1956-1980;;;;
1393;吟桂路;吟桂路;YINGUI;LU;;;;1911;1960;;秦關;路;秦关;路;秦关路;QINGUAN;LU;;虹口区;1911-20世纪60年代;;;Exact year stated;彰国躍. 上海 の道路命 名年表—社会言語学的命名論の基礎研究. https://kanagawa-u.repo.nii.ac.jp/record/5850/files/kana-9-8-0004.pdf
999;吳家弄;吴家弄;WUJIA;LONG;;;;1923;1983;;東吳家;弄;东吴家;弄;东吴家弄;DONGWUJIA;LONG;;黄浦区;1923-1983;;;;
515;吳淞外灘馬路;吴淞外滩马路;WUSONGWAITAN;MALU;;;;1889;1950;;淞浦;路;淞浦;路;淞浦路;SANGPU;LU;;吴淞区;1889-1950;;;;
305;吳淞江路;吴淞江路;WUSONGJIANG;LU;OU SONG KIANG;French Concession;RUE;1921;1943;;太倉;路;太仓;路;太仓路(东段);TAICANG ;LU;DONGDUAN;卢湾区;1921-1946;RUE DUSONG KIANG;;;
749;吾園弄;吾园弄;WUYUAN;LONG;;;;;;2006;吾園;街;吾园;街;吾园街;WUYUAN;JIE;;南市区;;;;;
236;呂宋路;吕宋路;LVSONG;LU;LUZON;International Settlement;ROAD;1898;1943;;連雲;路;连云;路;连云路;LIANYUN;LU;;黄浦区;1898-1943;LUZON ROAD;;Exact year stated;彰国躍. 上海 の道路命 名年表—社会言語学的命名論の基礎研究. https://kanagawa-u.repo.nii.ac.jp/record/5850/files/kana-9-8-0004.pdf
104;呂班路;吕班路;LÜBAN;LU;DUBAIL;French Concession;AVENUE;1904;1943;;重慶;南路;重庆;南路;重庆南路;CHONGQING;NANLU;;卢湾区;1902-1943;AVENUE DUBAIL;;Exact year stated;彰国躍. 上海 の道路命 名年表—社会言語学的命名論の基礎研究. https://kanagawa-u.repo.nii.ac.jp/record/5850/files/kana-9-8-0004.pdf
1583;呂西納路;吕西纳路;LÜXINAI;LU;;;;1912;1943;;利西;路;利西;路;利西路;LIXI;LU;;长宁区;1912年后-1943;;;Exact year stated;彰国躍. 上海 の道路命 名年表—社会言語学的命名論の基礎研究. https://kanagawa-u.repo.nii.ac.jp/record/5850/files/kana-9-8-0004.pdf
1117;周家嘴路;周家嘴路;ZHOUJIAZUI;LU;;;;1923;1954;;定海港;路;定海港;路;定海港路(东段);DINGHAIGANG ;LU;DONGDUAN;杨浦区;1923-1954;;;Exact year stated;彰国躍. 上海 の道路命 名年表—社会言語学的命名論の基礎研究. https://kanagawa-u.repo.nii.ac.jp/record/5850/files/kana-9-8-0004.pdf
1633;周家嘴路;周家嘴路;ZHOUJIAZUI;LU;;;;1936;1961;;長陽;路;长阳;路;长阳路(中段);CHANGYANG;LU;ZHONGDUAN;杨浦区;1936-1961;;;Exact year stated;彰国躍. 上海 の道路命 名年表—社会言語学的命名論の基礎研究. https://kanagawa-u.repo.nii.ac.jp/record/5850/files/kana-9-8-0004.pdf
1357;周家宅;周家宅;ZHOUJIA;ZHAI;;;;1905;1935;;仁德;路;仁德;路;仁德路;RENDE;LU;;虹口区;1905-1935;;;Exact year stated;彰国躍. 上海 の道路命 名年表—社会言語学的命名論の基礎研究. https://kanagawa-u.repo.nii.ac.jp/record/5850/files/kana-9-8-0004.pdf
1386;周家灣路;周家湾路;ZHOUJIAWAN;LU;;;;;;2006;周家渡鎮;路;周家渡镇;路;周家渡镇路;ZHOUJIADUZHEN;LU;;南市区;;;;;
740;和尚浜;和尚浜;HESHANG;BANG ;;;;;;;河南;南路;河南;南路;河南南路;HENAN;NANLU;;闸北区;;;;;
1002;和尚浜;和尚浜;HESHANG;BANG;;;;;;;大境;路;大境;路;大境路（东段）;DAJING ;LU;DONGDUAN;闸北区;;;;;
309;和平街;和平街;HEPING;JIE;PAIX;French Concession;RUE;;1943;;平湖;路;平湖;路;平湖路;PINGHU;LU;;南市区;;RUE DE LA PAIX;;;
680;和平路;和平路;HEPING;LU;;;;;;;復興;東路;复兴;东路;复兴东路(西段);FUXING ;DONGLU;XIDUAN;南市区;;;;;
1121;和田路;和田路;HETIAN;LU;;;;1959;1984;;廣延;路;广延;路;广延路;GUANGYAN;LU;;闸北区;1959-1984;;;Exact year stated;彰国躍. 上海 の道路命 名年表—社会言語学的命名論の基礎研究. https://kanagawa-u.repo.nii.ac.jp/record/5850/files/kana-9-8-0004.pdf
974;和闐路;和阗路;HETIAN;LU;;;;1953;1959;;西和田;路;西和田;路;西和田路;XIHETIAN;LU;;闸北区;1953-1959;;;Exact year stated;彰国躍. 上海 の道路命 名年表—社会言語学的命名論の基礎研究. https://kanagawa-u.repo.nii.ac.jp/record/5850/files/kana-9-8-0004.pdf
1035;和闐路;和阗路;HETIAN;LU;;;;1953;1959;;廣延;路;广延;路;广延路;GUANGYAN;LU;;闸北区;1953-1959;;;Exact year stated;彰国躍. 上海 の道路命 名年表—社会言語学的命名論の基礎研究. https://kanagawa-u.repo.nii.ac.jp/record/5850/files/kana-9-8-0004.pdf
1419;和闐路;和阗路;HETIAN;LU;;;;1953;1959;;和田;路;和田;路;和田路;HETIAN;LU;;闸北区;1953-1959;;;Exact year stated;彰国躍. 上海 の道路命 名年表—社会言語学的命名論の基礎研究. https://kanagawa-u.repo.nii.ac.jp/record/5850/files/kana-9-8-0004.pdf
1566;咸陽路;咸阳路;XIANYANG;LU;;;;1943;1946;;陝西;南路;陕西;南路;陕西南路;SHAANXI;NANLU;;徐汇、卢湾区;1943-1946;;;Exact year stated;彰国躍. 上海 の道路命 名年表—社会言語学的命名論の基礎研究. https://kanagawa-u.repo.nii.ac.jp/record/5850/files/kana-9-8-0004.pdf
158;哈同路;哈同路;HATONG;LU;HARDOON;International Settlement;ROAD;1914;;;銅仁;路;铜仁;路;铜仁路;TONGREN;LU;;静安区;;HARDOON ROAD;;Exact year stated;彰国躍. 上海 の道路命 名年表—社会言語学的命名論の基礎研究. https://kanagawa-u.repo.nii.ac.jp/record/5850/files/kana-9-8-0004.pdf
83;哥倫比亞路;哥伦比亚路;GELUNBIYA;LU;COLUMBIA;International Settlement;ROAD;1925;1943;;番禺;路;番禺;路;番禺路;FANYU;LU;;长宁、徐汇区;1925-1943;COLUMBIA ROAD;;;
1627;唐姚弄;唐姚弄;TANGYAO;LONG;;;;;;;生義碼頭;街;生义码头;街;生义码头街;SHENGYI MATOU;JIE;;南市区;;;;;
514;唐家弄;唐家弄;TANGJIA;LONG;;;;;;;東唐家;弄;东唐家;弄;东唐家弄;DONGTANGJIA;LONG;;南市区;;;;;
1200;唐家弄;唐家弄;TANGJIA;LONG;;;;1890;1910;;天潼;路;天潼;路;天潼路;TIANTONG;LU;;闸北区;19世纪末-20世纪初;;;;
1472;唐家弄;唐家弄;TANGJIA;LU;;;;;;;西唐家;弄;西唐家;弄;西唐家弄;XITANGJIA;LONG;;南市区;;;;;
989;善堂路;善堂路;SHANTANG;LU;;;;1932;1964;;浦城;路;浦城;路;浦城路;PUCHENG;LU;;黄浦区;1964年前;;;Named around the stated year;彰国躍. 上海 の道路命 名年表—社会言語学的命名論の基礎研究. https://kanagawa-u.repo.nii.ac.jp/record/5850/files/kana-9-8-0004.pdf
372;善鍾路;善钟路;SHANZHONG;LU;SAY-ZOONG;French Concession;ROUTE;1901;1943;;常熟;路;常熟;路;常熟路;CHANGSHU;LU;;徐汇区;1901-1943;ROUTE DE SAY-ZOONG;;;
214;喇格納路;喇格纳路;LAGENA;LU;LAGRENE;French Concession;RUE;1906;1943;;崇德;路;崇德;路;崇德路;CHONGDE;LU;;卢湾区;1906-1943;RUE LAGRENE;;Exact year stated;彰国躍. 上海 の道路命 名年表—社会言語学的命名論の基礎研究. https://kanagawa-u.repo.nii.ac.jp/record/5850/files/kana-9-8-0004.pdf
1292;喬家柵弄;乔家栅弄;QIAOJIAZHA;LONG;;;;;;2006;喬家柵;;乔家栅;;乔家栅;QIAOJIAZHA;;;南市区;;;;;
1524;喬家浜;乔家浜;QIAOJIA ;BANG;;;;;;2006;喬家;路;乔家;路;乔家路;QIAOJIA;LU;;南市区;;;;;
1367;喬敦路;乔敦路;QIAODUN;LU;;;;1925;1930;;淮海;西路;淮海;西路;淮海西路;HUAIHAI;XILU;;长宁、徐汇区;1925-1930;;;Exact year stated;彰国躍. 上海 の道路命 名年表—社会言語学的命名論の基礎研究. https://kanagawa-u.repo.nii.ac.jp/record/5850/files/kana-9-8-0004.pdf
1297;嘉定路;嘉定路;JIADING;LU;;;;1943;;;石門;二路;石门;二路;石门二路;SHIMEN;ERLU;;静安区;;;;Exact year stated;彰国躍. 上海 の道路命 名年表—社会言語学的命名論の基礎研究. https://kanagawa-u.repo.nii.ac.jp/record/5850/files/kana-9-8-0004.pdf
1063;嘉魚街;嘉鱼街;JIAYU;JIE;;;;1943;;;嘉魚;路;嘉鱼;路;嘉鱼路;JIAYU;LU;;南市区;;;;Exact year stated;彰国躍. 上海 の道路命 名年表—社会言語学的命名論の基礎研究. https://kanagawa-u.repo.nii.ac.jp/record/5850/files/kana-9-8-0004.pdf
506;嚴家弄;严家弄;YANJIA;LONG;;;;;;;豬作;弄;猪作;弄;猪作弄21弄;ZHUZUO ;LONG;21 LONG;南市区;;;;;
1481;嚴家閣路;严家阁路;YANJIAGE;LU;;;;1915;1968;;芷江;中路;芷江;中路;芷江中路;ZHIJIANG;ZHONGLU;;闸北区;1915-1968;;;Exact year stated;彰国躍. 上海 の道路命 名年表—社会言語学的命名論の基礎研究. https://kanagawa-u.repo.nii.ac.jp/record/5850/files/kana-9-8-0004.pdf
1606;四卡子路;四卡子路;SIKAZI;LU;;;;1910;1943;;鴨綠江;路;鸭绿江;路;鸭绿江路;YALVJIANG;LU;;虹口区;20世纪初-1945;;;Exact year stated;彰国躍. 上海 の道路命 名年表—社会言語学的命名論の基礎研究. https://kanagawa-u.repo.nii.ac.jp/record/5850/files/kana-9-8-0004.pdf
405;四川路;四川路;SICHUAN;LU;SZECHUEN;International Settlement;ROAD;1865;1943;2006;四川;中路;四川;中路;四川中路;SICHUAN;ZHONGLU;;黄浦区;;;;Exact year stated;彰国躍. 上海 の道路命 名年表—社会言語学的命名論の基礎研究. https://kanagawa-u.repo.nii.ac.jp/record/5850/files/kana-9-8-0004.pdf
1584;四德來路;四德来路;SIDELAI;LU;;;;;;;惠民;路;惠民;路;惠民路117弄;HUIMIN;LU;117 LONG;虹口区;;;;;
1223;四德豐弄堂;四德丰弄堂;SIDEFENGTANG;LONGTANG;;;;1850;1909;;頭壩;路;头坝;路;头坝路;TOUBA;LU;;虹口区;19世纪-20世纪清末;;;;
1693;四馬路;四马路;SIMA;LU;;;;1865;1949;;福州;路;福州;路;福州路;FUZHOU;LU;;黄浦区;1865-1949;;;Exact year stated;彰国躍. 上海 の道路命 名年表—社会言語学的命名論の基礎研究. https://kanagawa-u.repo.nii.ac.jp/record/5850/files/kana-9-8-0004.pdf
195;國富門路;国富门路;GUOFUMEN;LU;KAUFMAN;French Concession;RUE;1930;1943;;安亭;路;安亭;路;安亭路;ANTING;LU;;徐汇区;-1930;RUE KAUFMAN;;Exact year stated;彰国躍. 上海 の道路命 名年表—社会言語学的命名論の基礎研究. https://kanagawa-u.repo.nii.ac.jp/record/5850/files/kana-9-8-0004.pdf
1568;國惠路;国惠路;GUOHUI;LU;;;;1939;1946;;國權;路;国权;路;国权路;GUOQUAN;LU;;杨浦区;1939-1946;;;;
1614;國本路;国本路;GUOBEN ;LU;;;;1946;1950;;政法;路;政法;路;政法路;ZHENGFA;LU;;杨浦区;1946-1950;;;Exact year stated;彰国躍. 上海 の道路命 名年表—社会言語学的命名論の基礎研究. https://kanagawa-u.repo.nii.ac.jp/record/5850/files/kana-9-8-0004.pdf
1638;國本路;国本路;GUOBEN;LU;;;;1931;1950;;政本;路;政本;路;政本路;ZHENGBEN;LU;;杨浦区;1931-1950;;;Exact year stated;彰国躍. 上海 の道路命 名年表—社会言語学的命名論の基礎研究. https://kanagawa-u.repo.nii.ac.jp/record/5850/files/kana-9-8-0004.pdf
872;國泰路;国泰路;GUOTAI;LU;;;;1946;;;國權;後路;国权;后路;国权后路;GUOQUAN;HOULU;;杨浦区;-1946;;;Exact year stated;彰国躍. 上海 の道路命 名年表—社会言語学的命名論の基礎研究. https://kanagawa-u.repo.nii.ac.jp/record/5850/files/kana-9-8-0004.pdf
1495;國清路;国清路;GUOQING;LU;;;;1940;1980;;國達;路;国达;路;国达路;GUODA;LU;;杨浦区;1940-1980;;;Exact year stated;彰国躍. 上海 の道路命 名年表—社会言語学的命名論の基礎研究. https://kanagawa-u.repo.nii.ac.jp/record/5850/files/kana-9-8-0004.pdf
1318;國濟北路;国济北路;GUOJI;BEILU;;;;1931;1982;;國濟;路;国济;路;国济路;GUOJI;LU;;杨浦区;1931-1982;;;Exact year stated;彰国躍. 上海 の道路命 名年表—社会言語学的命名論の基礎研究. https://kanagawa-u.repo.nii.ac.jp/record/5850/files/kana-9-8-0004.pdf
1184;園子弄;园子弄;YUANZI;LONG;;;;;;;三牌樓;路;三牌楼;路;三牌楼路61弄;SANPAILOU;LU;61 LONG;南市区;;;;;
470;圓明園路;圆明园路;YUANMINGYUAN;LU;YUEN MING YUEN;International Settlement;ROAD;;1943;2006;圓明園;路;圆明园;路;圆明园路;YUANMINGYUAN;LU;;黄浦区;;;;;
1582;圖雷納路;图雷纳路;TULEINA;LU;;;;1872;1876;;福建;南路;福建;南路;福建南路;FUJIAN;NANLU;;黄浦区;1872-1876;;;Exact year stated;彰国躍. 上海 の道路命 名年表—社会言語学的命名論の基礎研究. https://kanagawa-u.repo.nii.ac.jp/record/5850/files/kana-9-8-0004.pdf
512;土地堂后街;土地堂后街;TUDITANG;HOUJIE;;;;;;;北石皮;弄;北石皮;弄;北石皮弄;BEISHIPI;LONG;;南市区;;;;;
541;土地堂后街;土地堂后街;TUDITANG;HOUJIE;;;;;;;海興;街;海兴;街;海兴后街;HAIXING;HOUJIE;;黄浦区;;;;;
1402;土地堂街;土地堂街;TUDITANG;JIE;;;;;1952;;海興;北路;海兴;北路;海兴北路;HAIXING;BEILU;;黄浦区(浦东);1952年前;;;;
1518;土地堂街;土地堂街;TUDITANG;JIE;;;;;1964;;薛弄;底街;薛弄;底街;薛弄底街（西段）;XUELONG;DIJIE;XIDUAN;南市区;-1964;;;;
912;地方廳路;地方厅路;DIFANGTING;LU;;;;;;;斜土;東路;斜土;东路;斜土东路（东路）;XIETU;DONGLU;DONGLU;南市区;;;;;
419;地豐路;地丰路;DIFENG;LU;TIFONG;International Settlement;ROAD;;1943;;烏魯木齊;北路;乌鲁木齐;北路;乌鲁木齐北路;WULUMUQI;BEILU;;静安区;;TIFONG ROAD;;;
718;坑甏弄;坑甏弄;KENGBENG;LONG;;;;;;;俞家;弄;俞家;弄;俞家弄88弄;YUJIALONG ;LONG;88 LONG;南市区;;;;;
1592;垃圾塘街;垃圾塘街;LAJITANG;JIE;;;;1912;1958;;福康;北路;福康;北路;福康北路（南段）;FUKANG ;BEILU;NANDUAN;黄浦区;1912-1958;;;Exact year stated;彰国躍. 上海 の道路命 名年表—社会言語学的命名論の基礎研究. https://kanagawa-u.repo.nii.ac.jp/record/5850/files/kana-9-8-0004.pdf
1579;城根路;城根路;CHENGGEN;LU;;;;;;;;;;;;;;;;;;;;
921;城河浜;城河浜;CHENGHE;BANG ;;;;;;;人民中華;路;人民中华;路;人民路中华路;RENMINHUA;LU;;南市区;;;;;
1483;培基路;培基路;PEIJI;LU;;;;1930;1967;;班溪;路;班溪;路;班溪路;BANXI;LU;;吴淞区;1930-1967;;;Exact year stated;彰国躍. 上海 の道路命 名年表—社会言語学的命名論の基礎研究. https://kanagawa-u.repo.nii.ac.jp/record/5850/files/kana-9-8-0004.pdf
1657;塘山路;塘山路;TANGSHAN;LU;;;;1910;1946;2006;唐山;路;唐山;路;唐山路;TANGSHAN;LU;;虹口、杨浦区;20世纪初-1946;;;Exact year stated;彰国躍. 上海 の道路命 名年表—社会言語学的命名論の基礎研究. https://kanagawa-u.repo.nii.ac.jp/record/5850/files/kana-9-8-0004.pdf
1061;塘橋路;塘桥路;TANGQIAO;LU;;;;;;2006;塘橋;新路;塘桥;新路;塘桥新路;TANGQIAO;XINLU;;南市区;;;;;
777;填嘉浜路;填嘉浜路;TIANJIABANG;LU;;;;;;;萬生橋;路;万生桥;路;万生桥路;WANSHENGQIAO;LU;;南市区;;;;;
80;墳山路;坟山路;FENSHAN;LU;CIMETIERE;French Concession;;1865;1920-26;;龍門;路;龙门;路;龙门路;LONGMEN;LU;;黄浦、卢湾区;1898-1943;RUE MARCO POLO;;Exact year stated;彰国躍. 上海 の道路命 名年表—社会言語学的命名論の基礎研究. https://kanagawa-u.repo.nii.ac.jp/record/5850/files/kana-9-8-0004.pdf
283;墳山路;坟山路;FENSHAN;LU;NEW CEMETERY;International Settlement;ROAD;1865;;;;;;;;;;;;;;;Exact year stated;彰国躍. 上海 の道路命 名年表—社会言語学的命名論の基礎研究. https://kanagawa-u.repo.nii.ac.jp/record/5850/files/kana-9-8-0004.pdf
696;墳山路;坟山路;FENSHAN;LU;;;;1887;1902;;武勝;路;武胜;路;武胜路;WUSHENG;LU;;黄浦区;1887-1902;;;Exact year stated;彰国躍. 上海 の道路命 名年表—社会言語学的命名論の基礎研究. https://kanagawa-u.repo.nii.ac.jp/record/5850/files/kana-9-8-0004.pdf
667;壩基橋北橋;坝基桥北桥;BAJIQIAO;BEIQIAO;;;;;;;復興;東路;复兴;东路;复兴东路264弄;FUXING;DONGLU;264 LONG;南市区;;;;;
986;壩基橋街;坝基桥街;BAJIQIAO;JIE;;;;;;;白渡;路;白渡;路;白渡路(西段);BAIDU ;LU;XIDUAN;南市区;;;;;
1687;士慶路;士庆路;SHIQING;LU;;;;1912;1950;;海倫;西路;海伦;西路;海伦西路;HAILUN;XILU;;虹口区;1912-1950;;;Exact year stated;彰国躍. 上海 の道路命 名年表—社会言語学的命名論の基礎研究. https://kanagawa-u.repo.nii.ac.jp/record/5850/files/kana-9-8-0004.pdf
765;外桂枝路;外桂枝路;WAIGUIZHI;LU;;;;;;;桂枝;路;桂枝;路;桂枝路;GUIZHI;LU;;吴淞区;;;;;
47;外灘;外滩;WAITAN ;;BUND;International Settlement;;1848;1943;;中山;東一路;中山;东一路;中山东一路;ZHONGSHAN;DONGYILU;;黄浦区;1848-1865;THE BUND;pbw;Exact year stated;彰国躍. 上海 の道路命 名年表—社会言語学的命名論の基礎研究. https://kanagawa-u.repo.nii.ac.jp/record/5850/files/kana-9-8-0004.pdf
1448;外灘路;外滩路;WAITAN ;LU;;;;;1956;;浦江;路;浦江;路;浦江路;PUJIANG;LU;;闵行区;-1956;;;;
553;外生義弄;外生义弄;WAISHENGYI;LONG;;;;;;;生義碼頭;街;生义码头;街;生义码头街（东段）;SHENGYI MATOU ;JIE;DONGDUAN;南市区;;;;;
1320;外馬路;外马路;WAIMA;LU;;;;1889;1950;;淞浦;路;淞浦;路;淞浦路;SONGPU;LU;;吴淞区;1889-1950;;;Exact year stated;彰国躍. 上海 の道路命 名年表—社会言語学的命名論の基礎研究. https://kanagawa-u.repo.nii.ac.jp/record/5850/files/kana-9-8-0004.pdf
594;夢花樓北街;梦花楼北街;MENGHUALOU;BEIJIE;;;;;;;夢花;街;梦花;街;梦花街（东段）;MENGHUA ;JIE;DONGDUAN;南市区;;;;;
534;大上海支路;大上海支路;DASHANGHAILU;ZHILU;;;;1943;;;長江;支路;长江;支路;长江支路;CHANGJIANG ;ZHILU;;吴淞区;;;;Exact year stated;彰国躍. 上海 の道路命 名年表—社会言語学的命名論の基礎研究. https://kanagawa-u.repo.nii.ac.jp/record/5850/files/kana-9-8-0004.pdf
635;大上海支路;大上海支路;DASHANGHAILU;ZHILU;;;;1943;;;長江;南路;长江;南路;长江南路;CHANGJIANG;NANLU;;吴淞区;;;;Exact year stated;彰国躍. 上海 の道路命 名年表—社会言語学的命名論の基礎研究. https://kanagawa-u.repo.nii.ac.jp/record/5850/files/kana-9-8-0004.pdf
991;大上海西路;大上海西路;DASHANGHAI;XILU;;;;1964;;;長江;西路;长江;西路;长江西路;CHANGJIANG;XILU;;吴淞区;;;;Exact year stated;彰国躍. 上海 の道路命 名年表—社会言語学的命名論の基礎研究. https://kanagawa-u.repo.nii.ac.jp/record/5850/files/kana-9-8-0004.pdf
502;大上海路;大上海路;DASHANGHAI;LU;;;;1943;1943;;延安;東路;延安;东路;延安东路;YAN'AN;DONGLU;;黄浦区;1943-1945;;;Exact year stated;彰国躍. 上海 の道路命 名年表—社会言語学的命名論の基礎研究. https://kanagawa-u.repo.nii.ac.jp/record/5850/files/kana-9-8-0004.pdf
1417;大上海路;大上海路;DASHANGHAI;LU;;;;1943;1960;;長江;路;长江;路;长江路;CHANGJIANG;LU;;吴淞区;1943-1960;;;Exact year stated;彰国躍. 上海 の道路命 名年表—社会言語学的命名論の基礎研究. https://kanagawa-u.repo.nii.ac.jp/record/5850/files/kana-9-8-0004.pdf
1520;大佛廠前街;大佛厂前街;DAFOCHANG;QIANJIE;;;;1907;1964;;大昌;街;大昌;街;大昌街;DACHANG;JIE;;南市区;1907-1964;;;;
993;大佛廠東街;大佛厂东街;DAFOCHANG;DONGJIE;;;;1907;1964;;跨龍;路;跨龙;路;跨龙路;KUALONG;LU;;南市区;1907-1964;;;;
729;大佛廠街;大佛厂街;DAFOCHANG;JIE;;;;1907;1964;;跨龍;路;跨龙;路;跨龙路（中段）;KUALONG ;LU;ZHONGDUAN;杨浦区;1907-1964;;;;
902;大南門外大街;大南门外大街;DANANMENWAI;DAJIE;;;;1907;1964;;跨龍;路;跨龙;路;跨龙路（北段）;KUALONG ;LU;BEIDUAN;南市区;1907-1964;;;;
1196;大南門大街;大南门大街;DANANMEN;DAJIE;;;;;;;光啓;南路;光启;南路;光启南路（南段）;GUANGQI ;NANLU;NANDUAN;南市区;;;;;
906;大同路;大同路;DATONG;LU;;;;1929;1952;;雙陽;路;双阳;路;双阳路;SHUANGYANG;LU;;静安区;1929-1952;;;Exact year stated;彰国躍. 上海 の道路命 名年表—社会言語学的命名論の基礎研究. https://kanagawa-u.repo.nii.ac.jp/record/5850/files/kana-9-8-0004.pdf
1404;大同路;大同路;DATONG;LU;;;;1943;;;北京西;路;北京西;路;北京西路;BEIJING ;XILU;DONGDUAN;黄浦、静安区;;;;Exact year stated;彰国躍. 上海 の道路命 名年表—社会言語学的命名論の基礎研究. https://kanagawa-u.repo.nii.ac.jp/record/5850/files/kana-9-8-0004.pdf
1007;大名路;大名路;DAMING;LU;;;;1940;1943;;淞滬;路;淞沪;路;淞沪路;SONGHU;LU;;杨浦区;1940-1945;;;;
1301;大教場;大教场;DAJIAOCHANG;;;;;;;;南倉;街;南仓;街;南仓街西仓基弄;NANCANGCANGJI;JIE;XICANGJI LONG;南市区;;;;;
1593;大新街;大新街;DAXIN;JIE;;;;1862;1865;;湖北;路;湖北;路;湖北路（北段）;HUBEI ;LU;BEIDUAN;黄浦区;1862-1865;;;;
951;大李家宅;大李家宅;DALIJIA;ZHAI;;;;;;;三益;路;三益;路;三益路;SANYI;LU;;吴淞区;;;;;
650;大東門大街;大东门大街;DADONGMEN;DAJIE;;;;;;;復興;東路;复兴;东路;复兴东路（东段）;FUXING ;DONGLU;DONGDUAN;南市区;;;;;
702;大樹路;大树路;DASHU;LU;;;;;;;麪筋;弄;面筋;弄;面筋弄12弄;MIANJIN;LONG;12 LONG;南市区;;;;;
773;大正通;大正通;DAZHENG;TONG;;;;1939;1940;;三門;路;三门;路;三门路;SANMEN;LU;;杨浦区;1939-1940;;;Exact year stated;彰国躍. 上海 の道路命 名年表—社会言語学的命名論の基礎研究. https://kanagawa-u.repo.nii.ac.jp/record/5850/files/kana-9-8-0004.pdf
17;大沽路;大沽路;DAGU;LU;ARCO (D');French Concession;RUE;1920;1943;;大沽;路;大沽;路;大沽路;TAIGU;LU;;静安区;;;;Exact year stated;彰国躍. 上海 の道路命 名年表—社会言語学的命名論の基礎研究. https://kanagawa-u.repo.nii.ac.jp/record/5850/files/kana-9-8-0004.pdf
407;大沽路;大沽路;TAIGU;LU;TAKOU;French Concession;RUE;1862;1943;;高橋;路;高桥;路;高桥路;GAOQIAO;LU;;南市区;-1964;TAKOU RUE;;Exact year stated;彰国躍. 上海 の道路命 名年表—社会言語学的命名論の基礎研究. https://kanagawa-u.repo.nii.ac.jp/record/5850/files/kana-9-8-0004.pdf
408;大沽路;大沽路;DAGU;LU;TAKU;International Settlement;ROAD;1949;1943;2006;大沽;路;大沽;路;大沽路;DAGU;LU;;;;;;Exact year stated;彰国躍. 上海 の道路命 名年表—社会言語学的命名論の基礎研究. https://kanagawa-u.repo.nii.ac.jp/record/5850/files/kana-9-8-0004.pdf
717;大王廟街;大王庙街;DAWANGMIAO;JIE;;;;;1964;;大德;路;大德;路;大德路;DADE;LU;;南市区;-1964;;;;
1171;大王廟路;大王庙路;DAWANGMIAO;LU;;;;;1905;;成都;北路;成都;北路;成都北路（北段）;CHENGDU ;BEILU;BEIDUAN;黄浦、静安区;1905年前;;;;
699;大生弄;大生弄;DASHENG;LONG;;;;;;;寶帶;弄;宝带;弄;宝带弄;BAODAI;LONG;;南市区;;;;;
953;大生弄;大生弄;DASHENG;LONG;;;;;;;梧桐;路;梧桐;路;梧桐路（东段）;WUTONG ;LU;DONGDUAN;南市区;;;;;
638;大白柵;大白栅;DABAIZHA;;;;;;;;望雲;路;望云;路;望云路72-74弄;WANGYUN ;LU;72-74 LONG;南市区;;;;;
1350;大碼頭大街;大码头大街;DAMATOU;DAJIE;;;;;1943;;復興;東路;复兴;东路;复兴东路（东段）;FUXING  ;DONGLU;DONGDUAN;南市区;-1945;;;;
957;大維路;大维路;DAWEI;LU;;;;;;;軍工;路;军工;路;军工路;JUNGONG;LU;;杨浦区;;;;;
1414;大興街;大兴街;DAXING;LU;;;;1850;1910;;北海寧;路;北海宁;路;北海宁路;BEIHAINING;LU;;虹口区;19世纪中叶-20世纪初;;;;
1381;大興路;大兴路;DAXING;LU;;;;1943;1943;;復興;中路;复兴;中路;复兴中路;FUXING;ZHONGLU;;徐汇、卢湾区;1943-1945;;;Exact year stated;彰国躍. 上海 の道路命 名年表—社会言語学的命名論の基礎研究. https://kanagawa-u.repo.nii.ac.jp/record/5850/files/kana-9-8-0004.pdf
240;大華路;大华路;DAHUA;LU;MAJESTIC;International Settlement;ROAD;;1943;;南匯;路;南汇;路;南汇路;NANHUI;LU;;静安区;;MAJESTIC ROAD;;;
948;大街;大街;DAJIE;;;;;;;;淞興;路;淞兴;路;淞兴路;SONGXING;LU;;吴淞区;;;;;
308;大裕興街;大裕兴街;DAYUXING;JIE;PAIX;French Concession;RUE;;1943;;平湖;路;平湖;路;平湖路;PINGHU;LU;;南市区;;RUE DE LA PAIX;;;
143;大西路;大西路;DAXI;LU;GREAT WESTERN;International Settlement;ROAD;1910;1920;;延安;中路;延安;中路;延安中路;YAN'AN;ZHONGLU;;卢湾区;1910-1920;GREAT WESTERN ROAD;;Exact year stated;彰国躍. 上海 の道路命 名年表—社会言語学的命名論の基礎研究. https://kanagawa-u.repo.nii.ac.jp/record/5850/files/kana-9-8-0004.pdf
144;大西路;大西路;DAXI;LU;GREAT WESTERN;International Settlement;ROAD;1922;1943;;延安;西路;延安;西路;延安西路;YAN'AN;XILU;;长宁、静安区;1922-1943;GREAT WESTERN ROAD;;Exact year stated;彰国躍. 上海 の道路命 名年表—社会言語学的命名論の基礎研究. https://kanagawa-u.repo.nii.ac.jp/record/5850/files/kana-9-8-0004.pdf
410;大通路;大通路;DATONG;LU;TATUNG;International Settlement;ROAD;;1943;1950;大田;路;大田;路;大田路;DATIAN;LU;;;;;;;
94;大連灣路;大连湾路;DALIANWAN;LU;DALNY;International Settlement;ROAD;1906;1943;;大連;路;大连;路;大连路;DALIAN;LU;;虹口、杨浦区;1906-1943;DALNY ROAD;;;
1573;大馬路;大马路;DAMA;LU;;;;1850;1865;;中山;南路;中山;南路;中山南路;ZHONGSHAN;NANLU;;南市区;1850年前-1906;;;Exact year stated;彰国躍. 上海 の道路命 名年表—社会言語学的命名論の基礎研究. https://kanagawa-u.repo.nii.ac.jp/record/5850/files/kana-9-8-0004.pdf
1670;大馬路;大马路;DAMA;LU;;;;1862;1865;;南京;東路;南京;东路;南京东路;NANJING;DONGLU;;黄浦区;1862-1949;;;Exact year stated;彰国躍. 上海 の道路命 名年表—社会言語学的命名論の基礎研究. https://kanagawa-u.repo.nii.ac.jp/record/5850/files/kana-9-8-0004.pdf
1411;天主堂東街;天主堂东街;TIANZHUTANG;DONGJIE;;;;;1964;;天生港;東街;天生港;东街;天生港东街;TIANSHENGGANG;DONGJIE;;南市区;-1964;;;;
274;天主堂街;天主堂街;TIANZHUTANG;JIE;MONTAUBAN;French Concession;RUE;1860;1943;;四川;南路;四川;南路;四川南路;SICHUAN;NANLU;;黄浦区;1860-1943;RUE MONTAUBAN;;Exact year stated;彰国躍. 上海 の道路命 名年表—社会言語学的命名論の基礎研究. https://kanagawa-u.repo.nii.ac.jp/record/5850/files/kana-9-8-0004.pdf
783;天主堂街;天主堂街;TIANZHUTANG;JIE;;;;1860;;;天柱山;路;天柱山;路;天柱山路;TIANZHUSHAN;LU;;南市区;;;;Exact year stated;彰国躍. 上海 の道路命 名年表—社会言語学的命名論の基礎研究. https://kanagawa-u.repo.nii.ac.jp/record/5850/files/kana-9-8-0004.pdf
1091;天主堂街;天主堂街;TIANZHUTANG;JIE;;;;1860;;;蒲西;路;蒲西;路;蒲西路;PUXI;LU;;徐汇区;;;;Exact year stated;彰国躍. 上海 の道路命 名年表—社会言語学的命名論の基礎研究. https://kanagawa-u.repo.nii.ac.jp/record/5850/files/kana-9-8-0004.pdf
1319;天主堂街;天主堂街;TIANZHUTANG;JIE;;;;1860;1964;;梧桐;路;梧桐;路;梧桐路（西段）;WUTONG ;LU;XIDUAN;南市区;-1964;;;Exact year stated;彰国躍. 上海 の道路命 名年表—社会言語学的命名論の基礎研究. https://kanagawa-u.repo.nii.ac.jp/record/5850/files/kana-9-8-0004.pdf
1508;天主堂西街;天主堂西街;TIANZHUTANG;XIJIE;;;;;1964;;天生港;西街;天生港;西街;天生港西街;TIANSHENGGANG;XIJIE;;南市区;-1964;;;;
1380;天保路;天保路;TIANBAO;LU;;;;1920;1930;;熱河;路;热河;路;热河路;REHE;LU;;闸北区;约20-30年代;;;Exact year stated;彰国躍. 上海 の道路命 名年表—社会言語学的命名論の基礎研究. https://kanagawa-u.repo.nii.ac.jp/record/5850/files/kana-9-8-0004.pdf
1190;天台路;天台路;TIANTAI;LU;;;;1943;1943;;四川;南路;四川;南路;四川南路;SICHUAN;NANLU;;黄浦区;1943-1945;;;Exact year stated;彰国躍. 上海 の道路命 名年表—社会言語学的命名論の基礎研究. https://kanagawa-u.repo.nii.ac.jp/record/5850/files/kana-9-8-0004.pdf
1644;天同路;天同路;TIANTONG;LU;;;;1920;1951;;天水;路;天水;路;天水路;TIANSHUI;LU;;虹口区;20世纪20年代-1951;;;;
776;天官坊街;天官坊街;TIANGUANFANG;JIE;;;;1911;;;丹鳳;路;丹凤;路;丹凤路(南段);DANFENG;LU;NANDUAN;南市区;;;;Exact year stated;彰国躍. 上海 の道路命 名年表—社会言語学的命名論の基礎研究. https://kanagawa-u.repo.nii.ac.jp/record/5850/files/kana-9-8-0004.pdf
415;天山路;天山路;TIANSHAN;LU;TIEN CHAN;French Concession;RUE;1900;1906;;東臺;路;东台;路;东台路;DONGTAI;LU;;卢湾区;1906-1946;RUE HENNEQUIN;;Exact year stated;彰国躍. 上海 の道路命 名年表—社会言語学的命名論の基礎研究. https://kanagawa-u.repo.nii.ac.jp/record/5850/files/kana-9-8-0004.pdf
1213;天山路;天山路;TIANSHAN;LU;;;;1900;1906;;柳林;路;柳林;路;柳林路;LIULIN;LU;;卢湾区;1900-1906;;;Exact year stated;彰国躍. 上海 の道路命 名年表—社会言語学的命名論の基礎研究. https://kanagawa-u.repo.nii.ac.jp/record/5850/files/kana-9-8-0004.pdf
1587;天文臺路;天文台路;TIANWENTAI;LU;;;;1916;1927;;合肥;路;合肥;路;合肥路;HEFEI;LU;;卢湾区;1916-1927;;;;
416;天津路;天津路;TIANJIN;LU;TIENTSIN;International Settlement;ROAD;1865;1943;2006;滇池;路;滇池;路;滇池路;DIANCHI;LU;;黄浦区;;;;Exact year stated;彰国躍. 上海 の道路命 名年表—社会言語学的命名論の基礎研究. https://kanagawa-u.repo.nii.ac.jp/record/5850/files/kana-9-8-0004.pdf
417;天津路;天津路;TIANJIN;LU;TIENTSIN;International Settlement;ROAD;1865;1943;2006;天津;路;天津;路;天津路;TIANJIN;LU;;黄浦区;;;;Exact year stated;彰国躍. 上海 の道路命 名年表—社会言語学的命名論の基礎研究. https://kanagawa-u.repo.nii.ac.jp/record/5850/files/kana-9-8-0004.pdf
418;天潼路;天潼路;TIANTONG;LU;TIENTUNG;International Settlement;ROAD;1936;1943;1950;天潼;路;天潼;路;天潼路;TIANTONG;LU;;闸北区;1936-1943;;;;
870;天目路;天目路;TIANMU;LU;;;;1943;1964;2006;天目;東路;天目;东路;天目东路;TIANMU;DONGLU;;闸北区;1943-1964;;;Exact year stated;彰国躍. 上海 の道路命 名年表—社会言語学的命名論の基礎研究. https://kanagawa-u.repo.nii.ac.jp/record/5850/files/kana-9-8-0004.pdf
731;太卿坊;太卿坊;TAIQING;FANG;;;;;;;光啓;南路;光启;南路;光启南路（中段）;GUANGQI ;NANLU;ZHONGDUAN;南市区;;;;;
1536;太和街;太和街;TAIHE;JIE;;;;;;;楊樹浦;路;杨树浦;路;杨树浦路461弄;YANGSHUPU;LU;461 LONG;杨浦区;;;;;
1351;太平弄;太平弄;TAIPING;LONG;;;;;;;老太平;弄;老太平;弄;老太平弄;LAOTAIPING;LONG;;南市区;;;;;
608;太平街;太平街;TAIPING;JIE;;;;;;;復興;東路;复兴;东路;复兴东路（中段）;FUXING ;DONGLU;ZHONGDUAN;南市区;;;;;
1531;太陽廟路;太阳庙路;TAIYANGMIAO;LU;;;;1919;1964;;太陽山;路;太阳山;路;太阳山路;TAIYANGSHAN;LU;;闸北区;1919-1964;;;Exact year stated;彰国躍. 上海 の道路命 名年表—社会言語学的命名論の基礎研究. https://kanagawa-u.repo.nii.ac.jp/record/5850/files/kana-9-8-0004.pdf
1632;奉天路;奉天路;FENGTIAN;LU;;;;1930;1950;;遼寧;路;辽宁;路;辽宁路;LIAONING;LU;;虹口区;1930-1950;;;Exact year stated;彰国躍. 上海 の道路命 名年表—社会言語学的命名論の基礎研究. https://kanagawa-u.repo.nii.ac.jp/record/5850/files/kana-9-8-0004.pdf
1107;奎照路;奎照路;KUIZHAO;LU;;;;1932;1968;;奎山;路;奎山;路;奎山路;KUISHAN;LU;;闸北、虹口区;1932-1968;;;Exact year stated;彰国躍. 上海 の道路命 名年表—社会言語学的命名論の基礎研究. https://kanagawa-u.repo.nii.ac.jp/record/5850/files/kana-9-8-0004.pdf
304;奧禮和路;奥礼和路;AOLIHE;LU;ORIOU;French Concession;RUE;1906;1943;;瀏河口;路;浏河口;路;浏河口路;LIUHEKOU;LU;;卢湾区;1906-1946;RUE ORIOU;;;
708;如意弄;如意弄;RUYI;LONG;;;;;;;麪筋;弄;面筋;弄;面筋弄60弄;MIANJIN;LONG;60 LONG;南市区;;;;;
499;如意衚衕;如意胡同;RUYI;HUTONG;;;;;;2006;如意;街;如意;街;如意街;RUYI;JIE;;南市区;;;;;
344;姚主教路;姚主教路;YAOZHUJIAO;LU;PROSPER PARIS (MGR.);French Concession;ROUTE;1907;1943;;天平;路;天平;路;天平路;TIANPING;LU;;徐汇区;1907-1943;ROUTE MGR.PROSPER PARIS;;Exact year stated;彰国躍. 上海 の道路命 名年表—社会言語学的命名論の基礎研究. https://kanagawa-u.repo.nii.ac.jp/record/5850/files/kana-9-8-0004.pdf
1513;姚家庵弄;姚家庵弄;YAOJIA'AN;LONG;;;;;1964;;梭子;北弄;梭子;北弄;梭子北弄;SUOZILONG;BEILONG;;南市区;-1964;;;;
1041;姚家弄;姚家弄;YAOJIA;LONG;;;;1910;;2006;東姚家;弄;东姚家;弄;东姚家弄;DONGYAOJIA;LONG;;南市区;;;;Exact year stated;彰国躍. 上海 の道路命 名年表—社会言語学的命名論の基礎研究. https://kanagawa-u.repo.nii.ac.jp/record/5850/files/kana-9-8-0004.pdf
1284;姚家弄;姚家弄;YAOJIA;LONG;;;;1910;;2006;西姚家;弄;西姚家;弄;西姚家弄;XIYAOJIA;LONG;;南市区;;;;Exact year stated;彰国躍. 上海 の道路命 名年表—社会言語学的命名論の基礎研究. https://kanagawa-u.repo.nii.ac.jp/record/5850/files/kana-9-8-0004.pdf
1088;姚虹路;姚虹路;YAOHONG;LU;;;;1951;1951;;姚虹;西路;姚虹;西路;姚虹西路;YAOHONG;XILU;;长宁路;-1951;;;Exact year stated;彰国躍. 上海 の道路命 名年表—社会言語学的命名論の基礎研究. https://kanagawa-u.repo.nii.ac.jp/record/5850/files/kana-9-8-0004.pdf
453;威妥瑪路;威妥玛路;WEITUOMA;LU;WETMORE;International Settlement;ROAD;1904;1943;;懷德;路;怀德;路;怀德路;HUAIDE;LU;;杨浦区;1904-1943;WETMORE ROAD;;Exact year stated;彰国躍. 上海 の道路命 名年表—社会言語学的命名論の基礎研究. https://kanagawa-u.repo.nii.ac.jp/record/5850/files/kana-9-8-0004.pdf
448;威海衛路;威海卫路;WEIHAIWEI;LU;WEIHAIWEI;International Settlement;ROAD;1913;1943;1950;威海;路;威海;路;威海路;WEIHAI;LU;;黄浦、静安区;1913-1964;;;;
686;孔子路;孔子路;KONGZI;LONG;;;;;;;延安;東路;延安;东路;延安东路;YAN'AN;DONGLU;;黄浦区;;;;;
242;孟德蘭路;孟德兰路;MENGDELAN;LU;MANDALAY;International Settlement;ROAD;1890;1943;;江陰;路;江阴;路;江阴路;JIANGYIN;LU;;黄浦区;19世纪末-1943;MANDALAY ROAD;;;
326;孟神父路;孟神父路;MENGSHENFU;LU;PERE MEUGNIOT;French Concession;RUE;1882;1943;;永善;路;永善;路;永善路;YONGSHAN;LU;;黄浦区;1882-1943;RUE DU PERE MEAGNIAT;;Exact year stated;彰国躍. 上海 の道路命 名年表—社会言語学的命名論の基礎研究. https://kanagawa-u.repo.nii.ac.jp/record/5850/files/kana-9-8-0004.pdf
30;孟買路;孟买路;MENGMAI;LU;BOMBAY;International Settlement;ROAD;1908;1915;;河間;路;河间;路;河间路;HEJIAN;LU;;杨浦区;1908-1915;BOMBAY ROAD;;Exact year stated;彰国躍. 上海 の道路命 名年表—社会言語学的命名論の基礎研究. https://kanagawa-u.repo.nii.ac.jp/record/5850/files/kana-9-8-0004.pdf
273;孟鬥班路;孟斗班路;MENGDOUBAN;LU;MONTAUBAN;French Concession;RUE;1860;1874;;四川;南路;四川;南路;四川南路;SICHUAN;NANLU;;黄浦区;1860-1874;RUE MONTAUBAN;;;
1012;孤山路;孤山路;GUSHAN;LU;;;;1900;1906;;普安;路;普安;路;普安路;PU'AN;LU;;黄浦区;1900-1906;;;Exact year stated;彰国躍. 上海 の道路命 名年表—社会言語学的命名論の基礎研究. https://kanagawa-u.repo.nii.ac.jp/record/5850/files/kana-9-8-0004.pdf
775;孫家浜路;孙家浜路;SUNJIABANG;LU;;;;;;;徐文;路;徐文;路;徐文路;XUWEN;LU;;徐汇区;;;;;
918;學官街;学官街;XUEGUAN;JIE;;;;;;;文廟;路;文庙;路;文庙路;WENMIAO;LU;;南市区;;;;;
828;守署街;守署街;SHOUSHU;JIE;;;;1906;;;尚文;路;尚文;路;尚文路;SHANGWEN;LU;;南市区;;;;Exact year stated;彰国躍. 上海 の道路命 名年表—社会言語学的命名論の基礎研究. https://kanagawa-u.repo.nii.ac.jp/record/5850/files/kana-9-8-0004.pdf
1660;守餘路;守余路;SHOUYU;LU;;;;1945;1949;;水塘;街;水塘;街;水塘街;SHUITANG;JIE;;普陀区;1945-建国前;;;;
1662;守餘路;守余路;SHOUYU;LU;;;;1945;1949;;真江;南路;真江;南路;真江南路;ZHENJIANG;NANLU;;普陀区;1945-建国前;;;;
520;安仁橋弄;安仁桥弄;ANRENQIAO;LONG;;;;;;;安仁;街;安仁;街;安仁街（北段）;ANREN ;LU;BEIDUAN;南市区;;;;;
15;安南路;安南路;ANNAN;LU;ANNAN;International Settlement;ROAD;1917;;;安義;路;安义;路;安义路;ANYI;LU;;静安区;;ANNAN ROAD;;Exact year stated;彰国躍. 上海 の道路命 名年表—社会言語学的命名論の基礎研究. https://kanagawa-u.repo.nii.ac.jp/record/5850/files/kana-9-8-0004.pdf
9;安和寺路;安和寺路;ANHESI;LU;AMHERST;International Settlement;AVENUE;1925;1943;;新華;路;新华;路;新华路;XINHUA;LU;;长宁区;1925-1943;AVENUE AMHERST;;Exact year stated;彰国躍. 上海 の道路命 名年表—社会言語学的命名論の基礎研究. https://kanagawa-u.repo.nii.ac.jp/record/5850/files/kana-9-8-0004.pdf
978;安微路;安微路;ANWEI;LU;;;;;;;肇周;路;肇周;路;肇周路;ZHAOZHOU;LU;;卢湾区;;;;;
1313;安微路;安微路;ANWEI;LU;;;;1943;1943;;西藏;南路;西藏;南路;西藏南路;XIZANG;NANLU;;黄浦、南市、;1943-1945;;;;
868;安慶路;安庆路;ANQING;LU;;;;1920;1954;2006;安慶;東路;安庆;东路;安庆东路（东段）;ANQING ;DONGLU;DONGDUAN;虹口区;20世纪20年代-1954;;;Exact year stated;彰国躍. 上海 の道路命 名年表—社会言語学的命名論の基礎研究. https://kanagawa-u.repo.nii.ac.jp/record/5850/files/kana-9-8-0004.pdf
16;安東路;安东路;ANDONG;LU;ANTUNG;International Settlement;ROAD;1925;1943;1965;丹東;路;丹东;路;丹东路;DANDONG;LU;;杨浦区;1925-1965;ANTUNG ROAD;;Exact year stated;彰国躍. 上海 の道路命 名年表—社会言語学的命名論の基礎研究. https://kanagawa-u.repo.nii.ac.jp/record/5850/files/kana-9-8-0004.pdf
979;安源路;安源路;ANYUAN;LU;;;;1954;;;安義;路;安义;路;安义路;ANYI;LU;;静安区;;;;Exact year stated;彰国躍. 上海 の道路命 名年表—社会言語学的命名論の基礎研究. https://kanagawa-u.repo.nii.ac.jp/record/5850/files/kana-9-8-0004.pdf
162;安納金路;安纳金路;ANNAJIN;LU;HENNEQUIN;French Concession;RUE;1906;1943;;東臺;路;东台;路;东台路;DONGTAI;LU;;卢湾区;1906-1946;RUE HENNEQUIN;;Exact year stated;彰国躍. 上海 の道路命 名年表—社会言語学的命名論の基礎研究. https://kanagawa-u.repo.nii.ac.jp/record/5850/files/kana-9-8-0004.pdf
595;宋公園路;宋公园路;SONGGONGYUAN;LU;;;;1914;1953;;廣延;路;广延;路;广延路;GUANGYAN;LU;;闸北区;1914-1953;;;Exact year stated;彰国躍. 上海 の道路命 名年表—社会言語学的命名論の基礎研究. https://kanagawa-u.repo.nii.ac.jp/record/5850/files/kana-9-8-0004.pdf
1425;宋公園路;宋公园路;SONGGONGYUAN;LU;;;;1914;1953;;西和田;路;西和田;路;西和田路;XIHETIAN;LU;;闸北区;1914-1953;;;Exact year stated;彰国躍. 上海 の道路命 名年表—社会言語学的命名論の基礎研究. https://kanagawa-u.repo.nii.ac.jp/record/5850/files/kana-9-8-0004.pdf
1539;宋公園路;宋公园路;SONGGONGYUAN;LU;;;;1914;1953;;和田;路;和田;路;和田路;HETIAN;LU;;闸北区;1914-1953;;;Exact year stated;彰国躍. 上海 の道路命 名年表—社会言語学的命名論の基礎研究. https://kanagawa-u.repo.nii.ac.jp/record/5850/files/kana-9-8-0004.pdf
1326;宋家灣;宋家湾;SONGJIA;WAN;;;;;;;四牌樓;路;四牌楼;路;四牌楼路（南段）;SIPAILOU ;LU;NANDUAN;南市区;;;;;
1317;定南路;定南路;DINGNAN;LU;;;;1943;1943;;江西;南路;江西;南路;江西南路;JIANGXI;NANLU;;黄浦区;1943-1945;;;Exact year stated;彰国躍. 上海 の道路命 名年表—社会言語学的命名論の基礎研究. https://kanagawa-u.repo.nii.ac.jp/record/5850/files/kana-9-8-0004.pdf
420;定興路;定兴路;DIXING;LU;TINGHING;International Settlement;ROAD;;1943;2006;定興;路;定兴;路;定兴路;DIXING;LU;;;;;;;
941;定興路;定兴路;DINGXING;LU;;;;;;;大田;路;大田;路;大田路138弄;DATIAN;LU;138 LONG;静安区;;;;;
574;宜山路330弄;宜山路330弄;YISHAN;SANSANLINGLONG;;;;1951;1982;;柿子灣;路;柿子湾;路;柿子湾路;SHIZIWAN;LU;;徐汇区;1951-1982;;;;
178;宜昌路;宜昌路;YICHANG;LU;ICHANG;International Settlement;ROAD;;1943;2006;宜昌;路;宜昌;路;宜昌路;YICHANG;LU;;;;;;;
997;客勒爾路;客勒尔路;KELE'ER;LU;;;;;;;涼州;路;凉州;路;凉州路;LIANGZHONG;LU;;杨浦区;;;;;
1000;客拉契路;客拉契路;KELAQI;LU;;;;1911;;;眉州;路;眉州;路;眉州路;MEIZHOU;LU;;杨浦区;;;;Exact year stated;彰国躍. 上海 の道路命 名年表—社会言語学的命名論の基礎研究. https://kanagawa-u.repo.nii.ac.jp/record/5850/files/kana-9-8-0004.pdf
486;宮端坊;宫端坊;GONGDUAN;FANG;;;;;;;東街;街;东街;街;东街;DONGJIE;JIE;;南市区;;;;;
262;密勒路;密勒路;MILE;LU;MILLER;International Settlement;ROAD;1910;1943;;峨眉;路;峨眉;路;峨眉路;EMEI;LU;;虹口区;20世纪初-1943;MILLER ROAD;;;
820;密索爾路;密索尔路;MISUO'ER;LU;;;;1905;;;平定;路;平定;路;平定路;PINGDING;LU;;杨浦区;;;;Exact year stated;彰国躍. 上海 の道路命 名年表—社会言語学的命名論の基礎研究. https://kanagawa-u.repo.nii.ac.jp/record/5850/files/kana-9-8-0004.pdf
153;寒山路;寒山路;HANSHAN;LU;HAN CHAN;French Concession;RUE;1902;1906;;濟南;路;济南;路;济南路;JINAN;LU;;卢湾区;1902-1906;;;Exact year stated;彰国躍. 上海 の道路命 名年表—社会言語学的命名論の基礎研究. https://kanagawa-u.repo.nii.ac.jp/record/5850/files/kana-9-8-0004.pdf
60;察哈爾路;察哈尔路;CHAHAER;LU;CHAHAR;International Settlement;ROAD;1943;1943;1947;新華;路;新华;路;新华路;XINHUA;LU;;长宁区;1943-1947;CHAHAR ROAD;;Exact year stated;彰国躍. 上海 の道路命 名年表—社会言語学的命名論の基礎研究. https://kanagawa-u.repo.nii.ac.jp/record/5850/files/kana-9-8-0004.pdf
690;寧國北路;宁国北路;NINGGUO;BEILU;;;;1964;1985;;黃興;路;黄兴;路;黄兴路;HUANGXING;LU;;杨浦区;1964-1985;;;Exact year stated;彰国躍. 上海 の道路命 名年表—社会言語学的命名論の基礎研究. https://kanagawa-u.repo.nii.ac.jp/record/5850/files/kana-9-8-0004.pdf
1337;寧夏路;宁夏路;NINGXIA;LU;;;;1943;1943;;西藏;南路;西藏;南路;西藏南路;XIZANG;NANLU;;黄浦、南市区;1943-1945;;;Exact year stated;彰国躍. 上海 の道路命 名年表—社会言語学的命名論の基礎研究. https://kanagawa-u.repo.nii.ac.jp/record/5850/files/kana-9-8-0004.pdf
287;寧波路;宁波路;NINGBO;LU;NINGPO;International Settlement;ROAD;1865;1943;2006;寧波;路;宁波;路;宁波路;NINGBO;LU;;黄浦区;;;;Exact year stated;彰国躍. 上海 の道路命 名年表—社会言語学的命名論の基礎研究. https://kanagawa-u.repo.nii.ac.jp/record/5850/files/kana-9-8-0004.pdf
286;寧波路;宁波路;NINGBO;LU;NINGPO;French Concession;RUE;1898;1943;;淮海;東路;淮海;东路;淮海东路;HUAIHAI;DONGLU;;黄浦、南市区;19世纪末-1943;RUE DE NINGPOO;;Exact year stated;彰国躍. 上海 の道路命 名年表—社会言語学的命名論の基礎研究. https://kanagawa-u.repo.nii.ac.jp/record/5850/files/kana-9-8-0004.pdf
1128;寧海路;宁海路;NINGHAI;LU;;;;1943;1943;;寧海;西路;宁海;西路;宁海西路;NINGHAI;XILU;;黄浦区;1943-1945;;;Exact year stated;彰国躍. 上海 の道路命 名年表—社会言語学的命名論の基礎研究. https://kanagawa-u.repo.nii.ac.jp/record/5850/files/kana-9-8-0004.pdf
449;寧興街;宁兴街;NINGXING;JIE;WEIKWEI;French Concession;RUE;1863;1943;;寧海;東路;宁海;东路;宁海东路;NINGHAI;DONGLU;;黄浦区;1863-1943;RUEDU WDIKWIE;;Exact year stated;彰国躍. 上海 の道路命 名年表—社会言語学的命名論の基礎研究. https://kanagawa-u.repo.nii.ac.jp/record/5850/files/kana-9-8-0004.pdf
1247;寧興街;宁兴街;NINGXING;JIE;;;;1892;1943;;寧海;西路;宁海;西路;宁海西路;NINGHAI;XILU;;黄浦区;1892-1943;;;Exact year stated;彰国躍. 上海 の道路命 名年表—社会言語学的命名論の基礎研究. https://kanagawa-u.repo.nii.ac.jp/record/5850/files/kana-9-8-0004.pdf
813;寧陽路;宁阳路;NINGYANG;LU;;;;;;;青陽;路;青阳;路;青阳路;QINGYANG;LU;;南市区;;;;Exact year stated;彰国躍. 上海 の道路命 名年表—社会言語学的命名論の基礎研究. https://kanagawa-u.repo.nii.ac.jp/record/5850/files/kana-9-8-0004.pdf
202;寬克路;宽克路;KUANKE;LU;KIRK'S;International Settlement;AVENUE;1850;1865;;寧波;路;宁波;路;宁波路（东段）;NINGBO ;LU;DONGDUAN;黄浦区;1850-1865;KIRK'S AVENUE;;;
703;寶健坊北弄;宝健坊北弄;BAOJIANFANG;BEILONG;;;;;;;翁家;支弄;翁家;支弄;翁家支弄44弄;WENGJIALONG;ZHILONG;44 LONG;南市区;;;;;
533;寶健坊南弄;宝健坊南弄;BAOJIANFANG;BEILONG;;;;;;;翁家;支弄;翁家;支弄;翁家支弄52弄;WENGJIALONG;ZHILONG;52 LONG;南市区;;;;;
1316;寶劉公路;宝刘公路;BAOLIUGONG;LU;;;;1921;1927;;寶楊;路;宝杨;路;宝杨路;BAOYANG;LU;;吴淞区;1921-1927;;;;
1600;寶善街;宝善街;BAOSHAN;JIE;;;;1850;1865;;廣東;路;广东;路;广东路;GUANGDONG;LU;;黄浦区;1850-1865;;Section of CANTON between HONAN and FUKIEN before 1865;;
672;寶安公路;宝安公路;BAO'ANGONG;LU;;;;1981;1988;;寶楊;路;宝杨;路;宝杨路;BAOYANG;LU;;吴淞区;1981-1988;;;;
1611;寶安路;宝安路;BAO'AN;LU;;;;1943;1943;;龍門;路;龙门;路;龙门路;LONGMEN;LU;;黄浦、卢湾区;1943-1945;;;;
1365;寶山東路;宝山东路;BAOSHAN;DONGLU;;;;1890;1931;;寶山;路;宝山;路;宝山路;BAOSHAN;LU;;虹口区;19世纪末-1931;;;;
622;寶帶路;宝带路;BAODAI;LU;;;;;;;方浜;中路;方浜;中路;方浜中路(东段);FANGBANG ;ZHONGLU;DONGDUAN;南市区;;;;;
343;寶建路;宝建路;BAOJIAN;LU;POTTIER;French Concession;ROUTE;1902;1943;;寶慶;路;宝庆;路;宝庆路;BAOQING;LU;;徐汇区;1902-1943;ROUTE POTTIER;;;
491;寶成弄;宝成弄;BAOCHENG;LONG;;;;;1931;;葉家宅;路;叶家宅;路;叶家宅路;YEJIAZHAI;LU;;普陀区;1931年前;;;;
317;寶昌路;宝昌路;BAOCHANG;LU;PAUL BRUNAT;French Concession;AVENUE;1901;1915;;淮海;中路;淮海;中路;淮海中路;HUAIHAI;ZHONGLU;;长宁、徐汇、;1906-1915;AVENUE PAUL BRUNAT;;;
1136;寶楊路;宝杨路;BAOYANG;LU;;;;1887;1921;2006;寶楊;路;宝杨;路;宝杨路;BAOYANG;LU;;吴淞区;1887-1921;;;Exact year stated;彰国躍. 上海 の道路命 名年表—社会言語学的命名論の基礎研究. https://kanagawa-u.repo.nii.ac.jp/record/5850/files/kana-9-8-0004.pdf
568;寶羅公路;宝罗公路;BAOLUO;GONGLU;;;;1936;1981;;月羅;路;月罗;路;月罗路;YUELUO;LU;;吴淞区;1936年2月-1981年5月;;;;
1666;寶羅公路;宝罗公路;BAOLUO;GONGLU;;;;1936;1981;;月寶;路;月宝;路;月宝路;YUEBAO;LU;;吴淞区;1936年2月-1981年5月;;;;
247;寶興街;宝兴街;BAOXING;LU;MARCHE FRANÇAIS;French Concession;RUE;1865;1870;;;;;;;;;;;;;;;
1407;寶興路;宝兴路;BAOXING;LU;;;;1913;1950;;西寶興;路;西宝兴;路;西宝兴路;XIBAOXING;LU;;闸北区;1913-50年代;;;;
1075;寶隆路;宝隆路;BAOLONG;LU;;;;1911;1917;;陝西;路;陕西;路;陕西南路;SHAANXI;NANLU;;徐汇、卢湾区;1911-1917;;;;
980;小九廟街;小九庙街;XIAOJIUMIAO;JIE;;;;;;;露香園;路;露香园;路;露香园路;LUXIANGYUAN;LU;;南市区;;;;;
891;小九華街;小九华街;XIAOJIUHUA;JIE;;;;;;;王家碼頭;路;王家码头;路;王家码头路(西段);WANGJIA MATOU ;LU;XIDUAN;南市区;;;;;
895;小南門內大街;小南门内大街;XIAONANMENNEI;DAJIE;;;;;;;黃家;路;黄家;路;黄家路(东段);HUANGJIA ;LU;DONGDUAN;南市区;;;;;
892;小南門外大街;小南门外大街;XIAONANMENWAI;DAJIE;;;;1907;;;董家渡;路;董家渡;路;董家渡路(西段);DONGJIADU ;LU;XIDUAN;南市区;;;;Exact year stated;彰国躍. 上海 の道路命 名年表—社会言語学的命名論の基礎研究. https://kanagawa-u.repo.nii.ac.jp/record/5850/files/kana-9-8-0004.pdf
969;小普陀橋街;小普陀桥街;XIAOPUTUOQIAO;JIE;;;;1907;;;小普陀;街;小普陀;街;小普陀街;XIAOPUTUO;JIE;;南市区;;;;Exact year stated;彰国躍. 上海 の道路命 名年表—社会言語学的命名論の基礎研究. https://kanagawa-u.repo.nii.ac.jp/record/5850/files/kana-9-8-0004.pdf
675;小東門外大街;小东门外大街;XIAODONGMENWAI;DAJIE;;;;;;;方浜;東路;方浜;东路;方浜东路;FANGBANG;DONGLU;;南市区;;;;;
340;小東門路;小东门路;XIAODONGMEN;LU;PORTE DE L'EST;French Concession;RUE;1860;1943;;方浜;中路;方浜;中路;方浜中路(东段);FANGBANG ;ZHONGLU;DONGDUAN;南市区;;RUE DE LA PORTE DE L'EST;;;
893;小橋街;小桥街;XIAOQIAO;JIE;;;;;;;望雲;路;望云;路;望云路(南段);WANGYUN ;LU;NANDUAN;南市区;;;;;
125;小沙渡路;小沙渡路;XIAOSHADU;LU;FERRY;International Settlement;ROAD;1900;1943;;西康;路;西康;路;西康路;XIKANG;LU;;普陀、静安区;1900-1943;FERRY ROAD;;Exact year stated;彰国躍. 上海 の道路命 名年表—社会言語学的命名論の基礎研究. https://kanagawa-u.repo.nii.ac.jp/record/5850/files/kana-9-8-0004.pdf
1037;小白柵;小白栅;XIAOBAIZHA ;;;;;;;;望雲;路;望云;路;望云路42弄;WANGYUN ;LU;43 LONG;南市区;;;;;
517;小蓬萊弄;小蓬莱弄;XIAOPENGLAI;LONG;;;;;;;梅溪;弄;梅溪;弄;梅溪弄;MEIXI;LONG;;南市区;;;;;
426;小裕興街;小裕兴街;XIAOYUXING;JIE;TRANSVERSALE;French Concession;RUE;1865;1943;;;;;;;;;;;;;;;
518;小閘橋街;小闸桥街;XIAZHAQIAO;JIE;;;;1913;;;小石橋;弄;小石桥;弄;小石桥弄;XIAOSHIQIAO;LONG;;南市区;;;;Exact year stated;彰国躍. 上海 の道路命 名年表—社会言語学的命名論の基礎研究. https://kanagawa-u.repo.nii.ac.jp/record/5850/files/kana-9-8-0004.pdf
1199;小閘橋街;小闸桥街;XIAZHAQIAO;JIE;;;;1913;1913;;小石橋;街;小石桥;街;小石桥街;XIAOSHIQIAO;JIE;;南市区;-1913;;;Exact year stated;彰国躍. 上海 の道路命 名年表—社会言語学的命名論の基礎研究. https://kanagawa-u.repo.nii.ac.jp/record/5850/files/kana-9-8-0004.pdf
1279;小馬路;小马路;XIAOMA;LU;;;;1920;1940;;永興;小馬路;永兴;小马路;永兴小马路;YONGXING;XIAOMALU;;闸北区;20年代-40年代;;;;
1187;尚文路;尚文路;SHANGWEN;LU;;;;;1883;;北海;路;北海;路;北海路(东段);BEIHAI ;LU;DONGDUAN;黄浦区;1883年前;;;;
67;居爾典路;居尔典路;JU'ERDIAN;LU;CHARLES CULTY;French Concession;ROUTE;1918;1943;;湖南;路;湖南;路;湖南路;HUNAN;LU;;长宁、徐汇区;1918-1943;ROUTE A.CHARLES CULTY;;Exact year stated;彰国躍. 上海 の道路命 名年表—社会言語学的命名論の基礎研究. https://kanagawa-u.repo.nii.ac.jp/record/5850/files/kana-9-8-0004.pdf
827;山東街;山东街;SHANDONG;JIE;;;;;;;平定;路;平定;路;平定路;PINGDING;LU;;杨浦区;;;;;
380;山東路;山东路;SHANDONG;LU;SHANTUNG;International Settlement;ROAD;1865;1943;2006;山東;北路;山东;北路;山东北路;SHANDONG;BEILU;;黄浦区;;;;Exact year stated;彰国躍. 上海 の道路命 名年表—社会言語学的命名論の基礎研究. https://kanagawa-u.repo.nii.ac.jp/record/5850/files/kana-9-8-0004.pdf
381;山東路;山东路;SHANDONG;LU;SHANTUNG;International Settlement;ROAD;1865;1943;2006;山東;中路;山东;中路;山东中路;SHANDONG;ZHONGLU;;黄浦区;;;;Exact year stated;彰国躍. 上海 の道路命 名年表—社会言語学的命名論の基礎研究. https://kanagawa-u.repo.nii.ac.jp/record/5850/files/kana-9-8-0004.pdf
378;山海關路;山海关路;SHANHAIGUAN;LU;SHANHAIKWAN;International Settlement;ROAD;;1943;2006;山海關;路;山海关;路;山海关路;SHANHAIGUAN;LU;;;;;;;
379;山西路;山西路;SHANXI;LU;SHANSE;International Settlement;ROAD;1865;1943;1950;山西;南路;山西;南路;山西南路;SHANXI;NANLU;;黄浦区;1865-1945;;;Exact year stated;彰国躍. 上海 の道路命 名年表—社会言語学的命名論の基礎研究. https://kanagawa-u.repo.nii.ac.jp/record/5850/files/kana-9-8-0004.pdf
369;山達剛路;山达刚路;SHANDAGANG;LU;SANDAKON;International Settlement;ROAD;1908;1915;;定海;路;定海;路;定海路;DINGHAI;LU;;杨浦区;1908-1915;SANDAKON ROAD;;;
1304;岐阜通;岐阜通;QIFU;TONG;;;;1939;1940;;國京;路;国京;路;国京路;GUOJING;LU;;杨浦区;1939-1940;;;Exact year stated;彰国躍. 上海 の道路命 名年表—社会言語学的命名論の基礎研究. https://kanagawa-u.repo.nii.ac.jp/record/5850/files/kana-9-8-0004.pdf
299;峨眉山路;峨眉山路;EMEISHAN;LU;O MEI CHAN;French Concession;RUE;1902;1906;;黃陂;南路;黄陂;南路;黄陂南路;HUANGPI ;NANLU;;黄浦、卢湾区;1906-1945;RUE. AMIRAL BAYLE;;;
829;崧廈路;崧厦路;SONGXIA;LU;;;;;;;松下;路;松下;路;松下路;SONGXIA;LU;;黄浦区;;;;;
398;嵩山路;嵩山路;SONGSHAN;LU;SONG SHAN;French Concession;RUE;;1913;2006;嵩山;路;嵩山;路;嵩山路;SONGSHAN;LU;;黄浦区;1914-1945;RUE BARM GROSS;;;
924;川沙路;川沙路;CHUANSHA;LU;;;;1943;;;景星;路;景星;路;景星路;JINGXING;LU;;杨浦区;;;;Exact year stated;彰国躍. 上海 の道路命 名年表—社会言語学的命名論の基礎研究. https://kanagawa-u.repo.nii.ac.jp/record/5850/files/kana-9-8-0004.pdf
105;巨潑來斯路;巨泼来斯路;JUPOLAISI;LU;DUPLEIX;French Concession;ROUTE;1915;1943;;安福;路;安福;路;安福路;ANFU;LU;;徐汇区;1915-1943;ROUTE DUPLEIX;;Exact year stated;彰国躍. 上海 の道路命 名年表—社会言語学的命名論の基礎研究. https://kanagawa-u.repo.nii.ac.jp/record/5850/files/kana-9-8-0004.pdf
232;巨福路;巨福路;JUFU;LU;LOUIS DUFOUR;French Concession;ROUTE;1918;1943;;烏魯木齊;南路;乌鲁木齐;南路;乌鲁木齐南路;WULUMUQI;NANLU;;徐汇区;1918-1943;ROUTE L.DUFOUR;;Exact year stated;彰国躍. 上海 の道路命 名年表—社会言語学的命名論の基礎研究. https://kanagawa-u.repo.nii.ac.jp/record/5850/files/kana-9-8-0004.pdf
1263;巨籟路;巨籁路;JULAI;LU;;;;1910;1943;;四達;路;四达;路;四达路;SIDA;LU;;虹口区;20世纪初-1943;;;;
353;巨賴達路;巨赖达路;JULAIDA;LU;RATARD;French Concession;ROUTE;1914;1918;;金陵;西路;金陵;西路;金陵西路;JINLING;XILU;;黄浦、卢湾区;1914-1918;ROUTE RATARD;;;
354;巨賴達路;巨赖达路;JULAIDA;LU;RATARD;French Concession;ROUTE;1907;1943;;鉅鹿;路;巨鹿;路;巨鹿路;JULU;LU;;静安、卢湾区;1907-1943;ROUTE RATARD;;;
355;巨賴達路;巨赖达路;JULAIDA;LU;RATARD;French Concession;ROUTE;1914;1918;;金陵;中路;金陵;中路;金陵中路;JINLING;ZHONGLU;;黄浦、卢湾区;1914-1918;ROUTE RATARD;;;
1103;巴特維亞路;巴特维亚路;BATEWEIYA;LU;;;;1904;1915;;平涼;路;平凉;路;平凉路（西段）;PINGLIANG ;LU;XIDUAN;杨浦区;1904-1915;;;;
1487;市京路;市京路;SHIJING;LU;;;;1933;1980;;民京;路;民京;路;民京路;MINJING;LU;;杨浦区;1933-1980;;;Exact year stated;彰国躍. 上海 の道路命 名年表—社会言語学的命名論の基礎研究. https://kanagawa-u.repo.nii.ac.jp/record/5850/files/kana-9-8-0004.pdf
382;市政府路;市政府路;SHIZHENGFU;LU;SHI CHEN FU;International Settlement;ROAD;1927;1955;;平江;路;平江;路;平江路;PINGJIANG;LU;;徐汇区;1927-1955;SHI CHEN FU ROAD;;;
966;帝皇路;帝皇路;DIHUANG;LU;;;;;1865;;河南;南路;河南;南路;河南南路;HENAN;NANLU;;黄浦区;1865年前;;;;
925;帶鉤街;带钩街;DAIGOU;JIE;;;;1863;;;山東;路;山东;路;山东南路（北段）;SHANDONG ;NANLU;BEIDUAN;黄浦区;1863年后;;;;
862;平原弄;平原弄;PINGYUAN;LONG;;;;;1983;2006;平原;路;平原;路;平原路;PINGYUAN;LU;;吴淞区;1983年前;;;;
1452;平安大街;平安大街;PING'AN;DAJIE;;;;;;2006;平安;街;平安;街;平安街;PING'AN;JIE;;南市区;;;;;
336;平望街;平望街;PINGWANG;JIE;PING VONG KA;International Settlement;;1945;1943;2006;平望;街;平望;街;平望街;PINGWANG;JIE;;;;;;Exact year stated;彰国躍. 上海 の道路命 名年表—社会言語学的命名論の基礎研究. https://kanagawa-u.repo.nii.ac.jp/record/5850/files/kana-9-8-0004.pdf
1636;平望路;平望路;PINGWANG;LU;;;;1943;1943;2006;平望;街;平望;街;平望街;PINGWANG;JIE;;黄浦区;1943-1945;;;Exact year stated;彰国躍. 上海 の道路命 名年表—社会言語学的命名論の基礎研究. https://kanagawa-u.repo.nii.ac.jp/record/5850/files/kana-9-8-0004.pdf
647;平橋路;平桥路;PINGQIAO;LU;;;;1830;1890;;北京西;路;北京西;路;北京西路（东段）;BEIJING ;XILU;DONGDUAN;黄浦区;开埠前-19世纪末;;;;
29;平濟利路;平济利路;PINGJILI;LU;BLUNTSCHLI;French Concession;RUE;1906;1943;;濟南;路;济南;路;济南路;JINAN;LU;;卢湾区;1906-1946;RUE BLUNTSCHLI;;;
1612;庇亞士路;庇亚士路;BIYASHI;LU;;;;1925;1943;;北翟;路;北翟;路;北翟路;BEIZHAI;LU;;长宁区、上海县;1925-1943;;;;
1403;府前右路;府前右路;FUQIAN;YOULU;;;;1931;1958;;恆仁;路;恒仁;路;恒仁路;HENGREN;LU;;杨浦区;1931-1958;;;Exact year stated;彰国躍. 上海 の道路命 名年表—社会言語学的命名論の基礎研究. https://kanagawa-u.repo.nii.ac.jp/record/5850/files/kana-9-8-0004.pdf
1398;府北內路;府北内路;FUBEI NEILU;NEILU;;;;1931;1958;;西豐;路;西丰;路;西丰路;XIFENG;LU;;杨浦区;1931-1958;;;;
1637;府南右路;府南右路;FUNAN YOULU;LU;;;;1931;1958;;黑山;路;黑山;路;黑山路;HEISHAN;LU;;杨浦区;1931-1958;;;Exact year stated;彰国躍. 上海 の道路命 名年表—社会言語学的命名論の基礎研究. https://kanagawa-u.repo.nii.ac.jp/record/5850/files/kana-9-8-0004.pdf
1405;府南路;府南路;FUNAN;LU;;;;1931;1958;;盤山;路;盘山;路;盘山路;PANSHAN;LU;;杨浦区;1931-1958;;;Exact year stated;彰国躍. 上海 の道路命 名年表—社会言語学的命名論の基礎研究. https://kanagawa-u.repo.nii.ac.jp/record/5850/files/kana-9-8-0004.pdf
1460;府東內路;府东内路;FUDONG NEILU;NEILU;;;;1931;1958;;西豐;路;西丰;路;西丰路;XIFENG;LU;;杨浦区;1931-1958;;;;
1401;府東外路;府东外路;FUDONG;WAILU;;;;1931;1958;;長海;路;长海;路;长海路;CHANGHAI;LU;;杨浦区;1931-1958;;;Exact year stated;彰国躍. 上海 の道路命 名年表—社会言語学的命名論の基礎研究. https://kanagawa-u.repo.nii.ac.jp/record/5850/files/kana-9-8-0004.pdf
1389;府西內路;府西内路;FUXI;NEILU;;;;1931;1958;;清源環;路;清源环;路;清源环路;QINGYUANHUAN;LU;;杨浦区;1931-1958;;;;
1471;府西外路;府西外路;FUXI;WAILU;;;;1931;1958;;長海;路;长海;路;长海路;CHANGHAI;LU;;杨浦区;1931-1958;;;Exact year stated;彰国躍. 上海 の道路命 名年表—社会言語学的命名論の基礎研究. https://kanagawa-u.repo.nii.ac.jp/record/5850/files/kana-9-8-0004.pdf
1608;庫信路;库信路;KUXIN;LU;;;;1943;1943;;高郵;路;高邮;路;高邮路;GAOYOU;LU;;徐汇区;1943-1945;;;;
433;庫倫路;库伦路;KULUN;LU;URGA;International Settlement;ROAD;1943;1943;;海倫;路;海伦;路;海伦路;HAILUN;LU;;虹口区;1943-1950;URGA ROAD;;Exact year stated;彰国躍. 上海 の道路命 名年表—社会言語学的命名論の基礎研究. https://kanagawa-u.repo.nii.ac.jp/record/5850/files/kana-9-8-0004.pdf
434;庫倫路;库伦路;KULUN;LU;URGA;International Settlement;ROAD;1914;1847;;曲阜;西路;曲阜;西路;曲阜西路;QUPU;XILU;;闸北区;1914-1947;URGA ROAD;;Exact year stated;彰国躍. 上海 の道路命 名年表—社会言語学的命名論の基礎研究. https://kanagawa-u.repo.nii.ac.jp/record/5850/files/kana-9-8-0004.pdf
90;康悌路;康悌路;KANGTI;LU;CONTY;French Concession;ROUTE;1912;1943;;建國;東路;建国;东路;建国东路;JIANGUO;DONGLU;;卢湾区;1902-1943;ROUTE CONTY;;Exact year stated;彰国躍. 上海 の道路命 名年表—社会言語学的命名論の基礎研究. https://kanagawa-u.repo.nii.ac.jp/record/5850/files/kana-9-8-0004.pdf
85;康腦脫路;康脑脱路;KANGNAOTUO;LU;CONNAUGHT;International Settlement;ROAD;;1943;;康定;路;康定;路;康定路;KANGDING;LU;;静安区;;CONNAUGHT ROAD;;;
1661;康衢巷;康衢巷;KANGQU;XIANG;;;;;;;光啓;南路;光启;南路;光启南路;GUANGQI;NANLU;;南市区;;;;;
12;廈門路;厦门路;XIAMEN;LU;AMOY;International Settlement;ROAD;;1943;2006;廈門;路;厦门;路;厦门路;XIAMEN;LU;;黄浦区;;;;;
1347;廟前街;庙前街;MIAOQIAN;JIE;;;;;;;方浜;中路;方浜;中路;方浜中路;FANGBANG;ZHONGLU;;南市区;;;;;
1422;廟後路;庙后路;MIAOHOU;LU;;;;1910;1960;;涇東;路;泾东;路;泾东路;JINGDONG;LU;;虹口区;20世纪初-20世纪60年代;;;;
716;廟橋路;庙桥路;MIAOQIAO;LU;;;;;;;苗江;路;苗江;路;苗江路;MIAOJIANG;LU;;南市区;;;;;
1255;廠後路;厂后路;CHANGHOU;LU;;;;1949;1953;;淞興;西路;淞兴;西路;淞兴西路;SONGXING;XILU;;吴淞区;1949-1953;;;;
1420;廣中二村路;广中二村路;GUANGZHONGERCUN;LU;;;;1950;1960;;廣中;支路;广中;支路;广中支路;GUANGZHONG ;ZHILU;;虹口区;20世纪50年代-1960年;;;;
210;廣信路;广信路;GUANGXIN;LU;KWANGHSIN;International Settlement;ROAD;1915;1943;;廣德;路;广德;路;广德路;GUANGDE;LU;;杨浦区;1915-1943;KWANGHSIN ROAD;;Exact year stated;彰国躍. 上海 の道路命 名年表—社会言語学的命名論の基礎研究. https://kanagawa-u.repo.nii.ac.jp/record/5850/files/kana-9-8-0004.pdf
1054;廣東街;广东街;GUANGDONG;JIE;;;;;;;半淞園;路;半淞园;路;半淞园路(西段);BANSONGYUAN ;LU;XIDUAN;南市区;;;;;
1085;廣東街;广东街;GUANGDONG;JIE;;;;1860;1953;;福德;路;福德;路;福德路;FUDE;LU;;虹口区;19世纪60年代-1953;;;;
1239;廣東街;广东街;GUANGDONG;JIE;;;;1919;1943;;新廣;路;新广;路;新广路;XINGUANG;LU;;闸北、虹口区;1919-1943;;;;
1509;廣東街;广东街;GUANGDONG;JIE;;;;1919;1943;;啓東;路;启东;路;启东路;QIDONG;LU;;闸北、虹口区;1919-1943;;;;
1562;廣東街;广东街;GUANGDONG;JIE;;;;1850;1880;;武昌;路;武昌;路;武昌路;WUCHANG;LU;;虹口区;1850-19世纪80年代;;;;
52;廣東路;广东路;GUANGDONG;LU;CANTON;International Settlement;ROAD;1865;1943;2006;廣東;路;广东;路;广东路;GUANGDONG;LU;;黄浦区;;;;Exact year stated;彰国躍. 上海 の道路命 名年表—社会言語学的命名論の基礎研究. https://kanagawa-u.repo.nii.ac.jp/record/5850/files/kana-9-8-0004.pdf
1051;廣福寺前;广福寺前;GUANGFUSI;QIAN;;;;;;;半淞園;路;半淞园;路;半淞园路(中段);BANSONGYUAN ;LU;ZHONGDUAN;南市区;;;;;
1366;廣福寺路;广福寺路;GUANGFUSI;LU;;;;;;;廣福;街;广福;街;广福街;GUANGFU;JIE;;南市区;;;;;
988;廣肇老路;广肇老路;GUANGZHAO;LAOLU;;;;;;;長安;西路;长安;西路;长安西路;CHANG'AN;XILU;;闸北区;;;;;
930;廣肇路;广肇路;GUANGZHAO;LU;;;;1908;1964;;天目;西路;天目;西路;天目西路;TIANMU;XILU;;闸北区;1908-1964;;;Exact year stated;彰国躍. 上海 の道路命 名年表—社会言語学的命名論の基礎研究. https://kanagawa-u.repo.nii.ac.jp/record/5850/files/kana-9-8-0004.pdf
1511;廣肇路;广肇路;GUANGZHAO;LU;;;;1908;1964;;長安;西路;长安;西路;长安西路;CHANG'AN;XILU;;闸北区;1908-1964;;;Exact year stated;彰国躍. 上海 の道路命 名年表—社会言語学的命名論の基礎研究. https://kanagawa-u.repo.nii.ac.jp/record/5850/files/kana-9-8-0004.pdf
211;廣西路;广西路;GUANGXI;LU;KWANGSE;International Settlement;ROAD;1865;1943;2006;廣西;北路;广西;北路;广西北路;GUANGXI;BEILU;;黄浦区;1865-1946;;;Exact year stated;彰国躍. 上海 の道路命 名年表—社会言語学的命名論の基礎研究. https://kanagawa-u.repo.nii.ac.jp/record/5850/files/kana-9-8-0004.pdf
1315;廬山路;庐山路;LUSHAN;LU;;;;1943;1943;;淮海;西路;淮海;西路;淮海西路;HUAIHAI;XILU;;长宁、徐汇区;1943-1945;;;Exact year stated;彰国躍. 上海 の道路命 名年表—社会言語学的命名論の基礎研究. https://kanagawa-u.repo.nii.ac.jp/record/5850/files/kana-9-8-0004.pdf
466;延平路;延平路;YANPING;LU;YENPING;International Settlement;ROAD;;1943;2006;延平;路;延平;路;延平路;YANPING;LU;;;;;;;
1294;引仁弄;引仁弄;YINREN;LONG;;;;;;;中山;南路;中山;南路;中山南路38弄;ZHONGSHAN;NANLU;38 LONG;南市区;;;;;
700;引線弄;引线弄;YINXIAN;LONG;;;;;;;方浜;中路;方浜;中路;方浜中路301弄;FANGBANG;ZHONGLU;301 LONG;南市区;;;;;
1016;張六路;张六路;ZHANGLIU;LU;;;;1922;;;源深;路;源深;路;源深路;YUANSHEN;LU;;黄浦区;1922年起;;;;
427;張家???路;张家???路;ZHANGJIA ???;LU;TSANG KAH ZAN;International Settlement;ROAD;;1943;1950;;;;;;;;;;;;;;
615;張家弄;张家弄;ZHANGJIA;LONG;;;;1954;;;復興;中路;复兴;中路;复兴中路1252弄;FUXING;ZHONGLU;1252 LONG;徐汇区;;;;Exact year stated;彰国躍. 上海 の道路命 名年表—社会言語学的命名論の基礎研究. https://kanagawa-u.repo.nii.ac.jp/record/5850/files/kana-9-8-0004.pdf
846;張家弄;张家弄;ZHANGJIA;LONG;;;;1954;;;多稼;路;多稼;路;多稼路（西段）;DUOJIA ;LU;XIDUAN;南市区;;;;Exact year stated;彰国躍. 上海 の道路命 名年表—社会言語学的命名論の基礎研究. https://kanagawa-u.repo.nii.ac.jp/record/5850/files/kana-9-8-0004.pdf
1040;張家弄;张家弄;ZHANGJIA;LONG;;;;1954;;;北張家;弄;北张家;弄;北张家弄;BEIZHANGJIA;LONG;;南市区;;;;Exact year stated;彰国躍. 上海 の道路命 名年表—社会言語学的命名論の基礎研究. https://kanagawa-u.repo.nii.ac.jp/record/5850/files/kana-9-8-0004.pdf
1551;張家弄;张家弄;ZHANGJIA;LONG;;;;1954;;;清流;北路;清流;北路;清流北路;QINGLIU;BEILU;;南市区;;;;Exact year stated;彰国躍. 上海 の道路命 名年表—社会言語学的命名論の基礎研究. https://kanagawa-u.repo.nii.ac.jp/record/5850/files/kana-9-8-0004.pdf
792;張家浜路;张家浜路;ZHANGJIABANG;LU;;;;1930;;;蒙自;東路;蒙自;东路;蒙自东路;MENGZI;DONGLU;;卢湾区;;;;Exact year stated;彰国躍. 上海 の道路命 名年表—社会言語学的命名論の基礎研究. https://kanagawa-u.repo.nii.ac.jp/record/5850/files/kana-9-8-0004.pdf
508;張家花園弄;张家花园弄;ZHANGJIAHUAYUAN;LONG;;;;;;;張園;弄;张园;弄;张园弄;ZHANGYUAN;LONG;;南市区;;;;;
936;張家街;张家街;ZHANGJIA;JIE;;;;;;2006;張家;弄;张家;弄;张家弄;ZHANGJIA;LONG;;南市区;;;;;
1575;張家路;张家路;ZHANGJIA;LU;;;;;;;福民;街;福民;街;福民街;FUMIN;JIE;;南市区;;;;;
1327;張廟路;张庙路;ZHANGMIAO;LU;;;;1943;1960;;長江;路;长江;路;长江路;CHANGJIANG;LU;;吴淞区;1943-1960;;;Exact year stated;彰国躍. 上海 の道路命 名年表—社会言語学的命名論の基礎研究. https://kanagawa-u.repo.nii.ac.jp/record/5850/files/kana-9-8-0004.pdf
1423;張廟路;张庙路;ZHANGMIAO;LU;;;;1938;1960;;長江;西路;长江;西路;长江西路;CHANGJIANG;XILU;;吴淞区;1938-1960;;;Exact year stated;彰国躍. 上海 の道路命 名年表—社会言語学的命名論の基礎研究. https://kanagawa-u.repo.nii.ac.jp/record/5850/files/kana-9-8-0004.pdf
1596;張楊路（老）;张杨路（老）;ZHANGYANG;LU;;;;1917;1958;;錢家巷;路;钱家巷;路;钱家巷路;QIANJIAXIANG;LU;;黄浦区;1917-1958;;;;
528;張虹路;张虹路;ZHANGHONG;LU;;;;1934;1984;;陵園;路;陵园;路;陵园路;LINGYUAN;LU;;长宁、徐汇区;1934-1984;;;Exact year stated;彰国躍. 上海 の道路命 名年表—社会言語学的命名論の基礎研究. https://kanagawa-u.repo.nii.ac.jp/record/5850/files/kana-9-8-0004.pdf
1108;弼教路;弼教路;BIJIAO;LU;;;;1928;;;習勤;路;习勤;路;习勤路;XIQING;LU;;徐汇区;;;;Exact year stated;彰国躍. 上海 の道路命 名年表—社会言語学的命名論の基礎研究. https://kanagawa-u.repo.nii.ac.jp/record/5850/files/kana-9-8-0004.pdf
1496;弼教路;弼教路;BIJIAO;LU;;;;1928;1980;;康健;路;康健;路;康健路（东西段）;KANGJIAN;LU;DONGXIDUAN;徐汇区;1928-1980;;;Exact year stated;彰国躍. 上海 の道路命 名年表—社会言語学的命名論の基礎研究. https://kanagawa-u.repo.nii.ac.jp/record/5850/files/kana-9-8-0004.pdf
1497;弼教路;弼教路;BIJIAO;LU;;;;1928;1980;;欽州;路;钦州;路;钦州路（南北段）;QINZHOU;LU;NANBEIDUAN;徐汇区;1928-1980;;;Exact year stated;彰国躍. 上海 の道路命 名年表—社会言語学的命名論の基礎研究. https://kanagawa-u.repo.nii.ac.jp/record/5850/files/kana-9-8-0004.pdf
338;彤雲街;彤云街;TONGYUN;JIE;POISSONS;French Concession;RUE;;1943;;嘉魚;路;嘉鱼;路;嘉鱼路;JIAYU;LU;;南市区;;RUE DES POISSIAS;;;
782;彤雲路;彤云路;TONGYUN;LU;;;;;;;周浦;路;周浦;路;周浦路;ZHOUPU;LU;;南市区;;;;;
570;彩花街;彩花街;CAIHUA;JIE;;;;;;;復興;東路;复兴;东路;复兴东路;FUXING ;DONGLU;;南市区;;;;;
597;彭六里;彭六里;PENGLIU;LI;;;;;;;三新;街;三新;街;三新街;SANXIN;JIE;;吴淞区;;;;;
546;彭大路;彭大路;PENGDA;LU;;;;1920;1929;;滬太;路;沪太;路;沪太路;HUTAI;LU;;闸北、普陀、;20年代;;;Named within the decade;彰国躍. 上海 の道路命 名年表—社会言語学的命名論の基礎研究. https://kanagawa-u.repo.nii.ac.jp/record/5850/files/kana-9-8-0004.pdf
1076;彭江路;彭江路;PENGJIANG;LU;;;;1929;1958;;彭聯;路;彭联;路;彭联路;PENGLIAN;LU;;闸北区;1929-1958;;;Exact year stated;彰国躍. 上海 の道路命 名年表—社会言語学的命名論の基礎研究. https://kanagawa-u.repo.nii.ac.jp/record/5850/files/kana-9-8-0004.pdf
1686;彭潭路;彭潭路;PENGTAN;LU;;;;1919;1950;;交通;西路;交通;西路;交通西路;JIAOTONG;XILU;;普陀、闸北区;1919-建国初;;;Exact year stated;彰国躍. 上海 の道路命 名年表—社会言語学的命名論の基礎研究. https://kanagawa-u.repo.nii.ac.jp/record/5850/files/kana-9-8-0004.pdf
1077;彭澤路;彭泽路;PENGZE;LU;;;;1914;1917;;交通;路;交通;路;交通路;JIAOTONG;LU;;闸北区;1914-1917年前;;;Exact year stated;彰国躍. 上海 の道路命 名年表—社会言語学的命名論の基礎研究. https://kanagawa-u.repo.nii.ac.jp/record/5850/files/kana-9-8-0004.pdf
1623;彭鎮路;彭镇路;PENGZHEN;LU;;;;1919;1950;;彭浦;路;彭浦;路;彭浦路;PENGPU;LU;;闸北区;1919-50年代;;;Exact year stated;彰国躍. 上海 の道路命 名年表—社会言語学的命名論の基礎研究. https://kanagawa-u.repo.nii.ac.jp/record/5850/files/kana-9-8-0004.pdf
584;後梢場街;后梢场街;HOUSHAOCHANG;JIE;;;;;;;東江陰;街;东江阴;街;东江阴街（东段）;DONGJIANGYIN ;JIE;DONGDUAN;南市区;;;;;
1064;後馬街;后马街;HOUMA;LU;;;;;;;江陰;路;江阴;路;江阴路;JIANGYIN;LU;;南市区;;;;;
796;後馬路;后马路;HOUMA;LU;;;;1910;1949;;北京東;路;北京东;路;北京东路（东段）;BEIJING;DONGLU;DONGDUAN;黄浦区;20世纪初-1949;;;;
1557;後馬路;后马路;HOUMA;LU;;;;1910;1949;;天津;路;天津;路;天津路;TIANJIN;LU;;黄浦区;20世纪初-1949;;;;
1688;後馬路;后马路;HOUMA;LU;;;;1910;1949;;寧波;路;宁波;路;宁波路（东段）;NINGBO ;LU;DONGDUAN;黄浦区;20世纪初-1949;;;;
475;徐家彙路;徐家汇路;XUJIAHUI;LU;ZIKAWEI;French Concession;ROUTE;1863;1943;;肇嘉浜;路;肇嘉浜;路;肇嘉浜路;ZHAOJIABANG;LU;;徐汇、卢湾区;1863-1954;ROUTE DE ZIKAWEI;;;
476;徐家彙路;徐家汇路;XUJIAHUI;LU;ZIKAWEI;French Concession;ROUTE;1860;1920;;華山;路;华山;路;华山路;HUASHAN;LU;;徐汇、长宁、;1860-1920;ROUTE DE ZIKAWEI;;;
756;徐家彙路;徐家汇路;XUJIAHUI;LU;;;;;;;雲南;南路;云南;南路;云南南路（南段）;YUNNAN ;NANLU;NANDUAN;南市区;;;;;
919;徐家彙路;徐家汇路;XUJIAHUI;LU;;;;;;;人民;路;人民;路;人民路;RENMIN;LU;;南市区;;;;;
1086;徐家彙路;徐家汇路;XUJIAHUI;LU;;;;;;;方斜;路;方斜;路;方斜路至斜桥;FANGXIE;LU;;南市区;;;;;
1676;徐虹路;徐虹路;XUHONG;LU;;;;1946;1986;2006;徐虹;北路;徐虹;北路;徐虹北路;XUHONG;BEILU;;徐汇区;1946-1986;;;Exact year stated;彰国躍. 上海 の道路命 名年表—社会言語学的命名論の基礎研究. https://kanagawa-u.repo.nii.ac.jp/record/5850/files/kana-9-8-0004.pdf
1641;復善堂街;复善堂街;FUSHANTANG;JIE;;;;1914;1964;;東江陰;街;东江阴;街;东江阴街（西段）;DONGJIANGYIN ;JIE;XIDUAN;南市区;1914-1964;;;Exact year stated;彰国躍. 上海 の道路命 名年表—社会言語学的命名論の基礎研究. https://kanagawa-u.repo.nii.ac.jp/record/5850/files/kana-9-8-0004.pdf
1113;復興島路;复兴岛路;FUXINGDAO;LU;;;;;;;共青;路;共青;路;共青路;GONGQING;LU;;杨浦区;;;;;
1667;復興路;复兴路;FUXING;LU;;;;1945;1949;;曹楊;路;曹杨;路;曹杨路;CAOYANG;LU;;普陀区;1945年后-建国前;;;;
1399;德潤路;德润路;DERUN;LU;;;;1930;1958;;安丘;路;安丘;路;安丘路;ANQIU;LU;;虹口区;1930-1958;;;;
896;徽寧碼頭街;徽宁码头街;HUINING MATOU;JIE;;;;;;;外馬;路;外马;路;外马路1002号;WAIMA;LU;1022 HAO;南市区;;;;;
790;念椿街;念椿街;NIANCHUN;JIE;;;;1920;1956;;新安;路;新安;路;新安路;XIN'AN;LU;;闵行区;1920-1956;;;Exact year stated;彰国躍. 上海 の道路命 名年表—社会言語学的命名論の基礎研究. https://kanagawa-u.repo.nii.ac.jp/record/5850/files/kana-9-8-0004.pdf
1395;怡和路;怡和路;YIHE;LU;;;;1935;1958;;望江;路;望江;路;望江路;WANGJIANG;LU;;黄浦区;1935-1958;;;Exact year stated;彰国躍. 上海 の道路命 名年表—社会言語学的命名論の基礎研究. https://kanagawa-u.repo.nii.ac.jp/record/5850/files/kana-9-8-0004.pdf
1432;恆德弄;恒德弄;HENGDE;LONG;;;;1850;;;金門;路;金门;路;金门路;JINMEN;LU;;黄浦区;19世纪中期;;;;
288;恆德當街;恒德当街;HENGDEDANG;JIE;NORD;French Concession;RUE;1863;1871;;金門;路;金门;路;金门路;JINMEN;LU;;黄浦区;1863-1943;RUE PROTET;;;
164;恩利和路;恩利和路;ENLIHE;LU;HENRI RIVIERE;French Concession;ROUTE;1913;1943;;桃江;路;桃江;路;桃江路;TAOJIANG;LU;;徐汇区;1913-1943;ROUTE HENRI RIVIERE;;Exact year stated;彰国躍. 上海 の道路命 名年表—社会言語学的命名論の基礎研究. https://kanagawa-u.repo.nii.ac.jp/record/5850/files/kana-9-8-0004.pdf
432;悖信路;悖信路;BEIXIN;LU;TUNSIN;International Settlement;ROAD;1925;1943;;武夷;路;武夷;路;武夷路;WUYI;LU;;长宁区;1925-1943;TUNSIN ROAD;;;
1055;惠祥弄;惠祥弄;HUIXIANG;LONG;;;;;;;製造局;路;制造局;路;制造局路147弄;ZHIZAOJU;LU;147 LONG;南市区;;;;;
473;愚園路;愚园路;YUYUAN;LU;YUYUEN;International Settlement;ROAD;;1943;2006;愚園;路;愚园;路;愚园路;YUYUAN;LU;;;;;;;
396;愛來格路;爱来格路;AILAIGE;LU;SOEUR ALLEGRE;French Concession;ROUTE;1909;1943;;桃源;路;桃源;路;桃源路;TAOYUAN;LU;;卢湾区;1906-1946;ROUTE SOEUR ALLEGRE;;Exact year stated;彰国躍. 上海 の道路命 名年表—社会言語学的命名論の基礎研究. https://kanagawa-u.repo.nii.ac.jp/record/5850/files/kana-9-8-0004.pdf
1685;愛克路;爱克路;AIKE;LU;;;;1943;1950;;淮陽;路;淮阳;路;淮阳路;HUAIYANG;LU;;长宁区;1943-1950;;;Exact year stated;彰国躍. 上海 の道路命 名年表—社会言語学的命名論の基礎研究. https://kanagawa-u.repo.nii.ac.jp/record/5850/files/kana-9-8-0004.pdf
114;愛多亞路;爱多亚路;AIDUOYA;LU;EDWARD VII;International Settlement;AVENUE;1915;1943;;延安;東路;延安;东路;延安东路;YAN'AN;DONGLU;;黄浦区;1915-1943;AVENUE EDWARD VII;;;
115;愛多亞路;爱多亚路;AIDUOYA;LU;EDWARD VII;International Settlement;AVENUE;1915;1943;;金陵;西路;金陵;西路;金陵西路;JINLING;XILU;;卢湾区;1916-1931;AVENUE EDWARD VII;;;
21;愛文義路;爱文义路;AIWENYI;LU;AVENUE;International Settlement;ROAD;1899;;;北京西;路;北京西;路;北京西路;BEIJING;XILU;;黄浦、静安区;;AVENUE ROAD;;Exact year stated;彰国躍. 上海 の道路命 名年表—社会言語学的命名論の基礎研究. https://kanagawa-u.repo.nii.ac.jp/record/5850/files/kana-9-8-0004.pdf
981;愛根路;爱根路;AIGEN;LU;;;;1908;;;濟寧;路;济宁;路;济宁路;JINING;LU;;杨浦区;;;;Exact year stated;彰国躍. 上海 の道路命 名年表—社会言語学的命名論の基礎研究. https://kanagawa-u.repo.nii.ac.jp/record/5850/files/kana-9-8-0004.pdf
111;愛棠路;爱棠路;AITANG;LU;EDAN;French Concession;ROUTE;1920;1943;;餘慶;路;余庆;路;余庆路;YUQING;LU;;徐汇区;1920-1943;ROUTE ADAN;;Exact year stated;彰国躍. 上海 の道路命 名年表—社会言語学的命名論の基礎研究. https://kanagawa-u.repo.nii.ac.jp/record/5850/files/kana-9-8-0004.pdf
1236;愛爾白納路;爱尔白纳路;AI'ERBANA;LU;;;;1862;1865;;寧波;路;宁波;路;宁波路（西段）;NINGBO ;LU;XIDUAN;黄浦区;1862-1865;;;Exact year stated;彰国躍. 上海 の道路命 名年表—社会言語学的命名論の基礎研究. https://kanagawa-u.repo.nii.ac.jp/record/5850/files/kana-9-8-0004.pdf
7;愛爾考克路;爱尔考克路;AI'ERKAOKE;LU;ALCOCK;International Settlement;ROAD;1899;1943;;安國;路;安国;路;安国路;ANGUO;LU;;虹口区;1899（光绪25年）-1943;ALCOCK ROAD;;Exact year stated;彰国躍. 上海 の道路命 名年表—社会言語学的命名論の基礎研究. https://kanagawa-u.repo.nii.ac.jp/record/5850/files/kana-9-8-0004.pdf
116;愛而近路;爱而近路;AI'ERJIN;LU;ELGIN;International Settlement;ROAD;1902;1943;;安慶;路;安庆;路;安庆路;ANQING;LU;;闸北、虹口区;1902-1943;ELGIN ROAD;;Exact year stated;彰国躍. 上海 の道路命 名年表—社会言語学的命名論の基礎研究. https://kanagawa-u.repo.nii.ac.jp/record/5850/files/kana-9-8-0004.pdf
117;愛而近路;爱而近路;AI'ERJIN;LU;ELGIN;International Settlement;ROAD;1902;1943;;安慶;東路;安庆;东路;安庆东路;ANQING;DONGLU;;闸北、虹口区;1902-1943;ELGIN ROAD;;Exact year stated;彰国躍. 上海 の道路命 名年表—社会言語学的命名論の基礎研究. https://kanagawa-u.repo.nii.ac.jp/record/5850/files/kana-9-8-0004.pdf
437;愛麥虞限路;爱麦虞限路;AIMAIYUXIAN;LU;VICTOR EMMANUEL Ⅲ;French Concession;ROUTE;1922;1943;;紹興;路;绍兴;路;绍兴路;SHAOXING;LU;;卢湾区;1926-1943;ROUTE VICTOR EMMANUEL Ⅲ;;Exact year stated;彰国躍. 上海 の道路命 名年表—社会言語学的命名論の基礎研究. https://kanagawa-u.repo.nii.ac.jp/record/5850/files/kana-9-8-0004.pdf
206;愷自爾路;恺自尔路;KAIZI'ER;LU;KRAETZER;French Concession;RUE;1909;1943;;金陵;中路;金陵;中路;金陵中路;JINLING;ZHONGLU;;黄浦、卢湾区;1918-1943;RUE KRAETZER;;;
779;慈佑路;慈佑路;CIYOU;LU;;;;1910;1964;;紫陽;路;紫阳;路;紫阳路;ZIYANG;LU;;徐汇区;1910-1964;;;;
277;慕爾鳴路;慕尔鸣路;MUERMING;LU;MOULMEIN;International Settlement;ROAD;;1943;;茂名;北路;茂名;北路;茂名北路;MAOMING;BEILU;;静安区;;MOULMEIN ROAD;;;
112;憶定盤路;忆定盘路;YIDINGPAN;LU;EDINBURGH;International Settlement;ROAD;1906;1943;;江蘇;路;江苏;路;江苏路;JIANGSU;LU;;长宁、静安区;1906-1943;EDINBURGH ROAD;;Exact year stated;彰国躍. 上海 の道路命 名年表—社会言語学的命名論の基礎研究. https://kanagawa-u.repo.nii.ac.jp/record/5850/files/kana-9-8-0004.pdf
1080;應公祠弄;应公祠弄;YINGGONGCI;LONG;;;;;1964;;迎勳;支路;迎勋;支路;迎勋支路;YINGXUN ;ZHILU;;南市区;-1964;;;;
1516;應公祠路;应公祠路;YINGGONGCI;LU;;;;;1964;;迎勳;北路;迎勋;北路;迎勋北路;YINGXUN;BEILU;;南市区;-1964;;;;
1116;懷德里南弄;怀德里南弄;HUAIDELI ;NANLONG;;;;;;;學院;路;学院;路;学院路177弄;XUEYUAN;LU;177 LONG;南市区;;;;;
142;戈登路;戈登路;GEDENG;LU;GORDON;International Settlement;ROAD;1900;1943;;江寧;路;江宁;路;江宁路;JIANGNING;LU;;普陀、静安区;1900-1943;GORDON ROAD;;Exact year stated;彰国躍. 上海 の道路命 名年表—社会言語学的命名論の基礎研究. https://kanagawa-u.repo.nii.ac.jp/record/5850/files/kana-9-8-0004.pdf
1310;成都路;成都路;CHENGDOU;LU;;;;1905;1915;2006;成都;北路;成都;北路;成都北路（北段）;CHENGDU ;BEILU;BEIDUAN;黄浦、静安区;1905-1915;;;Exact year stated;彰国躍. 上海 の道路命 名年表—社会言語学的命名論の基礎研究. https://kanagawa-u.repo.nii.ac.jp/record/5850/files/kana-9-8-0004.pdf
96;戴勞耐路;戴劳耐路;DAILAONAI;LU;DELAUNAY;French Concession;ROUTE;1929;1943;;德昌;路;德昌;路;德昌路;DECHANG;LU;;徐汇区;1929-1943;ROUTE DELAUNAY;;Exact year stated;彰国躍. 上海 の道路命 名年表—社会言語学的命名論の基礎研究. https://kanagawa-u.repo.nii.ac.jp/record/5850/files/kana-9-8-0004.pdf
1112;打靶場路;打靶场路;DABACHANG;LU;;;;1912;1920;;建國;西路;建国;西路;建国西路;JIANGUO;XILU;;卢湾区;1912-1920;;;Exact year stated;彰国躍. 上海 の道路命 名年表—社会言語学的命名論の基礎研究. https://kanagawa-u.repo.nii.ac.jp/record/5850/files/kana-9-8-0004.pdf
1030;拉皮路;拉皮路;LAPI;LU;;;;;;;新豐;路;新丰;路;新丰路;XINFENG;LU;;静安区;;;;;
356;拉都路;拉都路;LADU;LU;RAYMOND TENANT DE LA TOUR;French Concession;ROUTE;1918;1943;;襄陽;南路;襄阳;南路;襄阳南路;XIANGYANG;NANLU;;徐汇区;1918-1943;ROUTE TENANT DE LA TOUR;;Exact year stated;彰国躍. 上海 の道路命 名年表—社会言語学的命名論の基礎研究. https://kanagawa-u.repo.nii.ac.jp/record/5850/files/kana-9-8-0004.pdf
1145;拱辰路;拱辰路;GONGCHEN;LU;;;;;;;大境;路;大境;路;大境路（西段）;DAJING;LU;XIDUAN;南市区;;;;;
691;拱辰門南城根路;拱辰门南城根路;GONGCHENMENNANCHENGGEN;LU;;;;;;;大方;弄;大方;弄;大方弄;DAFANG;LONG;;南市区;;;;;
646;指江廟路;指江庙路;ZHIJIANGMIAO;LU;;;;1921;1964;;芷江;西路;芷江;西路;芷江西路;ZHIJIANG;XILU;;闸北区;1921-1964;;;Exact year stated;彰国躍. 上海 の道路命 名年表—社会言語学的命名論の基礎研究. https://kanagawa-u.repo.nii.ac.jp/record/5850/files/kana-9-8-0004.pdf
3;捕房西北同;捕房西北同;PUFANGXIBETONG;;ADMINISTRATION;French Concession;PASSAGE;;;;;;;;;;;;;;;;;
1186;揚子路;扬子路;YANGZI;LU;;;;1865;1890;;中山;東一路;中山;东一路;中山东一路;ZHONGSHAN;DONGYILU;;黄浦区;1865-1890;;;Exact year stated;彰国躍. 上海 の道路命 名年表—社会言語学的命名論の基礎研究. https://kanagawa-u.repo.nii.ac.jp/record/5850/files/kana-9-8-0004.pdf
561;政同路;政同路;ZHENGTONG;LU;;;;1931;1980;;政立;路;政立;路;政立路;ZHENGLI;LU;;杨浦区;1931-1980;;;Exact year stated;彰国躍. 上海 の道路命 名年表—社会言語学的命名論の基礎研究. https://kanagawa-u.repo.nii.ac.jp/record/5850/files/kana-9-8-0004.pdf
559;政寧路;政宁路;ZHENGNING;LU;;;;1931;1980;;政民;路;政民;路;政民路;ZHENGMIN;LU;;杨浦区;1931-1980;;;Exact year stated;彰国躍. 上海 の道路命 名年表—社会言語学的命名論の基礎研究. https://kanagawa-u.repo.nii.ac.jp/record/5850/files/kana-9-8-0004.pdf
1415;政治東路;政治东路;ZHENGZHI;DONGLU;;;;1931;;2006;政治;路;政治;路;政治路;ZHENGZHI;LU;;杨浦区;-1931;;;Exact year stated;彰国躍. 上海 の道路命 名年表—社会言語学的命名論の基礎研究. https://kanagawa-u.repo.nii.ac.jp/record/5850/files/kana-9-8-0004.pdf
1500;敏園路;敏园路;MINYUN;LU;;;;1922;1980;;華坪;路;华坪;路;华坪路;HUAPING;LU;;闵行区;1922-1980;;;Exact year stated;彰国躍. 上海 の道路命 名年表—社会言語学的命名論の基礎研究. https://kanagawa-u.repo.nii.ac.jp/record/5850/files/kana-9-8-0004.pdf
275;敏體尼蔭路;敏体尼荫路;MINTINIYIN;LU;MONTIGNY;French Concession;BOULEVARD;1909;1943;;西藏;南路;西藏;南路;西藏南路;XIZANG;NANLU;;卢湾、黄浦、;1909-1943;BOULEVARD DE MONTIGNY;;;
956;救國路;救国路;JIUGUO;LU;;;;1928;1956;;新閔;路;新闵;路;新闵路;XINMIN;LU;;闵行区;1928-1956;;;Exact year stated;彰国躍. 上海 の道路命 名年表—社会言語学的命名論の基礎研究. https://kanagawa-u.repo.nii.ac.jp/record/5850/files/kana-9-8-0004.pdf
78;教堂街;教堂街;JIAOTANG;JIE;CHURCH ;International Settlement;STREET;1855;1943;;江西;中路;江西;中路;江西中路;JIANGXI;ZHONGLU;;黄浦区;1855-1856;CHURCH STREET;;Exact year stated;彰国躍. 上海 の道路命 名年表—社会言語学的命名論の基礎研究. https://kanagawa-u.repo.nii.ac.jp/record/5850/files/kana-9-8-0004.pdf
1591;教會大道;教会大道;JIAOHUI;DADAO;;;;1850;1865;;寧波;路;宁波;路;宁波路;NINGBO;LU;;黄浦区;1850-1865;;;;
267;教會路;教会路;JIAOHUI;LU;MISSION;International Settlement;ROAD;1850;1943;;福州;路;福州;路;福州路（东段）;FUZHOU ;LU;DONGDUAN;黄浦区;19世纪50年代-1986;MISSION ROAD;;;
1062;教育路;教育路;JIAOYU;LU;;;;;;;西林;路;西林;路;西林路;XILIN;LU;;南市区;;;;;
1397;敦惠路;敦惠路;DUNHUI;LU;;;;1932;1958;;幸福;路;幸福;路;幸福路;XINGFU;LU;;长宁区;1932-1958;;;;
588;敬業弄;敬业弄;JINGYE;LONG;;;;;;;聚奎;街;聚奎;街;聚奎街(南段);JUKUI;JIE;NANDUAN;南市区;;;;;
798;文安路;文安路;WEN'AN;LU;;;;1943;;;皋蘭;路;皋兰;路;皋兰路;GAOLAN;LU;;卢湾区;;;;Exact year stated;彰国躍. 上海 の道路命 名年表—社会言語学的命名論の基礎研究. https://kanagawa-u.repo.nii.ac.jp/record/5850/files/kana-9-8-0004.pdf
610;文斜路;文斜路;WENXIE;LU;;;;;;;黃家闕;路;黄家阙;路;黄家阙路（东段）;HUANGJIAQUE ;LU;DONGDUAN;南市区;;;;;
1665;文斜路;文斜路;WENXIE;LU;;;;;;;大林;路;大林;路;大林路;DALIN;LU;;南市区;;;;;
1220;文昌路;文昌路;WENCHANG;LU;;;;1943;1963;;文安;路;文安;路;文安路;WEN'AN;LU;;闸北区;1943-1963;;;Exact year stated;彰国躍. 上海 の道路命 名年表—社会言語学的命名論の基礎研究. https://kanagawa-u.repo.nii.ac.jp/record/5850/files/kana-9-8-0004.pdf
1428;文昌路;文昌路;WENCHANG;LU;;;;1931;1953;;和豐;路;和丰;路;和丰路;HEFENG;LU;;吴淞区;1931-1953;;;Exact year stated;彰国躍. 上海 の道路命 名年表—社会言語学的命名論の基礎研究. https://kanagawa-u.repo.nii.ac.jp/record/5850/files/kana-9-8-0004.pdf
795;文昌閣路;文昌阁路;WENCHANGGE;LU;;;;;;;昌北;路;昌北;路;昌北路;CHANGBEI;LU;;吴淞区;;;;;
457;文極司脫路;文极司脱路;WENJISITUO;LU;WINCHESTER;International Settlement;ROAD;1900;1943;;文安;路;文安;路;文安路;WEN'AN;LU;;闸北区;约1900-1943;WINCHESTER ROAD;;;
31;文監師路;文监师路;WENJIANSHI;LU;BOONE;International Settlement;ROAD;1850;1943;;塘沽;路;塘沽;路;塘沽路;TANGGU;LU;;闸北、虹口区;19世纪中叶-1943;BOONE ROAD;;Exact year stated;彰国躍. 上海 の道路命 名年表—社会言語学的命名論の基礎研究. https://kanagawa-u.repo.nii.ac.jp/record/5850/files/kana-9-8-0004.pdf
123;斐倫路;斐伦路;FEILUN;LU;FEARON;International Settlement;ROAD;1850;1943;;九江;路;九江;路;九江路;JIUJIANG;LU;;虹口区;19世纪中叶-1943;FEARON ROAD;;;
799;斜徐路;斜徐路;XIEXU;LU;;;;1914;1954;;肇嘉浜;路;肇嘉浜;路;肇嘉浜路;ZHAOJIABANG;LU;;徐汇、卢湾区;1914-1954;;;Exact year stated;彰国躍. 上海 の道路命 名年表—社会言語学的命名論の基礎研究. https://kanagawa-u.repo.nii.ac.jp/record/5850/files/kana-9-8-0004.pdf
900;斜橋南路;斜桥南路;XIEQIAO;NANLU;;;;1891;;;製造局;路;制造局;路;制造局路1382弄;ZHIZAOJU;LU;1382 LONG;南市区;;;;Exact year stated;彰国躍. 上海 の道路命 名年表—社会言語学的命名論の基礎研究. https://kanagawa-u.repo.nii.ac.jp/record/5850/files/kana-9-8-0004.pdf
899;斜橋南首路;斜桥南首路;XIEQIAO;NANSHOULU;;;;;;;製造局;路;制造局;路;制造局路;ZHIZAOJU;LU;;南市区;;;;;
234;斜橋弄;斜桥弄;XIEQIAO;LONG;LOVE LANE;International Settlement;LANE;1894;1943;;吳江;路;吴江;路;吴江路;WUJIANG;LU;;静安区;;LOVE LANE;;Exact year stated;彰国躍. 上海 の道路命 名年表—社会言語学的命名論の基礎研究. https://kanagawa-u.repo.nii.ac.jp/record/5850/files/kana-9-8-0004.pdf
1311;斜橋東弄;斜桥东弄;XIEQIAO;DONGLONG;;;;;;;製造局;路;制造局;路;制造局路91弄;ZHIZAOJU;LU;91 LONG;南市区;;;;;
1363;斜橋東路;斜桥东路;XIEQIAO;DONGLU;;;;;;;陸家浜;路;陆家浜;路;陆家浜路;LUJIABANG;LU;;南市区;;;;;
1610;斜橋路;斜桥路;XIEQIAO;LU;;;;;;;吳江;路;吴江;路;吴江路;WUJIANG;LU;;静安区;;;;;
1704;新加坡;新加坡路;XINJIAPO;ROAD;SINGAPORE;;;1907;1943;;餘姚;路;余姚;路;余姚路;YUYAO;LU;;;;;;;
1209;新北門大街;新北门大街;XINBEIMEN;DAJIE;;;;1874;1913;;四川;南路;四川;南路;四川南路;SICHUAN;NANLU;;黄浦区;1874-1913;;;Exact year stated;彰国躍. 上海 の道路命 名年表—社会言語学的命名論の基礎研究. https://kanagawa-u.repo.nii.ac.jp/record/5850/files/kana-9-8-0004.pdf
1206;新北門老街;新北门老街;XINBEIMEN;LAOJIE;;;;;;;麗水;路;丽水;路;丽水路;LISHUI;LU;;南市区;;;;;
390;新唐家弄;新唐家弄;XINTANGJIA;LONG;SING DONG KA LOONG;;;;;;;;;;;;;;;;;;;
867;新大橋路;新大桥路;XINDAQIAO;LU;;;;1903;1914;;恆豐;路;恒丰;路;恒丰路;HENGFENG;LU;;闸北区;1903-1914;;;Exact year stated;彰国躍. 上海 の道路命 名年表—社会言語学的命名論の基礎研究. https://kanagawa-u.repo.nii.ac.jp/record/5850/files/kana-9-8-0004.pdf
884;新大沽路;新大沽路;XINDAGU;LU;;;;;;;大沽;路;大沽;路;大沽路;DAGU;LU;;静安区;;;;;
516;新太平碼頭;新太平码头;XINTAIPING MATOU;MATOU;;;;;;;新太平;弄;新太平;弄;新太平弄;XINTAIPING ;LONG;;南市区;;;;;
1277;新太碼頭街;新太码头街;XINTAI MATOU;JIE;;;;;;;外馬;路;外马;路;外马路近多稼路;WAIMA;LU;JIN DUOJIA LU;南市区;;;;;
910;新學前;新学前;XINXUE ;QIAN;;;;;;;文廟;路;文庙;路;文庙路（西段）;WENMIAO ;LU;XIDUAN;南市区;;;;;
113;新庚路;新庚路;XINGENG;LU;EDWARD EZRA;International Settlement;ROAD;1921;1943;;沙市;二路;沙市;二路;沙市二路;SHASHI;ERLU;;黄浦区;1921-1953;EDWARD EZRA ROAD;;Exact year stated;彰国躍. 上海 の道路命 名年表—社会言語学的命名論の基礎研究. https://kanagawa-u.repo.nii.ac.jp/record/5850/files/kana-9-8-0004.pdf
1440;新廣路;新广路;XINGUANG;LU;;;;1943;1947;;啓東;路;启东;路;启东路;QIDONG;LU;;闸北区;1943-1947;;;Exact year stated;彰国躍. 上海 の道路命 名年表—社会言語学的命名論の基礎研究. https://kanagawa-u.repo.nii.ac.jp/record/5850/files/kana-9-8-0004.pdf
614;新弄;新弄;XINLONG;;;;;;;;復興;中路;复兴;中路;复兴东路529弄;FUXING;DONGLU;529 LONG;南市区;;;;;
176;新橋路;新桥路;XINQIAO;LU;HUE;French Concession;RUE;1850;1912;;浙江;南路;浙江;南路;浙江南路;ZHEJIANG;NANLU;;黄浦区;19世纪中期-1912;RUE HUE;;Exact year stated;彰国躍. 上海 の道路命 名年表—社会言語学的命名論の基礎研究. https://kanagawa-u.repo.nii.ac.jp/record/5850/files/kana-9-8-0004.pdf
890;新橋路;新桥路;XINQIAO;LU;;;;1943;;;蒙自;路;蒙自;路;蒙自路;MENGZI ;LU;;卢湾区;;;;Exact year stated;彰国躍. 上海 の道路命 名年表—社会言語学的命名論の基礎研究. https://kanagawa-u.repo.nii.ac.jp/record/5850/files/kana-9-8-0004.pdf
1214;新民路;新民路;XINMIN;LU;;;;1914;1927;;東新民;街;东新民;街;东新民街;DONGXINMIN;JIE;;闸北区;1914-1927年;;;Exact year stated;彰国躍. 上海 の道路命 名年表—社会言語学的命名論の基礎研究. https://kanagawa-u.repo.nii.ac.jp/record/5850/files/kana-9-8-0004.pdf
1346;新民路;新民路;XINMIN;LU;;;;1914;1927;;天目;東路;天目;东路;天目东路;TIANMU;DONGLU;;闸北区;1914-1927;;;Exact year stated;彰国躍. 上海 の道路命 名年表—社会言語学的命名論の基礎研究. https://kanagawa-u.repo.nii.ac.jp/record/5850/files/kana-9-8-0004.pdf
1362;新民路;新民路;XINMIN;LU;;;;1914;1964;;天目;中路;天目;中路;天目中路;TIANMU;ZHONGLU;;闸北区;1914-1964;;;Exact year stated;彰国躍. 上海 の道路命 名年表—社会言語学的命名論の基礎研究. https://kanagawa-u.repo.nii.ac.jp/record/5850/files/kana-9-8-0004.pdf
1677;新民路;新民路;XINMIN;LU;;;;1914;1947;;新民;支路;新民;支路;新民支路;XINMIN ;ZHILU;;闸北区;1914-1947;;;Exact year stated;彰国躍. 上海 の道路命 名年表—社会言語学的命名論の基礎研究. https://kanagawa-u.repo.nii.ac.jp/record/5850/files/kana-9-8-0004.pdf
82;新永安街;新永安街;XINYONG'AN;JIE;COLBERT;French Concession;RUE;1855;1943;;新永安;路;新永安;路;新永安路;XINYOU'AN;LU;;黄浦区;1943-1945;;;;
394;新疆路;新疆路;XINJIANG;LU;SINKIANG;International Settlement;ROAD;;1943;1950;海寧;路;海宁;路;海宁路;HAINING ;LU;;;;;;;
580;新興路;新兴路;XINXING;LU;;;;1917;1919;;彭浦;路;彭浦;路;彭浦路;PENGPU;LU;;闸北区;1917-1919;;;Exact year stated;彰国躍. 上海 の道路命 名年表—社会言語学的命名論の基礎研究. https://kanagawa-u.repo.nii.ac.jp/record/5850/files/kana-9-8-0004.pdf
1133;新興路;新兴路;XINXING;LU;;;;1917;1919;;柳營;路;柳营;路;柳营路;LIUYING;LU;;闸北区;1917-1919;;;Exact year stated;彰国躍. 上海 の道路命 名年表—社会言語学的命名論の基礎研究. https://kanagawa-u.repo.nii.ac.jp/record/5850/files/kana-9-8-0004.pdf
1137;新興路;新兴路;XINXING;LU;;;;1917;1919;;老滬太;路;老沪太;路;老沪太路;LAOHUTAI;LU;;闸北区;1917-1919;;;Exact year stated;彰国躍. 上海 の道路命 名年表—社会言語学的命名論の基礎研究. https://kanagawa-u.repo.nii.ac.jp/record/5850/files/kana-9-8-0004.pdf
1149;新興路;新兴路;XINXING;LU;;;;1917;1919;;普善;路;普善;路;普善路;PUSHAN;LU;;闸北区;1917-1919;;;Exact year stated;彰国躍. 上海 の道路命 名年表—社会言語学的命名論の基礎研究. https://kanagawa-u.repo.nii.ac.jp/record/5850/files/kana-9-8-0004.pdf
755;新華路;新华路;XINHUA;LU;;;;;;;河南;南路;河南;南路;河南南路753弄;HENAN;NANLU;753 LONG;南市区;;;;Exact year stated;彰国躍. 上海 の道路命 名年表—社会言語学的命名論の基礎研究. https://kanagawa-u.repo.nii.ac.jp/record/5850/files/kana-9-8-0004.pdf
1492;新華路;新华路;XINHUA;LU;;;;1922;1980;;華坪;路;华坪;路;华坪路;HUAPING;LU;;闵行区;1922-1980;;;Exact year stated;彰国躍. 上海 の道路命 名年表—社会言語学的命名論の基礎研究. https://kanagawa-u.repo.nii.ac.jp/record/5850/files/kana-9-8-0004.pdf
2;新街;新街;XINJIE;;ADMINISTRATION;French Concession;RUE;1863;1921;;山東;南路;山东;南路;山东南路;SHANDONG;NANLU;;;;;;;
547;新街;新街;XINJIE;;;;;1913;;;老新;街;老新;街;老新街;LAOXIN;JIE;;南市区;-1913;;;;
882;新街;新街;XINJIE;;;;;;;;東昌;路;东昌;路;东昌路121弄;DONGCHANG;LU;121 LONG;黄浦区;;;;;
897;新街;新街;XINJIE;;;;;;;;中山;東二路;中山;东二路;中山东二路242;ZHONGSHAN;DONGERLU;242 LONG;南市区;;;;;
982;新街;新街;XINJIE;;;;;;;;北興;路;北兴;路;北兴路;BEIXING;LU;;吴淞区;;;;;
1445;新街;新街;XINJIE;;;;;1920;1956;;新安;路;新安;路;新安路;XIN'AN;LU;;闵行区;1920-1956;;;;
886;新街弄;新街弄;XINJIE;LONG;;;;;;;學院;路;学院;路;学院路148弄;XUEYUAN;LU;148 LONG;南市区;;;;;
913;新衙前;新衙前;XINYA;QIAN;;;;;;;學院;路;学院;路;学院路;XUEYUAN;LU;;南市区;;;;;
392;新記浜路;新记浜路;XINJIBANG;LU;SINGKEEPANG;International Settlement;ROAD;1920;1943;;新建;路;新建;路;新建路;XINJIAN;LU;;虹口区;20世纪20年代-1943;SINGKEEPANG ROAD;;;
889;新路巷;新路巷;XINLU ;XIANG;;;;;;;望雲;路;望云;路;望云路;WANGYUN;LU;;南市区;;;;;
68;新開河;新开河;XINKAIHE;LU;CHATEAU D'EAU;French Concession;PLACE;1898;1943;;新開河;南路;新开河;南路;新开河南路;XINKAIHE;NANLU;;黄浦、南市区;1908-1949;PLACE DU CHATEAU D'EAU;;;
1181;新開河;新开河;XINKAIHE;LU;;;;1908;1949;2006;新開河;北路;新开河;北路;新开河北路;XINKAIHE;BEILU;;黄浦区;1908-1949;;;;
403;新閘橋路;新闸桥路;XINZHAQIAO;LU;STONE BRIDGE;International Settlement;ROAD;1870;1943;;新橋;路;新桥;路;新桥路;XINQIAO;LU;;黄浦区;19世纪70年代-1943;STONE BRIDGE ROAD;;Exact year stated;彰国躍. 上海 の道路命 名年表—社会言語学的命名論の基礎研究. https://kanagawa-u.repo.nii.ac.jp/record/5850/files/kana-9-8-0004.pdf
1202;新閘橋路;新闸桥路;XINZHAQIAO;LU;;;;1906;1913;;大統;路;大统;路;大统路;DATONG;LU;;闸北区;约1906-1913;;;Exact year stated;彰国躍. 上海 の道路命 名年表—社会言語学的命名論の基礎研究. https://kanagawa-u.repo.nii.ac.jp/record/5850/files/kana-9-8-0004.pdf
395;新閘路;新闸路;XINZHA;LU;SINZA;International Settlement;ROAD;;1943;2006;新閘;路;新闸;路;新闸路;XINZHA;LU;;;;;;;
1119;新馬路;新马路;XINMA;LU;;;;1870;1920;;泗涇;路;泗泾;路;泗泾路;SIJING;LU;;黄浦区;19世纪70年代-20世纪初;;;Exact year stated;彰国躍. 上海 の道路命 名年表—社会言語学的命名論の基礎研究. https://kanagawa-u.repo.nii.ac.jp/record/5850/files/kana-9-8-0004.pdf
1457;新馬路;新马路;XINMA;LU;;;;1920;1955;;浦東;南路;浦东;南路;浦东南路（北段）;PUDONG ;NANLU;BEIDUAN;黄浦区;1920-1955;;;Named within the decade;彰国躍. 上海 の道路命 名年表—社会言語学的命名論の基礎研究. https://kanagawa-u.repo.nii.ac.jp/record/5850/files/kana-9-8-0004.pdf
1462;新馬路;新马路;XINMA;LU;;;;1913;1953;;淞寶;路;淞宝;路;淞宝路;SONGBAO;LU;;吴淞区;1913-1953;;;Named within the decade;彰国躍. 上海 の道路命 名年表—社会言語学的命名論の基礎研究. https://kanagawa-u.repo.nii.ac.jp/record/5850/files/kana-9-8-0004.pdf
1646;新馬路;新马路;XINMA;LU;;;;1938;1952;;中山;南二路;中山;南二路;中山南二路;ZHONGSHAN;NAN'ERLU;;徐汇、卢湾区;1938-1952;;;Named within the decade;彰国躍. 上海 の道路命 名年表—社会言語学的命名論の基礎研究. https://kanagawa-u.repo.nii.ac.jp/record/5850/files/kana-9-8-0004.pdf
1650;新馬路;新马路;XINMA;LU;;;;1950;1950;;曹楊;路;曹杨;路;曹杨路;CAOYANG;LU;;普陀区;建国初;;;Named within the decade;彰国躍. 上海 の道路命 名年表—社会言語学的命名論の基礎研究. https://kanagawa-u.repo.nii.ac.jp/record/5850/files/kana-9-8-0004.pdf
1298;新體育會路;新体育会路;XINTIYUHUI;LU;;;;1917;1937;;東體育會;路;东体育会;路;东体育会路;DONGTIYUHUI;LU;;虹口区;1917-1937年前;;;;
671;方浜橋路;方浜桥路;FANGBANG;LU;;;;;;2006;方浜西;西路;方浜西;西路;方浜西路;FANGBANG;XILU;;南市区;;;;;
474;方浜路;方浜路;FANGBANG;LU;ZE SI;French Concession;RUE;;;;方浜;東路;方浜;东路;方浜东路;FANGBANG;ZHONGLU;;南市区;;;;;
778;方浜路;方浜路;FANGBANG;LU;;;;;;2006;方浜;中路;方浜;中路;方浜中路;FANGBANG ;ZHONGLU;;南市区;;;;;
854;方浜路;方浜路;FANGBANG;LU;;;;;;2006;方浜;東路;方浜;东路;方浜东路;FANGBANG;DONGLU;;南市区;;;;;
1057;施家弄;施家弄;SHIJIA;LAOLU;;;;;;2006;北施家;弄;北施家;弄;北施家弄;BEISHIJIA;LONG;;南市区;;;;;
1244;施政路;施政路;SHIZHENG;LU;;;;;1921;;山東;路;山东;路;山东南路;SHANDONG;NANLU;;黄浦区;1921年前;;;Exact year stated;彰国躍. 上海 の道路命 名年表—社会言語学的命名論の基礎研究. https://kanagawa-u.repo.nii.ac.jp/record/5850/files/kana-9-8-0004.pdf
1194;施相公弄;施相公弄;SHIXIANGGONG;LONG;;;;;;;鹽碼頭;街;盐码头;街;盐码头街（西段）;YAN MATOU ;JIE;XIDUAN;南市区;;;;;
373;施高塔路;施高塔路;SHIGAOTA;LU;SCOTT;International Settlement;ROAD;1911;1943;;山陰;路;山阴;路;山阴路;SHANYIN;LU;;虹口区;1911-1943;SCOTT ROAD;;Exact year stated;彰国躍. 上海 の道路命 名年表—社会言語学的命名論の基礎研究. https://kanagawa-u.repo.nii.ac.jp/record/5850/files/kana-9-8-0004.pdf
1268;施高塔路底;施高塔路底;SHIGAOTA;LUDI;;;;1910;1943;;祥德;路;祥德;路;祥德路;XIANGDE;LU;;虹口区;20世纪-1943;;;;
920;旦華路;旦华路;DANHUA;LU;;;;;;;大境;路;大境;路;大境路（东段）;DAJING ;LU;DONGDUAN;南市区;;;;;
949;旦華路;旦华路;DANHUA;LU;;;;;;;紫華;路;紫华;路;紫华路;ZIHUA;LU;;南市区;;;;;
916;旭街;旭街;XUJIE;;;;;;;;邯鄲;路;邯郸;路;邯郸路470弄;HANDAN;LU;470 LONG;杨浦区;;;;;
552;昇平街;昇平街;SHENGPING;JIE;;;;;;;昇平;街;升平;街;升平街;SHENGPING;JIE;;静安区;;;;;
61;昌平路;昌平路;CHANGPING;LU;CHANGPING;International Settlement;ROAD;;1943;2006;昌平;路;昌平;路;昌平路;CHANGPING;LU;;;;;;;
1521;昌樂路;昌乐路;CHANGLE;LU;;;;;;;昌裏;路;昌里;路;昌里路;CHANGLI;LU;;南市区;;;;;
883;明和街;明和街;MINGHE;JIE;;;;;;;政化;路;政化;路;政化路(西段);ZHENGHUA ;LU;XIDUAN;杨浦区;;;;;
1379;明園路;上圆明园路;SHANGYUANMINGYUAN;LU;;;;1865;1886;;虎丘;路;虎丘;路;虎丘路;HUQIU;LU;;黄浦区;1865-1886;;;Exact year stated;彰国躍. 上海 の道路命 名年表—社会言語学的命名論の基礎研究. https://kanagawa-u.repo.nii.ac.jp/record/5850/files/kana-9-8-0004.pdf
769;明晏街;明晏街;MINGYAN;JIE;;;;;;2006;民晏;路;民晏;路;民晏路;MINYAN;LU;;闸北区;;;;;
1182;明治通;明治通;MINGZHI;TONG;;;;1939;1940;;翔殷;路;翔殷;路;翔殷路;XIANGYIN;LU;;杨浦区;1939-1940;;;Exact year stated;彰国躍. 上海 の道路命 名年表—社会言語学的命名論の基礎研究. https://kanagawa-u.repo.nii.ac.jp/record/5850/files/kana-9-8-0004.pdf
391;星加坡路;星加坡路;XINGJIAPO;LU;SINGAPORE;International Settlement;ROAD;1907;1943;;徐姚;路;徐姚;路;徐姚路;XUYAO;LU;;静安区;;SINGAPORE ROAD;;Exact year stated;彰国躍. 上海 の道路命 名年表—社会言語学的命名論の基礎研究. https://kanagawa-u.repo.nii.ac.jp/record/5850/files/kana-9-8-0004.pdf
1276;春山街;春山街;CHUNSHAN;JIE;;;;;1962;;銅山;街;铜山;街;铜山街;TONGSHAN;JIE;;杨浦区;-1962;;;;
681;春申街;春申街;CHUNSHEN;JIE;;;;;;;民珠;街;民珠;街;民珠街;MINZHU;JIE;;南市区;;;;;
688;晉源路;晋源路;JINYUAN;LU;;;;1964;1985;;晉元;路;晋元;路;晋元路;JINYUAN;LU;;闸北区;1964-1985;;;;
1341;晏海路;晏海路;YANHAI;LU;;;;;;;河南;南路;河南;南路;河南南路（北段）;HENAN ;NANLU;BEIDUAN;南市区;;;;;
1465;晝錦裏;昼锦里;ZHOUJIN;LI;;;;1870;1970;;山西;南路;山西;南路;山西南路(南段);SHANXI ;NANLU;NANDUAN;黄浦区;19世纪70年代;;;;
926;普安路;普安路;JIN'AN;LU;;;;;;;普育;西路;普育;西路;普育西路;PUYU;XILU;;南市区;;;;;
189;普恩濟世路;普恩济世路;PUENJISHI;LU;JOHN PRENTICE;French Concession;ROUTE;1926;1943;;進賢;路;进贤;路;进贤路;JINXIAN;LU;;卢湾区;1926-1943;ROUTE J.PRENTICE;;Exact year stated;彰国躍. 上海 の道路命 名年表—社会言語学的命名論の基礎研究. https://kanagawa-u.repo.nii.ac.jp/record/5850/files/kana-9-8-0004.pdf
339;普陀路;普陀路;PUTUO;LU;POOTOO;International Settlement;ROAD;1949;1943;2006;普陀;路;普陀;路;普陀路;PUTUO;LU;;;;;;Exact year stated;彰国躍. 上海 の道路命 名年表—社会言語学的命名論の基礎研究. https://kanagawa-u.repo.nii.ac.jp/record/5850/files/kana-9-8-0004.pdf
1009;暨南路;暨南路;JINAN;LU;;;;1926;;;新村;路;新村;路;新村路;XINCUN;LU;;普陀区、嘉定县;1926年初辟时;;;;
835;曲尺灣;曲尺湾;QUCHI;WAN;;;;;;;四牌樓;路;四牌楼;路;四牌楼路（南段）;SIPAILOU ;LU;NANDUAN;南市区;;;;;
665;曹家弄;曹家弄;CAOJIA;LONG;;;;;;;斜土;東路;斜土;东路;斜土东路363弄;XIETU;DONGLU;363 LONG;南市区;;;;;
1455;曹家弄;曹家弄;CAOJIA;LONG;;;;;;;微山;路;微山;路;微山路710弄;WEISHAN ;LU;710 LONG;南市区;;;;;
710;曹家橋街;曹家桥街;CAOJIAQIAO;JIE;;;;;;;曹家;街;曹家;街;曹家街;CAOJIA;JIE;;南市区;;;;;
1278;曹真路;曹真路;CAOZHEN;LU;;;;1935;1938;;曹楊;路;曹杨;路;曹杨路;CAOYANG;LU;;普陀区;1935-1938;;;Exact year stated;彰国躍. 上海 の道路命 名年表—社会言語学的命名論の基礎研究. https://kanagawa-u.repo.nii.ac.jp/record/5850/files/kana-9-8-0004.pdf
750;曹祠弄;曹祠弄;CAOCI;LAOLU;;;;;;;曹市;弄;曹市;弄;曹市弄;CAOSHI;LONG;;南市区;;;;;
1042;會稽街;会稽街;HUIJI;JIE;;;;;;;會稽;路;会稽;路;会稽路;HUIJI;LU;;南市区;;;;;
743;會館弄;会馆弄;HUIGUAN;LONG;;;;;;;中山;南路;中山;南路;中山南路76弄;ZHONGSHAN;NANLU;76 LONG;南市区;;;;;
1071;會館弄;会馆弄;HUIGUAN;LONG;;;;;;;陽朔;路;阳朔;路;阳朔路106弄;YANGSHUO;LU;106 LONG;南市区;;;;;
1416;會館後弄;会馆后弄;HUIGUAN;HOULONG;;;;;;2006;會館;街;会馆;街;会馆后街;HUIGUAN HOUJIE;HOUJIE;;南市区;;;;;
1269;會館路;会馆路;HUIGUAN;LU;;;;1915;1940;;會文;路;会文;路;会文路;HUIWEN;LU;;闸北区;1915-40年代;;;;
538;月浦中路;月浦中路;YUEPU;ZHONGLU;;;;1978;1981;;北安;路;北安;路;北安路;BEI'AN;LU;;吴淞区;1978-1981.5;;;;
628;月浦東路;月浦东路;YUEPU;ZHONGLU;;;;1979;1981;;雙泉;路;双泉;路;双泉路;SHUANGQUAN;LU;;吴淞区;1979-1981.5;;;;
471;有恆路;有恒路;YOUHENG;LU;YUHANG ;International Settlement;ROAD;1931;1943;;餘杭;路;余杭;路;余杭路;YUHANG;LU;;虹口区;1931-1943;YUHANG  ROAD;;;
23;朋卡路;朋卡路;PENGKA;LU;BANGKOK;International Settlement;ROAD;1904;1915;;福寧;路;福宁;路;福宁路;FUNING;LU;;杨浦区;1904-1915;BANGKOK ROAD;;Exact year stated;彰国躍. 上海 の道路命 名年表—社会言語学的命名論の基礎研究. https://kanagawa-u.repo.nii.ac.jp/record/5850/files/kana-9-8-0004.pdf
1468;望平街;望平街;WANGPING;JIE;;;;1870;1970;;山東;中路;山东;中路;山东中路（东段）;SHANDONG ;ZHONGLU;DONGDUAN;黄浦区;19世纪70年代;;;Named within the decade;彰国躍. 上海 の道路命 名年表—社会言語学的命名論の基礎研究. https://kanagawa-u.repo.nii.ac.jp/record/5850/files/kana-9-8-0004.pdf
443;望志路;望志路;WANGZHI;LU;WANTZ;French Concession;RUE;1914;1943;;興業;路;兴业;路;兴业路;XINGYE;LU;;卢湾区;1914-1943;RUE WANTZ;;Exact year stated;彰国躍. 上海 の道路命 名年表—社会言語学的命名論の基礎研究. https://kanagawa-u.repo.nii.ac.jp/record/5850/files/kana-9-8-0004.pdf
768;望達橋;望达桥;WANGDA;QIAO;;;;;;;半淞園;路;半淞园;路;半淞园路529弄;BANSONGYUAN;LU;529 LONG;黄浦区;;;;;
968;望達港;望达港;WANGDA;GANG;;;;;;2006;望達;路;望达;路;望达路;WANGDA;LU;;南市区;;;;;
1683;望達港;望达港;WANGDA;GANG;;;;;;;新肇周;路;新肇周;路;新肇周路1375弄;XINZHAOZHOU;LU;1375 LONG;南市区;;;;;
879;朝陽路;朝阳路;CHAOYANG;LU;;;;1911;;;黃家灣;;黄家湾;;黄家湾(东段);HUANGJIAWAN ;;DONGDUAN;南市区;;;;Exact year stated;彰国躍. 上海 の道路命 名年表—社会言語学的命名論の基礎研究. https://kanagawa-u.repo.nii.ac.jp/record/5850/files/kana-9-8-0004.pdf
1435;朝陽路;朝阳路;CHAOYANG;LU;;;;1911;1952;;瀋陽;路;沈阳;路;沈阳路;SHENYANG;LU;;杨浦区;1911-1952;;;Exact year stated;彰国躍. 上海 の道路命 名年表—社会言語学的命名論の基礎研究. https://kanagawa-u.repo.nii.ac.jp/record/5850/files/kana-9-8-0004.pdf
1104;木杆橋路;木杆桥路;MUGANQIAO;LU;;;;1958;1987;;田度;北路;田度;北路;田度北路;TIANDU;BEILU;;黄浦区;1958-1987;;;;
992;木瀆路;木渎路;MUDU;LU;;;;1943;;;方浜西;西路;方浜西;西路;方浜西路;FANGBANG;XILU;;南市区;;;;Exact year stated;彰国躍. 上海 の道路命 名年表—社会言語学的命名論の基礎研究. https://kanagawa-u.repo.nii.ac.jp/record/5850/files/kana-9-8-0004.pdf
1004;朱家灣街;朱家湾街;ZHUJIAWAN;JIE;;;;;1953;;光新;路;光新;路;光新路;GUANGXIN;LU;;普陀区;1953年前;;;;
76;朱葆三路;朱葆三路;ZHUBAO SANLU;SANLU;CHU PAO SAN;French Concession;RUE;1922;1943;;溪口;路;溪口;路;溪口路;XIKOU;LU;;黄浦区;1922-1943;RUE CHU PAO SAN;;Exact year stated;彰国躍. 上海 の道路命 名年表—社会言語学的命名論の基礎研究. https://kanagawa-u.repo.nii.ac.jp/record/5850/files/kana-9-8-0004.pdf
222;李梅路;李梅路;LIMEI;LU;LEMAIRE;French Concession;RUE;1906;1943;;望亭;路;望亭;路;望亭路;WANGTING;LU;;黄浦区;1906-1943;RUE LEMAIRE;;Exact year stated;彰国躍. 上海 の道路命 名年表—社会言語学的命名論の基礎研究. https://kanagawa-u.repo.nii.ac.jp/record/5850/files/kana-9-8-0004.pdf
632;李滿清堂路;李满清堂路;LIMANQINGTANG;LU;;;;;;;陝西;北路;陕西;北路;陕西北路;SHAANXI;BEILU;;静安区;;;;;
1032;杏堤路;杏堤路;XINGTI;LU;;;;1945;1952;;杏山;路;杏山;路;杏山路;XINGSHAN;LU;;普陀区;1945-1952;;;;
657;杜家灣;杜家湾;DUJIA;WAN;;;;;;;復興;東路;复兴;东路;复兴东路近河南南路;FUXING;DONGLU;JIN HENAN  NANLU;南市区;;;;;
424;杜浪路;杜浪路;DULANG;LU;TOURANE;French Concession;RUE;1862;1943;;福建;南路;福建;南路;福建南路;FUJIAN;NANLU;;黄浦区;1862-1872;RUE TOURANE;;Exact year stated;彰国躍. 上海 の道路命 名年表—社会言語学的命名論の基礎研究. https://kanagawa-u.repo.nii.ac.jp/record/5850/files/kana-9-8-0004.pdf
323;杜神父路;杜神父路;DUSHENFU;LU;PERE DUGOUT;French Concession;ROUTE;1931;1943;;永年;路;永年;路;永年路;YONGNIAN;LU;;卢湾区;1931-1946;ROUTE PERE DUGOUT;;Exact year stated;彰国躍. 上海 の道路命 名年表—社会言語学的命名論の基礎研究. https://kanagawa-u.repo.nii.ac.jp/record/5850/files/kana-9-8-0004.pdf
103;杜美路;杜美路;DUMEI;LU;DOUMER;French Concession;ROUTE;1902;1943;;東湖;路;东湖;路;东湖路;DONGHU;LU;;徐汇区;1902-1943;ROUTE DOUMER;;Exact year stated;彰国躍. 上海 の道路命 名年表—社会言語学的命名論の基礎研究. https://kanagawa-u.repo.nii.ac.jp/record/5850/files/kana-9-8-0004.pdf
1595;杭州路;杭州路;HANGZHOU;LU;;;;1861;1865;;九江;路;九江;路;九江路;JIUJIANG;LU;;黄浦区;约1861-1865;;;Exact year stated;彰国躍. 上海 の道路命 名年表—社会言語学的命名論の基礎研究. https://kanagawa-u.repo.nii.ac.jp/record/5850/files/kana-9-8-0004.pdf
1045;東一路;东一路;DONGYI;LU;;;;;;;團結;路;团结;路;团结路;TUANJIE;LU;;吴淞区;;;;;
1503;東三路;东三路;DONGSAN;LU;;;;;;;樟嶺;路;樟岭;路;樟岭路;ZHANGLING;LU;;吴淞区;;;;;
942;東二路;东二路;DONG'ER;LU;;;;;;;牡丹江;路;牡丹江;路;牡丹江路;MUDANJIANG;LU;;吴淞区;;;;;
421;東京路;东京路;DONGJING;LU;TONGQUIN;International Settlement;ROAD;1890;1943;;昌化;路;昌化;路;昌化路;CHANGHUA;LU;;普陀、静安区;本世纪末-1945;TONGQUIN ROAD;;Exact year stated;彰国躍. 上海 の道路命 名年表—社会言語学的命名論の基礎研究. https://kanagawa-u.repo.nii.ac.jp/record/5850/files/kana-9-8-0004.pdf
704;東俞家弄;东俞家弄;DONGYUJIA;LONG;;;;;;;俞家;弄;俞家;弄;俞家弄（东段）;YUJIA ;LONG;DONGDUAN;南市区;;;;;
1290;東光復路;东光复路;DONGFUANGFU;LU;;;;1925;1926;;光復;路;光复;路;光复路;GUANGFU;LU;;闸北区;1925-约1926;;;Exact year stated;彰国躍. 上海 の道路命 名年表—社会言語学的命名論の基礎研究. https://kanagawa-u.repo.nii.ac.jp/record/5850/files/kana-9-8-0004.pdf
1285;東光通;东光通;DONGGUANG;TONG;;;;1939;1940;;清源環;路;清源环;路;清源环路;QINGYUANHUAN;LU;;杨浦区;1939-1940;;;Exact year stated;彰国躍. 上海 の道路命 名年表—社会言語学的命名論の基礎研究. https://kanagawa-u.repo.nii.ac.jp/record/5850/files/kana-9-8-0004.pdf
1160;東唐家弄;东唐家弄;DONGTANGJIA;LONG;;;;1890;1936;;天潼;路;天潼;路;天潼路;TIANTONG;LU;;闸北区;19世纪末-1936;;;;
1048;東園門街;东园门街;DONGYUANMEN;JIE;;;;;;;安仁;路;安仁;路;安仁路（南段）;ANREN ;LU;NANDUAN;南市区;;;;;
495;東寧海路;东宁海路;DONGNINGHAI ;LU;;;;1943;1943;2006;寧海;東路;宁海;东路;宁海东路;NINGHAI;DONGLU;;黄浦区;1943-1945;;;Exact year stated;彰国躍. 上海 の道路命 名年表—社会言語学的命名論の基礎研究. https://kanagawa-u.repo.nii.ac.jp/record/5850/files/kana-9-8-0004.pdf
1204;東廟橋路;东庙桥路;DONGMIAOQIAO;LU;;;;1910;1964;;東安;路;东安;路;东安路;DONGAN;LU;;徐汇区;20世纪初-1964;;;;
701;東廟路;东庙路;DONGMIAO;LU;;;;;1958;;河東;路;河东;路;河东路;HEDONG;LU;;闵行区;-1958;;;;
603;東延路;东延路;DONGYAN;LU;;;;;;;富錦;路;富锦;路;富锦路;FUJIN;LU;;吴淞区;;;;;
110;東新嘉路;东新嘉路;DONGXINJIA;LU;EAST SIN GA;International Settlement;ROAD;1910;1943;;五臺;路;五台;路;五台路;WUTAI;LU;;虹口区;20世纪初-1943;EAST SIN GA ROAD;;;
1240;東新橋街;东新桥街;DONGXINQIAO;JIE;;;;1912;1943;;浙江;南路;浙江;南路;浙江南路;ZHEJIANG;NANLU;;黄浦区;1912-1943;;;Exact year stated;彰国躍. 上海 の道路命 名年表—社会言語学的命名論の基礎研究. https://kanagawa-u.repo.nii.ac.jp/record/5850/files/kana-9-8-0004.pdf
1469;東新路;东新路;DONGXIN;LU;;;;1958;1979;;東浦 ;路;东浦 ;路;东浦 路;DONGPU;LU;;吴淞区;1979年前;;;Exact year stated;彰国躍. 上海 の道路命 名年表—社会言語学的命名論の基礎研究. https://kanagawa-u.repo.nii.ac.jp/record/5850/files/kana-9-8-0004.pdf
946;東昇路;东升路;DONGSHENG;LU;;;;;;;東浦;路;东浦;路;东浦路;DONGPU;LU;;吴淞区;;;;;
108;東有恆路;东有恒路;DONGYOUHENG;LU;EAST HANBURY;International Settlement;ROAD;1910;1943;;東餘杭;路;东余杭;路;东余杭路;DONGYUHANG;LU;;虹口区;20世纪初-1943;EAST HANBURY ROAD;;;
612;東梅家鋪弄;东梅家铺弄;DONGMEIJIAPU;LONG;;;;;;;東梅家;街;东梅家;街;东梅家街;DONGMEIJIA;JIE;;南市区;;;;;
431;東棋盤街;东棋盘街;DONGXIPANJIE;JIE;TUNG GE BA KA;;;;;;西棋盤;街;西棋盘;街;西棋盘街;XIQIPAN;JIE;;黄浦区;;;;;
881;東正豐街;东正丰街;DONGZHENGFENG;JIE;;;;1862;1865;;廣東;路;广东;路;广东路;GUANGDONG;LU;;黄浦区;1862-1865;;Section of CANTON between FUKIEN and CHEKIANG before 1865 福建路至浙江路段，名东正丰街;;
864;東武昌路;东武昌路;DONGWUCHANG;LU;;;;1890;1910;;武昌;路;武昌;路;武昌路;WUCHANG;LU;;虹口区;19世纪末-20世纪初;;;Exact year stated;彰国躍. 上海 の道路命 名年表—社会言語学的命名論の基礎研究. https://kanagawa-u.repo.nii.ac.jp/record/5850/files/kana-9-8-0004.pdf
523;東毛家弄;东毛家弄;DONGMAOJIA;LONG;;;;;;;毛家;路;毛家;路;毛家路（东段）;MAOJIA ;LU;DONGDUAN;南市区;;;;;
87;東永興;东永兴;DONGYONGXING;;CONSULAT;French Concession;PASSAGE;1860;;;;;;;;;;;;;;;;
656;東泰山路;东泰山路;DONGTAISHAN;LU;;;;1943;;;淮海;東路;淮海;东路;淮海东路;HUAIHAI;DONGLU;;黄浦区;;;;Exact year stated;彰国躍. 上海 の道路命 名年表—社会言語学的命名論の基礎研究. https://kanagawa-u.repo.nii.ac.jp/record/5850/files/kana-9-8-0004.pdf
1533;東漢壁禮路;东汉壁礼路;DONGHANBILI;LU;;;;1890;1943;;東漢陽;路;东汉阳;路;东汉阳路;DONGHANYANG;LU;;虹口区;19世纪末-1943;;;;
109;東熙華德路;东熙华德路;DONGXIHUADE;LU;EAST SEWARD;International Settlement;ROAD;1860;1943;;東長治;路;东长治;路;东长治路;DONGCHANGZHI;LU;;虹口区;19世纪60年代-1943;EAST SEWARD ROAD;;;
107;東百老匯路;东百老汇路;DONGBAILAOHUI;LU;EAST BROADWAY;International Settlement;ROAD;1850;1943;;東大名;路;东大名;路;东大名路;DONGDAMING;LU;;虹口区;19世纪50年代-1943;EAST BROADWAY ROAD;;;
1631;東祥街;东祥街;DONGXIANG;JIE;;;;1943;1950;;海倫;路;海伦;路;海伦路;HAILUN;LU;;虹口区;1943-1950;;;;
947;東臺路;东台路;DONGTAI;LU;;;;1890;;;黃河;路;黄河;路;黄河路;HUANGHE;LU;;黄浦区;19世纪末期;;;;
1619;東華路;东华路;DONGHUA;LU;;;;1939;1943;;軍工;路;军工;路;军工路;JUNGONG;LU;;杨浦区;1939-1945;;;Exact year stated;彰国躍. 上海 の道路命 名年表—社会言語学的命名論の基礎研究. https://kanagawa-u.repo.nii.ac.jp/record/5850/files/kana-9-8-0004.pdf
939;東街;东街;DONGJIE;;;;;1957;;;東浦;路;东浦;路;东浦路;DONGPU;LU;;吴淞区;;;;Exact year stated;彰国躍. 上海 の道路命 名年表—社会言語学的命名論の基礎研究. https://kanagawa-u.repo.nii.ac.jp/record/5850/files/kana-9-8-0004.pdf
481;東道前街;东道前街;DONGDAOJIE;QIANJIE;;;;;;;學宮;街;学宫;街;学宫街;XUEGONG;JIE;;南市区;;;;;
1163;東馬弄;东马弄;DONGMA;LONG;;;;;;;馬街;街;马街;街;马街;MAJIE;LU;;南市区;;;;;
494;東馬橋街;东马桥街;DONGMAQIAO;JIE;;;;;;;東馬街;街;东马街;街;东马街;DONGMA;JIE;;南市区;;;;;
1305;松井通;松井通;SONGJING;TONG;;;;1937;1940;;四平;路;四平;路;四平路;SIPING;LU;;杨浦区;1937-1940;;;Exact year stated;彰国躍. 上海 の道路命 名年表—社会言語学的命名論の基礎研究. https://kanagawa-u.repo.nii.ac.jp/record/5850/files/kana-9-8-0004.pdf
1026;松柏衚衕;松柏胡同;SONGBO;HUTONG;;;;;;;河南;南路;河南;南路;河南南路249弄;HENAN;NANLU;249 LONG;南市区;;;;;
1100;松江路;松江路;SONGJIANG;LU;;;;1850;1914;;延安;東路;延安;东路;延安东路（北侧）;YAN'AN;DONGLU;BEICE;黄浦区;19世纪中期-1914;;;Exact year stated;彰国躍. 上海 の道路命 名年表—社会言語学的命名論の基礎研究. https://kanagawa-u.repo.nii.ac.jp/record/5850/files/kana-9-8-0004.pdf
1607;松進路;松进路;SONGJIN;LU;;;;1940;1943;;四平;路;四平;路;四平路;SIPING;LU;;杨浦区;1940-1945;;;Exact year stated;彰国躍. 上海 の道路命 名年表—社会言語学的命名論の基礎研究. https://kanagawa-u.repo.nii.ac.jp/record/5850/files/kana-9-8-0004.pdf
1697;板橋巷;板桥巷;BANQIAO ;XIANG;;;;1830;1850;;旅順;路;旅顺;路;旅顺路;LVSHUN;LU;;虹口区;1840年前（开埠前）- 1840年后;;;;
965;林森中路;林森中路;LINSEN;ZHONGLU;;;;1945;1950;;淮海;中路;淮海;中路;淮海中路;HUAIHAI;ZHONGLU;;长宁、徐汇、;1945-1950;;;Exact year stated;彰国躍. 上海 の道路命 名年表—社会言語学的命名論の基礎研究. https://kanagawa-u.repo.nii.ac.jp/record/5850/files/kana-9-8-0004.pdf
1124;林森東路;林森东路;LINSEN;DONGLU;;;;1945;1950;;淮海;東路;淮海;东路;淮海东路;HUAIHAI;DONGLU;;黄浦、南市区;1945-1950;;;;
1549;林森西路;林森西路;LINSEN;XILU;;;;1945;1950;;淮海;西路;淮海;西路;淮海西路;HUAIHAI;XILU;;长宁、徐汇区;1945-1950;;;Exact year stated;彰国躍. 上海 の道路命 名年表—社会言語学的命名論の基礎研究. https://kanagawa-u.repo.nii.ac.jp/record/5850/files/kana-9-8-0004.pdf
1249;林肯支路;林肯支路;LINKENLU;ZHILU;;;;;1943;;天山;支路;天山;支路;天山支路;TIANSHAN ;ZHILU;;长宁区;-1943;;;;
225;林肯路;林肯路;LINKEN;LU;LINCOLN;International Settlement;ROAD;1925;1943;;天山;路;天山;路;天山路;TIANSHAN;LU;;长宁区;1925-1943;LINCOLN ROAD;;Exact year stated;彰国躍. 上海 の道路命 名年表—社会言語学的命名論の基礎研究. https://kanagawa-u.repo.nii.ac.jp/record/5850/files/kana-9-8-0004.pdf
1019;林蔭支弄;林荫支弄;LINYIN;ZHILONG;;;;;;;林蔭;路;林荫;路;林荫路136弄;LINYIN;LU;136 LONG;南市区;;;;;
1494;果子行;果子行;GUOZIHANG;;;;;;;;復興;東路;复兴;东路;复兴东路;FUXING;DONGLU;;南市区;;;;;
1530;柏枝弄;柏枝弄;BOZHI;LONG;;;;;;;東江陰;街;东江阴;街;东江阴街151弄;DONGJIANGYIN;JIE;151 LONG;南市区;;;;;
1689;柳川通;柳川通;LIUCHUAN;TONG;;;;1939;1940;;淞滬;路;淞沪;路;淞沪路;SONGHU;LU;;杨浦区;1939-1940;;;Exact year stated;彰国躍. 上海 の道路命 名年表—社会言語学的命名論の基礎研究. https://kanagawa-u.repo.nii.ac.jp/record/5850/files/kana-9-8-0004.pdf
764;校場梢街;校场梢街;XIANCHANGSHAO;JIE;;;;;;;東江陰;街;东江阴;街;东江阴街(东段);DONGJIANGYIN ;JIE;DONGDUAN;南市区;;;;;
1505;校場街;校场街;XIAOCHANG;JIE;;;;1904;1964;;東江陰;街;东江阴;街;东江阴街(东段);DONGJIANGYIN ;JIE;DONGDUAN;南市区;1904-1964;;;Exact year stated;彰国躍. 上海 の道路命 名年表—社会言語学的命名論の基礎研究. https://kanagawa-u.repo.nii.ac.jp/record/5850/files/kana-9-8-0004.pdf
42;格洛克路;格洛克路;GELUOKE;LU;BRODIE A. CLARKE;French Concession;RUE;1906;1943;;柳林;路;柳林;路;柳林路;LIULIN;LU;;卢湾区;1906-1946;RUE BRODIE A.CLARKE;;Exact year stated;彰国躍. 上海 の道路命 名年表—社会言語学的命名論の基礎研究. https://kanagawa-u.repo.nii.ac.jp/record/5850/files/kana-9-8-0004.pdf
145;格羅希路;格罗希路;GELUOXI;LU;GROUCHY;French Concession;ROUTE;1919;1943;;延慶;路;延庆;路;延庆路;YANQING;LU;;徐汇区;1919-1943;ROUTE DE GROUCHY;;Exact year stated;彰国躍. 上海 の道路命 名年表—社会言語学的命名論の基礎研究. https://kanagawa-u.repo.nii.ac.jp/record/5850/files/kana-9-8-0004.pdf
1050;格蘭路;格兰路;GELAN;LU;;;;1911;;;隆昌;路;隆昌;路;隆昌路;LONGCHANG;LU;;杨浦区;;;;Exact year stated;彰国躍. 上海 の道路命 名年表—社会言語学的命名論の基礎研究. https://kanagawa-u.repo.nii.ac.jp/record/5850/files/kana-9-8-0004.pdf
1668;桂子弄;桂子弄;GUIZI;LONG;;;;1905;1949;;裏桂枝;路;里桂枝;路;里桂枝路;LIGUIZHI;LU;;吴淞区;清末-1949;;;;
1314;桂平路;桂平路;GUIPING;LU;;;;1943;1946;;廣西;南路;广西;南路;广西南路;GUANGXI;NANLU;;黄浦区;1943-1945;;;Exact year stated;彰国躍. 上海 の道路命 名年表—社会言語学的命名論の基礎研究. https://kanagawa-u.repo.nii.ac.jp/record/5850/files/kana-9-8-0004.pdf
1152;桂支弄;桂支弄;GUIZHI;LONG;;;;1930;1980;2006;桂枝;路;桂枝;路;桂枝路;GUIZHI;LU;;吴淞区;1930-1980;;;Exact year stated;彰国躍. 上海 の道路命 名年表—社会言語学的命名論の基礎研究. https://kanagawa-u.repo.nii.ac.jp/record/5850/files/kana-9-8-0004.pdf
1567;桂林山路;桂林山路;GUILINSHAN;LU;;;;1901;1946;;順昌;路;顺昌;路;顺昌路(北段);SHUNCHANG ;LU;BEIDUAN;卢湾区;1901-1946;;;Exact year stated;彰国躍. 上海 の道路命 名年表—社会言語学的命名論の基礎研究. https://kanagawa-u.repo.nii.ac.jp/record/5850/files/kana-9-8-0004.pdf
204;桂林路;桂林路;GUILIN;LU;KOUEI LIN;French Concession;RUE;1901;1913;;自忠;路;自忠;路;自忠路（东段）;ZIZHONG ;LU;DONGDUAN;卢湾区;1913-1946;RUE EUGENE BARD;;Exact year stated;彰国躍. 上海 の道路命 名年表—社会言語学的命名論の基礎研究. https://kanagawa-u.repo.nii.ac.jp/record/5850/files/kana-9-8-0004.pdf
738;桂林路;桂林路;GUILIN;LU;;;;1943;;;茂名;南路;茂名;南路;茂名南路;MAOMING;NANLU;;卢湾区;;;;Exact year stated;彰国躍. 上海 の道路命 名年表—社会言語学的命名論の基礎研究. https://kanagawa-u.repo.nii.ac.jp/record/5850/files/kana-9-8-0004.pdf
1052;桂陽路;桂阳路;GUIYANG;LU;;;;;;;貴陽;路;贵阳;路;贵阳路;GUIYANG;LU;;杨浦区;;;;;
1382;桑園弄街;桑园弄街;SANGYUANLONG;JIE;;;;;;;高雄;路;高雄;路;高雄路45弄;GAOXIONG;LU;45 LONG;南市区;;;;;
723;梅園街;梅园街;MEIYUAN;JIE;;;;;;;洞庭山;弄;洞庭山;弄;洞庭山弄（西段）;DONGTINGSHAN ;LONG;XIDUAN;南市区;;;;;
573;梅家巷;梅家巷;MEIJIA;XIANG;;;;;;2006;梅家;街;梅家;街;梅家街;MEIJIA;JIE;;南市区;;;;;
606;梅家巷;梅家巷;MEIJIA;XIANG;;;;;;;東梅家;街;东梅家;街;东梅家街;DONGMEIJIA;JIE;;南市区;;;;;
577;梅家弄;梅家弄;MEIJIA;LONG;;;;;;2006;梅家;街;梅家;街;梅家街;MEIJIA;JIE;;南市区;;;;;
878;梅家弄;梅家弄;MEIJIA;LONG;;;;;;;梅家;;梅家;;梅家桥;MEIJIA;QIAO;;南市区;;;;;
677;梅林山路;梅林山路;MEILINSHAN;LU;;;;1902;1906;;吉安;路;吉安;路;吉安路;JI'AN;LU;;卢湾区;1902-1906;;;;
280;梅白格路;梅白格路;MEIBAIGE;LU;MYBURGH;International Settlement;ROAD;1899;1943;;新昌;路;新昌;路;新昌路（南段）;XINCHANG ;LU;NANDUAN;黄浦区;1899-1943;MYBURGH ROAD;;Exact year stated;彰国躍. 上海 の道路命 名年表—社会言語学的命名論の基礎研究. https://kanagawa-u.repo.nii.ac.jp/record/5850/files/kana-9-8-0004.pdf
479;梅隴北路;梅陇北路;MEILONG;BEILU;;;;1952;1985;;梅嶺;北路;梅岭;北路;梅岭北路;MEILING;BEILU;;普陀区;1952-1985;;;;
725;梅隴南路;梅陇南路;MEILONG;NANLU;;;;1952;1985;;梅嶺;南路;梅岭;南路;梅岭南路;MEILING;NANLU;;普陀区;1952-1985;;;;
1540;梅隴支路;梅陇支路;MEILONGLU;ZHILU;;;;1971;1985;;梅嶺;支路;梅岭;支路;梅岭支路;MEILING ;ZHILU;;普陀区;1971-1985;;;;
1130;梧桐弄;梧桐弄;WUTONG;LONG;;;;;;2006;梧桐;路;梧桐;路;梧桐路;WUTONG;LU;;南市区;;;;;
1335;梨園路;梨园路;LIYUAN;LU;;;;;;;方浜;中路;方浜;中路;方浜中路;FANGBANG;ZHONGLU;;南市区;;;;;
1514;梵皇渡後路;梵皇渡后路;FANHUANGDU;HOULU;;;;1943;1964;;萬航渡;後路;万航渡;后路;万航渡后路;WANHANGDU;HOULU;;普陀、长宁区;1943-1964;;;Exact year stated;彰国躍. 上海 の道路命 名年表—社会言語学的命名論の基礎研究. https://kanagawa-u.repo.nii.ac.jp/record/5850/files/kana-9-8-0004.pdf
1589;梵皇渡支路;梵皇渡支路;FANHUANGDU;ZHILU;;;;1943;1964;;萬航渡;後路;万航渡;后路;万航渡后路;WANHANGDU;HOULU;;普陀、长宁区;1943-1964;;;Exact year stated;彰国躍. 上海 の道路命 名年表—社会言語学的命名論の基礎研究. https://kanagawa-u.repo.nii.ac.jp/record/5850/files/kana-9-8-0004.pdf
1538;梵皇渡路;梵皇渡路;FANHUANGDU;LU;;;;1943;1964;;萬航渡;路;万航渡;路;万航渡路;WANHANGDU;LU;;长宁、静安区;1943-1964;;;Exact year stated;彰国躍. 上海 の道路命 名年表—社会言語学的命名論の基礎研究. https://kanagawa-u.repo.nii.ac.jp/record/5850/files/kana-9-8-0004.pdf
873;棲霞西路;栖霞西路;XIXIA;XILU;;;;1853;1984;2006;棲霞;路;栖霞;路;栖霞路(西段);XIXIA ;LU;;黄浦区;1853-1984;;;;
961;楊家弄;杨家弄;YANGJIA;LONG;;;;;;;江陰;街;江阴;街;江阴街21弄;JIANGYIN;JIE;21 LONG;南市区;;;;;
1374;楊家弄;杨家弄;YANGJIA;LONG;;;;;;;復興;東路;复兴;东路;复兴东路579弄;FUXING;DONGLU;579 LONG;南市区;;;;;
1576;楊家弄;杨家弄;YANGJIA;LONG;;;;;;;楊家柵;路;杨家栅;路;杨家栅路48弄;YANGJIAZHA;LU;48 LONG;南市区;;;;;
1517;楊家柵弄;杨家栅弄;YANGJIAZHA;LONG;;;;;;2006;楊家柵;路;杨家栅;路;杨家栅路;YANGJIAZHA;LU;;南市区;;;;;
759;楊家橋弄;杨家桥弄;YANGJIAQIAO;LONG;;;;;;;河南;南路;河南;南路;河南南路（南段）;HENAN ;NANLU;NANDUAN;南市区;;;;;
522;楊家渡橋街;杨家渡桥街;YANGJIADUQIAO;JIE;;;;;;;楊渡;橫街;杨渡;横街;杨渡横街;YANGDU;HENGJIE;;南市区;;;;;
521;楊家渡橫街;杨家渡横街;YANGJIADU;HENGJIE;;;;;;;楊渡;橫街;杨渡;横街;杨渡横街;YANGDU;HENGJIE;;南市区;;;;;
662;楊家渡街;杨家渡街;YANGJIADU;JIE;;;;1910;1949;2006;楊家渡;路;杨家渡;路;杨家渡路;YANGJIADU;JIE;;黄浦区;20世纪初-1949;;;;
874;楊家渡街;杨家渡街;YANGJIADU;JIE;;;;;;;楊渡;街;杨渡;街;杨渡街;YANGDU;JIE;;南市区;;;;;
545;楊高宅路;杨高宅路;YANGGAOZHAI;LU;;;;1920;1982;;楊家浜;支路;杨家浜;支路;杨家浜支路;YANGJIABANG ;ZHILU;;虹口区;20世纪20年代-1982;;;;
850;楊高路;杨高路;YANGGAO;LU;;;;1984;1988;2006;楊高;支路;杨高;支路;杨高支路;YANGGAO ;ZHILU;;南市区;1984-1988;;;Exact year stated;彰国躍. 上海 の道路命 名年表—社会言語学的命名論の基礎研究. https://kanagawa-u.repo.nii.ac.jp/record/5850/files/kana-9-8-0004.pdf
735;楓涇路;枫泾路;FENGJING;LU;;;;;;;福建;南路;福建;南路;福建南路;FUJIAN;NANLU;;黄浦区;;;;;
640;極司非而後路;极司非而后路;JISIFEI'ERLU;HOULU;;;;;1943;;萬航渡;後路;万航渡;后路;万航渡后路;WANHANGDU;HOULU;;长宁、普陀区;1943年前;;;;
1258;極司非而支路;极司非而支路;JISIFEI'ERLU;ZHILU;;;;1865;1944;;萬航渡;後路;万航渡;后路;万航渡后路;WANHANGDU;HOULU;;长宁、普陀区;1865-1944;;;;
185;極司非而路;极司非而路;JISIFEI'ER;LU;JESSFIELD;International Settlement;ROAD;1864;1943;;萬航渡;路;万航渡;路;万航渡路;WANHANGDU;LU;;长宁、静安区;1864-1943;JESSFIELD ROAD;;;
1572;榆木涇;榆木泾;YUMU;JING;;;;;;;江陰;路;江阴;路;江阴路;JIANGYIN;LU;;南市区;;;;;
714;榮昌路;荣昌路;RONGCHANG;LU;;;;1943;1980;;德昌;路;德昌;路;德昌路;TECHANG;LU;;徐汇区;1943-1980;;;Exact year stated;彰国躍. 上海 の道路命 名年表—社会言語学的命名論の基礎研究. https://kanagawa-u.repo.nii.ac.jp/record/5850/files/kana-9-8-0004.pdf
5;樹本路;树本路;SHUBEN;LU;ALBERT JUPIN;French Concession;ROUTE;1921;1943;;建德;路;建德;路;建德路;JIANDE;LU;;卢湾区;1920-1946;ROUTE A.JUPIN;;Exact year stated;彰国躍. 上海 の道路命 名年表—社会言語学的命名論の基礎研究. https://kanagawa-u.repo.nii.ac.jp/record/5850/files/kana-9-8-0004.pdf
1391;橋東街;桥东街;QIAODONG;JIE;;;;;1958;;河東;路;河东;路;河东路;HEDONG;LU;;闵行区;-1958;;;;
39;橋街;桥街;QIAOJIE;;BRIDGE ;International Settlement;STREET;1855;1865;;四川;中路;四川;中路;四川中路;SICHUAN;ZHONGLU;;黄浦区;1855-1865;BRIDGE STREET;;Exact year stated;彰国躍. 上海 の道路命 名年表—社会言語学的命名論の基礎研究. https://kanagawa-u.repo.nii.ac.jp/record/5850/files/kana-9-8-0004.pdf
721;機場路;机场路;JICHANG ;LU;;;;1957;1965;;宛平;南路;宛平;南路;宛平南路;WANPING;NANLU;;徐汇区;1957-1965;;;;
1060;機場路;机场路;JICHANG;LU;;;;;;;機廠;路;机厂;路;机厂路;JICHANG;LU;;徐汇区;;;;;
1157;橫山路;横山路;HENGSHAN;LU;;;;1930;1980;2006;黃山;路;黄山;路;黄山路;HUANGSHAN;LU;;虹口、闸北区;1930-1980;;;;
1122;橫路;横路;HENGLU;;;;;;;;寧安;路;宁安;路;宁安路;NING'AN;LU;;南市区;;;;;
322;檳榔路;槟榔路;BINLANG;LU;PENANG;International Settlement;ROAD;1911;1943;;安遠;路;安远;路;安远路;ANYUAN;LU;;普陀、静安区;1911-1943;PENANG ROAD;;Exact year stated;彰国躍. 上海 の道路命 名年表—社会言語学的命名論の基礎研究. https://kanagawa-u.repo.nii.ac.jp/record/5850/files/kana-9-8-0004.pdf
435;歐嘉路;欧嘉路;OUJIA;LU;URGA;International Settlement;ROAD;1917;1943;;海倫;路;海伦;路;海伦路;HAILUN;LU;;虹口区;1917-1943;URGA ROAD;;Exact year stated;彰国躍. 上海 の道路命 名年表—社会言語学的命名論の基礎研究. https://kanagawa-u.repo.nii.ac.jp/record/5850/files/kana-9-8-0004.pdf
658;正陽路;正阳路;ZHENGYANG;LU;;;;1943;;;石門;一路;石门;一路;石门一路;SHIMEN;YILU;;静安区;;;;Exact year stated;彰国躍. 上海 の道路命 名年表—社会言語学的命名論の基礎研究. https://kanagawa-u.repo.nii.ac.jp/record/5850/files/kana-9-8-0004.pdf
460;武定路;武定路;WUDING;LU;WUTING;International Settlement;ROAD;;1943;1950;武定;西路;武定;西路;武定西路;WUDING;XILU;;长宁、静安区;1950-1954;;;Exact year stated;彰国躍. 上海 の道路命 名年表—社会言語学的命名論の基礎研究. https://kanagawa-u.repo.nii.ac.jp/record/5850/files/kana-9-8-0004.pdf
487;歸化路;归化路;GUIHUA;LU;;;;1945;1957;;昌化;路;昌化;路;昌化路;CHANGHUA;LU;;普陀、静安区;1945-1957;;;;
824;殺羊路;杀羊路;SHAYANG;LU;;;;;;;三陽;路;三阳;路;三阳路;SANYANG;LU;;吴淞区;;;;;
715;殺豬路;杀猪路;SHAZHU;LU;;;;;;;薩珠;弄;萨珠;弄;萨珠弄;SAZHU;LONG;;南市区;;;;;
815;毛家弄;毛家弄;MAOJIA;LONG;;;;;;;三牌樓;路;三牌楼;路;三牌楼路44弄;SANPAILOU;LU;44 LONG;南市区;;;;;
1332;毛家弄;毛家弄;MAOJIA;LONG;;;;;;;跨龍;路;跨龙;路;跨龙路110弄;KUALONG;LU;110 LONG;南市区;;;;;
1555;毛家弄;毛家弄;MAOJIA;LONG;;;;;;2006;毛家;路;毛家;路;毛家路;MAOJIA;LU;;南市区;;;;;
682;民國路;民国路;MINGUO;LU;;;;1914;1949;;人民;路;人民;路;人民路;RENMIN;LU;;黄浦、南市区;1914-1949;;;Exact year stated;彰国躍. 上海 の道路命 名年表—社会言語学的命名論の基礎研究. https://kanagawa-u.repo.nii.ac.jp/record/5850/files/kana-9-8-0004.pdf
1645;民生路;民生路;MINSHENG;LU;;;;1910;1950;;民和;路;民和;路;民和路;MINHE;LU;;虹口区;20世纪初-20世纪 50年代;;;Exact year stated;彰国躍. 上海 の道路命 名年表—社会言語学的命名論の基礎研究. https://kanagawa-u.repo.nii.ac.jp/record/5850/files/kana-9-8-0004.pdf
823;民立街;民立街;MINLI;JIE;;;;;;;中華;路;中华;路;中华路920弄;ZHONGHUA;LU;920 LONG;南市区;;;;;
1111;民興路;民兴路;MINXING;LU;;;;1915;1916;;民德;路;民德;路;民德路;MINDE;LU;;闸北区;1915-约1916;;;Exact year stated;彰国躍. 上海 の道路命 名年表—社会言語学的命名論の基礎研究. https://kanagawa-u.repo.nii.ac.jp/record/5850/files/kana-9-8-0004.pdf
542;水仙宮前街;水仙宫前街;SHUIXIANGONG;QIANJIE;;;;;;;巡道;街;巡道;街;巡道街（南段）;XUNDAO ;JIE;NANDUAN;南市区;;;;;
831;水神閣;水神阁;SHUISHENGE;;;;;;;;陽朔;路;阳朔;路;阳朔路（中段东）;YANGSHUO;LU;ZHONGDUAN DONG;南市区;;;;;
483;永和支路;永和支路;YONGHELU;ZHILU;;;;1981;1986;;汶水;路;汶水;路;汶水路（西段）;WENSHUI ;LU;XIDUAN;闸北区;1981-1986;;;Exact year stated;彰国躍. 上海 の道路命 名年表—社会言語学的命名論の基礎研究. https://kanagawa-u.repo.nii.ac.jp/record/5850/files/kana-9-8-0004.pdf
1056;永壽街;永寿街;YONGSHOU;JIE;;;;1943;1943;2006;永壽;路;永寿;路;永寿路;YONGSHOU;LU;;南市区;1943-1945;;;;
216;永安路;永安路;YONG'AN;LU;LAGUERRE;French Concession;RUE;1943;1943;2006;永安;路;永安;路;永安路;YONG'AN;LU;;黄浦区;1943-1945;RUE LAGUERRE;;Exact year stated;彰国躍. 上海 の道路命 名年表—社会言語学的命名論の基礎研究. https://kanagawa-u.repo.nii.ac.jp/record/5850/files/kana-9-8-0004.pdf
761;永寧路;永宁路;YONGNING;LU;;;;1900;1986;;塘後;路;塘后;路;塘后路;TANGHOU;LU;;吴淞区;1900--1986;;;Exact year stated;彰国躍. 上海 の道路命 名年表—社会言語学的命名論の基礎研究. https://kanagawa-u.repo.nii.ac.jp/record/5850/files/kana-9-8-0004.pdf
762;永平路;永平路;YONGPING;LU;;;;1943;1943;;雲南;南路;云南;南路;云南南路;YUNNAN;NANLU;;南市、黄浦区;1943-1945;;;Exact year stated;彰国躍. 上海 の道路命 名年表—社会言語学的命名論の基礎研究. https://kanagawa-u.repo.nii.ac.jp/record/5850/files/kana-9-8-0004.pdf
905;永年街;永年街;YONGNIAN;JIE;;;;1943;;;永壽;路;永寿;路;永寿路;YONGSHOU;LU;;黄浦区;1943年前;;;Exact year stated;彰国躍. 上海 の道路命 名年表—社会言語学的命名論の基礎研究. https://kanagawa-u.repo.nii.ac.jp/record/5850/files/kana-9-8-0004.pdf
1084;永樂街;永乐街;YONGLE;JIE;;;;1912;1943;;利西;路;利西;路;利西路;LIXI ;LU;;长宁区;1912年前后-1943;;;Exact year stated;彰国躍. 上海 の道路命 名年表—社会言語学的命名論の基礎研究. https://kanagawa-u.repo.nii.ac.jp/record/5850/files/kana-9-8-0004.pdf
1338;永泰路;永泰路;YONGTAI;LU;;;;1943;1943;;福建;南路;福建;南路;福建南路;FUJIAN;BEILU;;黄浦区;1943-1945;;;Exact year stated;彰国躍. 上海 の道路命 名年表—社会言語学的命名論の基礎研究. https://kanagawa-u.repo.nii.ac.jp/record/5850/files/kana-9-8-0004.pdf
1647;永清路;永清路;YONGQING;LU;;;;1899;1951;;淞寶;路;淞宝;路;淞宝路;SONGBAO;LU;;呈淞区;1899-1951;;;Exact year stated;彰国躍. 上海 の道路命 名年表—社会言語学的命名論の基礎研究. https://kanagawa-u.repo.nii.ac.jp/record/5850/files/kana-9-8-0004.pdf
996;永源浜;永源浜;YONGYUAN;BANG ;;;;;;;南京;西路;南京;西路;南京西路1912弄;NANJING;XILU;1912 LONG;静安区;;;;;
908;永盛和街;永盛和街;YONGSHENGHE;JIE;;;;;;;白渡;路;白渡;路;白渡路横街;BAIDULU;HENGJIE;;南市区;;;;;
1274;永盛和街;永盛和街;YONGSHENGHE;JIE;;;;;;;楊渡;橫街;杨渡;横街;杨渡横街;YANGDU;HENGJIE;;南市区;;;;;
1438;永興橋街;永兴桥街;YONGXINGQIAO;JIE;;;;;;;永泰;路;永泰;路;永泰路;YONGTAI;LU;;南市区;;;;;
909;永興街;永兴街;YONGXING;JIE;;;;;;;永泰;路;永泰;路;永泰路;YONGTAI;LU;;南市区;;;;;
1648;永興路;永兴路;YONGXING;LU;;;;1945;1951;;永勝;路;永胜;路;永胜路;YONGSHENG;LU;;黄浦区;1945-1951;;;Exact year stated;彰国躍. 上海 の道路命 名年表—社会言語学的命名論の基礎研究. https://kanagawa-u.repo.nii.ac.jp/record/5850/files/kana-9-8-0004.pdf
760;永順碼頭街;永顺码头街;YONGSHUN MATOU;JIE;;;;;;;中山;南路;中山;南路;中山南路774，785号;ZHONGSHAN;NANLU;774-785 HAO;南市区;;;;;
404;汕頭路;汕头路;SHANTOU;LU;SWATOW;International Settlement;ROAD;;1943;2006;汕頭;路;汕头;路;汕头路;SHANTOU;LU;;黄浦区;;;;;
1230;江北路;江北路;JIANGBEI;LU;;;;1912;1958;;福康;北路;福康;北路;福康北路（南段）;FUKANG;BEILU;NANDUAN;黄浦区;1912-1958;;;Exact year stated;彰国躍. 上海 の道路命 名年表—社会言語学的命名論の基礎研究. https://kanagawa-u.repo.nii.ac.jp/record/5850/files/kana-9-8-0004.pdf
600;江楊路;江杨路;JIANGYANG;LU;;;;1937;1958;2006;江楊;南路;江杨;南路;江杨南路;JIANGYANG;NANLU;;闸北区;1937年前-1958;;;;
1559;江津路;江津路;JIANGJING;LU;;;;1943;;;方浜;東路;方浜;东路;方浜东路;FANGBANG;DONGLU;;南市区;;;;Exact year stated;彰国躍. 上海 の道路命 名年表—社会言語学的命名論の基礎研究. https://kanagawa-u.repo.nii.ac.jp/record/5850/files/kana-9-8-0004.pdf
1354;江灣路;江湾路;JIANGWAN;LU;;;;1910;1930;;東江灣;路;东江湾;路;东江湾路;DONG JIANWAN;LU;;虹口区;20世纪初-20世纪30年代;;;;
1090;江蘇路;江苏路;JIANGSU;LU;;;;1855;1865;;四川;中路;四川;中路;四川中路;SICHUAN;ZHONGLU;;黄浦区;1855-1865;;;;
197;江西路;江西路;JIANGXI;LU;KIANGSE;International Settlement;ROAD;1865;1943;2006;江西;中路;江西;中路;江西中路;JIANGXI;ZHONGLU;;黄浦区;1865-1945;;;Exact year stated;彰国躍. 上海 の道路命 名年表—社会言語学的命名論の基礎研究. https://kanagawa-u.repo.nii.ac.jp/record/5850/files/kana-9-8-0004.pdf
430;池浜路;池浜路;CHIBANG;LU;TSZEPANG;International Settlement;ROAD;1932;1943;;慈溪;路;慈溪;路;慈溪路;CIXI;LU;;静安区;;TSZEPANG ROAD;;Exact year stated;彰国躍. 上海 の道路命 名年表—社会言語学的命名論の基礎研究. https://kanagawa-u.repo.nii.ac.jp/record/5850/files/kana-9-8-0004.pdf
184;汶林路;汶林路;WENLIN;LU;JEROME WINLING;French Concession;ROUTE;1922;1943;;宛平;路;宛平;路;宛平路;WANPING;LU;;徐汇区;1922-1943;ROUTEJ.WINLING;;Exact year stated;彰国躍. 上海 の道路命 名年表—社会言語学的命名論の基礎研究. https://kanagawa-u.repo.nii.ac.jp/record/5850/files/kana-9-8-0004.pdf
1352;沈家浜路;沈家浜路;SHENJIABANG;LU;;;;1918;1937;;醫學院;路;医学院;路;医学院路;YIXUEYUAN;LU;;徐汇区;1918-1937;;;Exact year stated;彰国躍. 上海 の道路命 名年表—社会言語学的命名論の基礎研究. https://kanagawa-u.repo.nii.ac.jp/record/5850/files/kana-9-8-0004.pdf
589;沉香閣前街;沉香阁前街;CHENXIANGGE;QIANJIE;;;;;;2006;沉香閣;路;沉香阁;路;沉香阁路;CHENGXIANGGE;LU;;南市区;;;;;
888;沙克里路;沙克里路;SHAKELI;LU;;;;1855;1865;;福建;中路;福建;中路;福建中路;FUJIAN;ZHONGLU;;黄浦区;1855-1865;;;Exact year stated;彰国躍. 上海 の道路命 名年表—社会言語学的命名論の基礎研究. https://kanagawa-u.repo.nii.ac.jp/record/5850/files/kana-9-8-0004.pdf
171;河南路;河南路;HENAN;LU;HONAN;International Settlement;ROAD;1865;1943;2006;河南;中路;河南;中路;河南中路;HENAN;ZHONGLU;;黄浦区;1865-1945;;;Exact year stated;彰国躍. 上海 の道路命 名年表—社会言語学的命名論の基礎研究. https://kanagawa-u.repo.nii.ac.jp/record/5850/files/kana-9-8-0004.pdf
713;油車弄;油车弄;YOUCHE;LONG;;;;;;;平安;街;平安;街;平安街43弄;PING'ANJIE;JIE;43 LONG;南市区;;;;;
852;油車街;油车街;YOUCHE;JIE;;;;;;;裕溪;路;裕溪;路;裕溪路;YUXI;LU;;吴淞区;;;;;
907;油車街;油车街;YOUCHE;LU;;;;;;;白渡;路;白渡;路;白渡路(中段);BADU ;LU;ZHONGDUAN;南市区;;;;;
1651;沿浦馬路;沿浦马路;YANPU MALU;MALU;;;;1889;1950;;淞浦;路;淞浦;路;淞浦路;SONGPU;LU;;吴淞区;1889-1950;;;Exact year stated;彰国躍. 上海 の道路命 名年表—社会言語学的命名論の基礎研究. https://kanagawa-u.repo.nii.ac.jp/record/5850/files/kana-9-8-0004.pdf
1364;泉漳會館弄;泉漳会馆弄;QUANZHANGHUIGUAN;LONG;;;;;;;會館;街;会馆;街;会馆弄;HUIGUAN;LONG;;南市区;;;;;
1446;法外灘路;法外滩路;FAWAITAN;LU;;;;1856;1943;;中山;東二路;中山;东二路;中山东二路;ZHONGSHAN;DONGERLU;;黄浦区;1856-1943;;;Exact year stated;彰国躍. 上海 の道路命 名年表—社会言語学的命名論の基礎研究. https://kanagawa-u.repo.nii.ac.jp/record/5850/files/kana-9-8-0004.pdf
1293;法大馬路;法大马路;FADAMA;LU;;;;1860;1943;;金陵;東路;金陵;东路;金陵东路;JINLING;DONGLU;;黄浦区;1860-1943;;;Exact year stated;彰国躍. 上海 の道路命 名年表—社会言語学的命名論の基礎研究. https://kanagawa-u.repo.nii.ac.jp/record/5850/files/kana-9-8-0004.pdf
138;法磊斯路;法磊斯路;FALEISI;LU;FRASER;International Settlement;ROAD;1925;1943;;伊犁;路;伊犁;路;伊犁路;YILI;LU;;长宁区;1925-1943;FRASER ROAD;;Exact year stated;彰国躍. 上海 の道路命 名年表—社会言語学的命名論の基礎研究. https://kanagawa-u.repo.nii.ac.jp/record/5850/files/kana-9-8-0004.pdf
99;法華民國路;法华民国路;FAHUAMINGUO;LU;DEUX REPUBLIQUES;French Concession;BOULEVARD;1913;1943;;人民;路;人民;路;人民路;RENMIN;LU;;黄浦、南市区;1913-1943;BOULEVARD DES DEUX REPUBLIQUES;;Exact year stated;彰国躍. 上海 の道路命 名年表—社会言語学的命名論の基礎研究. https://kanagawa-u.repo.nii.ac.jp/record/5850/files/kana-9-8-0004.pdf
1502;法華街;法华街;FAHUA;JIE;;;;;;2006;法華鎮;路;法华镇;路;法华镇路;FAHUAZHEN;LU;;长宁区;;;;;
122;法華路;法华路;FAHUA;LU;FA HUA;French Concession;ROUTE;1914;1918;;復興;中路;复兴;中路;复兴中路;FUXING;ZHONGLU;;徐汇、卢湾区;1918-1943;ROUTE LAFAYETTE;;Exact year stated;彰国躍. 上海 の道路命 名年表—社会言語学的命名論の基礎研究. https://kanagawa-u.repo.nii.ac.jp/record/5850/files/kana-9-8-0004.pdf
1476;法華路;法华路;FAHUA;LU;;;;1947;1965;;新華;路;新华;路;新华路;XINHUA;LU;;长宁区;1947-1965;;;Exact year stated;彰国躍. 上海 の道路命 名年表—社会言語学的命名論の基礎研究. https://kanagawa-u.repo.nii.ac.jp/record/5850/files/kana-9-8-0004.pdf
349;法蘭西外灘;法兰西外滩;FALANXI;WAITAN;QUAI DE FRANCE;French Concession;QUAI;;1943;;中山;東二路;中山;东二路;中山东二路;ZHONGSHAN;DONGERLU;;南市区;;;;;
88;法蘭西大馬路;法兰西大马路;FALANXI MALU;MALU;CONSULAT;French Concession;RUE;1850;1943;;金陵;東路;金陵;东路;金陵东路;JINLING;DONGLU;;黄浦区;1860-1943;RUE.DU CONSULAT;;;
388;泗涇路;泗泾路;SIJING;;SIKING;International Settlement;ROAD;1865;1943;;;;;;;;;;黄浦区;;;;;
1083;泥墩路;泥墩路;NIDUN;LU;;;;;;;高墩;街;高墩;街;高墩街;GAODUN;JIE;;南市区;;;;;
736;泥牆圈大巷道;泥墙圈大巷道;NIQIANGQUAN DAXIANGDAO;DAXIANGDAO;;;;1937;1987;;北張家浜;路;北张家浜;路;北张家浜路;BEIZHANGJIABANG;LU;;黄浦区;1937-1987;;;;
1183;泰同棧路;泰同栈路;TAITONGZHAN;LU;;;;1948;1987;;泰東;路;泰东;路;泰东路;TAIDONG;LU;;黄浦区;1948-1987;;;;
1537;泰安路;泰安路;TAI'AN;LU;;;;1943;;;寧安;路;宁安;路;宁安路;NING'AN;LU;;南市区;;;;Exact year stated;彰国躍. 上海 の道路命 名年表—社会言語学的命名論の基礎研究. https://kanagawa-u.repo.nii.ac.jp/record/5850/files/kana-9-8-0004.pdf
406;泰山路;泰山路;TAISHAN;LU;TAI CHAN;French Concession;RUE;1906;1946;;東臺;路;东台;路;东台路;DONGTAI;LU;;卢湾区;1906-1946;RUE HENNEQUIN;;Exact year stated;彰国躍. 上海 の道路命 名年表—社会言語学的命名論の基礎研究. https://kanagawa-u.repo.nii.ac.jp/record/5850/files/kana-9-8-0004.pdf
741;泰山路;泰山路;TAISHAN;LU;;;;1943;1943;;淮海;東路;淮海;东路;淮海东路;HUAIHAI;DONGLU;;黄浦、南市区;1943-1945;;;Exact year stated;彰国躍. 上海 の道路命 名年表—社会言語学的命名論の基礎研究. https://kanagawa-u.repo.nii.ac.jp/record/5850/files/kana-9-8-0004.pdf
1385;泰山路;泰山路;TAISHAN;LU;;;;1943;1943;;淮海;中路;淮海;中路;淮海中路;HUAIHAI;ZHONGLU;;长宁、徐汇、卢湾区;1943-1945;;;Exact year stated;彰国躍. 上海 の道路命 名年表—社会言語学的命名論の基礎研究. https://kanagawa-u.repo.nii.ac.jp/record/5850/files/kana-9-8-0004.pdf
1429;泰山路;泰山路;TAISHAN;LU;;;;1902;1906;;東臺;路;东台;路;东台路;DONGTAI;LU;;卢湾区;1902-1906;;;Exact year stated;彰国躍. 上海 の道路命 名年表—社会言語学的命名論の基礎研究. https://kanagawa-u.repo.nii.ac.jp/record/5850/files/kana-9-8-0004.pdf
607;泰新路;泰新路;TAIXIN;LU;;;;;1982;;泰淞;路;泰淞;路;泰淞路;TAISONG;LU;;吴淞区;1982年前;;;;
1628;泰興路;泰兴路;TAIXING;LU;;;;1926;1950;;泰和;路;泰和;路;泰和路;TAIHE;LU;;吴淞区;1926-1950;;;Exact year stated;彰国躍. 上海 の道路命 名年表—社会言語学的命名論の基礎研究. https://kanagawa-u.repo.nii.ac.jp/record/5850/files/kana-9-8-0004.pdf
84;洋涇浜路;洋泾浜路;YANGJINGBANG ;LU;CONFUCIUS;French Concession;QUAI;1860;1898;;;;;;;;;;;;;;;
1577;洋涇鎮街;洋泾镇街;YANGJINGZHEN;JIE;;;;1908;1949;2006;洋涇鎮;路;洋泾镇;路;洋泾镇路;YANGJINGZHEN;LU;;黄浦区;1949年前;;;Exact year stated;彰国躍. 上海 の道路命 名年表—社会言語学的命名論の基礎研究. https://kanagawa-u.repo.nii.ac.jp/record/5850/files/kana-9-8-0004.pdf
917;洋行街;洋行街;YANGHANG;JIE;;;;;;;陽朔;路;阳朔;路;阳朔路;YANGSHUO;LU;;南市区;;;;;
455;洋行路;洋行路;YANGHANG;LU;WHAMPOO;French Concession;RUE;1860;1943;;陽朔;路;阳朔;路;阳朔路;YANGSHUO;LU;;;;;;;
1442;洗布浜街;洗布浜街;XIBUBANG;JIE;;;;1912;;2006;洗布浜;;洗布浜;;洗布浜;XIBUBANG;;;南市区;;;;Exact year stated;彰国躍. 上海 の道路命 名年表—社会言語学的命名論の基礎研究. https://kanagawa-u.repo.nii.ac.jp/record/5850/files/kana-9-8-0004.pdf
629;洛陽路;洛阳路;LUOYANG;LU;;;;1943;;;延安;中路;延安;中路;延安中路;YAN'AN;ZHONGLU;;静安区;;;;Exact year stated;彰国躍. 上海 の道路命 名年表—社会言語学的命名論の基礎研究. https://kanagawa-u.repo.nii.ac.jp/record/5850/files/kana-9-8-0004.pdf
1127;洛陽路;洛阳路;LUOYANG;LU;;;;1943;1943;;金陵;西路;金陵;西路;金陵西路;JINLING;XILU;;黄浦、卢湾区;1943-1945;;;Exact year stated;彰国躍. 上海 の道路命 名年表—社会言語学的命名論の基礎研究. https://kanagawa-u.repo.nii.ac.jp/record/5850/files/kana-9-8-0004.pdf
422;洞庭路;洞庭路;DONGTING;LU;TONGTING;International Settlement;ROAD;1910;1943;;唐山;路;唐山;路;唐山路;TANGSHAN;LU;;虹口区;20世纪初-1946;TONGTING ROAD;;;
572;洪竹弄;洪竹弄;HONGZHU;LONG;;;;;;;老新;街;老新;街;老新街;LAOXIN;JIE;;南市区;;;;;
1529;洵陽路;洵阳路;XUNYANG;LU;;;;1958;1964;;旬陽;路;旬阳;路;旬阳路;XUNYANG;LU;;普陀区;1958-1964;;;;
1569;派克衖;派克衖;PAIKE;XIANG;;;;1820;1946;;百官;街;百官;街;百官街;BAIGUAN;JIE;;虹口区;19世纪初-1946;;;;
313;派克路;派克路;PAIKE;LU;PARK;International Settlement;ROAD;1910;1943;;黃河;路;黄河;路;黄河路;HUANGHE;LU;;黄浦区;20世纪初-1943;PARK ROAD;;Exact year stated;彰国躍. 上海 の道路命 名年表—社会言語学的命名論の基礎研究. https://kanagawa-u.repo.nii.ac.jp/record/5850/files/kana-9-8-0004.pdf
70;浙江路;浙江路;ZHEJIANG;LU;CHEKIANG;International Settlement;ROAD;1866;1943;2006;浙江;中路;浙江;中路;浙江中路;ZHEJIANG;ZHONGLU;;黄浦区;1866-1945;;;Exact year stated;彰国躍. 上海 の道路命 名年表—社会言語学的命名論の基礎研究. https://kanagawa-u.repo.nii.ac.jp/record/5850/files/kana-9-8-0004.pdf
945;浚浦西路;浚浦西路;JUNPU;XILU;;;;1940;;;共青;路;共青;路;共青路;GONGQING;LU;;杨浦区;;;;Named within the decade;彰国躍. 上海 の道路命 名年表—社会言語学的命名論の基礎研究. https://kanagawa-u.repo.nii.ac.jp/record/5850/files/kana-9-8-0004.pdf
1535;浜東路;浜东路;BANGDONG;LU;;;;;1964;;泗東;路;泗东;路;泗东路;SIDONG;LU;;吴淞区;1964年前;;;;
1073;浦東路;浦东路;PUDONG;LU;;;;1930;1955;;浦東大道;;浦东大道;;浦东大道;PUDONG DADAO;DADO;;黄浦、杨浦区;1930-1955;;;Exact year stated;彰国躍. 上海 の道路命 名年表—社会言語学的命名論の基礎研究. https://kanagawa-u.repo.nii.ac.jp/record/5850/files/kana-9-8-0004.pdf
810;浦江路;浦江路;PUJIANG;LU;;;;1956;;;上南;路;上南;路;上南路11弄;SHANGNAN;LU;11 LONG;南市区;;;;Exact year stated;彰国躍. 上海 の道路命 名年表—社会言語学的命名論の基礎研究. https://kanagawa-u.repo.nii.ac.jp/record/5850/files/kana-9-8-0004.pdf
833;浦江路;浦江路;PUJIANG;LU;;;;1956;;;周家渡鎮;路;周家渡镇;路;周家渡镇路;ZHOUJIADUZHEN;LU;;南市区;;;;Exact year stated;彰国躍. 上海 の道路命 名年表—社会言語学的命名論の基礎研究. https://kanagawa-u.repo.nii.ac.jp/record/5850/files/kana-9-8-0004.pdf
858;浴堂弄;浴堂弄;YUTANG;LONG;;;;;;;三牌樓;路;三牌楼;路;三牌楼路129弄;SANPAILOU;LU;129 LONG;南市区;;;;;
861;浴堂弄;浴堂弄;YUTANG;LONG;;;;;;;陸家浜;路;陆家浜;路;陆家浜路225弄;LUJIABANG;LU;225 LONG;南市区;;;;;
148;海勒路;海勒路;HAILE;LU;HAILAR;International Settlement;ROAD;1925;1943;;海拉爾;路;海拉尔;路;海拉尔路;HAILAER ;LU;;虹口区;1925-1943;HAILAR ROAD;;Exact year stated;彰国躍. 上海 の道路命 名年表—社会言語学的命名論の基礎研究. https://kanagawa-u.repo.nii.ac.jp/record/5850/files/kana-9-8-0004.pdf
170;海口路;海口路;HAIKOU;LU;HOIKOW;International Settlement;ROAD;;1943;2006;海口;路;海口;路;海口路;HAIKOU;LU;;黄浦区;;;;;
149;海寧路;海宁路;HAINING;LU;HAINING;International Settlement;ROAD;1902;1943;2006;海寧;路;海宁;路;海宁路;HAINING;LU;;闸北、虹口区;1902-1943;;;;
150;海寧路;海宁路;HAINING;LU;HAINING;International Settlement;ROAD;1910;1920;;北海寧;路;北海宁;路;北海宁路;BEI HAINING;LU;;虹口区;20世纪初-20世纪20年代;;;;
151;海寧路;海宁路;HAINING;LU;HAINING;International Settlement;ROAD;1908;1943;;新疆;路;新疆;路;新疆路;XINJIANG;LU;;闸北区;1908-30年代;;;;
147;海格路;海格路;HAIGE;LU;HAIG;French Concession;AVENUE;1921;1943;;華山;路;华山;路;华山路;HUASHAN;LU;;长宁、徐汇、;1921-1943;AVENUE HAIG;;Exact year stated;彰国躍. 上海 の道路命 名年表—社会言語学的命名論の基礎研究. https://kanagawa-u.repo.nii.ac.jp/record/5850/files/kana-9-8-0004.pdf
1418;海潮寺南街;海潮寺南街;HAICHAOSI;NANJIE;;;;;;;國貨;路;国货;路;国货路;GUOHUO;LU;;南市区;;;;;
1038;海潮寺旁路;海潮寺旁路;HAICHAOSI;LU;;;;;;;柳市;路;柳市;路;柳市路;LIUSHI;LU;;南市区;;;;;
1039;海潮寺橋南街;海潮寺桥南街;HAICHAOSIQIAO;NANJIE;;;;;;;海潮;路;海潮;路;海潮路;HAICHAO;LU;;南市区;;;;;
157;海能路;海能路;HAINENG;LU;HANNEN;International Settlement;ROAD;1909;1943;;海南;路;海南;路;海南路;HAINAN;LU;;虹口区;约1909-1943;HANNEN ROAD;;Exact year stated;彰国躍. 上海 の道路命 名年表—社会言語学的命名論の基礎研究. https://kanagawa-u.repo.nii.ac.jp/record/5850/files/kana-9-8-0004.pdf
93;海關路;海关路;HAIGUAN;LU;CUSTOMS HOUSE;International Settlement;ROAD;1846;1865;;漢口;路;汉口;路;汉口路;HANKOU;LU;;黄浦区;1846-1865;CUSTOMS HOUSE ROAD;;;
152;海防路;海防路;HAIFANG;LU;HAIPHONG;International Settlement;ROAD;;1943;;海防;路;海防;路;海防路;HAIFANG;LU;;;;;;;
540;淘沙場;淘沙场;TAOSHACHANG;;;;;;;;淘沙場;街;淘沙场;街;淘沙场街;TAOSHACHANG;JIE;;南市区;;;;;
1377;淞楊路;淞杨路;SONGYANG;LU;;;;1923;1930;;同泰;路;同泰;路;同泰路;TONGTAI;LU;;吴淞区;1923-1930;;;Exact year stated;彰国躍. 上海 の道路命 名年表—社会言語学的命名論の基礎研究. https://kanagawa-u.repo.nii.ac.jp/record/5850/files/kana-9-8-0004.pdf
1525;淞楊路;淞杨路;SONGYANG;LU;;;;1923;1930;;同濟;支路;同济;支路;同济支路;TONGJI ;ZHILU;;吴淞区;1930年前;;;Exact year stated;彰国躍. 上海 の道路命 名年表—社会言語学的命名論の基礎研究. https://kanagawa-u.repo.nii.ac.jp/record/5850/files/kana-9-8-0004.pdf
409;淡水路;淡水路;DANSHUI;LU;TAMSUI;International Settlement;ROAD;;1943;1950;;;;;;;;;;;;;Exact year stated;彰国躍. 上海 の道路命 名年表—社会言語学的命名論の基礎研究. https://kanagawa-u.repo.nii.ac.jp/record/5850/files/kana-9-8-0004.pdf
604;淨土路;净土路;JINGTU;LU;;;;;;2006;淨土;街;净土;街;净土街;JINGTU;JIE;;南市区;;;;;
678;淮安路;淮安路;HUAI'AN;LU;;;;1943;;;康定;東路;康定;东路;康定东路;KANGDING;DONGLU;;静安区;;;;Exact year stated;彰国躍. 上海 の道路命 名年表—社会言語学的命名論の基礎研究. https://kanagawa-u.repo.nii.ac.jp/record/5850/files/kana-9-8-0004.pdf
1565;淳化路;淳化路;CHUNHUA;LU;;;;1943;1946;;襄陽;北路;襄阳;北路;襄阳北路;XIANGYANG;BEILU;;徐汇、静安区;1943-1946;;;Exact year stated;彰国躍. 上海 の道路命 名年表—社会言語学的命名論の基礎研究. https://kanagawa-u.repo.nii.ac.jp/record/5850/files/kana-9-8-0004.pdf
586;混堂弄;混堂弄;HUNTANG;LONG;;;;;;;外倉橋;街;外仓桥;街;外仓桥街26弄;WAICANGQIAO;JIE;26 LONG;南市区;;;;;
819;混堂弄;混堂弄;HUNTANG;LONG;;;;;;;寶帶;弄;宝带;弄;宝带弄146弄;BAODAI ;LU;146 LONG;南市区;;;;;
1225;混堂弄;混堂弄;HUNTANG;LONG;;;;;;;陸家浜;路;陆家浜;路;陆家浜路278弄;LUJIABANG;LU;278 LONG;南市区;;;;;
1649;清河支路;清河支路;QINGHELU;ZHILU;;;;1931;1845;;虯江;支路;虬江;支路;虬江支路;QIUJIANG ;ZHILU;;虹口区;1931-1945;;;Exact year stated;彰国躍. 上海 の道路命 名年表—社会言語学的命名論の基礎研究. https://kanagawa-u.repo.nii.ac.jp/record/5850/files/kana-9-8-0004.pdf
1033;清河路;清河路;QINGHE;LU;;;;1931;1930;;虯江;路;虬江;路;虬江路;QIUJIANG;LU;;虹口、闸北区;1931-1930;;;Exact year stated;彰国躍. 上海 の道路命 名年表—社会言語学的命名論の基礎研究. https://kanagawa-u.repo.nii.ac.jp/record/5850/files/kana-9-8-0004.pdf
173;湖北路;湖北路;HUBEI;LU;HOOPEH;International Settlement;ROAD;1865;1943;2006;湖北;路;湖北;路;湖北路;HUBEI;LU;;黄浦区;;;;Exact year stated;彰国躍. 上海 の道路命 名年表—社会言語学的命名論の基礎研究. https://kanagawa-u.repo.nii.ac.jp/record/5850/files/kana-9-8-0004.pdf
385;湘江路;湘江路;XIANGJIANG;LU;SIANG KIANG;French Concession;RUE;1902;1906;;壽寧;路;寿宁;路;寿宁路;SHOUNING;LU;;卢湾区;1902-1906;;;Exact year stated;彰国躍. 上海 の道路命 名年表—社会言語学的命名論の基礎研究. https://kanagawa-u.repo.nii.ac.jp/record/5850/files/kana-9-8-0004.pdf
1144;湧泉路;涌泉路;YONGQUAN;LU;;;;1866;1943;;南京;西路;南京;西路;南京西路;NANJING;XILU;;黄浦、静安区;1866-1945;;;;
412;湯恩路;汤恩路;TANG'EN;LU;THORNE;International Settlement;ROAD;1913;1943;;哈爾濱;路;哈尔滨;路;哈尔滨路;HA'ERBIN;LU;;虹口区;1913-1943;THORNE ROAD;;Exact year stated;彰国躍. 上海 の道路命 名年表—社会言語学的命名論の基礎研究. https://kanagawa-u.repo.nii.ac.jp/record/5850/files/kana-9-8-0004.pdf
550;湯罐弄;汤罐弄;TANGGUAN;LONG;;;;;;;湯管;弄;汤管;弄;汤管弄;TANGGUAN;LU;;南市区;;;;;
469;源昌路;源昌路;YUANCHANG;LU;YUANCHANG;International Settlement;ROAD;1890;1943;1953;醴陵;路;醴陵;路;醴陵路;LILING;LU;;虹口区;19世纪末-1953;YUANCHANG ROAD;;;
1613;源遠路;源远路;YUANYUAN;LU;;;;;1865;;山西;南路;山西;南路;山西南路（北段）;SHANXI ;NANLU;BEIDUAN;黄浦区;1865年前;;;;
450;溫州路;温州路;WENZHOU;LU;WENCHOW;International Settlement;ROAD;;1943;2006;溫州;路;温州;路;温州路;WENZHOU;LU;;;;;;;
990;滄州路;沧州路;CANGZHOU;LU;;;;;;;南京;西路;南京;西路;南京西路1213号;NANJING;XILU;1213 LONG;静安区;;;;;
1286;滬太老路;沪太老路;HUTAI LAOLU;LAOLU;;;;1921;1940;;老滬太;路;老沪太;路;老沪太路;LAOHUTAI;LU;;闸北区;1921-40年代末;;;Exact year stated;彰国躍. 上海 の道路命 名年表—社会言語学的命名論の基礎研究. https://kanagawa-u.repo.nii.ac.jp/record/5850/files/kana-9-8-0004.pdf
543;滬太長途汽車路;沪太长途汽车路;HUTAICHANGTUQICHE;LU;;;;1921;1940;;滬太;路;沪太;路;沪太路;HUTAI;LU;;闸北、普陀;1921-40年代末;;;Exact year stated;彰国躍. 上海 の道路命 名年表—社会言語学的命名論の基礎研究. https://kanagawa-u.repo.nii.ac.jp/record/5850/files/kana-9-8-0004.pdf
1273;滬太長途汽車路;沪太长途汽车路;HUTAICHANGTUQICHE;LU;;;;1921;1940;;老滬太;路;老沪太;路;老沪太路;LAOHUTAI;LU;;闸北、普陀、;1921-40年代末;;;Exact year stated;彰国躍. 上海 の道路命 名年表—社会言語学的命名論の基礎研究. https://kanagawa-u.repo.nii.ac.jp/record/5850/files/kana-9-8-0004.pdf
869;滬閔南柘路;沪闵南柘路;HUMINNANZHE;LU;;;;1922;;;斜土;東路;斜土;东路;斜土东路;XIETU;DONGLU;;南市区;;;;Exact year stated;彰国躍. 上海 の道路命 名年表—社会言語学的命名論の基礎研究. https://kanagawa-u.repo.nii.ac.jp/record/5850/files/kana-9-8-0004.pdf
1430;滬閔路;沪闵路;HUMIN;LU;;;;1922;1954;;老滬閔;路;老沪闵;路;老沪闵路;LAOHUMIN;LU;;徐汇区、上海县;1922-1954;;;Exact year stated;彰国躍. 上海 の道路命 名年表—社会言語学的命名論の基礎研究. https://kanagawa-u.repo.nii.ac.jp/record/5850/files/kana-9-8-0004.pdf
780;滿州路;满州路;MANZHOU;LU;;;;1915;1947;;晉元;路;晋元;路;晋元路;JINYUAN;LU;;闸北区;1915-1947;;;;
480;漕倉街;漕仓街;CAOCANG;JIE;;;;;;;漕滄;街;漕沧;街;漕沧街;CAOCANG;LU;;南市区;;;;;
156;漢口路;汉口路;HANKOU;LU;HANKOW;International Settlement;ROAD;1865;1943;2006;漢口;路;汉口;路;汉口路;HANKOU;LU;;黄浦区;;;;Exact year stated;彰国躍. 上海 の道路命 名年表—社会言語学的命名論の基礎研究. https://kanagawa-u.repo.nii.ac.jp/record/5850/files/kana-9-8-0004.pdf
1036;漢城路;汉城路;HANCHENG;LU;;;;1943;;;西湖;路;西湖;路;西湖路;XIHU;LU;;杨浦区;;;;Exact year stated;彰国躍. 上海 の道路命 名年表—社会言語学的命名論の基礎研究. https://kanagawa-u.repo.nii.ac.jp/record/5850/files/kana-9-8-0004.pdf
154;漢壁禮路;汉壁礼路;HANBILI;LU;HANBURY;International Settlement;ROAD;1850;1943;;漢陽;路;汉阳;路;汉阳路;HANYANG;LU;;虹口区;19世纪50年代-1943;HANBURY ROAD;;;
155;漢江;汉江;HANJIANG;LU;HANG KIANG;French Concession;RUE;1902;1906;;興安;路;兴安;路;兴安路;XING'AN;LU;;卢湾区;1907-1946;RUE MARCEL TILLOT;;;
1228;漢江路;汉江路;HANJIANG;LU;MARCEL TILLOT;;;1902;1907;;興安;路;兴安;路;兴安路;XING'AN;LU;;卢湾区;1902-1907;;;Exact year stated;彰国躍. 上海 の道路命 名年表—社会言語学的命名論の基礎研究. https://kanagawa-u.repo.nii.ac.jp/record/5850/files/kana-9-8-0004.pdf
1110;潘家弄;潘家弄;PANJIA;LONG;;;;1954;;;潘家;街;潘家;街;潘家街39弄;PANJIA;JIE;39 LONG;南市区;;;;Exact year stated;彰国躍. 上海 の道路命 名年表—社会言語学的命名論の基礎研究. https://kanagawa-u.repo.nii.ac.jp/record/5850/files/kana-9-8-0004.pdf
894;潘家灣南支路;潘家湾南支路;PANJIAWAN;NANZHILU;;;;1950;1985;;潘家灣;路;潘家湾;路;潘家湾路;PANJIAWAN;LU;;普陀区;1950-1985;;;;
1155;潘家灣南支路;潘家湾南支路;PANJIAWAN;NANZHILU;;;;1950;1985;;潘家灣;支路;潘家湾;支路;潘家湾支路;PANJIAWAN ;ZHILU;;普陀区;1950-1985;;;;
329;潘馨路;潘馨路;PANXING;LU;PERSHING;French Concession;ROUTE;1930;1943;;吳興;路;吴兴;路;吴兴路（北段）;WUXING ;LU;BEIDUAN;徐汇区;1930-1943;ROUTE PERSHING;;Exact year stated;彰国躍. 上海 の道路命 名年表—社会言語学的命名論の基礎研究. https://kanagawa-u.repo.nii.ac.jp/record/5850/files/kana-9-8-0004.pdf
1506;潭子灣街;潭子湾街;TANZIWAN;JIE;;;;;1951;;潭子灣;路;潭子湾;路;潭子湾路;TANZIWAN;LU;;普陀区;1951年前;;;;
954;澄衷路;澄衷路;DENGZHONG;LU;;;;1918;;;葉城;路;叶城;路;叶城路;YECHENG;LU;;杨浦区;;;;Named around the stated year;彰国躍. 上海 の道路命 名年表—社会言語学的命名論の基礎研究. https://kanagawa-u.repo.nii.ac.jp/record/5850/files/kana-9-8-0004.pdf
524;澤涇西石路;泽泾西石路;YANGJINGXISHI;LU;;;;1908;1949;;沈家;路;沈家;路;沈家弄路;SHENJIALONG;LU;;黄浦区;1908-1949;;;;
556;瀏河路;浏河路;LIUHE;LU;;;;1943;;2006;瀏河口;路;浏河口;路;浏河口路;LIUHEKOU;LU;;卢湾区;;;;Exact year stated;彰国躍. 上海 の道路命 名年表—社会言語学的命名論の基礎研究. https://kanagawa-u.repo.nii.ac.jp/record/5850/files/kana-9-8-0004.pdf
1604;火田路;火田路;HUOTIAN;LU;;;;1939;1943;;逸仙;路;逸仙;路;逸仙路;YIXIAN;LU;;虹口区;1939-1945;;;;
683;火神廟街;火神庙街;HUOSHENMIAO;JIE;;;;1913;;;和順;街;和顺;街;和顺街;HESHUN;JIE;;南市区;;;;Exact year stated;彰国躍. 上海 の道路命 名年表—社会言語学的命名論の基礎研究. https://kanagawa-u.repo.nii.ac.jp/record/5850/files/kana-9-8-0004.pdf
1153;火輪磨坊街;火轮磨坊街;HUOLUNMOFANG;JIE;;;;1963;1943;;盛澤;路;盛泽;路;盛泽路;SHENGZE;LU;;黄浦区;1963-1943;;;;
1120;炮臺灣;炮台湾;PAOTAI;WAN;;;;;;;浦東;南路;浦东;南路;浦东南路（北段）;PUDONG ;NANLU;BEIDUAN;黄浦区;;;;;
1443;炮臺灣路;炮台湾路;PAOTAIWAN;LU;;;;1913;1953;;淞寶;路;淞宝;路;淞宝路;SONGBAO;LU;;吴淞区;1913-1953;;;;
1095;烈士路;烈士路;LIESHI;LU;;;;1963;1981;;友誼;支路;友谊;支路;友谊支路;YOUYI ;ZHILU;;吴淞区;1963-1981;;;;
303;烏江路;乌江路;WUJIANG;LU;ORIOU;French Concession;RUE;1902;1906;;瀏河口;路;浏河口;路;浏河口路;LIUHEKOU;LU;;卢湾区;1906-1946;RUE ORIOU;;Exact year stated;彰国躍. 上海 の道路命 名年表—社会言語学的命名論の基礎研究. https://kanagawa-u.repo.nii.ac.jp/record/5850/files/kana-9-8-0004.pdf
1237;無錫路;无锡路;WUXI;LU;;;;1920;1943;;北無錫;路;北无锡;路;北无锡路;BEI WUXI;LU;;黄浦区;20世纪20年代-1945;;;;
1556;無錫路;无锡路;WUXI;LU;;;;1920;1943;;南無錫;路;南无锡;路;南无锡路;NAN WUXI;LU;;黄浦区;20世纪20年代-1945;;;;
655;煤屑路;煤屑路;MEIXIE;LU;;;;;;;斜土;東路;斜土;东路;斜土东路;XIETU;DONGLU;;南市区;;;;;
816;煤屑路;煤屑路;MEIXIE;LU;;;;;;;國貨;路;国货;路;国货路;GUOHUO;LU;;南市区;;;;;
811;熒昌路;荧昌路;YINGCHANG;LU;;;;1924;1954;;榮昌;路;荣昌;路;荣昌路;RONGCHANG;LU;;黄浦区;1924-1954;;;;
374;熙華德路;熙华德路;XIHUADE;LU;SEWARD;International Settlement;ROAD;1870;1943;;長治;路;长治;路;长治路;CHANGZHI;LU;;虹口区;19世纪70年代-1943;SEWARD ROAD;;;
182;熱河路;热河路;REHE;LU;JEHOL;International Settlement;ROAD;;1943;2006;熱河;路;热河;路;热河路;REHE;LU;;;;;;;
663;熱河路;热河路;REHE;LU;;;;1902;1943;2006;熱河;路;热河;路;热河路;REHE;LU;;闸北区;1902-1943;;;;
901;營房弄;营房弄;YINGFANG;LONG;;;;;;;文昌;路;文昌;路;文昌路;WENCHANG;LU;;南市区;;;;;
1639;營房弄;营房弄;YINGFANG;LONG;;;;;;;半淞園;弄;半淞园;弄;半淞园弄;BANSONGYUAN;LONG;;南市区;;;;;
630;營房橋弄;营房桥弄;YINGFANGQIAO;LONG;;;;;1964;;大境;路;大境;路;大境路（中段）;DAJING ;LU;ZHONGDUAN;南市区;-1964;;;;
581;爛泥碼頭;烂泥码头;LANNI MATOU;MATOU;;;;;;;賴義碼頭;街;赖义码头;街;赖义码头街;LAIYI MATOU;JIE;;南市区;;;;;
284;牛莊路;牛莊路;NIUZHUANG;LU;NEWCHWANG;International Settlement;ROAD;;1943;2006;牛莊;路;牛莊;路;牛莊路;NIUZHUANG;LU;;黄浦区;;;;;
208;牯嶺路;牯岭路;GULING;LU;KULING;International Settlement;ROAD;;1943;;牯嶺;路;牯岭;路;牯岭路;GULING;LU;;;;;;;
863;特務路;特务路;TUWU;LU;;;;1939;1940;;翔殷;路;翔殷;路;翔殷路;XIANGYIN;LU;;杨浦区;1939-1940;;;Exact year stated;彰国躍. 上海 の道路命 名年表—社会言語学的命名論の基礎研究. https://kanagawa-u.repo.nii.ac.jp/record/5850/files/kana-9-8-0004.pdf
1231;狄思威路;狄思威路;DISIWEI;LU;DIXWELL;;;1912;1943;;溧陽;路;溧阳;路;溧阳路;LIYANG;LU;;虹口区;1912-1943;;;Exact year stated;彰国躍. 上海 の道路命 名年表—社会言語学的命名論の基礎研究. https://kanagawa-u.repo.nii.ac.jp/record/5850/files/kana-9-8-0004.pdf
219;狼山路;狼山路;LANGSHAN;LU;LANG CHAN;French Concession;RUE;1898;1906;;馬當;路;马当;路;马当路;MADANG;LU;;卢湾区;1906-1946;BRERIER;;Exact year stated;彰国躍. 上海 の道路命 名年表—社会言語学的命名論の基礎研究. https://kanagawa-u.repo.nii.ac.jp/record/5850/files/kana-9-8-0004.pdf
1218;狼山路;狼山路;LANGSHAN;LU;;;;1898;1906;;馬當;路;马当;路;马当路;MADANG;LU;;卢湾区;1898-1906;;;Exact year stated;彰国躍. 上海 の道路命 名年表—社会言語学的命名論の基礎研究. https://kanagawa-u.repo.nii.ac.jp/record/5850/files/kana-9-8-0004.pdf
564;獅子路;狮子路;SHIZI;LU;;;;;1981;;月獅;路;月狮;路;月狮路;YUESHI;LU;;吴淞区;1981年5月前;;;;
1082;王大吉弄;王大吉弄;WANGDAJI;LONG;;;;1918;1943;;月桂;裏;月桂;里;月桂里;YUEGUI;LI;;黄浦区;1918-1945;;;Exact year stated;彰国躍. 上海 の道路命 名年表—社会言語学的命名論の基礎研究. https://kanagawa-u.repo.nii.ac.jp/record/5850/files/kana-9-8-0004.pdf
566;王家嘴角;王家嘴角;WANGJIA ZUIJIAO;ZUIJIAO;;;;1908;;;外倉橋;街;外仓桥;街;外仓桥街;WAICANGQIAO;JIE;;南市区;;;;Exact year stated;彰国躍. 上海 の道路命 名年表—社会言語学的命名論の基礎研究. https://kanagawa-u.repo.nii.ac.jp/record/5850/files/kana-9-8-0004.pdf
766;王家宅;王家宅;WANGJIA;ZHAI;;;;;;;北張家浜;路;北张家浜;路;北张家浜路;BEIZHANGJIABANG;LU;;黄浦区;;;;;
1369;王家宅路;王家宅路;WANGJIAZHAI;LU;;;;1946;1985;;北王家宅;路;北王家宅;路;北王家宅路;BEIWANGJIAZHAI;LU;;普陀区;1946-1985;;;Exact year stated;彰国躍. 上海 の道路命 名年表—社会言語学的命名論の基礎研究. https://kanagawa-u.repo.nii.ac.jp/record/5850/files/kana-9-8-0004.pdf
1400;王家宅路;王家宅路;WANGJIAZHAI;LU;;;;1946;1985;;南王家宅;路;南王家宅;路;南王家宅路;NANWANGJIAZHAI;LU;;普陀区;1946-1985;;;Exact year stated;彰国躍. 上海 の道路命 名年表—社会言語学的命名論の基礎研究. https://kanagawa-u.repo.nii.ac.jp/record/5850/files/kana-9-8-0004.pdf
770;王家弄;王家弄;WANGJIA;LONG;;;;;;;丹鳳;路;丹凤;路;丹凤路189弄;DANFENG;LU;189 LONG;南市区;;;;;
771;王家弄;王家弄;WANGJIA;LONG;;;;;;;四牌樓;路;四牌楼;路;四牌楼路95弄;SIPAILOU;LU;95 LONG;南市区;;;;;
774;王家弄;王家弄;WANGJIA;LONG;;;;;;;三門峽;路;三门峡;路;三门峡路212弄;SANMENXIA;LU;212 LONG;南市区;;;;;
970;王家弄;王家弄;WANGJIA;LONG;;;;;;;草鞋灣;路;草鞋湾;路;草鞋湾路53弄;CAOXIEWAN;LU;53 LONG;南市区;;;;;
1288;王家弄;王家弄;WANGJIA;LONG;;;;;;;陸家浜;路;陆家浜;路;陆家浜路278弄;LUJIABANG;LU;278 LONG;南市区;;;;;
1598;王家弄;王家弄;WANGJIA;LONG;;;;;;;南碼頭;街;南码头;街;南码头横街18弄;NANMATOUHENG;JIE;18 LONG;南市区;;;;;
794;王家碼頭街;王家码头街;WANGJIA MATOU;JIE;;;;;;;王家碼頭;路;王家码头;路;王家码头路;WANGJIA MATOU;LU;;南市区;;;;;
563;王新義浜;王新义浜;WANGXINYI;BANG;;;;;;;小石橋;街;小石桥;街;小石桥街;XIAOSHIQIAO;JIE;;南市区;;;;;
331;珀帝路;珀帝路;PODI;LU;PETIT;French Concession;RUE;1859;1943;;江西;南路;江西;南路;江西南路;JIANGXI;NANLU;;黄浦区;1872年内;RUE PETIT;;;
126;球場弄;球场弄;QIUCHANG;LONG;FIVE COURT LANE;International Settlement;LANE;1851;1865;;天津;路;天津;路;天津路;TIANJIN;LU;;黄浦区;1851-1865;FIVE COURT LANE;;Exact year stated;彰国躍. 上海 の道路命 名年表—社会言語学的命名論の基礎研究. https://kanagawa-u.repo.nii.ac.jp/record/5850/files/kana-9-8-0004.pdf
648;瑞良北街;瑞良北街;RUILIANG;BEIJIE;;;;;;;清流;北街;清流;北街;清流北街;QINGLIUJIE;BEIJIE;;南市区;;;;;
548;瑞良街;瑞良街;RUILIANG;JIE;;;;;;;清流;街;清流;街;清流街;QINGLIU;JIE;;南市区;;;;;
1622;瑞金路;瑞金路;RUIJIN;LU;;;;1910;1950;;奎田;路;奎田;路;奎田路;KUITIAN;LU;;虹口区;20世纪初-1950;;;;
1260;瑪利遜路;玛利逊路;MALIXUN;LU;;;;1910;1943;;茂林;路;茂林;路;茂林路;MAOLIN;LU;;虹口区;20世纪初-1943;;;;
436;環龍路;环龙路;HUANLONG;LU;VALLON;French Concession;ROUTE;1912;1943;;南昌;路;南昌;路;南昌路;NANCHANG;LU;;徐汇、卢湾区;1912-1943;ROUTE VALLON;;Exact year stated;彰国躍. 上海 の道路命 名年表—社会言語学的命名論の基礎研究. https://kanagawa-u.repo.nii.ac.jp/record/5850/files/kana-9-8-0004.pdf
140;甘世東路;甘世东路;GANSHIDONG;LU;GASTON KAHN;French Concession;ROUTE;1915;1943;;嘉善;路;嘉善;路;嘉善路;JIASHAN;LU;;;;;;Exact year stated;彰国躍. 上海 の道路命 名年表—社会言語学的命名論の基礎研究. https://kanagawa-u.repo.nii.ac.jp/record/5850/files/kana-9-8-0004.pdf
1235;甘世東路;甘世东路;GANSHI;DONGLU;;;;1913;1943;;嘉善;路;嘉善;路;嘉善路;JIASHAN;LU;;徐汇区;1913-1943;;;Exact year stated;彰国躍. 上海 の道路命 名年表—社会言語学的命名論の基礎研究. https://kanagawa-u.repo.nii.ac.jp/record/5850/files/kana-9-8-0004.pdf
194;甘肅路;甘肃路;GANSU;LU;KANSUH;International Settlement;ROAD;;1943;2006;甘肅;路;甘肃;路;甘肃路;GANSU;LU;;闸北区;;;;;
549;生義弄;生义弄;SHENGYI;LONG;;;;;;;生義碼頭;街;生义码头;街;生义码头街;SHENGYI MATOU;JIE;;南市区;;;;;
27;界路;界路;JIELU;;BARRIER;International Settlement;STREET;1846;1865;;河南;中路;河南;中路;河南中路;HENAN;ZHONGLU;;黄浦区;1846-1865;BARRIER STREET;;Exact year stated;彰国躍. 上海 の道路命 名年表—社会言語学的命名論の基礎研究. https://kanagawa-u.repo.nii.ac.jp/record/5850/files/kana-9-8-0004.pdf
33;界路;界路;JIELU;LU;BOUNDARY;International Settlement;ROAD;1846;1943;;天目;東路;天目;东路;天目东路;TIANMU;DONGLU;;闸北区;20世纪初-1943;BOUNDARY ROAD;;Exact year stated;彰国躍. 上海 の道路命 名年表—社会言語学的命名論の基礎研究. https://kanagawa-u.repo.nii.ac.jp/record/5850/files/kana-9-8-0004.pdf
1523;留雲寺路;留云寺路;LIUYUSI;LU;;;;;1964;;柳市;路;柳市;路;柳市路;LIUSHI;LU;;南市区;-1964;;;;
591;留雲西弄;留云西弄;LIUYUNXI;LONG;;;;;;;桑園;街;桑园;街;桑园街75弄;SANGYUAN;JIE;75 LONG;南市区;;;;;
335;畢勳路;毕勋路;BIXUN;LU;PICHON;French Concession;ROUTE;1902;1943;;汾陽;路;汾阳;路;汾阳路;FENYANG;LU;;徐汇区;1902-1943;ROUTE POCHON;;Exact year stated;彰国躍. 上海 の道路命 名年表—社会言語学的命名論の基礎研究. https://kanagawa-u.repo.nii.ac.jp/record/5850/files/kana-9-8-0004.pdf
1264;番山路;番山路;PANSHAN;LU;;;;1925;1943;;伊犁;路;伊犁;路;伊犁路;YILI;LU;;长宁区;1925-1943;;;Exact year stated;彰国躍. 上海 の道路命 名年表—社会言語学的命名論の基礎研究. https://kanagawa-u.repo.nii.ac.jp/record/5850/files/kana-9-8-0004.pdf
673;登雲橋弄;登云桥弄;DENGYUNQIAO;LONG;;;;;;;梭子;弄;梭子;弄;梭子弄;SUOZI;LONG;;南市区;;;;;
38;白來尼蒙馬浪路;白来尼蒙马浪路;BAILAINIMENGMALANG;LU;BRENIER DE MONTMORAND;French Concession;RUE;1906;1943;;馬當;路;马当;路;马当路;MADANG;LU;;卢湾区;1906-1946;BRERIER;;Exact year stated;彰国躍. 上海 の道路命 名年表—社会言語学的命名論の基礎研究. https://kanagawa-u.repo.nii.ac.jp/record/5850/files/kana-9-8-0004.pdf
24;白保羅路;白保罗路;BAIBAOLUO;LU;BARCHET ;International Settlement;ROAD;1913;1943;;新鄉;路;新乡;路;新乡路;XINXIANG;LU;;虹口区;1913-1943;BARCHET  ROAD;;Exact year stated;彰国躍. 上海 の道路命 名年表—社会言語学的命名論の基礎研究. https://kanagawa-u.repo.nii.ac.jp/record/5850/files/kana-9-8-0004.pdf
49;白克路;白克路;BAIKE;LU;BURKILL;International Settlement;ROAD;1890;1943;;鳳陽;路;凤阳;路;凤阳路;FENGYANG;LU;;黄浦区;1890-1945;BURKILL ROAD;;Exact year stated;彰国躍. 上海 の道路命 名年表—社会言語学的命名論の基礎研究. https://kanagawa-u.repo.nii.ac.jp/record/5850/files/kana-9-8-0004.pdf
1345;白利南支路;白利南支路;BAILINANLU;ZHILU;;;;1910;1943;;長寧;支路;长宁;支路;长宁支路;CHANGNING ;ZHILU;;长宁、静安区;本世纪初-1943;;;;
37;白利南路;白利南路;BAILI;NANLU;BRENAN;International Settlement;ROAD;1901;1943;;長寧;路;长宁;路;长宁路;CHANGNING;LU;;长宁、静安区;1901-1943;BRENAN ROAD;;Exact year stated;彰国躍. 上海 の道路命 名年表—社会言語学的命名論の基礎研究. https://kanagawa-u.repo.nii.ac.jp/record/5850/files/kana-9-8-0004.pdf
1392;白巷;白巷;BAIXIANG;LU;;;;;;;白漾;路;白漾;路;白漾路;BAYANG;LU;;南市区;;;;;
634;白漾三弄;白漾三弄;BAIYANGSAN;LONG;;;;;;;河南;南路;河南;南路;河南南路（南段）;HENAN;NANLU;NANDUAN;南市区;;;;;
119;白爾路;白尔路;BAI'ER;LU;EUGENE BARD;French Concession;RUE;1913;1943;;自忠;路;自忠;路;自忠路（东段）;ZIZHONG ;LU;DONGDUAN;卢湾区;1913-1946;RUE EUGENE BARD;;Exact year stated;彰国躍. 上海 の道路命 名年表—社会言語学的命名論の基礎研究. https://kanagawa-u.repo.nii.ac.jp/record/5850/files/kana-9-8-0004.pdf
120;白爾路;白尔路;BAI'ER;LU;EUGENE BARD;French Concession;RUE;1913;1943;;順昌;路;顺昌;路;顺昌路（北段）;SHUNCHANG ;LU;BEIDUAN;卢湾区;1913-1946;RUE EUGENE BARD;;Exact year stated;彰国躍. 上海 の道路命 名年表—社会言語学的命名論の基礎研究. https://kanagawa-u.repo.nii.ac.jp/record/5850/files/kana-9-8-0004.pdf
315;白爾部路;白尔部路;BAI'ERBU;LU;PAUL BEAU;French Concession;RUE;1906;1943;;重慶;中路;重庆;中路;重庆中路;CHONGQING;ZHONGLU;;卢湾区;1906-1946;RUE PAUL BEAU;;Exact year stated;彰国躍. 上海 の道路命 名年表—社会言語学的命名論の基礎研究. https://kanagawa-u.repo.nii.ac.jp/record/5850/files/kana-9-8-0004.pdf
28;白藻泰路;白藻泰路;BAIZAOTAI;LU;BEZAURE;French Concession;AVENUE;1898;1943;;機廠;路;机厂;路;机厂路;JICHANG;LU;;徐汇区;;RUE DE BEZAURE;;Exact year stated;彰国躍. 上海 の道路命 名年表—社会言語学的命名論の基礎研究. https://kanagawa-u.repo.nii.ac.jp/record/5850/files/kana-9-8-0004.pdf
985;白衣庵后街;白衣庵后街;BAIYIANJIE;HOUJIE;;;;;;;福佑;路;福佑;路;福佑路;FUYOU;LU;;南市区;;;;;
40;白裏圖路;白里图路;BAILITU;LU;BRIDOU;French Concession;ROUTE;1930;1943;;吳興;路;吴兴;路;吴兴路（南段）;WUXING;LU;NANDUAN;徐汇区;1930-1943;ROUTE BRIDOU;;;
146;白賽仲路;白赛仲路;BAISAIZHONG;LU;GUSTAVE DE BOISSEZON;French Concession;;1914;1943;;復興;西路;复兴;西路;复兴西路;FUXING;XILU;;徐汇区;1914-1943;USTAVE;;Exact year stated;彰国躍. 上海 の道路命 名年表—社会言語学的命名論の基礎研究. https://kanagawa-u.repo.nii.ac.jp/record/5850/files/kana-9-8-0004.pdf
41;百老匯路;百老汇路;BAILAOHUI;LU;BROADWAY;International Settlement;ROAD;1860;1943;;大名;路;大名;路;大名路;DAMING;LU;;虹口区;19世纪60年代-1943;BROADWAY ROAD;;Named within the decade;彰国躍. 上海 の道路命 名年表—社会言語学的命名論の基礎研究. https://kanagawa-u.repo.nii.ac.jp/record/5850/files/kana-9-8-0004.pdf
1226;百腳街;百脚街;BAIJIAO;JIE;;;;;;;先棉祠;北弄;先棉祠;北弄;先棉祠北弄;XIANMIANCI;BEILONG;;南市区;;;;;
1630;百花街;百花街;BAIHUA;JIE;;;;1840;1950;;旅順;路;旅顺;路;旅顺路;LVSHUN;LU;;虹口区;1840年后（开埠后初）-19世纪中叶;;;Exact year stated;彰国躍. 上海 の道路命 名年表—社会言語学的命名論の基礎研究. https://kanagawa-u.repo.nii.ac.jp/record/5850/files/kana-9-8-0004.pdf
44;皮少耐路;皮少耐路;PISHAONAI;LU;BUISSONET;French Concession;RUE;1906;1943;;壽寧;路;寿宁;路;寿宁路;SHOUNING;LU;;卢湾区;1906-1946;RUE BUISSOUNT;;Exact year stated;彰国躍. 上海 の道路命 名年表—社会言語学的命名論の基礎研究. https://kanagawa-u.repo.nii.ac.jp/record/5850/files/kana-9-8-0004.pdf
1370;盆湯弄;盆汤弄;PENTANG;LONG;;;;1865;1949;;山西;南路;山西;南路;山西南路;SHANXI;NANLU;;黄浦区;1865-1949;;;Exact year stated;彰国躍. 上海 の道路命 名年表—社会言語学的命名論の基礎研究. https://kanagawa-u.repo.nii.ac.jp/record/5850/files/kana-9-8-0004.pdf
1703;盆湯弄;盆汤弄;PENGTANG;NONG;BUN TONG LOONG;;;1860;;;;;;;;;;;;;;;Exact year stated;彰国躍. 上海 の道路命 名年表—社会言語学的命名論の基礎研究. https://kanagawa-u.repo.nii.ac.jp/record/5850/files/kana-9-8-0004.pdf
560;益元路;益元路;YIYUAN;LU;;;;;1980;;車站;路;车站;路;车站前路168弄;CHEZHANQIAN;LU;168 LONG;南市区;-1980;;;;
1143;盛澤街;盛泽街;SHENGZE;JIE;;;;1943;1943;;盛澤;路;盛泽;路;盛泽路;SHENGZE;LU;;黄浦区;1943-1945;;;Exact year stated;彰国躍. 上海 の道路命 名年表—社会言語学的命名論の基礎研究. https://kanagawa-u.repo.nii.ac.jp/record/5850/files/kana-9-8-0004.pdf
670;盤香弄;盘香弄;PANXIANG;LONG;;;;;;;復興;東路;复兴;东路;复兴东路563弄;FUXING;DONGLU;563 LONG;南市区;;;;;
1309;盤香弄;盘香弄;PANXIANG;LONG;;;;;;;學院;路;学院;路;学院路240弄;XUEYUAN;LU;240 LONG;南市区;;;;;
1156;盧家灣路;卢家湾路;LUJIAWAN;LU;;;;1900;1902;;重慶;南路;重庆;南路;重庆南路;CHONGQING;NANLU;;卢湾区;1900-1902;;;;
1242;直隸弄;直隶弄;ZHILI;LONG;;;;1866;1943;;石潭;弄;石潭;弄;石潭弄;SHITAN;LONG;;黄浦区;1866年前-1943;;;;
72;直隸路;直隶路;ZHILI;LU;CHIHLI;International Settlement;ROAD;1943;1943;1964;石潭;弄;石潭;弄;石潭弄;SHITAN;LONG;;黄浦区;1943-1964;CHILI ROAD;;;
1621;瞿家弄;瞿家弄;QUJIA;LONG;;;;;;;方浜;中路;方浜;中路;方浜中路238弄;FANGBANG;ZHONGLU;238 LONG;南市区;;;;;
544;瞿家灣;瞿家湾;QUJIA;WAN;;;;;;;巡道;街;巡道;街;巡道街（北段）;XUNDAO ;JIE;BEIDUAN;南市区;;;;;
707;瞿家灣;瞿家湾;QUJIA;WAN;;;;;;;麪筋;弄;面筋;弄;面筋弄;MIANJIN;LONG;;南市区;;;;;
838;瞿真人路;瞿真人路;QUZHENREN;LU;;;;1914;;;瞿溪;路;瞿溪;路;瞿溪路;QUXI;LU;;吴淞区;;;;Exact year stated;彰国躍. 上海 の道路命 名年表—社会言語学的命名論の基礎研究. https://kanagawa-u.repo.nii.ac.jp/record/5850/files/kana-9-8-0004.pdf
537;石牌樓;石牌楼;SHIPAILOU;;;;;;;;清流;街;清流;街;清流街;QINGLIU;JIE;;南市区;;;;;
1602;石皮弄;石皮弄;SHIPI;LONG;;;;;;;中石皮;弄;中石皮;弄;中石皮弄;ZHONGSHIPI;LONG;;南市区;;;;;
376;石路;石路;SHILU;;SHACKLOO;International Settlement;;1672;1943;;福建;中路;福建;中路;福建中路;FUJIAN;ZHONGLU;;黄浦区;1672-1949;SHACKLOO ROAD;;Exact year stated;彰国躍. 上海 の道路命 名年表—社会言語学的命名論の基礎研究. https://kanagawa-u.repo.nii.ac.jp/record/5850/files/kana-9-8-0004.pdf
705;石路;石路;SHILU;;;;;1851;1963;;友誼;支路;友谊;支路;友谊支路;YOUYI ;ZHILU;;吴淞区;1851-1963;;;Exact year stated;彰国躍. 上海 の道路命 名年表—社会言語学的命名論の基礎研究. https://kanagawa-u.repo.nii.ac.jp/record/5850/files/kana-9-8-0004.pdf
1486;硝皮弄;硝皮弄;SHAOPI;LONG;;;;;;;南硝皮;弄;南硝皮;弄;南硝皮弄;NANSHAOPI;LONG;;南市区;;;;;
276;磨坊街;磨坊街;MOFANG;JIE;MOULIN;French Concession;RUE;1865;1943;;福建;南路;福建;南路;福建南路;FUJIAN;NANLU;;黃浦區;;;;Exact year stated;彰国躍. 上海 の道路命 名年表—社会言語学的命名論の基礎研究. https://kanagawa-u.repo.nii.ac.jp/record/5850/files/kana-9-8-0004.pdf
1620;磨坊路;磨坊路;MOFANG;LU;;;;1930;1950;;程家橋;路;程家桥;路;程家桥路;CHENGJIAQIAO;LU;;长宁区、上海县;本世纪30年代-解放初期;;;Exact year stated;彰国躍. 上海 の道路命 名年表—社会言語学的命名論の基礎研究. https://kanagawa-u.repo.nii.ac.jp/record/5850/files/kana-9-8-0004.pdf
641;祁門路;祁门路;QIMEN;LU;;;;1943;1943;;陝西;北路;陕西;北路;陕西北路;SHAANXI;BEILU;;普陀、静安区;1943-1945;;;Exact year stated;彰国躍. 上海 の道路命 名年表—社会言語学的命名論の基礎研究. https://kanagawa-u.repo.nii.ac.jp/record/5850/files/kana-9-8-0004.pdf
141;祁齊路;祁齐路;QIQI;LU;GHISI;French Concession;ROUTE;1912;1943;;岳陽;路;岳阳;路;岳阳路;YUEYANG;LU;;徐汇区;1912-1943;ROUTE GHISI;;Exact year stated;彰国躍. 上海 の道路命 名年表—社会言語学的命名論の基礎研究. https://kanagawa-u.repo.nii.ac.jp/record/5850/files/kana-9-8-0004.pdf
1643;祖師堂街;祖师堂街;ZUSHITANG;JIE;;;;1950;;;水塘;街;水塘;街;水塘街;SHUITANG;JIE;;普陀区;建国初;;;;
190;福履理路;福履理路;FULVLI;LU;JOSEPH FRELUPT;French Concession;ROUTE;1921;1943;;建國;西路;建国;西路;建国西路;JIANGUO;XILU;;徐汇、卢湾区;1920-1943;ROUTE J.FRELUPT;;;
136;福山路;福山路;FUSHAN;LU;FOU CHAN;French Concession;RUE;1900;1906;;望亭;路;望亭;路;望亭路;WANGTING;LU;;黄浦区;1906-1943;RUE LEMAIRE;;Exact year stated;彰国躍. 上海 の道路命 名年表—社会言語学的命名論の基礎研究. https://kanagawa-u.repo.nii.ac.jp/record/5850/files/kana-9-8-0004.pdf
132;福州路;福州路;FUZHOU;LU;FOOCHOW;International Settlement;ROAD;1865;1943;;福州;路;福州;路;福州路;FUZHOU;LU;;黄浦区;;;;Exact year stated;彰国躍. 上海 の道路命 名年表—社会言語学的命名論の基礎研究. https://kanagawa-u.repo.nii.ac.jp/record/5850/files/kana-9-8-0004.pdf
1106;福康路;福康路;FUKANG;LU;;;;;;;新閘;路;新闸;路;新闸路920弄;XINZHA ;LU;920 LONG;静安区;;;;;
130;福建路;福建路;FUJIAN;LU;FOKIEN;International Settlement;ROAD;1865;1943;2006;福建;中路;福建;中路;福建中路;FUJIAN;ZHONGLU;;黄浦区;1865-1945;;;Exact year stated;彰国躍. 上海 の道路命 名年表—社会言語学的命名論の基礎研究. https://kanagawa-u.repo.nii.ac.jp/record/5850/files/kana-9-8-0004.pdf
131;福建路;福建路;FUJIAN;LU;FOKIEN;French Concession;RUE;1860;1943;;楓涇;路;枫泾;路;枫泾路;FENGJING;LU;;南市区;;RUE FOKIEN;;Exact year stated;彰国躍. 上海 の道路命 名年表—社会言語学的命名論の基礎研究. https://kanagawa-u.repo.nii.ac.jp/record/5850/files/kana-9-8-0004.pdf
127;福煦路;福煦路;FUXUN;LU;FOCH;French Concession;AVENUE;1920;1943;;金陵;西路;金陵;西路;金陵西路;JINLING;XILU;;黄浦、卢湾区;1918-1943;AVENUE FOCH;;;
128;福煦路;福煦路;FUXUN;LU;FOCH;French Concession;AVENUE;1920;1943;;延安;中路;延安;中路;延安中路;YAN'AN;ZHONGLU;;黄浦、卢湾区;1918-1943;AVENUE FOCH;;;
133;福特街;福特街;FUTE;JIE;FORD LANE;International Settlement;LANE;1913;1943;;福祿;街;福禄;街;福禄街;FULU;JIE;;杨浦区;1913-1943;FORD LANE;;;
129;福生路;福生路;FUSHENG;LU;FOHSHUN;International Settlement;ROAD;1921;1943;;羅浮;路;罗浮;路;罗浮路;LUOFU;LU;;闸北、虹口区;1921-1943;FOHSHUN ROAD;;;
488;福田庵後橫街;福田庵后横街;FUTIAN'AN;HOUHENGJIE;;;;;;;同慶;街;同庆;街;同庆街;TONGQING;JIE;;南市区;;;;;
489;福田街;福田街;FUTIAN;JIE;;;;;;;青蓮;街;青莲;街;青莲街（南段）;QINGLIAN ;JIE;NANDUAN;南市区;;;;;
498;福蘭弄;福兰弄;FULAN;LONG;;;;;;;福祿;街;福禄;街;福禄街;FULU;JIE;;杨浦区;;;;;
124;福開森路;福开森路;FUKAISEN;LU;FERGUSSON;French Concession;ROUTE;1906;1943;;武康;路;武康;路;武康路;WUKANG;LU;;靜安區;;;;;
1049;福開森路;福开森路;FUKAISEN;LU;;;;;;;武康;路;武康;路;武康路;WUKANG;LU;;徐汇区;;;;;
19;禮查路;礼查路;LICHA;LU;ASTOR;International Settlement;ROAD;1890;1943;;金山;路;金山;路;金山路;JINSHAN;LU;;虹口区;19世纪末;ASTOR ROAD;;;
754;萬安街;万安街;WAN'AN;JIE;;;;;;;河南;南路;河南;南路;河南南 路230弄;HENAN;NANLU;230 LONG;南市区;;;;;
1138;萬寧橋南街;万宁桥南街;WANNINGQIAO;NANJIE;;;;;;;草鞋灣;路;草鞋湾;路;草鞋湾路;CAOXIEWAN;LU;;南市区;;;;;
567;萬瑞碼頭直街;万瑞码头直街;WANRUI MATOU;ZHIJIE;;;;;;;萬聚碼頭;街;万聚码头;街;万聚码头街;WANJU MATOU;JIE;;南市区;;;;;
1528;萬竹路;万竹路;WANZHU;LU;;;;;;2006;萬竹;路;万竹;路;万竹街;WANZHU;JIE;;南市区;;;;;
501;萬聚弄;万聚弄;WANJU;LONG;;;;;;2006;萬聚碼頭;街;万聚码头;街;万聚码头街;WANJU MATOU;JIE;;南市区;;;;;
1439;萬裕碼頭直街;万裕码头直街;WANYU MATOU;ZHIJIE;;;;;;;萬豫碼頭;街;万豫码头;街;万豫码头街;WANYU MATOU;JIE;;南市区;;;;;
865;秀水浜弄;秀水浜弄;XIUSHUIBANG;LONG;;;;;;;秀水浜;;秀水浜;;秀水浜;XIUSHUIBANG ;;;南市区;;;;;
81;科爾貝爾路;科尔贝尔路;KE'ERBEI'ER;LU;COLBERT;French Concession;RUE;1855;1943;;新永安;路;新永安;路;新永安路;XINYONG'AN;LU;;黄浦区;1855-1943年前;RUE COLBERT;;Exact year stated;彰国躍. 上海 の道路命 名年表—社会言語学的命名論の基礎研究. https://kanagawa-u.repo.nii.ac.jp/record/5850/files/kana-9-8-0004.pdf
998;科隆布路;科隆布路;KELONGBU;LU;;;;1908;;;廣州;路;广州;路;广州路;GUANGZHOU;LU;;杨浦区;;;;Exact year stated;彰国躍. 上海 の道路命 名年表—社会言語学的命名論の基礎研究. https://kanagawa-u.repo.nii.ac.jp/record/5850/files/kana-9-8-0004.pdf
1185;積善寺街;积善寺街;JISHANSI;JIE;;;;;;;積石;街;积石;街;积石街;JISHI;JIE;;南市区;;;;;
1504;積善街;积善街;JISHAN;JIE;;;;;1964;;積石;街;积石;街;积石街;JISHI;JIE;;南市区;-1964;;;;
1006;積穀倉前街;积谷仓前街;JIGUCANGJIE;QIANJIE;;;;;;;多稼;路;多稼;路;多稼路;DUOJIA;LU;;南市区;;;;;
1148;積穀倉碼頭;积谷仓码头;JIGUCANG MATOU;MATOU;;;;;;;外馬;路;外马;路;外马路多稼路附近;WAIMA;LU;DUOJIA LU FUJIN;南市区;;;;;
649;穿心河橋;穿心河桥;CHUANXINHE;QIAO;;;;;;;復興;東路;复兴;东路;复兴东路;FUXING;DONGLU;;南市区;;;;;
1267;穿心河直街;穿心河直街;CHUANXINHE;ZHIJIE;;;;;;;松雪;街;松雪;街;松雪街;SONGXUE;JIE;;南市区;;;;;
927;穿心街;穿心街;CHUANXIN;JIE;;;;;;;福佑;路;福佑;路;福佑路;FUYOU;LU;;南市区;;;;;
95;竇樂安路;窦乐安路;DOULE'AN;LU;DARROCH;International Settlement;ROAD;1918;1943;;多倫;路;多伦;路;多伦路;DUOLUN;LU;;徐汇区;1918-1943;DARROCH ROAD;;;
186;競華路;竞华路;JINGHUA;LU;JING WO;;;1937;;;人和;街;人和;街;人和街;RENHE;JIE;;静安区;;;;Exact year stated;彰国躍. 上海 の道路命 名年表—社会言語学的命名論の基礎研究. https://kanagawa-u.repo.nii.ac.jp/record/5850/files/kana-9-8-0004.pdf
1046;竹林庵街;竹林庵街;ZHULIN'AN;JIE;;;;;;;大境;路;大境;路;大境路（东段）;DAJING;LU;DONGDUAN;南市区;;;;;
964;竹林弄;竹林弄;ZHULIN;LONG;;;;;;;壩基橋石;街;坝基桥石;街;坝基桥石街28弄;BAJIQIAOSHI;JIE;28 LONG;南市区;;;;;
1150;竹素堂街;竹素堂街;ZHUSUTANG;JIE;;;;;;;天燈;弄;天灯;弄;天灯弄（南北段）;TIANDENG;LONG;NANBEIDUAN;南市区;;;;;
623;竹行碼頭;竹行码头;ZHUHANG;MATOU;;;;;;2006;竹行碼頭;街;竹行码头;街;竹行码头街（东段）;ZHUXING MATOU ;JIE;DONGDUAN;南市区;;;;;
668;竹行碼頭弄;竹行码头弄;ZHUHANG MATOU;LONG;;;;;;2006;竹行碼頭;街;竹行码头;街;竹行码头街（东段）;ZHUXING MATOU ;JIE;DONGDUAN;南市区;;;;;
959;筷竹街;筷竹街;KUAIZHU;JIE;;;;;;;筷竹;弄;筷竹;弄;筷竹弄;KUAIZHU;LONG;;南市区;;;;;
1543;糟坊街;糟坊街;ZAIFANG;JIE;;;;;;;北興;路;北兴;路;北兴路;BEIXING;LU;;吴淞区;;;;;
962;紅欄杆路;红栏杆路;HONGLANGAN;LU;;;;;;2006;紅欄杆;街;红栏杆;街;红栏杆街;HONGLANGAN;JIE;;南市区;;;;;
1331;納物巷;纳物巷;NAWU;XIANG;;;;1894;;;吳江;路;吴江;路;吴江路;WUJIANG;LU;;静安区;;;;Exact year stated;彰国躍. 上海 の道路命 名年表—社会言語学的命名論の基礎研究. https://kanagawa-u.repo.nii.ac.jp/record/5850/files/kana-9-8-0004.pdf
101;紫來街;紫来街;ZILAI;JIE;DISCRY;French Concession;RUE;1859;1943;;紫金;路;紫金;路;紫金路;ZIJIN;LU;;黄浦区;1943-1945;RUE DISCRY;;Exact year stated;彰国躍. 上海 の道路命 名年表—社会言語学的命名論の基礎研究. https://kanagawa-u.repo.nii.ac.jp/record/5850/files/kana-9-8-0004.pdf
1254;紫來街;紫来街;ZILAI;JIE;;;;1860;1943;;紫金;路;紫金;路;紫金路;ZIJIN;LU;;黄浦区;1860-1943;;;Exact year stated;彰国躍. 上海 の道路命 名年表—社会言語学的命名論の基礎研究. https://kanagawa-u.repo.nii.ac.jp/record/5850/files/kana-9-8-0004.pdf
100;紫金街;紫金街;ZIJIN;JIE;DISCRY;French Concession;RUE;1859;1943;;紫金;路;紫金;路;紫金路;ZIJIN;LU;;黄浦区;1943-1945;RUE DISCRY;;Exact year stated;彰国躍. 上海 の道路命 名年表—社会言語学的命名論の基礎研究. https://kanagawa-u.repo.nii.ac.jp/record/5850/files/kana-9-8-0004.pdf
732;紫金路;紫金路;ZIJIN;LU;;;;;;;河南;南路;河南;南路;河南南路;HENAN;NANLU;;南市区;;;;;
1339;紫陽路;紫阳路;ZIYANG;LU;;;;1943;1943;;浙江;南路;浙江;南路;浙江南路;ZHEJIANG;NANLU;;黄浦区;1943-1945;;;Exact year stated;彰国躍. 上海 の道路命 名年表—社会言語学的命名論の基礎研究. https://kanagawa-u.repo.nii.ac.jp/record/5850/files/kana-9-8-0004.pdf
611;絃線弄;弦线弄;XUANXIAN;LONG;;;;;;;方浜;中路;方浜;中路;方浜中路301弄;FANGBANG;ZHONGLU;301 LONG;南市区;;;;;
814;經四延路;经四延路;JINGSIYAN;LU;;;;;;;月獅;路;月狮;路;月狮路;YUESHI;LU;;吴淞区;;;;;
1652;維新路;维新路;WEIXIN;LU;;;;1933;1950;;四平;路;四平;路;四平路;SIPING;LU;;虹口区;1933-1950;;;Exact year stated;彰国躍. 上海 の道路命 名年表—社会言語学的命名論の基礎研究. https://kanagawa-u.repo.nii.ac.jp/record/5850/files/kana-9-8-0004.pdf
440;維爾蒙路;维尔蒙路;WEI'ERMENG;LU;VOUILLEMONT;French Concession;RUE;1902;1943;;普安;路;普安;路;普安路;PU'AN;LU;;黃浦區;;;;Exact year stated;彰国躍. 上海 の道路命 名年表—社会言語学的命名論の基礎研究. https://kanagawa-u.repo.nii.ac.jp/record/5850/files/kana-9-8-0004.pdf
800;維爾蒙路;维尔蒙路;WEI'ERMENG;LU;;;;1906;1943;;普安;路;普安;路;普安路;PUAN;LU;;黄浦、南市区;1906-1943;;;Exact year stated;彰国躍. 上海 の道路命 名年表—社会言語学的命名論の基礎研究. https://kanagawa-u.repo.nii.ac.jp/record/5850/files/kana-9-8-0004.pdf
625;縣前橫街;县前横街;XIANQIAN;HENGJIE;;;;;;;學院;路;学院;路;学院路;XUEYUAN;LU;;南市区;;;;;
785;縣前直街;县前直街;XIANQIAN;QIANJIE;;;;;;;光啓;路;光启;路;光启路(南段);GUANGQI ;LU;NANDUAN;南市区;;;;;
1170;縣南大街;县南大街;XIANNANDA;JIE;;;;;;;光啓;路;光启;路;光启路(北段);GUANGQI ;LU;BEIDUAN;南市区;;;;;
772;縣基路;县基路;XIANJI;LU;;;;;;;光啓;路;光启;路;光启路(北段);GUANGQI ;LU;BEIDUAN;南市区;;;;;
801;縣東街;县东街;XIANDONG;JIE;;;;;;;學院;路;学院;路;学院路(东段);XUEYUAN ;LU;DONGDUAN;南市区;;;;;
786;縣橋南街;县桥南街;XIANQIAN;NANJIE;;;;;;;光啓;路;光启;路;光启路(北段);GUANGQI ;LU;BEIDUAN;南市区;;;;;
972;縣西監獄前路;县西监狱前路;XIANXIJIANYU;QIANLU;;;;;;;盛家;街;盛家;街;盛家街;SHENGJIA;JIE;;南市区;;;;;
1217;縣西監獄後路;县西监狱后路;XIANXIJIANYU;HOULU;;;;;;;晝錦;路;昼锦;路;昼锦路;ZHOUJIN;LU;;南市区;;;;;
789;縣西街;县西街;XIANXI;JIE;;;;;;;學院;路;学院;路;学院路(西段);XUEYUAN ;LU;XIDUAN;南市区;;;;;
1140;總局路;总局路;ZONGJU;LU;;;;1904;1913;;共和;路;共和;路;共和路;GONGHE;LU;;闸北路;1904-1913;;;;
1458;總弄;总弄;ZONGLONG;;;;;;;;東青蓮;街;东青莲;街;东青莲街101弄;DONGQINGLIAN;JIE;101 LONG;南市区;;;;;
363;纖走路;纤走路;QIANZOU;LU;ROPE WALK;International Settlement;ROAD;1850;1860;;九江;路;九江;路;九江路;JIUJIANG;LU;;黄浦区;约1850-1860;ROPE WALK ROAD;;;
364;纖道路;纤道路;QIANDAO;LU;ROPE WALK;International Settlement;ROAD;1850;1860;;九江;路;九江;路;九江路;JIUJIANG;LU;;黄浦区;约1850-1860;ROPE WALK ROAD;;;
1210;缺口路;缺口路;QUEKOU;LU;;;;1894;1913;;四川;南路;四川;南路;四川南路;SICHUAN;NANLU;;黄浦区;1894-1913;;;Exact year stated;彰国躍. 上海 の道路命 名年表—社会言語学的命名論の基礎研究. https://kanagawa-u.repo.nii.ac.jp/record/5850/files/kana-9-8-0004.pdf
365;羅別根路;罗别根路;LUOBIEGEN;LU;RUBICON;International Settlement;ROAD;1919;1943;;哈密;路;哈密;路;哈密路;HAMI;LU;;长宁区;1919-1943;RUBICON ROAD;;Exact year stated;彰国躍. 上海 の道路命 名年表—社会言語学的命名論の基礎研究. https://kanagawa-u.repo.nii.ac.jp/record/5850/files/kana-9-8-0004.pdf
490;羅家弄;罗家弄;LUOJIA;LONG;;;;;;;福民;街;福民;街;福民街;FUMIN;JIE;;南市区;;;;;
1022;羅寶路;罗宝路;LUOBAOLU;LU;;;;;;;同濟;路;同济;路;同济路;TONGJI;LU;;吴淞区;;;;;
806;羅白康路;罗白康路;LUOBAIKANG;LU;;;;1901;1919;;哈密;路;哈密;路;哈密路;HAMI;LU;;长宁区;1901-1919;;;Exact year stated;彰国躍. 上海 の道路命 名年表—社会言語学的命名論の基礎研究. https://kanagawa-u.repo.nii.ac.jp/record/5850/files/kana-9-8-0004.pdf
904;義弄;义弄;YILONG;;;;;;;;方斜;路;方斜;路;方斜路68弄;FANGXIE;LU;68 LONG;南市区;;;;;
1207;義泰弄;义泰弄;YITAI;LONG;;;;;;;董家渡;路;董家渡;路;董家渡路;DONGJIADU;LU;;南市区;;;;;
1694;羽林路;羽林路;YULIN;LU;;;;1947;1949;;天山;路;天山;路;天山路;TIANSHAN;LU;;长宁区;1947-1949;;;;
605;習勤支路;习勤支路;XIQIN;ZHILU;;;;1928;;;習勤;路;习勤;路;习勤路;XIQIN ;LU;;徐汇区;;;;Exact year stated;彰国躍. 上海 の道路命 名年表—社会言語学的命名論の基礎研究. https://kanagawa-u.repo.nii.ac.jp/record/5850/files/kana-9-8-0004.pdf
914;習勤路;习勤路;XIQIN;LU;;;;1919;;;康健;路;康健;路;康健路;KANGJIAN;LU;;徐汇区;;;;Exact year stated;彰国躍. 上海 の道路命 名年表—社会言語学的命名論の基礎研究. https://kanagawa-u.repo.nii.ac.jp/record/5850/files/kana-9-8-0004.pdf
1329;翔殷西路;翔殷西路;XIANGYIN;XILU;;;;1929;1937;;邯鄲;路;邯郸;路;邯郸路;HANDAN;LU;;虹口区;1929-1937;;;Exact year stated;彰国躍. 上海 の道路命 名年表—社会言語学的命名論の基礎研究. https://kanagawa-u.repo.nii.ac.jp/record/5850/files/kana-9-8-0004.pdf
1372;翔殷路;翔殷路;XIANGYIN;LU;;;;1922;1929;;邯鄲;路;邯郸;路;邯郸路;HANDAN;LU;;虹口区;1922-1929;;;Exact year stated;彰国躍. 上海 の道路命 名年表—社会言語学的命名論の基礎研究. https://kanagawa-u.repo.nii.ac.jp/record/5850/files/kana-9-8-0004.pdf
1361;翔閘路;翔闸路;XIANGXIA;LU;;;;1930;1934;;四平;路;四平;路;四平路;SIPING;LU;;杨浦区;1930-1934;;;Exact year stated;彰国躍. 上海 の道路命 名年表—社会言語学的命名論の基礎研究. https://kanagawa-u.repo.nii.ac.jp/record/5850/files/kana-9-8-0004.pdf
697;老北門內大街;老北门内大街;LAOBEIMENNEI;DAO;;;;;;;河南;南路;河南;南路;河南南路(北段);HENAN ;NANLU;BEIDUAN;南市区;;;;;
1115;老北門內西首;老北门内西首;LAOBEIMENNEI XISHOU ;XISHOU;;;;;;;舊倉;街;旧仓;街;旧仓街;JIUCANG;JIE;;南市区;;;;;
342;老北門街;老北门街;LAOBEIMEN;JIE;PORTE DU NORD;French Concession;RUE;1872;1943;;河南;南路;河南;南路;河南南路;HENAN;NANLU;;黄浦区;1851-1865;RUE DE LA PORTE DU NORD;;Exact year stated;彰国躍. 上海 の道路命 名年表—社会言語学的命名論の基礎研究. https://kanagawa-u.repo.nii.ac.jp/record/5850/files/kana-9-8-0004.pdf
220;老唐家弄;老唐家弄;LAOTANGJIA;LONG;LAU DONG KA LOONG;International Settlement;;;;;;;;;;;;;;;;;;
1025;老大沽路;老大沽路;LAOTAIGU;LU;;;;1860;;;大沽;路;大沽;路;大沽路(东段);DAGU ;LU;DONGDUAN;黄浦区;19世纪后期;;;;
1028;老太平碼頭;老太平码头;LAOTAIPING MATOU;MATOU;;;;;;;老太平;路;老太平;路;老太平路;LAOTAIPING;LONG;;南市区;;;;;
1159;老學前;老学前;LAOXUE;QIAN;;;;;;;學院;路;学院;路;学院路(东段);XUEYUAN ;LU;DONGDUAN;南市区;;;;;
1027;老永安街;老永安街;LAOYONG'AN;JIE;;;;;;;永安;路;永安;路;永安路;YONG'AN;LU;;黄浦区;;;;;
1172;老江灣路;老江湾路;LAOJIANGWAN;LU;;;;1910;1930;;西江灣;路;西江湾;路;西江湾路;XIJIANGWAN;LU;;虹口区;20世纪初-20世纪30年代;;;;
1426;老白渡路;老白渡路;LAOBAIDU;LU;;;;;;;白渡;路;白渡;路;白渡路(东段);BAIDU ;LU;DONGDUAN;南市区;;;;;
1029;老縣前路;老县前路;LAOXIANQIAN;LU;;;;;;;光啓;路;光启;路;光启路(南段);GUANGQI ;LU;NANDUAN;南市区;;;;;
1005;老街;老街;LAOJIE;LU;;;;;;;北京;路;北京;路;北京东路596弄;BEIJING;DONGLU;596 LONG;黄浦区;;;;;
1043;老街;老街;LAOJIE;;;;;;;;龍華鎮;路;龙华镇;路;龙华镇路;LONGHUAZHEN;LU;;徐汇区;;;;;
818;老閘街;老闸街;LAOZHA ;JIE;;;;;1865;;山西;南路;山西;南路;山西南路;SHANXI;NANLU;;黄浦区;1865年前;;;;
233;老閘路;老闸路;LAOZHA;LU;LOUYER;International Settlement;ROAD;1865;1865;;山西;南路;山西;南路;山西南路;SHANXI;NANLU;;黄浦区;1865年前;LOUYER ROAD;;Exact year stated;彰国躍. 上海 の道路命 名年表—社会言語学的命名論の基礎研究. https://kanagawa-u.repo.nii.ac.jp/record/5850/files/kana-9-8-0004.pdf
302;老靶子路;老靶子路;LAOBAZI;LU;OLD RANGE;International Settlement;ROAD;1899;1943;;武進;路;武进;路;武进路;WUJIN;LU;;虹口区;1899-1943;OLD RANGE ROAD;;;
1248;老體育會路;老体育会路;LAOTIYUHUI;LU;;;;1912;1937;;西體育會;路;西体育会;路;西体育会路;XITIYUHUI;LU;;南市区;1912-1937;;;;
397;聖母院路;圣母院路;SHENGMUYUAN;LU;SOEURS;French Concession;ROUTE;1901;1943;;瑞金;一路;瑞金;一路;瑞金一路;RUIJIN YILU;YILU;;卢湾区;1901-1943;ROUTE DES SOEURS;;Exact year stated;彰国躍. 上海 の道路命 名年表—社会言語学的命名論の基礎研究. https://kanagawa-u.repo.nii.ac.jp/record/5850/files/kana-9-8-0004.pdf
661;聖賢橋街;圣贤桥街;SHENGXIANQIAO;JIE;;;;;;;董家渡;路;董家渡;路;董家渡路（中段）;DONGJIADU ;LU;ZHONGDUAN;南市区;;;;;
1321;聯義路;联义路;LIANYI;LU;;;;1924;1929;;彭江;路;彭江;路;彭江路;PENGJIANG;LU;;闸北区;1924-1929;;;Exact year stated;彰国躍. 上海 の道路命 名年表—社会言語学的命名論の基礎研究. https://kanagawa-u.repo.nii.ac.jp/record/5850/files/kana-9-8-0004.pdf
624;肇嘉路;肇嘉路;ZHAOJIA;LU;;;;1914;;;復興;東路;复兴;东路;复兴东路;FUXING;DONGLU;;南市区;;;;Named around the stated year;彰国躍. 上海 の道路命 名年表—社会言語学的命名論の基礎研究. https://kanagawa-u.repo.nii.ac.jp/record/5850/files/kana-9-8-0004.pdf
504;育嬰堂路;育婴堂路;YUYINGTANG;LU;;;;;;;西唐家;弄;西唐家;弄;西唐家弄;XITANGJIA;LONG;;南市区;;;;;
1201;胡家弄;胡家弄;HUJIA;LONG;;;;;;;墩基;路;墩基;路;墩基路;DUNJI;LU;;南市区;;;;;
198;膠州路 ;胶州路 ;JIAOZHOU;LU;KIAOCHOW;International Settlement;ROAD;;1943;2006;膠州;路 ;胶州;路 ;胶州路 ;JIAOZHOU;LU;;;;;;;
1384;臨安路;临安路;LIN'AN;LU;;;;1943;1943;;金陵;中路;金陵;中路;金陵中路;JINLING;ZHONGLU;;黄浦、卢湾区;1943-1945;;;Exact year stated;彰国躍. 上海 の道路命 名年表—社会言語学的命名論の基礎研究. https://kanagawa-u.repo.nii.ac.jp/record/5850/files/kana-9-8-0004.pdf
1412;臨清路;临清路;LINQING;LU;;;;1915;;;臨青;路;临青;路;临青路;LINQING;LU;;杨浦区;;;;Exact year stated;彰国躍. 上海 の道路命 名年表—社会言語学的命名論の基礎研究. https://kanagawa-u.repo.nii.ac.jp/record/5850/files/kana-9-8-0004.pdf
328;自來火東街;自来火东街;DONGZILAIHUO;JIE;PERES;French Concession;RUE;1910;1943;;永壽;路;永寿;路;永寿路;YOUSHOU;LU;;黄浦区;1865-1943;RUE DES PERES;;;
1257;自來火行東街;自来火行东街;ZILAIHUOXING;DONGJIE;;;;1865;1943;;永壽;路;永寿;路;永寿路;YONGSHOU;LU;;黄浦区;1865-1943;;;Exact year stated;彰国躍. 上海 の道路命 名年表—社会言語学的命名論の基礎研究. https://kanagawa-u.repo.nii.ac.jp/record/5850/files/kana-9-8-0004.pdf
787;自來火行西街;自来火行西街;ZILAIHUOXING;XIJIE;;;;1865;1943;;廣西;南路;广西;南路;广西南路;GUANGXI;NANLU;;黄浦区;1865-1943;;;Exact year stated;彰国躍. 上海 の道路命 名年表—社会言語学的命名論の基礎研究. https://kanagawa-u.repo.nii.ac.jp/record/5850/files/kana-9-8-0004.pdf
1466;自來火街;自来火街;ZILAIHUO;JIE;;;;1882;1890;;武昌;路;武昌;路;武昌路;WUCHANG;LU;;虹口区;1882-19世纪末;;;Exact year stated;彰国躍. 上海 の道路命 名年表—社会言語学的命名論の基礎研究. https://kanagawa-u.repo.nii.ac.jp/record/5850/files/kana-9-8-0004.pdf
851;自忠路;自忠路;ZIZHONG;LU;;;;1946;;;西門;路;西门;路;西门路;XIMEN;LU;;卢湾区;;;;Exact year stated;彰国躍. 上海 の道路命 名年表—社会言語学的命名論の基礎研究. https://kanagawa-u.repo.nii.ac.jp/record/5850/files/kana-9-8-0004.pdf
1158;致遠街;致远街;ZHIYUAN;JIE;;;;1850;;;五福;弄;五福;弄;五福弄;WUFU;LONG;;黄浦区;19世纪后期;;;;
359;臺拉斯脫路;台拉斯脱路;TAILASITUO;LU;RENE DELASTRE;French Concession;ROUTE;1918;1943;;太原;路;太原;路;太原路;TAIYUAN;LU;;徐汇区;1918-1943;ROUTE R DELASTRE;;;
334;臺斯德朗路;台斯德朗路;TAISIDELANG;LU;PICARD-DESTELAN;French Concession;ROUTE;1918;1943;;廣元;路;广元;路;广元路;GUANGYUAN;LU;;徐汇区;1918-1943;ROUTE P DESTELEN;;;
134;臺灣路;台湾路;TAIWAN;LU;FORMOSE;French Concession;RUE;1860;1943;;黃代;路;黄代;路;黄代路;HUANGDAI;LU;;南市区;;RUE FORMOSA;;;
268;興聖街;兴圣街;XINGSHENG;JIE;MISSION;French Concession;RUE;1868;1943;;永勝;路;永胜;路;永胜路;YONGSHENG;LU;;黄浦区;1868-1945;;;Exact year stated;彰国躍. 上海 の道路命 名年表—社会言語学的命名論の基礎研究. https://kanagawa-u.repo.nii.ac.jp/record/5850/files/kana-9-8-0004.pdf
643;興讓街;兴让街;XINGRANG;JIE;;;;;1949;;山西;南路;山西;南路;山西南路（南段）;SHANXI;NANLU;NANDUAN;黄浦区;1949年前;;;;
1674;舊學前街;旧学前街;JIUXUE;QIANJIE;;;;;;;學院;路;学院;路;学院路（东段）;XUEYUAN ;LU;DONGDUAN;南市区;;;;;
1219;舊教場街;旧教场街;JIUJIAOCHANG;JIE;;;;;;;舊教場;路;旧教场;路;旧教场路;JIUJIAOCHANG;LU;;南市区;;;;;
788;舊新民路;旧新民路;JIUXINMIN;LU;;;;;;;天目;中路;天目;中路;天目中路;TIANMU;ZHONGLU;;闸北区;;;;;
1099;舊道署前街;旧道署前街;JIUDAOSHUJIE;QIANJIE;;;;;;;金壇;路;金坛;路;金坛路;JINTAN;LU;;南市区;;;;;
79;舟山路;舟山路;ZHOUSHAN;LU;CHUSAN;French Concession;RUE;1860;1943;;龍潭;路;龙潭;路;龙潭路;LONGTAN;LU;;南市区;;RUE CHUSAN;;;
69;芝罘路;芝罘路;ZHIFU;LU;CHEFOO;International Settlement;ROAD;;1943;;芝罘;路;芝罘;路;芝罘路;ZHIFU;LU;;黄浦区;;;;;
312;花園弄;花园弄;HUAYUAN;LONG;PARK;International Settlement;LANE;1851;;;南京;路;南京;路;南京路;NANJING;LU;;;;;;Exact year stated;彰国躍. 上海 の道路命 名年表—社会言語学的命名論の基礎研究. https://kanagawa-u.repo.nii.ac.jp/record/5850/files/kana-9-8-0004.pdf
693;花園弄;花园弄;HUAYUAN;LONG;;;;1851;;;南花園;弄;南花园;弄;南花园弄;NANHUAYUAN;LONG;;南市区;;;;Exact year stated;彰国躍. 上海 の道路命 名年表—社会言語学的命名論の基礎研究. https://kanagawa-u.repo.nii.ac.jp/record/5850/files/kana-9-8-0004.pdf
1578;花園弄;花园弄;HUAYUAN;LONG;;;;1851;1865;;南京;東路;南京;东路;南京东路;NANJING;DONGLU;;黄浦区;1851-1865;;;Exact year stated;彰国躍. 上海 の道路命 名年表—社会言語学的命名論の基礎研究. https://kanagawa-u.repo.nii.ac.jp/record/5850/files/kana-9-8-0004.pdf
1059;花園街;花园街;HUAYUAN;JIE;;;;;;2006;花園;弄;花园;弄;花园弄;HUAYUAN;LONG;;南市区;;;;;
513;花園路;花园路;HUAYUAN;LU;;;;;;2006;花園港;路;花园港;路;花园港路;HUAYUANGANG;LU;;南市区;;;;Exact year stated;彰国躍. 上海 の道路命 名年表—社会言語学的命名論の基礎研究. https://kanagawa-u.repo.nii.ac.jp/record/5850/files/kana-9-8-0004.pdf
1195;花園路;花园路;HUAYUAN;LU;;;;1932;1950;;沽源;路;沽源;路;沽源路;GUYUAN;LU;;虹口区;约1932-20世纪50年代;;;Exact year stated;彰国躍. 上海 の道路命 名年表—社会言語学的命名論の基礎研究. https://kanagawa-u.repo.nii.ac.jp/record/5850/files/kana-9-8-0004.pdf
1191;英士路;英士路;YINGSHI;LU;;;;1946;1950;;淡水;路;淡水;路;淡水路;DANSHUI;LU;;黄浦区;1946-1950;;;;
1296;英大馬路;英大马路;YINGDAMA;LU;;;;1862;1943;;南京;東路;南京;东路;南京东路;NANJING;DONGLU;;黄浦区;1862-1943;;;;
1449;英石路;英石路;YINGSHI;LU;;;;1921;1956;;建設;路;建设;路;建设路;JIANSHE;LU;;闵行区;1921-1956;;;Exact year stated;彰国躍. 上海 の道路命 名年表—社会言語学的命名論の基礎研究. https://kanagawa-u.repo.nii.ac.jp/record/5850/files/kana-9-8-0004.pdf
200;英華路;英华路;YINGHUA;LU;KIN WO KA;;;1860;1943;;金華;路;金华;路;金华路;JINHUA;LU;;黄浦区;19世纪60年代-1943;KIN WO KA;;;
832;茂名路;茂名路;MAOMING;LU;;;;1943;;2006;茂名;北路;茂名;北路;茂名北路;MAOMING;BEILU;;静安区;;;;Exact year stated;彰国躍. 上海 の道路命 名年表—社会言語学的命名論の基礎研究. https://kanagawa-u.repo.nii.ac.jp/record/5850/files/kana-9-8-0004.pdf
278;茂海路;茂海路;MAOHAI;LU;MUIRHEAD;International Settlement;ROAD;1943;1943;;海門;路;海门;路;海门路;HAIMEN;LU;;虹口区;约1943-1945;MUIRHEAD ROAD;;Exact year stated;彰国躍. 上海 の道路命 名年表—社会言語学的命名論の基礎研究. https://kanagawa-u.repo.nii.ac.jp/record/5850/files/kana-9-8-0004.pdf
139;茄勒路;茄勒路;JIALE;LU;GALLE;French Concession;RUE;1906;1943;;吉安;路;吉安;路;吉安路;JI'AN;LU;;卢湾区;1906-1946;RUE GALLE;;Exact year stated;彰国躍. 上海 の道路命 名年表—社会言語学的命名論の基礎研究. https://kanagawa-u.repo.nii.ac.jp/record/5850/files/kana-9-8-0004.pdf
923;茶館弄;茶馆弄;CHAGUAN;LONG;;;;;;;陸家浜;路;陆家浜;路;陆家浜路323弄;LUJIABANG;LU;323 LONG;南市区;;;;;
1618;草塘街;草塘街;CAOTANG;JIE;;;;;;;魯班;路;鲁班;路;鲁班路×弄;LUBAN XXX LONG;LU;;卢湾区;;;;;
825;草鞋灣;草鞋湾;CAOXIE;WAN;;;;;;;草鞋灣;路;草鞋湾;路;草鞋湾路;CAOXIEWAN;LU;;南市区;;;;;
1421;荳市路;荳市路;DOUSHI;LU;;;;1920;1960;;淞市;路;淞市;路;淞市路;SONGSHI;LU;;吴淞区;1920-1960;;;Exact year stated;彰国躍. 上海 の道路命 名年表—社会言語学的命名論の基礎研究. https://kanagawa-u.repo.nii.ac.jp/record/5850/files/kana-9-8-0004.pdf
1001;荷花池外街;荷花池外街;HEHUACHI;WAIJIE;;;;;;2006;荷花池;弄;荷花池;弄;荷花池弄;HEHUACHI;LONG;;南市区;;;;;
967;莊家橋街;庄家桥街;ZHUANGJIAQIAO;JIE;;;;;;;莊家;街;庄家;街;庄家街;ZHUANGJIA;JIE;;南市区;;;;;
1233;莊源大街;庄源大街;ZHUANGYUAN;DAJIE;;;;1850;1910;;旅順;路;旅顺;路;旅顺路;LVSHUN;LU;;虹口区;19世纪中叶-20世纪初;;;;
272;莫利愛路;莫利爱路;MOLI'AI;LU;MOLIERE;French Concession;RUE;1914;1943;;香山;路;香山;路;香山路;XIANGSHAN;LU;;卢湾区;1914-1946;RUE MOLIERE;;;
271;莫干山路;莫干山路;MOGANSHAN;LU;MOKANSHAN;International Settlement;ROAD;;1943;2006;莫干山;路;莫干山;路;莫干山路;MOGANSHAN;LU;;;;;;;
1180;菜市街;菜市街;CAISHI;JIE;;;;1865;;;人民;路;人民;路;人民路919弄;RENMIN;LU;919 LONG;南市区;;;;Exact year stated;彰国躍. 上海 の道路命 名年表—社会言語学的命名論の基礎研究. https://kanagawa-u.repo.nii.ac.jp/record/5850/files/kana-9-8-0004.pdf
1289;菜市街;菜市街;CAISHI;JIE;;;;1865;1943;;寧海;東路;宁海;东路;宁海东路;NINGHAI;DONGLU;;黄浦区;1865-1943;;;Exact year stated;彰国躍. 上海 の道路命 名年表—社会言語学的命名論の基礎研究. https://kanagawa-u.repo.nii.ac.jp/record/5850/files/kana-9-8-0004.pdf
246;菜市路;菜市路;CAISHI;LU;MARCHE;French Concession;RUE;1901;1943;;順昌;路;顺昌;路;顺昌路（南段）;SHUNCHANG ;LU;NANDUAN;卢湾区;1901-1946;RUE DU MARCHE;;Exact year stated;彰国躍. 上海 の道路命 名年表—社会言語学的命名論の基礎研究. https://kanagawa-u.repo.nii.ac.jp/record/5850/files/kana-9-8-0004.pdf
582;華倫支路;华伦支路;HUALUNLU;ZHILU;;;;1912;1943;;古北;支路;古北;支路;古北支路;GUBEI;ZHILU;;长宁区;1912-1943;;;Exact year stated;彰国躍. 上海 の道路命 名年表—社会言語学的命名論の基礎研究. https://kanagawa-u.repo.nii.ac.jp/record/5850/files/kana-9-8-0004.pdf
445;華倫路;华伦路;HUALUN;LU;WARREN;International Settlement;ROAD;1911;1943;;古北;路;古北;路;古北路;GUBEI;LU;;长宁区;1911-1943;WARREN ROAD;;Exact year stated;彰国躍. 上海 の道路命 名年表—社会言語学的命名論の基礎研究. https://kanagawa-u.repo.nii.ac.jp/record/5850/files/kana-9-8-0004.pdf
1109;華同路;华同路;HUATONG;LU;;;;1917;1929;;普善;路;普善;路;普善路;PUSHAN;LU;;闸北区;1917-1929;;;;
167;華山路;华山路;HUASHAN;LU;HOA SHAN;French Concession;ROUTE;1900;1904;;重慶;中路;重庆;中路;重庆中路;CHONGQING;ZHONGLU;;卢湾区;1901-1906;;;Exact year stated;彰国躍. 上海 の道路命 名年表—社会言語学的命名論の基礎研究. https://kanagawa-u.repo.nii.ac.jp/record/5850/files/kana-9-8-0004.pdf
444;華德路;华德路;HUADE;LU;WARD;;;1901;1943;;長陽;路;长阳;路;长阳路;CHANGYANG;LU;;杨浦区;1901-1943;WARD ROAD;;;
439;華成路;华成路;HUACHENG;LU;VOISIN;French Concession;RUE;1902;1943;;會稽;路;会稽;路;会稽路;HUIJI;LU;;南市区;;RUE VOISIN;;;
1067;華昌路;华昌路;HUACHANG;LU;;;;;;;華安;路;华安;路;华安路;HUA'AN;LU;;南市区;;;;;
442;華格皋路;华格皋路;HUAGEGAO;LU;WAGNER;French Concession;RUE;1892;1943;;寧海;西路;宁海;西路;宁海西路;NINGHAI;XILU;;黄浦区;1915-1943;RUE WAGNER;;;
456;華盛路;华盛路;HUASHENG;LU;WHASHING;International Settlement;ROAD;1904;1943;;許昌;路;许昌;路;许昌路;XUCHANG;LU;;杨浦区;1904-1943;WHASHING ROAD;;Exact year stated;彰国躍. 上海 の道路命 名年表—社会言語学的命名論の基礎研究. https://kanagawa-u.repo.nii.ac.jp/record/5850/files/kana-9-8-0004.pdf
177;華記路;华记路;HUAJI;LU;HWAKEE;International Settlement;ROAD;1890;1943;1964;永定;路;永定;路;永定路;YONGDING;LU;;虹口区;19世纪末-1964;HWAKEE ROAD;;;
441;華龍路;华龙路;HUALONG;LU;VOYRON;French Concession;ROUTE;1901;1943;;雁蕩;路;雁荡;路;雁荡路;YANDANG;LU;;卢湾区;1902-1943;ROUTE VOYRON;;Exact year stated;彰国躍. 上海 の道路命 名年表—社会言語学的命名論の基礎研究. https://kanagawa-u.repo.nii.ac.jp/record/5850/files/kana-9-8-0004.pdf
1306;菸廠路;烟厂路;YANCHANG;LU;;;;1930;1980;;煙臺;路;烟台;路;烟台路;YANTAI;LU;;黄浦区;1930年前-1980;;;;
1246;萃秀路;萃秀路;CUIXIU;LU;;;;1906;1943;;豫園;老路;豫园;老路;豫园老路31弄;YUYUAN LAO;LU;31 LONG;南市区;1906-1943;;;;
698;萃豐弄;萃丰弄;CUIFENG;LONG;;;;;;;外萃豐;弄;外萃丰;弄;外萃丰弄;WAICUIFENG;LONG;;南市区;;;;;
1594;萃豐弄;萃丰弄;CUIFENG;LONG;;;;;;;裏萃豐;弄;里萃丰;弄;里萃丰弄;LICUIFENG;LONG;;南市区;;;;;
218;萊浦路;莱浦路;LIPU;LU;LAIPO;International Settlement;ROAD;;1943;;新豐;路;新丰;路;新丰路;XINFENG;LU;;静安区;;LAIPO ROAD;;;
994;葉家宅北路;叶家宅北路;YEJIAZHAI;BEILU;;;;1913;1946;;葉家宅;路;叶家宅;路;叶家宅路;YEJIAZHAI;LU;;普陀区;1913-1946;;;Exact year stated;彰国躍. 上海 の道路命 名年表—社会言語学的命名論の基礎研究. https://kanagawa-u.repo.nii.ac.jp/record/5850/files/kana-9-8-0004.pdf
1132;葉家路;叶家路;YEJIA;LU;;;;1928;1956;;新閔;路;新闵;路;新闵路;XINMIN;LU;;闵行区;1928-1956;;;Exact year stated;彰国躍. 上海 の道路命 名年表—社会言語学的命名論の基礎研究. https://kanagawa-u.repo.nii.ac.jp/record/5850/files/kana-9-8-0004.pdf
1654;葉氏路;叶氏路;YESHI;LU;;;;1918;1950;;葉城;路;叶城;路;叶城路;YECHENG;LU;;杨浦区;1918-1950;;;Exact year stated;彰国躍. 上海 の道路命 名年表—社会言語学的命名論の基礎研究. https://kanagawa-u.repo.nii.ac.jp/record/5850/files/kana-9-8-0004.pdf
26;葛羅路;葛罗路;GELUO;LU;BARON GROS;French Concession;RUE;1913;1943;;嵩山;路;嵩山;路;嵩山路;SONGSHAN;LU;;黄浦区;1914-1945;RUE BARM GROSS;;Exact year stated;彰国躍. 上海 の道路命 名年表—社会言語学的命名論の基礎研究. https://kanagawa-u.repo.nii.ac.jp/record/5850/files/kana-9-8-0004.pdf
20;蒲柏路;蒲柏路;PUBO;LU;AUGUSTE BOPPE;French Concession;RUE;1921;1943;;太倉;路;太仓;路;太仓路（西段）;TAICANG ;LU;XIDUAN;卢湾区;1921-1946;RUE AUGUSTE BOPPE;;;
1323;蒲淞鎮大街;蒲淞镇大街;PUSONGZHEN;DAJIE;;;;1927;1929;;西大;街;西大;街;西大街;XIDA;JIE;;长宁区;1927-1929;;;;
1324;蒲淞鎮大街;蒲淞镇大街;PUSONGZHEN;DAJIE;;;;1927;1929;;東大;街;东大;街;东大街;DONGDA;JIE;;长宁区;1927-1929;;;;
34;蒲石路;蒲石路;PUSHI;LU;BOURGEAT;French Concession;RUE;1914;1943;;長樂;路;长乐;路;长乐路;CHANGLE;LU;;徐汇、静安区;1914-1943;RUE BOURGEAT;;Exact year stated;彰国躍. 上海 の道路命 名年表—社会言語学的命名論の基礎研究. https://kanagawa-u.repo.nii.ac.jp/record/5850/files/kana-9-8-0004.pdf
32;蓬路;蓬路;PENGLU;;BOONE;International Settlement;ROAD;1848;1943;;塘沽;路;塘沽;路;塘沽路;TANGGU;LU;;闸北、虹口区;1848-1943;BOONE ROAD;;Exact year stated;彰国躍. 上海 の道路命 名年表—社会言語学的命名論の基礎研究. https://kanagawa-u.repo.nii.ac.jp/record/5850/files/kana-9-8-0004.pdf
1094;蔓盤路;蔓盘路;MANPAN;LU;;;;1899;1914;;新昌;路;新昌;路;新昌路（北段）;XINCHANG ;LU;BEIDUAN;黄浦区;1899-1914;;;Exact year stated;彰国躍. 上海 の道路命 名年表—社会言語学的命名論の基礎研究. https://kanagawa-u.repo.nii.ac.jp/record/5850/files/kana-9-8-0004.pdf
746;蔓笠弄;蔓笠弄;MANLI;LONG;;;;;;;大夫;坊;大夫;坊;大夫坊19-22弄;DAIFUFANG;FANG;19-22 LONG;南市区;;;;;
669;蔓笠橋街;蔓笠桥街;MANLIQIAO;JIE;;;;1913;;;撫安;街;抚安;街;抚安街;FU'AN;JIE;;南市区;;;;Exact year stated;彰国躍. 上海 の道路命 名年表—社会言語学的命名論の基礎研究. https://kanagawa-u.repo.nii.ac.jp/record/5850/files/kana-9-8-0004.pdf
1387;蔣家場路;蒋家场路;JIANGJIACHANG;LU;;;;;1958;;閔東;路;闵东;路;闵东路;MINDONG;LU;;闵行区;-1958;;;;
719;蔣家弄;蒋家弄;JIANGJIA;LONG;;;;;;;也是園;弄;也是园;弄;也是园弄42弄;YESHIYUAN;LONG;42 LONG;南市区;;;;;
1229;蕪湖街;芜湖街;WUHU;JIE;;;;1943;1946;2006;蕪湖;路;芜湖;路;芜湖路;WUHU;LU;;黄浦区;1943-1946;;;Exact year stated;彰国躍. 上海 の道路命 名年表—社会言語学的命名論の基礎研究. https://kanagawa-u.repo.nii.ac.jp/record/5850/files/kana-9-8-0004.pdf
752;薛弄;薛弄;XUELONG;;;;;;;;薛弄;底街;薛弄;底街;薛弄底街;XUELONGDI;JIE;;南市区;;;;;
402;薛華立路;薛华立路;XUEHUALI;LU;STANISLAS CHEVALIER;French Concession;ROUTE;1902;1943;;建國;中路;建国;中路;建国中路;JIANGUO;ZHONGLU;;卢湾区;1902-1943;ROUTE STANISLAS CHEVALIER;;Exact year stated;彰国躍. 上海 の道路命 名年表—社会言語学的命名論の基礎研究. https://kanagawa-u.repo.nii.ac.jp/record/5850/files/kana-9-8-0004.pdf
66;薩坡賽路;萨坡赛路;SAPOSAI;LU;CHAPSAL;French Concession;RUE;1906;1943;;淡水;路;淡水;路;淡水路;DANSHUI;LU;;卢湾区;;RUE CHAPSAL;;Exact year stated;彰国躍. 上海 の道路命 名年表—社会言語学的命名論の基礎研究. https://kanagawa-u.repo.nii.ac.jp/record/5850/files/kana-9-8-0004.pdf
53;藍維靄路;蓝维霭路;LANWEI'AI;LU;CAPITAINE RABIER;French Concession;RUE;1915;1943;;肇周;路;肇周;路;肇周路;ZHAOZHOU;LU;;南市区;1908-1945;RUE DE CAPITAINE RABIER;;Exact year stated;彰国躍. 上海 の道路命 名年表—社会言語学的命名論の基礎研究. https://kanagawa-u.repo.nii.ac.jp/record/5850/files/kana-9-8-0004.pdf
54;藍維靄路;蓝维霭路;LANWEI'AI;LU;CAPITAINE RABIER;French Concession;RUE;1915;1943;;西藏;西路;西藏;西路;西藏西路;XIZANG;XILU;;黄浦、南市区;1918-1943;RUE DE CAPITAINE RABIER;;Exact year stated;彰国躍. 上海 の道路命 名年表—社会言語学的命名論の基礎研究. https://kanagawa-u.repo.nii.ac.jp/record/5850/files/kana-9-8-0004.pdf
830;蘇家弄;苏家弄;SUJIA;LONG;;;;;;;楊家柵;路;杨家栅;路;杨家栅路17弄;YANGJIAZHA;LU;17 LONG;南市区;;;;;
48;蘇州河灘路;苏州河滩路;SUZHOUHETAN;LU;BUND ON THE SOOCHOW;International Settlement;;1858;1865;;南蘇州;街;南苏州;街;南苏州街;NANSUZHOU;JIE;;黄浦区;1858-1865;BUND ON THE SOOCHOW;;Exact year stated;彰国躍. 上海 の道路命 名年表—社会言語学的命名論の基礎研究. https://kanagawa-u.repo.nii.ac.jp/record/5850/files/kana-9-8-0004.pdf
399;蘇州路;苏州路;SUZHOU;LU;SOOCHOW;International Settlement;ROAD;1861;1865;;湖北;路;湖北;路;湖北路;HUBEI;LU;;黄浦区;1861-1865;SOOCHOW ROAD;;Exact year stated;彰国躍. 上海 の道路命 名年表—社会言語学的命名論の基礎研究. https://kanagawa-u.repo.nii.ac.jp/record/5850/files/kana-9-8-0004.pdf
689;蘇州路;苏州路;SUZHOU;LU;;;;1865;1950;;南蘇州;路;南苏州;路;南苏州路（东段）;NANSUZHOU ;LU;DONGDUAN;黄浦区;1865-1950;;;Exact year stated;彰国躍. 上海 の道路命 名年表—社会言語学的命名論の基礎研究. https://kanagawa-u.repo.nii.ac.jp/record/5850/files/kana-9-8-0004.pdf
1177;蘇州路;苏州路;SUZHOU;LU;;;;1861;1865;;浙江;路;浙江;路;浙江路（北段）;ZHEJIANG ;LU;BEIDUAN;黄浦区;1861-1865;;;Exact year stated;彰国躍. 上海 の道路命 名年表—社会言語学的命名論の基礎研究. https://kanagawa-u.repo.nii.ac.jp/record/5850/files/kana-9-8-0004.pdf
1179;蘭田路;兰田路;LANTIAN;LU;;;;;;;思南;路;思南;路;思南路;SINAN;LU;;卢湾区;;;;Exact year stated;彰国躍. 上海 の道路命 名年表—社会言語学的命名論の基礎研究. https://kanagawa-u.repo.nii.ac.jp/record/5850/files/kana-9-8-0004.pdf
221;蘭路;兰路;LANLU;;LAY;International Settlement;ROAD;1905;1943;;蘭州;路;兰州;路;兰州路;LANZHOU;LU;;杨浦区;1905-1943;LAY ROAD;;;
467;虞洽卿路;虞洽卿路;YUXIAQING;LU;YU YA CHING;International Settlement;ROAD;1936;1943;;西藏;中路;西藏;中路;西藏中路;XIZANG;ZHONGLU;;黄浦区;1936-1943;YU YA CHING ROAD;;;
468;虞洽卿路;虞洽卿路;YUXIAQING;LU;YU YA CHING;International Settlement;ROAD;1936;1943;;西藏;南路;西藏;南路;西藏南路;XIZANG;NANLU;;南市区;;YU YA CHING ROAD;;;
1189;虯江支路;虬江支路;QIUJIANGLU;ZHILU;;;;1910;1937;2006;虯江;支路;虬江;支路;虬江支路;QIUJIANG ;ZHILU;;虹口区;20世纪初-1937;;;;
733;虯江路;虬江路;QIUJIANG;LU;;;;1911;1937;2006;虯江;路;虬江;路;虬江路;QIUJIANG;LU;;虹口区;1911-1937;;;;
1482;虹口路;虹口路;HONGKOU;LU;;;;1860;1943;;大名;路;大名;路;大名路;DAMING;LU;;虹口区;19世纪60年代-1943;;;Exact year stated;彰国躍. 上海 の道路命 名年表—社会言語学的命名論の基礎研究. https://kanagawa-u.repo.nii.ac.jp/record/5850/files/kana-9-8-0004.pdf
695;虹廟弄;虹庙弄;HONGMIAO;LONG;;;;;;;石潭;弄;石潭;弄;石潭弄;SHITAN;LONG;;黄浦区;;;;;
1615;虹梅北路;虹梅北路;HONGMEI;BEILU;;;;1958;1983;;虹梅;路;虹梅;路;虹梅路（北段）;HONGMEI ;LU;BEIDUAN;长宁区、上海县;1958-1983;;;;
1635;虹橋大街;虹桥大街;HONGQIAO;DAJIE;;;;;;;望雲;路;望云;路;望云路（北段）;WANGYUN ;LU;BEIDUAN;南市区;;;;;
1227;虹橋西大街;虹桥西大街;HONGQIAOXI;DAJIE;;;;;;;復興;東路;复兴;东路;复兴东路;FUXING;DONGLU;;南市区;;;;;
1390;虹橋鎮路;虹桥镇路;HONGQIAOZHEN;LU;;;;1920;1958;;虹梅;路;虹梅;路;虹梅路（北段）;HONGMEI ;LU;BEIDUAN;长宁区、上海县;本世纪20年代-1958;;;Exact year stated;彰国躍. 上海 の道路命 名年表—社会言語学的命名論の基礎研究. https://kanagawa-u.repo.nii.ac.jp/record/5850/files/kana-9-8-0004.pdf
161;衡山路;衡山路;HENGSHAN;LU;HENG CHAN;French Concession;RUE;1902;1906;;淡水;路;淡水;路;淡水路;DANSHUI;LU;;卢湾区;1902-1906;;;Exact year stated;彰国躍. 上海 の道路命 名年表—社会言語学的命名論の基礎研究. https://kanagawa-u.repo.nii.ac.jp/record/5850/files/kana-9-8-0004.pdf
1564;裏倉橋街;里仓桥街;LICANGQIAO;JIE;;;;;;;篾竹;路;篾竹;路;篾竹路(南段);MIEZHU ;LU;NANDUAN;南市区;;;;;
1020;裏洋行街;里洋行街;LIYANGXING;JIE;;;;;;;周浦;路;周浦;路;周浦路;ZHOUPU;LU;;南市区;;;;;
724;裏洞庭山弄;里洞庭山弄;LIDONGTINGSHAN;LONG;;;;;;;洞庭山;弄;洞庭山;弄;洞庭山弄;DONGTINGSHAN;LONG;;南市区;;;;;
579;裏生義弄;里生义弄;LISHENGYI;LONG;;;;;;;生義碼頭;街;生义码头;街;生义码头街 (西街);SHENGYI MATOU (XIJIE);JIE;XIJIE;南市区;;;;;
1034;裏郎家橋街;里郎家桥街;LILANGJIAQIAO;JIE;;;;;;;篾竹;路;篾竹;路;篾竹路(北段);MIEZHU ;LU;BEIDUAN;南市区;;;;;
1031;裏陸家浜路;里陆家浜路;LILUJIABANG;LU;;;;;;;陸家浜;路;陆家浜;路;陆家浜路(东段);LUJIABANG ;LU;DONGDUAN;南市区;;;;;
1695;裏馬路;里马路;LIMA;LU;;;;1906;1925;;中山;南路;中山;南路;中山南路;ZHONGSHAN;NANLU;;南市区;1906-1925;;;;
1272;裕德路51弄;裕德路51弄;YUDELU;LONG;;;;1956;1981;;中漕;路;中漕;路;中漕路;ZHONGCAO;LU;;徐汇区;1956-1981;;;;
1656;裕通路;裕通路;YUTONG;LU;;;;1930;1950;;裕溪;路;裕溪;路;裕溪路;YUXI;LU;;吴淞区;1930-1950;;;Exact year stated;彰国躍. 上海 の道路命 名年表—社会言語学的命名論の基礎研究. https://kanagawa-u.repo.nii.ac.jp/record/5850/files/kana-9-8-0004.pdf
748;製造局后街;制造局后街;ZHIZAOJUJIE;HOUJIE;;;;;;;製造局;後路;制造局;后路;制造局后路;ZHIZAOJU;HOULU;;南市区;;;;;
535;襄陽路;襄阳路;XIANGYANG;LU;;;;1943;1946;;襄陽;南路;襄阳;南路;襄阳南路;XIANGYANG;NANLU;;徐汇区;1943-1946;;;Exact year stated;彰国躍. 上海 の道路命 名年表—社会言語学的命名論の基礎研究. https://kanagawa-u.repo.nii.ac.jp/record/5850/files/kana-9-8-0004.pdf
393;西（錫）克路;西（锡）克路;XIKE;LU;SINH;International Settlement;ROAD;1862;1865;;廣西;北路;广西;北路;广西北路;GUANGXI;BEILU;;黄浦区;1862-1865;SINH ROAD;;;
505;西俞家弄;西俞家弄;XIYUJIA;LONG;;;;;;;俞家;弄;俞家;弄;俞家弄（西段）;YUJIA ;LONG;XIDUAN;南市区;;;;;
1406;西倉橫路;西仓横路;XICANGLU;HENGLU;;;;;;;河南;南路;河南;南路;河南南路(中段);HENAN ;NANLU;ZHONGDUAN;南市区;;;;;
763;西倉路;西仓路;XICANG;LU;;;;;;2006;西倉橋;街;西仓桥;街;西仓桥街;XICANGQIAO;JIE;;南市区;;;;;
1348;西光復路;西光复路;XIGUANGFU;LU;;;;1924;1949;;光復;西路;光复;西路;光复西路;GUANGFU;XILU;;普陀区;1924年后-建国前;;;Exact year stated;彰国躍. 上海 の道路命 名年表—社会言語学的命名論の基礎研究. https://kanagawa-u.repo.nii.ac.jp/record/5850/files/kana-9-8-0004.pdf
1250;西啞路;西哑路;XIYA;LU;;;;1908;1943;;西湖;路;西湖;路;西湖路;XIHU;LU;;杨浦区;1908-1943;;;;
1131;西大興路;西大兴路;XIDAXING;LU;;;;1943;1943;;復興;西路;复兴;西路;复兴西路;FUXING;XILU;;徐汇区;1943-1945;;;Exact year stated;彰国躍. 上海 の道路命 名年表—社会言語学的命名論の基礎研究. https://kanagawa-u.repo.nii.ac.jp/record/5850/files/kana-9-8-0004.pdf
557;西安路;西安路;XI'AN;LU;;;;;;;淞南;路;淞南;路;淞南路;SONGNAN;LU;;吴淞区;;;;;
1102;西廟橋路;西庙桥路;XIMIAOQIAO;LU;;;;1905;1914;;宛平;南路;宛平;南路;宛平南路;WANPING;NANLU;;徐汇区;清末初-1914;;;;
1597;西弄;西弄;XILONG;;;;;;;;海潮;路;海潮;路;海潮路11弄;HAICHAO;LU;11 LONG;南市区;;;;;
165;西愛鹹斯路;西爱咸斯路;XI'AIXIANSI;LU;HERVE DE SIEYES;French Concession;ROUTE;1922;1943;;永嘉;路;永嘉;路;永嘉路;YONGJIA;LU;;徐汇、卢湾区;1920-1943;;;;
375;西摩路;西摩路;XIMO;LU;SEYMOUR;International Settlement;ROAD;1905;1943;;陝西;北路;陕西;北路;陕西北路;SHAANXI;BEILU;;普陀、静安区;1905-1943;SEYMOUR ROAD;;Exact year stated;彰国躍. 上海 の道路命 名年表—社会言語学的命名論の基礎研究. https://kanagawa-u.repo.nii.ac.jp/record/5850/files/kana-9-8-0004.pdf
767;西昌路;西昌路;XICHANG;LU;;;;;;;老道;街;老道;街;老道前街北;LAODAO QIANJIE;QIANJIE;;南市区;;;;;
973;西昌路;西昌路;XICHANG;LU;;;;;;;夢花;街;梦花;街;梦花街;MENGHUA;JIE;;南市区;;;;;
1541;西林路;西林路;XILIN;LU;;;;;;2006;西林;路;西林;路;西林横路;XILINHENG;LU;;南市区;;;;;
653;西柵口;西栅口;XIZHAKOU;;;;;;;;苗圃;路;苗圃;路;苗圃路;MIAOPU;LU;;黄浦区;;;;;
915;西柵口;西栅口;XIZHAKOU;;;;;;;;沈家;路;沈家;路;沈家弄路;SHENJIALONG;LU;;黄浦区;;;;;
898;西梅家弄;西梅家弄;XIMEIJIA;LONG;;;;;;;黃家;路;黄家;路;黄家路（西段）;HUANGJIA ;LU;XIDUAN;南市区;;;;;
1663;西梅家弄;西梅家弄;XIMEIJIA;LONG;;;;;;2006;梅家;街;梅家;街;梅家街;MEIJIA;JIE;;南市区;;;;;
384;西棋盤街;西棋盘街;XIQIPANJIE;JIE;SI GE BA KA;;;;;;西棋盤;街;西棋盘;街;西棋盘街;XIQIPAN;JIE;;黄浦区;;;;;
938;西正豐街;西正丰街;XIZHENGFENG;JIE;;;;1862;1865;;廣東;路;广东;路;广东路;GUANGDONG;LU;;黄浦区;1862-1865;;Section of CANTON between THIBET and CHEKIANG before 1865 - 1862年东正丰街向西延伸至西藏路段，名西正丰街;;
1203;西武昌路;西武昌路;XIWUCHANG;LU;;;;1890;1910;;武昌;路;武昌;路;武昌路;WUCHANG;LU;;虹口区;19世纪末-20世纪初;;;Exact year stated;彰国躍. 上海 の道路命 名年表—社会言語学的命名論の基礎研究. https://kanagawa-u.repo.nii.ac.jp/record/5850/files/kana-9-8-0004.pdf
1519;西毛家弄;西毛家弄;XIMAOJIA;LONG;;;;;;2006;毛家;路;毛家;路;毛家路(西段);MAOJIA ;LU;XIDUAN;南市区;;;;;
463;西永興;西永兴;XIYONGXING;;YANG KING PANG;French Concession;PASSAGE;;1943;;;;;;;;;;;;;;;
316;西江路;西江路;XIJIANG;LU;PAUL BRUNAT;French Concession;AVENUE;1901;1915;;淮海;中路;淮海;中路;淮海中路;HUAIHAI;ZHONGLU;;长宁、徐汇、;1906-1915;AVENUE PAUL BRUNAT;;Exact year stated;彰国躍. 上海 の道路命 名年表—社会言語学的命名論の基礎研究. https://kanagawa-u.repo.nii.ac.jp/record/5850/files/kana-9-8-0004.pdf
387;西江路;西江路;XIJIANG;LU;SIKIANG;French Concession;RUE;1901;1906;;淮海;中路;淮海;中路;淮海中路;HUAIHAI;ZHONGLU;;长宁、徐汇;1901-1906;RUE SIKIANG;;Exact year stated;彰国躍. 上海 の道路命 名年表—社会言語学的命名論の基礎研究. https://kanagawa-u.repo.nii.ac.jp/record/5850/files/kana-9-8-0004.pdf
1253;西河路;西河路;XIHE;LU;;;;1908;1943;;西湖;路;西湖;路;西湖路;XIHU;LU;;杨浦区;1908-1943;;;Exact year stated;彰国躍. 上海 の道路命 名年表—社会言語学的命名論の基礎研究. https://kanagawa-u.repo.nii.ac.jp/record/5850/files/kana-9-8-0004.pdf
1477;西浦路;西浦路;XIPU;LU;;;;1937;1943;;共青;路;共青;路;共青路;GONGQING;LU;;杨浦区;1937-1945;;;;
1673;西湖路;西湖路;XIHU;LU;;;;1943;1946;;北翟;路;北翟;路;北翟路;BEIZHAI;LU;;长宁区、;1943-1946;;;Exact year stated;彰国躍. 上海 の道路命 名年表—社会言語学的命名論の基礎研究. https://kanagawa-u.repo.nii.ac.jp/record/5850/files/kana-9-8-0004.pdf
366;西自來火街;西自来火街;XIZILAIHUO;JIE;SAIGON;French Concession;RUE;1865;1943;;廣西;南路;广西;南路;广西南路;GUANGXI;NANLU;;黄浦区;1865-1943;RUE DE SAIGON;;Exact year stated;彰国躍. 上海 の道路命 名年表—社会言語学的命名論の基礎研究. https://kanagawa-u.repo.nii.ac.jp/record/5850/files/kana-9-8-0004.pdf
1356;西薛家浜;西薛家浜;XIXUEJIA;BANG ;;;;1901;1930;;昆明;路;昆明;路;昆明路;KUNMING;LU;;虹口区;1901-1930;;;Exact year stated;彰国躍. 上海 の道路命 名年表—社会言語学的命名論の基礎研究. https://kanagawa-u.repo.nii.ac.jp/record/5850/files/kana-9-8-0004.pdf
411;西藏路;西藏路;XIZANG;LU;THIBET;International Settlement;ROAD;1865;1936;2006;西藏;中路;西藏;中路;西藏中路;XIZANG;ZHONGLU;;黄浦区;1865-1936   1943-1945;TIBET ROAD;;Exact year stated;彰国躍. 上海 の道路命 名年表—社会言語学的命名論の基礎研究. https://kanagawa-u.repo.nii.ac.jp/record/5850/files/kana-9-8-0004.pdf
413;西藏路;西藏路;XIZANG;LU;TIBET;International Settlement;ROAD;1865;1936;2006;西藏;中路;西藏;中路;西藏中路;XIZANG;ZHONGLU;;黄浦区;1865-1936   1943-1945;TIBET ROAD;;Exact year stated;彰国躍. 上海 の道路命 名年表—社会言語学的命名論の基礎研究. https://kanagawa-u.repo.nii.ac.jp/record/5850/files/kana-9-8-0004.pdf
414;西藏路;西藏路;XIZANG;LU;TIBET;International Settlement;ROAD;1943;1943;2006;西藏;中路;西藏;中路;西藏中路;XIZANG;ZHONGLU;;黄浦区;1865-1936   1943-1945;TIBET ROAD;;Exact year stated;彰国躍. 上海 の道路命 名年表—社会言語学的命名論の基礎研究. https://kanagawa-u.repo.nii.ac.jp/record/5850/files/kana-9-8-0004.pdf
452;西蘇州路;西苏州路;XISUZHOU;LU;WEST SOOCHOW ;International Settlement;ROAD;1910;1943;2006;西蘇州;路;西苏州;路;西苏州路;XISUZHOU;LU;;黄浦、静安区;20世纪初-1950;;;Exact year stated;彰国躍. 上海 の道路命 名年表—社会言語学的命名論の基礎研究. https://kanagawa-u.repo.nii.ac.jp/record/5850/files/kana-9-8-0004.pdf
367;西貢路;西贡路;XIGONG;LU;SAIGON;International Settlement;ROAD;1908;1943;;丹陽;路;丹阳;路;丹阳路;DANYANG;LU;;杨浦区;1908-1915;SAIGON ROAD;;Exact year stated;彰国躍. 上海 の道路命 名年表—社会言語学的命名論の基礎研究. https://kanagawa-u.repo.nii.ac.jp/record/5850/files/kana-9-8-0004.pdf
976;西道前街;西道前街;XIDAOQIAN;JIE;;;;;;;老道;街;老道;街;老道前街;LAODAO QIANJIE;QIANJIE;;南市区;;;;;
613;西長興路;西长兴路;XICHANGXING;LU;;;;1943;;;建國;中路;建国;中路;建国中路;JIANGUO;ZHONGLU;;卢湾区;;;;Exact year stated;彰国躍. 上海 の道路命 名年表—社会言語学的命名論の基礎研究. https://kanagawa-u.repo.nii.ac.jp/record/5850/files/kana-9-8-0004.pdf
676;西門大街;西门大街;XIMEN;DAJIE;;;;;;;復興;東路;复兴;东路;复兴东路(西段);FUXING ;XILU;XIDUAN;南市区;;;;;
341;西門路;西门路;XIMEN;LU;PORTE DE L'OUEST;French Concession;RUE;1920;1943;;自忠;路;自忠;路;自忠路;ZIZHONG ;LU;DONGDUAN;卢湾区;;;;Exact year stated;彰国躍. 上海 の道路命 名年表—社会言語学的命名論の基礎研究. https://kanagawa-u.repo.nii.ac.jp/record/5850/files/kana-9-8-0004.pdf
958;西青蓮街;西青莲街;XIQINGLIAN;JIE;;;;1913;;;東青蓮;街;东青莲;街;东青莲街;DONGQINGLIAN;JIE;;南市区;;;;Exact year stated;彰国躍. 上海 の道路命 名年表—社会言語学的命名論の基礎研究. https://kanagawa-u.repo.nii.ac.jp/record/5850/files/kana-9-8-0004.pdf
928;西馬弄;西马弄;XIMA;LONG;;;;1913;;2006;西馬;街;西马;街;西马街;XIMA;JIE;;南市区;;;;Exact year stated;彰国躍. 上海 の道路命 名年表—社会言語学的命名論の基礎研究. https://kanagawa-u.repo.nii.ac.jp/record/5850/files/kana-9-8-0004.pdf
525;西馬橋弄;西马桥弄;XIMAQIAO;LONG;;;;;;;小方;弄;小方;弄;小方弄35弄;XIAOFANG;LONG;35 LONG;南市区;;;;;
175;西馬路;西马路;XIMALU;;HUE;French Concession;RUE;1850;1943;;浙江;南路;浙江;南路;浙江南路;ZHEJIANG;NANLU;;黄浦区;19世纪中期-1912;RUE HUE;;;
977;西馬路橋;西马路桥;XIMALU;QIAO;;;;;;;西馬;街;西马;街;西马街;XIMA;JIE;;南市区;;;;;
694;觀音堂路;观音堂路;GUANYINTANG;LU;;;;1910;1947;;永興;小馬路;永兴;小马路;永兴小马路;YONGXING;XIAOMALU;;闸北区;20世纪初-1947年后;;;;
730;觀音堂路;观音堂路;GUANYINTANG;LU;;;;1925;1964;;佳木斯;路;佳木斯;路;佳木斯路;JIAMUSI;LU;;杨浦区;1925-1964;;;;
1013;觀音堂路;观音堂路;GUANYINTANG;LU;;;;1910;1947;;京江;支路;京江;支路;京江支路;JINGJIANG ;ZHILU;;闸北区;20世纪初-1947年后;;;;
1522;觀音閣弄;观音阁弄;GUANYINGE;LONG;;;;;1964;;甘谷;支路;甘谷;支路;甘谷支路;GANGU ;ZHILU;;南市区;-1964;;;;
1507;觀音閣街;观音阁街;GUANYINGE;JIE;;;;;1964;;甘谷;街;甘谷;街;甘谷街;GANGU;JIE;;南市区;-1964;;;;
1479;諾門路;诺门路;NUOMEN;LU;;;;1850;1965;;香港;路;香港;路;香港路;XIANGGANG;LU;;黄浦区;1965年前;;;Named within the decade;彰国躍. 上海 の道路命 名年表—社会言語学的命名論の基礎研究. https://kanagawa-u.repo.nii.ac.jp/record/5850/files/kana-9-8-0004.pdf
1475;謹記路;谨记路;JINJI;LU;;;;1918;1965;;宛平;南路;宛平;南路;宛平南路;WANPING;NANLU;;徐汇区;1918-1965;;;;
1433;警局路;警局路;JINGJU;LU;;;;1910;1954;;東寧;路;东宁;路;东宁路;DONGNING;LU;;黄浦区;20世纪初-1954;;;;
1008;警廳路;警厅路;JINGTING;LU;;;;;;;金壇;路;金坛;路;金坛路;JINTAN;LU;;南市区;;;;;
1325;豐林路;丰林路;FENGLIN;LU;;;;1920;1928;;楓林;路;枫林;路;枫林路;FENGLIN;LU;;徐汇区;1920-1928;;;;
666;象山路;象山路;XIANGSHAN;LU;;;;1943;;;瑞金;一路;瑞金;一路;瑞金一路;RUIJIN YILU;YILU;;卢湾区;;;;Exact year stated;彰国躍. 上海 の道路命 名年表—社会言語学的命名論の基礎研究. https://kanagawa-u.repo.nii.ac.jp/record/5850/files/kana-9-8-0004.pdf
1491;象山路;象山路;XIANGSHAN;LU;;;;1947;1980;;臨山;路;临山;路;临山路;LINSHAN;LU;;闸北区;1947-1980;;;Exact year stated;彰国躍. 上海 の道路命 名年表—社会言語学的命名論の基礎研究. https://kanagawa-u.repo.nii.ac.jp/record/5850/files/kana-9-8-0004.pdf
1256;豫園路;豫园路;YUYUAN;LU;;;;1907;1980;;豫園;老路;豫园;老路;豫园老路;YUYUAN LAO;LU;;南市区;1907-1980;;;Exact year stated;彰国躍. 上海 の道路命 名年表—社会言語学的命名論の基礎研究. https://kanagawa-u.repo.nii.ac.jp/record/5850/files/kana-9-8-0004.pdf
1139;豫豐路;豫丰路;YUFENG;LU;;;;1914;1918;;宛平;南路;宛平;南路;宛平南路;WANPING;NANLU;;徐汇区;1914-1918;;;;
847;豸史弄;豸史弄;ZHISHI;LONG;;;;;;;梧桐;路;梧桐;路;梧桐路;WUTONG;LU;;南市区;;;;;
10;貝勒路;贝勒路;BEILE;LU;AMIRAL BAYLE;French Concession;RUE;1906;1943;;黃陂南;南路;黄陂南;南路;黄陂南路;HUANGPI ;NANLU;;黄浦、卢湾区;1906-1945;RUE. AMIRAL BAYLE;;Exact year stated;彰国躍. 上海 の道路命 名年表—社会言語学的命名論の基礎研究. https://kanagawa-u.repo.nii.ac.jp/record/5850/files/kana-9-8-0004.pdf
330;貝當路;贝当路;BEIDANG;LU;PETAIN;French Concession;AVENUE;1922;1943;;衡山;路;衡山;路;衡山路;HENGSHAN;LU;;徐汇区;1922-1943;AVENUE PETAIN;;Exact year stated;彰国躍. 上海 の道路命 名年表—社会言語学的命名論の基礎研究. https://kanagawa-u.repo.nii.ac.jp/record/5850/files/kana-9-8-0004.pdf
223;貝禘路;贝禘路;BEIDI;LU;LIEUTENANT PETIOT;French Concession;RUE;1915;1943;;成都;南路;成都;南路;成都南路;CHENGDU;NANLU;;卢湾区;1915-1946;RUE. LIEUTENANT PETIET;;;
1174;貞德路;贞德路;ZHENDE;LU;;;;1855;1872;;永安;路;永安;路;永安路;YONG'AN;LU;;黄浦区;1855-1872;;;;
866;財神弄;财神弄;CAISHEN;LONG;;;;1907;;;悅來;街;悦来;街;悦来街;YUELAI;JIE;;南市区;;;;Exact year stated;彰国躍. 上海 の道路命 名年表—社会言語学的命名論の基礎研究. https://kanagawa-u.repo.nii.ac.jp/record/5850/files/kana-9-8-0004.pdf
937;財神弄;财神弄;CAISHEN;LONG;;;;1907;;;丹鳳;路;丹凤;路;丹凤路16弄;DANFENG;LU;16 LONG;南市区;;;;Exact year stated;彰国躍. 上海 の道路命 名年表—社会言語学的命名論の基礎研究. https://kanagawa-u.repo.nii.ac.jp/record/5850/files/kana-9-8-0004.pdf
940;財神弄;财神弄;CAISHEN;LONG;;;;1907;;;潘家;街;潘家;街;潘家街;PANJIA;JIE;;南市区;;;;Exact year stated;彰国躍. 上海 の道路命 名年表—社会言語学的命名論の基礎研究. https://kanagawa-u.repo.nii.ac.jp/record/5850/files/kana-9-8-0004.pdf
212;貴州路;贵州路;GUIZHOU;LU;KWEICHOW;International Settlement;ROAD;;1943;2006;貴州;路;贵州;路;贵州路;GUIZHOU;LU;;黄浦区;;;;;
1396;資興北路;资兴北路;ZIXING;BEILU;;;;1954;1958;;零陵;北路;零陵;北路;零陵北路;LINGLING;BEILU;;徐汇区;1954-1958;;;;
1659;資興路;资兴路;ZIXING;LU;;;;1954;1958;;零陵;路;零陵;路;零陵路;LINGLING;LU;;徐汇区;1954-1958;;;;
137;賈爾業愛路;贾尔业爱路;JIA'ERYE'AI;LU;FRANCIS GARNIER;French Concession;ROUTE;1914;1943;;東平;路;东平;路;东平路;DONGPING;LU;;徐汇区;1914-1943;ROUTE FRANCIS GARNIER;;Exact year stated;彰国躍. 上海 の道路命 名年表—社会言語学的命名論の基礎研究. https://kanagawa-u.repo.nii.ac.jp/record/5850/files/kana-9-8-0004.pdf
58;賈西義路;贾西义路;JIAXIYI;LU;CASSINI;French Concession;ROUTE;1926;1943;;泰康;路;泰康;路;泰康路;KANGTAI;LU;;卢湾区;1926-1943;ROUTE CASSINI;;;
1232;賣花弄堂;卖花弄堂;MAIHUATANG ;LONGTANG;;;;;;;西藏;南路;西藏;南路;西藏南路547弄;XIZANG 547;NANLU;547 LONG;南市区;;;;;
217;賴霍爾路;赖霍尔路;LAIHUOER;LU;LAHORE;International Settlement;ROAD;1908;1915;;寧國;路;宁国;路;宁国路;NINGGUO;LU;;杨浦区;1908-1915;LAHORE ROAD;;;
160;赫司克而路;赫司克而路;HESIKE'ER;LU;HASKELL;International Settlement;ROAD;1911;1943;;中州;路;中州;路;中州路（南段）;ZHONGZHOU ;LU;NANDUAN;虹口区;1911-1943;HASKELL ROAD;;Exact year stated;彰国躍. 上海 の道路命 名年表—社会言語学的命名論の基礎研究. https://kanagawa-u.repo.nii.ac.jp/record/5850/files/kana-9-8-0004.pdf
159;赫德路;赫德路;HEDE;LU;HART;International Settlement;ROAD;;1943;;常德;路;常德;路;常德路;CHANGDE;LU;;普陀、静安区;1943年前;HART ROAD;;;
249;趙主教路;赵主教路;ZHAOZHUJIAO;LU;MARESCA (MGR.);French Concession;ROUTE;1925;1943;;五原;路;五原;路;五原路;WUYUAN;LU;;徐汇区;1930-1943;ROUTE MGR.MARESCA;;Exact year stated;彰国躍. 上海 の道路命 名年表—社会言語学的命名論の基礎研究. https://kanagawa-u.repo.nii.ac.jp/record/5850/files/kana-9-8-0004.pdf
844;趙家巷;赵家巷;ZHAOJIA;XIANG;;;;;;;黃家;路;黄家;路;黄家路（西段）;HUANGJIA ;LU;XIDUAN;南市区;;;;;
351;跑馬廳路;跑马厅路;PAOMATING;LU;RACE COURSE;International Settlement;ROAD;1902;1943;;武勝;路;武胜;路;武胜路;WUSHENG;LU;;黄浦区;1902-1943;RACE COURSE ROAD;;;
742;跨龍路;跨龙路;KUALONG;LU;;;;;;;光啓;南路;光启;南路;光启南路;GUANGQI;NANLU;;南市区;;;;;
1162;車站前路;车站前路;CHANZHANLU;QIANLU;;;;1909;1988;;中山;南路;中山;南路;中山南路;ZHONGSHAN;NANLU;;南市区;1909-1988;;;Exact year stated;彰国躍. 上海 の道路命 名年表—社会言語学的命名論の基礎研究. https://kanagawa-u.repo.nii.ac.jp/record/5850/files/kana-9-8-0004.pdf
503;車站南路;车站南路;CHEZHAN;NANLU;;;;;;2006;南車站;後路;南车站;后路;南车站后路;NANCHEZHAN;HOULU;;南市区;;;;;
809;車站南路;车站南路;CHEZHAN;NANLU;;;;;;2006;車站;後路;车站;后路;车站后路;CHEZHAN;HOULU;;南市区;;;;;
1126;車站路;车站路;CHEZHAN;LU;;;;1898;1943;;車站;西路;车站;西路;车站西路;CHEZHAN;XILU;;虹口区;1898-1945;;;Exact year stated;彰国躍. 上海 の道路命 名年表—社会言語学的命名論の基礎研究. https://kanagawa-u.repo.nii.ac.jp/record/5850/files/kana-9-8-0004.pdf
1211;車站路;车站路;CHEZHAN;LU;;;;1920;1956;;新安;路;新安;路;新安路;XIN'AN;LU;;闵行区;1920-1956;;;Exact year stated;彰国躍. 上海 の道路命 名年表—社会言語学的命名論の基礎研究. https://kanagawa-u.repo.nii.ac.jp/record/5850/files/kana-9-8-0004.pdf
1344;車站路;车站路;CHEZHAN;LU;;;;1910;1943;;天目;東路;天目;东路;天目东路;TIANMUDONG;LU;;闸北区;20世纪初-1943;;;Exact year stated;彰国躍. 上海 の道路命 名年表—社会言語学的命名論の基礎研究. https://kanagawa-u.repo.nii.ac.jp/record/5850/files/kana-9-8-0004.pdf
1388;車站路;车站路;CHEZHAN;LU;;;;1920;1985;;桃浦;東路;桃浦;东路;桃浦东路;TAOPU;DONGLU;;普陀区;1920-1985;;;Exact year stated;彰国躍. 上海 の道路命 名年表—社会言語学的命名論の基礎研究. https://kanagawa-u.repo.nii.ac.jp/record/5850/files/kana-9-8-0004.pdf
1634;車站路;车站路;CHEZHAN;LU;;;;1909;1950;;南車站;路;南车站;路;南车站路;NANCHEZHAN;LU;;南市区;1909-1950;;;Exact year stated;彰国躍. 上海 の道路命 名年表—社会言語学的命名論の基礎研究. https://kanagawa-u.repo.nii.ac.jp/record/5850/files/kana-9-8-0004.pdf
1142;軍官路;军官路;JUNGUAN;LU;;;;1902;1920;;南昌;路;南昌;路;南昌路（东段）;NANCHANG ;LU;DONGDUAN;卢湾区;1902-1920;;;Exact year stated;彰国躍. 上海 の道路命 名年表—社会言語学的命名論の基礎研究. https://kanagawa-u.repo.nii.ac.jp/record/5850/files/kana-9-8-0004.pdf
960;軍工路;军工路;JUNGONG;LU;;;;1918;1943;;逸仙;路;逸仙;路;逸仙路;YIXIAN;LU;;吴淞区;1918-1945;;;Exact year stated;彰国躍. 上海 の道路命 名年表—社会言語学的命名論の基礎研究. https://kanagawa-u.repo.nii.ac.jp/record/5850/files/kana-9-8-0004.pdf
1169;軍營路;军营路;JUNYING;LU;;;;1940;1902;;雁蕩;路;雁荡;路;雁荡路;YANDANG;LU;;卢湾区;1902年前;;;Exact year stated;彰国躍. 上海 の道路命 名年表—社会言語学的命名論の基礎研究. https://kanagawa-u.repo.nii.ac.jp/record/5850/files/kana-9-8-0004.pdf
1605;軍營路;军营路;JUNYING;LU;;;;1940;1943;;軍工;路;军工;路;军工路;JUNGONG;LU;;杨浦区;1940-1945;;;Exact year stated;彰国躍. 上海 の道路命 名年表—社会言語学的命名論の基礎研究. https://kanagawa-u.repo.nii.ac.jp/record/5850/files/kana-9-8-0004.pdf
857;軍行路;军行路;JUNXING;LU;;;;1939;1940;;軍工;路;军工;路;军工路;JUNGONG;LU;;杨浦区;1939-1940;;;Exact year stated;彰国躍. 上海 の道路命 名年表—社会言語学的命名論の基礎研究. https://kanagawa-u.repo.nii.ac.jp/record/5850/files/kana-9-8-0004.pdf
687;輔元堂弄;辅元堂弄;FUYUANTANG;LONG;;;;;;;藥局;弄;药局;弄;药局弄（西段）;YAOJU ;LONG;XIDUAN;南市区;;;;;
389;辛拉路;辛拉路;XINLA;LU;SIMLA;International Settlement;ROAD;1908;1915;;洞庭;路;洞庭;路;洞庭路;DONGTING;LU;;杨浦区;1908-1915;SIMLA ROAD;;Exact year stated;彰国躍. 上海 の道路命 名年表—社会言語学的命名論の基礎研究. https://kanagawa-u.repo.nii.ac.jp/record/5850/files/kana-9-8-0004.pdf
215;辣厄爾路;辣厄尔路;LA'E'ER;LU;LAGUERRE;French Concession;RUE;1872;1943;;永安;路;永安;路;永安路;YONG'AN;LU;;黄浦区;1872-1943;RUE LAGUERRE;;Exact year stated;彰国躍. 上海 の道路命 名年表—社会言語学的命名論の基礎研究. https://kanagawa-u.repo.nii.ac.jp/record/5850/files/kana-9-8-0004.pdf
213;辣斐德路;辣斐德路;LAFEIDE;LU;LAFAYETTE;French Concession;ROUTE;1918;1943;;復興;中路;复兴;中路;复兴中路;FUXING;ZHONGLU;;徐汇、卢湾区;1918-1943;ROUTE LAFAYETTE;;;
180;近勝路;近胜路;JINSHENG;LU;JANSEN;International Settlement;ROAD;1904;1943;;景星;路;景星;路;景星路;JINGXING;LU;;杨浦区;1904-1943;JANSEN ROAD;;Exact year stated;彰国躍. 上海 の道路命 名年表—社会言語学的命名論の基礎研究. https://kanagawa-u.repo.nii.ac.jp/record/5850/files/kana-9-8-0004.pdf
1271;近衛通;近卫通;JINWEI;TONG;;;;1939;1940;;國和;路;国和;路;国和路;GUOHE;LU;;杨浦区;1939-1940;;;Exact year stated;彰国躍. 上海 の道路命 名年表—社会言語学的命名論の基礎研究. https://kanagawa-u.repo.nii.ac.jp/record/5850/files/kana-9-8-0004.pdf
1427;迪化中路;迪化中路;DIHUA;ZHONGLU;;;;1946;1954;;烏魯木齊;中路;乌鲁木齐;中路;乌鲁木齐中路;WULUMUQI;ZHONGLU;;徐汇区;1946-1954;;;;
645;迪化北路;迪化北路;DIHUA;BEILU;;;;1945;;;烏魯木齊;北路;乌鲁木齐;北路;乌鲁木齐北路;WULUMUQI;BEILU;;静安区;;;;Exact year stated;彰国躍. 上海 の道路命 名年表—社会言語学的命名論の基礎研究. https://kanagawa-u.repo.nii.ac.jp/record/5850/files/kana-9-8-0004.pdf
1295;迪化南路;迪化南路;DIHUA;NANLU;;;;1946;1943;;烏魯木齊;南路;乌鲁木齐;南路;乌鲁木齐南路;WULUMUQI;NANLU;;徐汇区;1946-1954;;;;
1532;迪化路;迪化路;DIHUA;LU;;;;1943;;;烏魯木齊;北路;乌鲁木齐;北路;乌鲁木齐北路;WULUMUQI;BEILU;;南市区;;;;Exact year stated;彰国躍. 上海 の道路命 名年表—社会言語学的命名論の基礎研究. https://kanagawa-u.repo.nii.ac.jp/record/5850/files/kana-9-8-0004.pdf
1484;通濟路;通济路;TONGJI;LU;;;;1922;1980;;普濟;路;普济;路;普济路;PUJI;LU;;闸北区;1922-1980;;;Exact year stated;彰国躍. 上海 の道路命 名年表—社会言語学的命名論の基礎研究. https://kanagawa-u.repo.nii.ac.jp/record/5850/files/kana-9-8-0004.pdf
887;運糧河浜;运粮河浜;YUNLIANGHE;BANG ;;;;;;;蓬萊;路;蓬莱;路;蓬莱路(东段);PENGLAILU ;LU;DONGDUAN;南市区;;;;;
478;道前街;道前街;DAOQIAN;JIE;;;;;;;老道;街;老道;街;老道前街;LAODAO QIANJIE;QIANJIE;;南市区;;;;;
797;道前街;道前街;DAOQIAN;JIE;;;;;;;巡道;街;巡道;街;巡道街（中段）;XUNDAO ;JIE;ZHONGDUAN;南市区;;;;;
950;道前街;道前街;DAOQIAN;JIE;;;;;;;金壇;路;金坛;路;金坛路;JINTAN;LU;;南市区;;;;;
1212;達豐支路;达丰支路;DAFENG;ZHILU;;;;1959;1980;;平山;路;平山;路;平山路;PINGSHAN;LU;;闵行区;1959-1980;;;;
511;達豐路;达丰路;DAFENG;LU;;;;1947;1980;;江川;東路;江川;东路;江川东路;JANGCHUAN;DONGLU;;闵行区;1947-1980;;;;
55;邁爾西愛路;迈尔西爱路;MAI'ERXIAI;LU;CARDINAL MERCIER;French Concession;ROUTE;1919;1943;;茂名;南路;茂名;南路;茂名南路;MAOMING;NANLU;;卢湾区;1919-1943;ROUTE CARDINAL;;Exact year stated;彰国躍. 上海 の道路命 名年表—社会言語学的命名論の基礎研究. https://kanagawa-u.repo.nii.ac.jp/record/5850/files/kana-9-8-0004.pdf
56;邁爾西愛路;迈尔西爱路;WAN'ERXI'AI;LU;CARDINAL MERCIER;French Concession;ROUTE;1914;1943;;茂名;南路;茂名;南路;茂名南路;MAOMING;NANLU;;南市区;;;;Exact year stated;彰国躍. 上海 の道路命 名年表—社会言語学的命名論の基礎研究. https://kanagawa-u.repo.nii.ac.jp/record/5850/files/kana-9-8-0004.pdf
1474;邑廟路;邑庙路;YIMIAO;LU;;;;;1964;;邑城;路;邑城;路;邑城路;YICHENG;LU;;南市区;-1964;;;;
1679;邢家宅路;邢家宅路;XINGJIAZHAI;LU;;;;1914;1950;;邢家橋;北路;邢家桥;北路;邢家桥北路;XINGJIAQIAO;BEILU;;虹口区;1914-1950;;;Exact year stated;彰国躍. 上海 の道路命 名年表—社会言語学的命名論の基礎研究. https://kanagawa-u.repo.nii.ac.jp/record/5850/files/kana-9-8-0004.pdf
1680;邢家橋路;邢家桥路;XINGJIAQIAO;LU;;;;1910;1950;;邢家橋;南路;邢家桥;南路;邢家桥南路;XINGJIAQIAO;NANLU;;虹口区;20世纪初-1950;;;;
578;邢家閣路;邢家阁路;XINGJIAGE;LU;;;;1914;1950;2006;邢家橋;北路;邢家桥;北路;邢家桥北路;XINGJIAQIAO;BEILU;;虹口区;1914-1950;;;Exact year stated;彰国躍. 上海 の道路命 名年表—社会言語学的命名論の基礎研究. https://kanagawa-u.repo.nii.ac.jp/record/5850/files/kana-9-8-0004.pdf
98;鄧脫路;邓脱路;DENGTUO;LU;DENT;International Settlement;ROAD;1910;1943;;丹徒;路;丹徒;路;丹徒路;DANTU;LU;;虹口区;20世纪初-1943;DENT ROAD;;;
425;鄭家木橋街;郑家木桥街;ZHENGJIAMUQIAO;JIE;TOURANE;French Concession;RUE;1876;1943;;福建;南路;福建;南路;福建南路;FUJIAN;NANLU;;黄浦区;1876-1943;RUE TOURANE;;Exact year stated;彰国躍. 上海 の道路命 名年表—社会言語学的命名論の基礎研究. https://kanagawa-u.repo.nii.ac.jp/record/5850/files/kana-9-8-0004.pdf
1018;鄰賢坊一弄;邻贤坊一弄;LINXIANFANG;YILONG;;;;;;;光啓;路;光启;路;光启路65弄;GUANGQI;LU;65 LONG;南市区;;;;;
1437;鄰賢坊三弄;邻贤坊三弄;LINXIANFANG;SANLONG;;;;;;;光啓;路;光启;路;光启路43弄;GUANGQI ;LU;43 LONG;南市区;;;;;
841;鄰賢坊二弄;邻贤坊二弄;LINXIANFANG;ERLONG;;;;;;;光啓;路;光启;路;光启路55弄;GUANGQI;LU;55 LONG;南市区;;;;;
1640;鄱陽路;鄱阳路;PANYANG;LU;;;;1908;1951;;波陽;路;波阳;路;波阳路;BOYANG;LU;;杨浦区;1908-1951;;;Exact year stated;彰国躍. 上海 の道路命 名年表—社会言語学的命名論の基礎研究. https://kanagawa-u.repo.nii.ac.jp/record/5850/files/kana-9-8-0004.pdf
77;重慶路;重庆路;CHONGQING;LU;CHUNKING;International Settlement;ROAD;1890;1943;2006;重慶;北路;重庆;北路;重庆北路;CHONGQING;BEILU;;黄浦区;19世纪90年代-1945;;;Exact year stated;彰国躍. 上海 の道路命 名年表—社会言語学的命名論の基礎研究. https://kanagawa-u.repo.nii.ac.jp/record/5850/files/kana-9-8-0004.pdf
1251;金司徒廟街;金司徒庙街;JINSITUMIAO;JIE;;;;;;;萬春;街;万春;街;万春街;WANCHUN;LU;;静安区;;;;;
745;金家牌樓街;金家牌楼街;JINJIAPAILOU;JIE;;;;;;;金家;坊;金家;坊;金家坊;JINJIA;FANG;;南市区;;;;;
1011;金桂興碼頭;金桂兴码头;JINGUIXING MATOU;MATOU;;;;;;;金桂;路;金桂;路;金桂路;JINGUI;LU;;吴淞区;;;;;
519;金澤通;金泽通;JINZE;TONG;;;;1939;1940;;民京;路;民京;路;民京路;MINJING;LU;;杨浦区;1939-1940;;;Exact year stated;彰国躍. 上海 の道路命 名年表—社会言語学的命名論の基礎研究. https://kanagawa-u.repo.nii.ac.jp/record/5850/files/kana-9-8-0004.pdf
327;金神父路;金神父路;JINSHENGFU;LU;PERE ROBERT;French Concession;ROUTE;1907;1943;;瑞金;二路;瑞金;二路;瑞金二路;RUIJIN ERLU;ERLU;;卢湾区;1907-1943;ROUTE PERE POBERT;;Exact year stated;彰国躍. 上海 の道路命 名年表—社会言語学的命名論の基礎研究. https://kanagawa-u.repo.nii.ac.jp/record/5850/files/kana-9-8-0004.pdf
744;金谷弄;金谷弄;JINGU;LONG;;;;;;;中山;南路;中山;南路;中山南路64号;ZHONGSHAN;NANLU;64 HAO;南市区;;;;;
1015;金門街;金门街;JINMEN;JIE;;;;1943;1943;2006;金門;路;金门;路;金门路;JINMEN;LU;;黄浦区;1943-1945;;;Exact year stated;彰国躍. 上海 の道路命 名年表—社会言語学的命名論の基礎研究. https://kanagawa-u.repo.nii.ac.jp/record/5850/files/kana-9-8-0004.pdf
933;金陵路;金陵路;JINLING;LU;;;;1921;1947;;秣陵;路;秣陵;路;秣陵路;MOLING;LU;;闸北区;1921-1947;;;Exact year stated;彰国躍. 上海 の道路命 名年表—社会言語学的命名論の基礎研究. https://kanagawa-u.repo.nii.ac.jp/record/5850/files/kana-9-8-0004.pdf
1534;金陵路;金陵路;JINLING;LU;;;;1943;1943;2006;金陵;東路;金陵;东路;金陵东路;JINLING;DONGLU;;黄浦区;1943-1945;;;Exact year stated;彰国躍. 上海 の道路命 名年表—社会言語学的命名論の基礎研究. https://kanagawa-u.repo.nii.ac.jp/record/5850/files/kana-9-8-0004.pdf
1625;鉤玉弄;钩玉弄;GOUYU;LONG;;;;;;;西鉤玉;弄;西钩玉;弄;西钩玉弄;XIGAOYU;LONG;;南市区;;;;;
885;鋅符路;锌符路;XINFU;LU;;;;;;;;;;;;;;;卢湾区;;;;;
709;錢家弄;钱家弄;QIANJIA;LONG;;;;;;;豆市;弄;豆市;弄;豆市街106弄;DOUSHI;JIE;106 LONG;南市区;;;;;
620;錦州路;锦州路;JINZHOU;LU;;;;1926;1980;;錦州灣;路;锦州湾;路;锦州湾路;JINZHOUWAN;LU;;杨浦区;1926-1980;;;Exact year stated;彰国躍. 上海 の道路命 名年表—社会言語学的命名論の基礎研究. https://kanagawa-u.repo.nii.ac.jp/record/5850/files/kana-9-8-0004.pdf
1480;錫金公所路;锡金公所路;XIJINGONGSUO;LU;;;;1890;1902;;甘肅;路;甘肃;路;甘肃路;GANSU;LU;;闸北区;约1890-1902;;;Named within the decade;彰国躍. 上海 の道路命 名年表—社会言語学的命名論の基礎研究. https://kanagawa-u.repo.nii.ac.jp/record/5850/files/kana-9-8-0004.pdf
333;鐵士蘭路;铁士兰路;TIESHILAN;LU;PICARD-DESTELAN;French Concession;ROUTE;1918;1943;;廣元;路;广元;路;广元路;GUANGYUAN;LU;;徐汇区;1918-1943;ROUTE P.DESTELAN;;;
1065;鐵貓弄;铁猫弄;TIEMAO;LONG;;;;;;2006;鐵錨;弄;铁锚;弄;铁锚弄;TIEMAO;LONG;;南市区;;;;;
1266;鐵馬路;铁马路;TIEMA;LU;;;;1890;1943;;彭澤;路;彭泽;路;彭泽路;PENGZI;LU;;虹口区;19世纪末-1943;;;;
971;鑲片弄;镶片弄;XIANGPIAN;LONG;;;;;;;傅家;街;傅家;街;傅家街;FUJIA;JIE;;南市区;;;;;
1123;長安路;长安路;CHANG'AN;LU;;;;1943;1943;;延安;西路;延安;西路;延安西路;YAN'AN;XILU;;长宁、静安区;1943-1945;;;Exact year stated;彰国躍. 上海 の道路命 名年表—社会言語学的命名論の基礎研究. https://kanagawa-u.repo.nii.ac.jp/record/5850/files/kana-9-8-0004.pdf
62;長沙路;长沙路;CHANGSHA;LU;CHANGSHA;International Settlement;ROAD;;1943;2006;長沙;路;长沙;路;长沙路;CHANGSHA;LU;;黄浦区;1887-1900;;;;
1092;長浜路;长浜路;CHANGBANG;LU;;;;1915;1918;;延安;中路;延安;中路;延安中路(西段);YAN'AN ;ZHONGLU;XIDUAN;黄浦、静安区;1915-1918;;;Exact year stated;彰国躍. 上海 の道路命 名年表—社会言語学的命名論の基礎研究. https://kanagawa-u.repo.nii.ac.jp/record/5850/files/kana-9-8-0004.pdf
1328;長浜路;长浜路;CHANGBANG;LU;;;;1910;1922;;延安;西路;延安;西路;延安西路;YAN'AN;XILU;;长宁、静安区;1910-1922;;;Exact year stated;彰国躍. 上海 の道路命 名年表—社会言語学的命名論の基礎研究. https://kanagawa-u.repo.nii.ac.jp/record/5850/files/kana-9-8-0004.pdf
485;長生庵街;长生庵街;CHANGSHENGAN;JIE;;;;;;;長生;街;长生;街;长生街;CHANGSHENG;JIE;;南市区;;;;;
1089;長白路;长白路;CHANGBAI;LU;;;;1943;1943;;河南;南路;河南;南路;河南南路;HENAN;NANLU;;黄浦区;1943-1945;;;Exact year stated;彰国躍. 上海 の道路命 名年表—社会言語学的命名論の基礎研究. https://kanagawa-u.repo.nii.ac.jp/record/5850/files/kana-9-8-0004.pdf
1178;長興路;长兴路;CHANGXING;LU;;;;1943;;;建國;東路;建国;东路;建国东路;JIANGUO;DONGLU;;卢湾区;;;;Exact year stated;彰国躍. 上海 の道路命 名年表—社会言語学的命名論の基礎研究. https://kanagawa-u.repo.nii.ac.jp/record/5850/files/kana-9-8-0004.pdf
587;長谷川路;长谷川路;CHANGGUCHUAN;LU;;;;1940;1943;;閘殷;路;闸殷;路;闸殷路;ZHAYIN;LU;;杨浦区;1940-1945;;;Exact year stated;彰国躍. 上海 の道路命 名年表—社会言語学的命名論の基礎研究. https://kanagawa-u.repo.nii.ac.jp/record/5850/files/kana-9-8-0004.pdf
1488;開原路;开原路;KAIYUAN;LU;;;;1943;1950;;武定;西路;武定;西路;武定西路;WUDING;XILU;;长宁、静安区;1943-1950;;;Exact year stated;彰国躍. 上海 の道路命 名年表—社会言語学的命名論の基礎研究. https://kanagawa-u.repo.nii.ac.jp/record/5850/files/kana-9-8-0004.pdf
196;開士威克路;开士威克路;KAISHIWEIKE;LU;KESWICK ;International Settlement;ROAD;1927;1943;;凱旋;路;凯旋;路;凯旋路;KAIXUAN;LU;;长宁、徐汇区;1927年前后;KESWICK ??;;Exact year stated;彰国躍. 上海 の道路命 名年表—社会言語学的命名論の基礎研究. https://kanagawa-u.repo.nii.ac.jp/record/5850/files/kana-9-8-0004.pdf
575;開宮牌樓街;开宫牌楼街;KAIGONGPAILOU;JIE;;;;;;;丹鳳;路;丹凤;路;丹凤路(南段);DANFENG;LU;NANDUAN;南市区;;;;;
191;開封路;开封路;KAIFENG;LU;KAIFENG;International Settlement;ROAD;1902;1943;2006;開封;路;开封;路;开封路;KAIFENG;LU;;闸北区;约1902-1943;;;;
1526;開平街;开平街;KAIPING;JIE;;;;1930;1964;;華開;路;华开;路;华开路;HUAKAI;LU;;杨浦区;1930-1964;;;Exact year stated;彰国躍. 上海 の道路命 名年表—社会言語学的命名論の基礎研究. https://kanagawa-u.repo.nii.ac.jp/record/5850/files/kana-9-8-0004.pdf
350;開答路;开答路;KAIDA;LU;QUETTA;International Settlement;ROAD;1908;1915;;松潘;路;松潘;路;松潘路;SONGPAN;LU;;杨浦区;1908-1915;QUETTA ROAD;;Exact year stated;彰国躍. 上海 の道路命 名年表—社会言語学的命名論の基礎研究. https://kanagawa-u.repo.nii.ac.jp/record/5850/files/kana-9-8-0004.pdf
201;開納路;开纳路;KAINA;LU;KINNEAR;International Settlement;ROAD;1911;1943;;武定;西路;武定;西路;武定西路;WUDING;XILU;;长宁、静安区;1911-1943;KINNEAR ROAD;;Exact year stated;彰国躍. 上海 の道路命 名年表—社会言語学的命名論の基礎研究. https://kanagawa-u.repo.nii.ac.jp/record/5850/files/kana-9-8-0004.pdf
265;閔行路;闵行路;MINHANG;LU;MING HONG;French Concession;RUE;;1943;;真如;路;真如;路;真如路;ZHENGRU;LU;;南市区;;RUE MINHONG;;;
1349;閘殷路;闸殷路;ZHAYIN;LU;;;;1927;1930;;水電;路;水电;路;水电路;SHUIDIAN;LU;;虹口区;1927-1930;;;Exact year stated;彰国躍. 上海 の道路命 名年表—社会言語学的命名論の基礎研究. https://kanagawa-u.repo.nii.ac.jp/record/5850/files/kana-9-8-0004.pdf
377;閘路;闸路;ZHALU;;SHACKLOO;International Settlement;ROAD;1672;1943;;福建;中路;福建;中路;福建中路;FUJIAN;ZHONGLU;;黄浦区;1672-1949;SHACKLOO ROAD;;Exact year stated;彰国躍. 上海 の道路命 名年表—社会言語学的命名論の基礎研究. https://kanagawa-u.repo.nii.ac.jp/record/5850/files/kana-9-8-0004.pdf
264;閩江路;闽江路;MINJIANG;LU;MIN KIANG;French Concession;RUE;1902;1909;;桃源;路;桃源;路;桃源路（西段）;TAOYUAN ;LU;XIDUAN;卢湾区;1902-1906;;;Exact year stated;彰国躍. 上海 の道路命 名年表—社会言語学的命名論の基礎研究. https://kanagawa-u.repo.nii.ac.jp/record/5850/files/kana-9-8-0004.pdf
1333;闕上;阙上;QUESHANG;;;;;;;;復興;東路;复兴;东路;复兴东路;FUXING;DONGLU;SIPAILONG GUANGQILU YIDUAN;南市区;;;;;
1473;阜民路;阜民路;FUMIN;LU;;;;;1980;;光啓;南路;光启;南路;光启南路;GUANGQI;NANLU;;南市区;-1980;;;;
4;阿拉白斯脫路;阿拉白斯脱路;ALABAISITUO;LU;ALABASTER;International Settlement;ROAD;1910;1943;;曲阜;路;曲阜;路;曲阜路;QUFU;LU;;闸北区;20世纪初-1943;ALABASTER ROAD;;;
6;阿爾盤街;阿尔盘街;A'ERPAN;JIE;ALBURY LANE;International Settlement;LANE;1890;1943;;蟠龍;街;蟠龙;街;蟠龙街;PANLONG;LU;;虹口区;19世纪末-1943;ALBURY LANE;;;
1;阿田南路;阿田南路;YATIANNAN;LU;ADINA;French Concession;RUE;;1943;;安亭;路;安亭;路;安亭路;ANTING;LU;;徐汇区;1943;RUE D'ADINA;;;
482;陝西路;陕西路;SHAANXI;LU;;;;1943;1943;;凱旋;路;凯旋;路;凯旋路;KAIXUAN;LU;;长宁、徐汇区;1943-1945;;;Exact year stated;彰国躍. 上海 の道路命 名年表—社会言語学的命名論の基礎研究. https://kanagawa-u.repo.nii.ac.jp/record/5850/files/kana-9-8-0004.pdf
1410;院東街;院东街;YUANDONG;JIE;;;;;;;學院;路;学院;路;学院路;XUEYUAN;LU;;南市区;;;;;
856;院西街;院西街;YUANXI;JIE;;;;;;;學院;路;学院;路;学院路;XUEYUAN;LU;;南市区;;;;;
995;陰陽街;阴阳街;YINYANG;JIE;;;;;;;光復;西路;光复;西路;光复西路253弄;GUANGFU;XILU;253 LONG;普陀区;;;;;
1453;陳士安路;陈士安路;CHENSHI'AN;LU;;;;;;2006;陳士安橋;;陈士安桥;;陈士安桥;CHENSHI'AN QIAO;QIAO;;南市区;;;;;
652;陳家弄;陈家弄;CHENJIA;LONG;;;;;;;復興;東路;复兴;东路;复兴东路833弄;FUXING;DONGLU;833 LONG;南市区;;;;;
102;陶爾斐斯路;陶尔斐斯路;TAO'ERFEISI;LU;DOLLFUS;French Concession;ROUTE;1921;1943;;南昌;路;南昌;路;南昌路（东段）;NANCHANG  ;LU;DONGDUAN;卢湾区;1920-1943;ROUTE DOLLFUS;;Exact year stated;彰国躍. 上海 の道路命 名年表—社会言語学的命名論の基礎研究. https://kanagawa-u.repo.nii.ac.jp/record/5850/files/kana-9-8-0004.pdf
1467;陸家宅路;陆家宅路;LUJIAZHAI;LU;;;;1917;1968;;陸豐;路;陆丰;路;陆丰路;LUFENG;LU;;闸北区;1917-1968;;;Exact year stated;彰国躍. 上海 の道路命 名年表—社会言語学的命名論の基礎研究. https://kanagawa-u.repo.nii.ac.jp/record/5850/files/kana-9-8-0004.pdf
1021;陸家浜街;陆家浜街;LUJIABANG;JIE;;;;;;;陸家浜;路;陆家浜;路;陆家浜路(东段);LUJIABANG ;LU;DONGDUAN;南市区;;;;;
1434;陸家石橋;陆家石桥;LUJIA SHIQIAO;SHIQIAO;;;;;;;東門;路;东门;路;东门路119弄;DONGMEN;LU;119;南市区;;;;;
361;陸家路;陆家路;LUJIA;LU;ROCKHILL;French Concession;AVENUE;1931;1943;;淮海;西路;淮海;西路;淮海西路;HUAIHAI;XILU;;徐汇、长宁区;1931-1943;AVENUE ROCKMILL;;;
934;陽朔路;阳朔路;YANGSHUO;LU;;;;1945;;2006;陽朔;路;阳朔;路;阳朔路;YANGSHUO;LU;;南市区;;;;Exact year stated;彰国躍. 上海 の道路命 名年表—社会言語学的命名論の基礎研究. https://kanagawa-u.repo.nii.ac.jp/record/5850/files/kana-9-8-0004.pdf
510;障川弄;障川弄;ZHANGCHUAN;LONG;;;;;;;麗水;弄;丽水;弄;丽水弄;LISHUI;LONG;;南市区;;;;;
509;障川橫路;障川横路;ZHANGCHUAN;HENGLU;;;;;;;保仁;弄;保仁;弄;保仁弄;BAOREN;LONG;;南市区;;;;;
845;障川老路;障川老路;ZHANGCHUANLAO;LU;;;;;;;麗水;路;丽水;路;丽水路;LISHUI;LU;;南市区;;;;;
791;障川路;障川路;ZHANGCHUAN;LU;;;;;;;麗水;路;丽水;路;丽水路;LISHUI;LU;;南市区;;;;;
1499;隴山路;陇山路;LONGSHAN;LU;;;;1953;1980;;雙山;路;双山;路;双山路;SHUANGSHAN;LU;;普陀区;1953-1980;;;;
1198;雅礱江路;雅砻江路;YALONGJIANG;LU;;;;1901;1906;;自忠;路;自忠;路;自忠路;ZIZHONG;LU;;卢湾区;1901-1906;;;Exact year stated;彰国躍. 上海 の道路命 名年表—社会言語学的命名論の基礎研究. https://kanagawa-u.repo.nii.ac.jp/record/5850/files/kana-9-8-0004.pdf
118;雅龍江路;雅龙江路;YALONGJIANG;LU;EUGENE BARD;French Concession;RUE;1906;1921;;太倉;路;太仓;路;太仓路（西段）;TAICANG ;LU;XIDUAN;卢湾区;1906-1921;RUE EUGENE BARD;;;
1014;集水街;集水街;JISHUI;JIE;;;;1911;;;東門;路;东门;路;东门路;DONGMEN;LU;;南市区;;;;Exact year stated;彰国躍. 上海 の道路命 名年表—社会言語学的命名論の基礎研究. https://kanagawa-u.repo.nii.ac.jp/record/5850/files/kana-9-8-0004.pdf
539;雙園弄;双园弄;SHUANGYUAN;LONG;;;;;;;桑園;街;桑园;街;桑园街;SANGYUAN;JIE;;南市区;;;;;
1655;雨生路;雨生路;YUSHENG;LU;;;;1945;1950;;北石;路;北石;路;北石路;BEISHI;LU;;普陀区;1945-建国初;;;;
472;雲南路;云南路;YUNNAN;LU;YUNNAN;International Settlement;ROAD;1866;1943;1950;雲南;中路;云南;中路;云南中路;YUNNAN;ZHONGLU;;黄浦区;1866-1945;;;Exact year stated;彰国躍. 上海 の道路命 名年表—社会言語学的命名論の基礎研究. https://kanagawa-u.repo.nii.ac.jp/record/5850/files/kana-9-8-0004.pdf
1141;雲南路;云南路;YUNNAN;LU;;;;1869;1943;2006;雲南;北路;云南;北路;云南北路;YUNNAN;BEILU;;黄浦区;1869-1945;;;Exact year stated;彰国躍. 上海 の道路命 名年表—社会言語学的命名論の基礎研究. https://kanagawa-u.repo.nii.ac.jp/record/5850/files/kana-9-8-0004.pdf
1355;雲興路;云兴路;YUNXING;LU;;;;1910;1930;;黃山;路;黄山;路;黄山路;HUANGSHAN;LU;;虹口区;20世纪初-1930;;;;
319;雷上達路;雷上达路;LEISHANGDA;LU;PAUL LEGENDRE;French Concession;ROUTE;1930;1943;;興國;路;兴国;路;兴国路;XINGGUO;LU;;徐汇、长宁区;20世纪30年代-1943;ROUTE P.LEGENDRE;;Named within the decade;彰国躍. 上海 の道路命 名年表—社会言語学的命名論の基礎研究. https://kanagawa-u.repo.nii.ac.jp/record/5850/files/kana-9-8-0004.pdf
357;雷米路;雷米路;LEIMI;LU;REMI;French Concession;ROUTE;1884;1943;;永康;路;永康;路;永康路;YONGKANG;LU;;徐汇区;1884-1943;ROUTE RÉMI;;Exact year stated;彰国躍. 上海 の道路命 名年表—社会言語学的命名論の基礎研究. https://kanagawa-u.repo.nii.ac.jp/record/5850/files/kana-9-8-0004.pdf
987;震修路;震修路;ZHENXIU;LU;;;;1920;1955;;浦東;南路;浦东;南路;浦东南路（中段）;PUDONG ;NANLU;ZHONGDUAN;黄浦区;1920-1955;;;Exact year stated;彰国躍. 上海 の道路命 名年表—社会言語学的命名論の基礎研究. https://kanagawa-u.repo.nii.ac.jp/record/5850/files/kana-9-8-0004.pdf
1078;霍必蘭支路;霍必兰支路;HUOBILANLU;ZHILU;;;;1912;1943;;古北;支路;古北;支路;古北支路;GUBEI ;ZHILU;;长宁区;1912-1943;;;;
1259;霍必蘭路;霍必兰路;HUOBILAN;LU;;;;1911;1943;;古北;路;古北;路;古北路;GUBEI;LU;;长宁区;1911-1943;;;;
803;霞爾登路;霞尔登路;XIA'ERDENG;LU;;;;1927;;;古北;路;古北;路;古北路;GUBEI;LU;;长宁区;1927年后;;;;
188;霞飛路;霞飞路;XIAFEI;LU;JOFFRE;French Concession;AVENUE;1915;1943;;淮海;中路;淮海;中路;淮海中路;HUAIHAI;ZHONGLU;;长宁、徐汇、;1915-1943;AVENUE JOFFRE;;Exact year stated;彰国躍. 上海 の道路命 名年表—社会言語学的命名論の基礎研究. https://kanagawa-u.repo.nii.ac.jp/record/5850/files/kana-9-8-0004.pdf
728;靈寶路;灵宝路;LINGBAO;LU;;;;;;;重慶;南路;重庆;南路;重庆南路;CHONGQING;NANLU;;卢湾区;;;;;
224;靈桂路;灵桂路;LINGGUI;LU;LIN KOUEI;French Concession;ROUTE;1930;;;長樂;路;长乐;路;长乐路362号;CHANGLE;LU;362 LONG;卢湾区;1849-1927;ROUTE LIN KOUEI;;;
1609;青城路;青城路;QINGCHENG;LU;;;;1943;1943;;山東;路;山东;路;山东南路;SHANDONG;NANLU;;黄浦区;1943-1945;;;Exact year stated;彰国躍. 上海 の道路命 名年表—社会言語学的命名論の基礎研究. https://kanagawa-u.repo.nii.ac.jp/record/5850/files/kana-9-8-0004.pdf
429;青島路;青岛路;QINGDAO;LU;TSINGTAO;International Settlement;ROAD;1923;1943;2006;青島;路;青岛;路;青岛路;QINGDAO;LU;;;;;;Exact year stated;彰国躍. 上海 の道路命 名年表—社会言語学的命名論の基礎研究. https://kanagawa-u.repo.nii.ac.jp/record/5850/files/kana-9-8-0004.pdf
1373;青果巷;青果巷;QINGGUO;XIANG;;;;;;;復興;東路;复兴;东路;复兴东路;FUXING;DONGLU;;南市区;;;;;
75;青海路;青海路;QINGHAI;LU;CHINHAI;International Settlement;ROAD;;1943;2006;青海;路;青海;路;青海路;QINGHAI;LU;;;;;;;
1105;青陽路;青阳路;QINGYANG;LU;;;;1917;1980;;寧陽;路;宁阳;路;宁阳路;NINGYANG;LU;;南市区;1917-1980;;;Exact year stated;彰国躍. 上海 の道路命 名年表—社会言語学的命名論の基礎研究. https://kanagawa-u.repo.nii.ac.jp/record/5850/files/kana-9-8-0004.pdf
1692;青鹽作弄;青盐作弄;QINGYANZUO;LONG;;;;;;;南三角;街;南三角;街;南三角街23弄;NANSANJIAO;JIE;23 LONG;南市区;;;;;
834;青龍庵前;青龙庵前;QINGLONG'AN;QIAN;;;;;;;薛家浜;路;薛家浜;路;薛家浜路（南段）;XUEJIABANG ;LU;NANDUAN;南市区;;;;;
1629;青龍橋直街;青龙桥直街;QINGLONGQIAOJIE;ZHIJIE;;;;;;;青龍橋;街;青龙桥;街;青龙桥街;QINGLONGQIAO;JIE;;南市区;;;;;
1501;靖江路;靖江路;JINGJIANG;LU;;;;1943;1980;;桃江;路;桃江;路;桃江路;TAOJIANG;LU;;徐汇区;1943-1980;;;Exact year stated;彰国躍. 上海 の道路命 名年表—社会言語学的命名論の基礎研究. https://kanagawa-u.repo.nii.ac.jp/record/5850/files/kana-9-8-0004.pdf
43;靜安寺路;静安寺路;JING'ANSI;LU;BUBBLING WELL;International Settlement;ROAD;1866;1943;;南京;西路;南京;西路;南京西路;NANJING;XILU;;黄浦、静安区;1866-1945;BUBBLING WELL ROAD;;;
1010;靜室安路;静室安路;JINGSHI'AN;LU;;;;;;;靜修;路;静修;路;静修路;JINGXIU;LU;;南市区;;;;;
1165;靜岡道;静冈道;JINGGANG;DAO;;;;1939;1940;;國光;路;国光;路;国光路;GUOGUANG;LU;;杨浦区;1939-1940;;;;
352;靶子路;靶子路;BAZI;LU;RANGE;International Settlement;ROAD;1870;1943;;武進;路;武进;路;武进路;WUJIN;LU;;闸北、虹口区;1870-1943;RANGE ROAD;;Exact year stated;彰国躍. 上海 の道路命 名年表—社会言語学的命名論の基礎研究. https://kanagawa-u.repo.nii.ac.jp/record/5850/files/kana-9-8-0004.pdf
1151;靶子路;靶子路;BAZI;LU;;;;1912;1920;;建國;西路;建国;西路;建国西路;JIANGUO;XILU;;徐汇、卢湾区;1912-1920;;;Exact year stated;彰国躍. 上海 の道路命 名年表—社会言語学的命名論の基礎研究. https://kanagawa-u.repo.nii.ac.jp/record/5850/files/kana-9-8-0004.pdf
1265;韜朋路;韬朋路;TAOPENG;LU;;;;1904;1943;;通北;路;通北;路;通北路;TONGBEI;LU;;杨浦区;1904-1943;;;Exact year stated;彰国躍. 上海 の道路命 名年表—社会言語学的命名論の基礎研究. https://kanagawa-u.repo.nii.ac.jp/record/5850/files/kana-9-8-0004.pdf
383;順德路;顺德路;SHUNDE;LU;SHUNTE;International Settlement;ROAD;;1943;1950;;;;;;;;;;;;;;
89;領事館路;领事馆路;LINGSHIGUAN;LU;CONSULATE;International Settlement;ROAD;1846;1943;;北京東;路;北京东;路;北京东路（东段）;BEIJING ;DONGLU;DONGDUAN;黄浦区;1849-1865;CONSULATE ROAD;;Exact year stated;彰国躍. 上海 の道路命 名年表—社会言語学的命名論の基礎研究. https://kanagawa-u.repo.nii.ac.jp/record/5850/files/kana-9-8-0004.pdf
1262;頭埧老街;头埧老街;TOUJU LAOJIE;LAOJIE;;;;1842;1899;;頭壩;路;头坝;路;头坝路;TOUBA;LU;;虹口区;18世纪（开埠前后-19世纪）;;;;
1161;頭壩浪;头坝浪;TOUBALANG;;;;;1600;1899;;頭壩;路;头坝;路;头坝路;TOUBA;LU;;虹口区;17世纪（明末清初））-18世纪开埠前后;;;;
207;顧家弄;顾家弄;GUJIA;LONG;KU KA LUNG;International Settlement;;;;;顧家;;顾家;;顾家弄;GUJIA;LONG;;黄浦区;;;;;
692;顧家弄;顾家弄;GUJIA;LONG;;;;;;;俞家;弄;俞家;弄;俞家弄;YUJIA;LONG;;南市区;;;;;
527;顧家町;顾家町;GUJIADING;;;;;;;2006;顧家町;路;顾家町;路;顾家町路;GUJIADING;LU;;南市区;;;;;
1280;風箱弄;风箱弄;FENGXIANG;LONG;;;;;;;馬添興;街;马添兴;街;马添兴街;MATIANXING;JIE;;南市区;;;;;
860;餘山路;余山路;YUSHAN;LU;;;;;;;虹橋;路;虹桥;路;虹桥路;HONGQIAO;LU;;长宁区;;;;;
706;館驛西弄;馆驿西弄;GUANYI;XILONG;;;;;;2006;館驛;街;馆驿;街;馆驿街;GUANYI;JIE;;南市区;;;;;
877;館驛西弄;馆驿西弄;GUANYI;XILONG;;;;;;;陳士安橋;;陈士安桥;;陈士安桥;CHENSHI'AN QIAO ;QIAO;;南市区;;;;;
660;香園浜弄;香园浜弄;XIANGYUANBANG;LONG;;;;;;;中山;東二路;中山;东二路;中山东二路274弄;ZHONGSHAN;DONGERLU;374 LONG;南市区;;;;;
1360;香山路;香山路;XIANGSHAN;LU;;;;1917;1947;;臨山;路;临山;路;临山路;LINSHAN;LU;;闸北区;1917-1947;;;Exact year stated;彰国躍. 上海 の道路命 名年表—社会言語学的命名論の基礎研究. https://kanagawa-u.repo.nii.ac.jp/record/5850/files/kana-9-8-0004.pdf
172;香港路;香港路;XIANGGANG;LU;HONGKONG;International Settlement;ROAD;1865;1943;2006;香港;路;香港;路;香港路;XIANGGANG;LU;;黄浦区;;;;Exact year stated;彰国躍. 上海 の道路命 名年表—社会言語学的命名論の基礎研究. https://kanagawa-u.repo.nii.ac.jp/record/5850/files/kana-9-8-0004.pdf
1464;香火橋街;香火桥街;XIANGHUOQIAO;JIE;;;;;;;香花橋;街;香花桥;街;香花桥街;XIANGHUAQIAO;JIE;;南市区;;;;;
166;香粉弄;香粉弄;XIANGFEN;LONG;HIANG FUN LUNG;International Settlement;;;;;香粉;弄;香粉;弄;香粉弄;;;;黄浦区;;;;;
1058;馬園弄;马园弄;MAYUAN;LONG;;;;;;2006;馬園;街;马园;街;马园街;MAYUAN;JIE;;南市区;;;;;
609;馬姚弄;马姚弄;MAYAO;LONG;;;;;;;馬園;街;马园;街;马园街;MAYUAN;JIE;;南市区;;;;;
602;馬家廠街;马家厂街;MAJIACHANG;JIE;;;;;;;會館;街;会馆;街;会馆街;HUIGUAN;JIE;;南市区;;;;;
601;馬家弄;马家弄;MAJIA;LONG;;;;;;;巡道;街;巡道;街;巡道街90弄;XUNDAO;JIE;90 LONG;南市区;;;;;
270;馬崎路;马崎路;MAQI;LU;MOJI;International Settlement;ROAD;1917;1943;;句容;路;句容;路;句容路;JURONG;LU;;静安区;;MOJI ROAD;;Exact year stated;彰国躍. 上海 の道路命 名年表—社会言語学的命名論の基礎研究. https://kanagawa-u.repo.nii.ac.jp/record/5850/files/kana-9-8-0004.pdf
737;馬弄;马弄;MALONG;;;;;;;;馬街;街;马街;街;马街;MAJIE;;;南市区;;;;;
257;馬斯南路;马斯南路;MASINAN;LU;MASSENET;French Concession;RUE;1914;1943;;思南;路;思南;路;思南路;SINAN;LU;;卢湾区;1914-1943;MASSENET;;Exact year stated;彰国躍. 上海 の道路命 名年表—社会言語学的命名論の基礎研究. https://kanagawa-u.repo.nii.ac.jp/record/5850/files/kana-9-8-0004.pdf
817;馬浪路;马浪路;MALANG;LU;;;;1906;;;馬當;路;马当;路;马当路;MADANG;LU;;卢湾区;;;;Exact year stated;彰国躍. 上海 の道路命 名年表—社会言語学的命名論の基礎研究. https://kanagawa-u.repo.nii.ac.jp/record/5850/files/kana-9-8-0004.pdf
1436;馬玉山路;马玉山路;MAYUSHAN;LU;;;;1922;1952;;雙陽;路;双阳;路;双阳路(南段);SHUANGYANG;LU;NANDUAN;杨浦区;1922-1952;;;Exact year stated;彰国躍. 上海 の道路命 名年表—社会言語学的命名論の基礎研究. https://kanagawa-u.repo.nii.ac.jp/record/5850/files/kana-9-8-0004.pdf
1461;馬玉山路;马玉山路;MAYUSHAN;LU;;;;1922;1956;;營口;路;营口;路;营口路(北段);YINGKOU ;LU;BEIDUAN;杨浦区;1922-1956;;;Exact year stated;彰国躍. 上海 の道路命 名年表—社会言語学的命名論の基礎研究. https://kanagawa-u.repo.nii.ac.jp/record/5850/files/kana-9-8-0004.pdf
243;馬白路;马白路;MABAI;LU;MAPAI;International Settlement;ROAD;1925;1943;;新會;路;新会;路;新会路;XINHUI;LU;;普陀区;1925-1943;MAPAI ROAD;;Exact year stated;彰国躍. 上海 の道路命 名年表—社会言語学的命名論の基礎研究. https://kanagawa-u.repo.nii.ac.jp/record/5850/files/kana-9-8-0004.pdf
1154;馬路;马路;MALU;;;;;;;;南京;東路;南京;东路;南京东路;NANJING;DONGLU;;黄浦区;;;;;
644;馬路橋街;马路桥街;MALUQIAO;JIE;;;;;;;馬橋;北街;马桥;北街;马路桥北街;MALUQIAOJIE;BEIJIE;;南市区;;;;;
269;馬霍路;马霍路;MAHUO;LU;MOHAWK;International Settlement;ROAD;1887;1943;;黃陂;北路;黄陂;北路;黄陂北路;HUANGBEI ;BEILU;;黄浦区;1887-1943;MOHAWK ROAD;;Exact year stated;彰国躍. 上海 の道路命 名年表—社会言語学的命名論の基礎研究. https://kanagawa-u.repo.nii.ac.jp/record/5850/files/kana-9-8-0004.pdf
598;體育會紀念路;体育会纪念路;TIYUHUIJINIAN;LU;;;;1911;1950;;紀念;路;纪念;路;纪念路;JINIAN;LU;;虹口、杨浦区;1911-1950;;;;
1376;體育會路;体育会路;TIYUHUI;LU;;;;1911;1930;;紀念;路;纪念;路;纪念路;JINIAN;LU;;杨浦区;1911-1930;;;;
91;高乃依路;高乃依路;GAONAIYI;LU;CORNEILLE;French Concession;RUE;1914;1943;;皋蘭;路;皋兰;路;皋兰路;GAOLAN;LU;;卢湾区;1914-1943;RUE CORNEILLE;;Exact year stated;彰国躍. 上海 の道路命 名年表—社会言語学的命名論の基礎研究. https://kanagawa-u.repo.nii.ac.jp/record/5850/files/kana-9-8-0004.pdf
1450;高巷頭;高巷头;GAOXIANGTOU;;;;;;;;高巷頭;街;高巷头;街;高巷头街;GAOXIANGTOU;JIE;;南市区;;;;;
14;高恩路;高恩路;GAOEN;LU;ANDRE COHEN;French Concession;ROUTE;1914;1943;;高安;路;高安;路;高安路;GAOAN;LU;;徐汇区;1914-1943;ROUTE A.COHEN;;Exact year stated;彰国躍. 上海 の道路命 名年表—社会言語学的命名論の基礎研究. https://kanagawa-u.repo.nii.ac.jp/record/5850/files/kana-9-8-0004.pdf
1047;高昌廟路;高昌庙路;GAOCHANGMIAO;LU;;;;1914;;;高雄;路;高雄;路;高雄路;GAOXIONG;LU;;南市区;;;;Exact year stated;彰国躍. 上海 の道路命 名年表—社会言語学的命名論の基礎研究. https://kanagawa-u.repo.nii.ac.jp/record/5850/files/kana-9-8-0004.pdf
651;高橋街;高桥街;GAOQIAO;JIE;;;;;;2006;高橋;路;高桥;路;高桥路;GAOQIAO;LU;;南市区;;;;;
1463;高行路;高行路;GAOHANG;LU;;;;1953;1956;;楊高;路;杨高;路;杨高路（东段）;YANGGAO ;LU;DONGDUAN;黄浦区;1953-1956;;;Exact year stated;彰国躍. 上海 の道路命 名年表—社会言語学的命名論の基礎研究. https://kanagawa-u.repo.nii.ac.jp/record/5850/files/kana-9-8-0004.pdf
163;高逖愛路;高逖爱路;GAODI'AI;LU;HENRI CORDIER;French Concession;ROUTE;1920;1943;;高郵;路;高邮;路;高邮路;GAOYOU;LU;;徐汇区;1920-1943;ROUTE H.CORDIER;;;
565;高郵路;高邮路;GAOYOU;LU;;;;1910;1964;;高資;路;高资;路;高资路;GAOZI;LU;;黄浦区;20世纪初-1964;;;Exact year stated;彰国躍. 上海 の道路命 名年表—社会言語学的命名論の基礎研究. https://kanagawa-u.repo.nii.ac.jp/record/5850/files/kana-9-8-0004.pdf
447;魏德邁路;魏德迈路;WEIDEMAI;LU;WEDEMEYER;International Settlement;ROAD;1947;1950;;邯鄲;路;邯郸;路;邯郸路;HANDAN;LU;;虹口区;1947-1950;WEDEMEYER ROAD;;;
963;魚行橋南街;鱼行桥南街;YUHANGQIAO;NANJIE;;;;;;;靈濟;街;灵济;街;灵济街;LINGJI;JIE;;南市区;;;;;
337;魚行街;鱼行街;YUHANG;JIE;POISSONS;French Concession;RUE;;1943;;嘉魚;路;嘉鱼;路;嘉鱼路;JIAYU;LU;;南市区;;RUE DES POISSIAS;;;
462;鴨綠路;鸭绿路;YALV;LU;YALU;International Settlement;ROAD;1910;1943;2006;鴨綠江;路;鸭绿江;路;鸭绿江路;YALVJIANG;LU;;虹口区;20世纪初-1945;YALU ROAD;;;
793;鹹益公弄;咸益公弄;XIANYIGONG;LONG;;;;;;;中華;路;中华;路;中华路463弄;ZHONGHU;LU;463 LONG;南市区;;;;;
1478;鹽公堂街;盐公堂街;YANGONGTANG;JIE;;;;;;;靈濟;街;灵济;街;灵济街;LINGJI;JIE;;南市区;;;;;
263;麋鹿路;麋鹿路;MILU;LU;MILLOT;French Concession;RUE;1912;1943;;方浜西;西路;方浜西;西路;方浜西路;FANGBANG;XILU;;南市区;1912-1942;RUE MILLOT;;Exact year stated;彰国躍. 上海 の道路命 名年表—社会言語学的命名論の基礎研究. https://kanagawa-u.repo.nii.ac.jp/record/5850/files/kana-9-8-0004.pdf
238;麥克利克路;麦克利克路;MAIKELIKE;LU;MACGREGOR;International Settlement;ROAD;1925;1943;;臨潼;路;临潼;路;临潼路;LINTONG;LU;;虹口区;1925-1943;MACGREGOR ROAD;;Exact year stated;彰国躍. 上海 の道路命 名年表—社会言語学的命名論の基礎研究. https://kanagawa-u.repo.nii.ac.jp/record/5850/files/kana-9-8-0004.pdf
237;麥克勞路;麦克劳路;MAIKELAO;LU;MAC LEOD;International Settlement;ROAD;1925;1943;;淮陰;路;淮阴;路;淮阴路;HUAIYIN;LU;;长宁区;1925-1943;MAC LEOD ROAD;;;
250;麥克脫路;麦克脱路;MAIKETUO;LU;MARKET ;International Settlement;STREET;1890;1943;;馬廠;路;马厂;路;马厂路;MACHANG;LU;;虹口区;19世纪末-1946;MARKET STREET;;;
251;麥克脫路;麦克脱路;MAIKETUO;LU;MARKET ;International Settlement;STREET;1890;1943;;菜市;街;菜市;街;菜市街;CAISHI;JIE;;虹口区;19世纪末-1946;MARKET STREET;;;
241;麥吉司梯克路;麦吉司梯克路;MAIJISITIKE;LU;MAJESTIC;International Settlement;ROAD;1932;1943;;南匯;路;南汇;路;南汇路;NANHUI;LU;;静安区;;MAJAST ROAD;;Exact year stated;彰国躍. 上海 の道路命 名年表—社会言語学的命名論の基礎研究. https://kanagawa-u.repo.nii.ac.jp/record/5850/files/kana-9-8-0004.pdf
726;麥家弄;麦家弄;MAIJIA;LONG;;;;;;;光啓;南路;光启;南路;光启南路154弄;GUANGQI ;NANLU;154 LONG;南市区;;;;;
244;麥尼尼路;麦尼尼路;MAININI;LU;MARCEL MAGNINY;French Concession;ROUTE;1922;1943;;康平;路;康平;路;康平路;KANGPING;LU;;徐汇区;1922-1943;ROUTE MARCEL MAGNINY;;Exact year stated;彰国躍. 上海 の道路命 名年表—社会言語学的命名論の基礎研究. https://kanagawa-u.repo.nii.ac.jp/record/5850/files/kana-9-8-0004.pdf
438;麥底安路;麦底安路;MAIDI'AN;LU;VINCENT MATHIEU;French Concession;RUE;1921;1943;;山東;南路;山东;南路;山东南路;SHANDONG;NANLU;;黄浦区;1921-1943;;;Exact year stated;彰国躍. 上海 の道路命 名年表—社会言語学的命名論の基礎研究. https://kanagawa-u.repo.nii.ac.jp/record/5850/files/kana-9-8-0004.pdf
252;麥根路;麦根路;MAIGEN;LU;MARKHAM;International Settlement;ROAD;1862;1943;;淮安;路;淮安;路;淮安路;HUAIAN;LU;;静安区;;MARKHAM ROAD;;Exact year stated;彰国躍. 上海 の道路命 名年表—社会言語学的命名論の基礎研究. https://kanagawa-u.repo.nii.ac.jp/record/5850/files/kana-9-8-0004.pdf
253;麥根路;麦根路;MAIGEN;LU;MARKHAM;International Settlement;ROAD;1862;1943;;康定東;東路;康定东;东路;康定东路;KANGDING;DONGLU;;静安区;;MARKHAM ROAD;;Exact year stated;彰国躍. 上海 の道路命 名年表—社会言語学的命名論の基礎研究. https://kanagawa-u.repo.nii.ac.jp/record/5850/files/kana-9-8-0004.pdf
255;麥根路;麦根路;MAIGEN;LU;MARKHAM;International Settlement;ROAD;1921;1943;;秼陵;路;秼陵;路;秼陵路;MOLING;LU;;闸北区;1921-40年代;MARKHAM ROAD;;Exact year stated;彰国躍. 上海 の道路命 名年表—社会言語学的命名論の基礎研究. https://kanagawa-u.repo.nii.ac.jp/record/5850/files/kana-9-8-0004.pdf
256;麥根路;麦根路;MAIGEN;LU;MARKHAM;International Settlement;ROAD;1862;1943;;泰興;路;泰兴;路;泰兴路(北段);TAIXING ;LU;BEIDUAN;静安区;;MARKHAM ROAD;;Exact year stated;彰国躍. 上海 の道路命 名年表—社会言語学的命名論の基礎研究. https://kanagawa-u.repo.nii.ac.jp/record/5850/files/kana-9-8-0004.pdf
239;麥特拉司路;麦特拉司路;MAITELASI;LU;MADRAS;International Settlement;ROAD;1902;1943;;平涼;路;平凉;路;平凉路;PINGLIANG;LU;;虹口、杨浦区;1902-1943;MADRAS ROAD;;Exact year stated;彰国躍. 上海 の道路命 名年表—社会言語学的命名論の基礎研究. https://kanagawa-u.repo.nii.ac.jp/record/5850/files/kana-9-8-0004.pdf
260;麥特赫司脫路;麦特赫司脱路;MAITEHESITUO;LU;MEDHURST;International Settlement;ROAD;;1943;;泰興;路;泰兴;路;泰兴路;TAIXING;LU;;静安区;;MEDHURST ROAD;;;
8;麥琪路;麦琪路;MAIQI;LU;ALFRED MAGY;French Concession;ROUTE;1920;1943;;烏魯木齊;中路;乌鲁木齐;中路;乌鲁木齐中路;WULUMUQI;ZHONGLU;;徐汇区;1911-1943;ROUTE A.MAGY;;Exact year stated;彰国躍. 上海 の道路命 名年表—社会言語学的命名論の基礎研究. https://kanagawa-u.repo.nii.ac.jp/record/5850/files/kana-9-8-0004.pdf
245;麥賽爾蒂羅路;麦赛尔蒂罗路;MAISAI'ERDILUO;LU;MARCEL TILLOT;French Concession;RUE;1906;1943;;興安;路;兴安;路;兴安路;XING'AN;LU;;卢湾区;1907-1946;RUE MARCEL TILLOT;;Exact year stated;彰国躍. 上海 の道路命 名年表—社会言語学的命名論の基礎研究. https://kanagawa-u.repo.nii.ac.jp/record/5850/files/kana-9-8-0004.pdf
259;麥邊路;麦边路;MAIBIAN;LU;MC BAIN;International Settlement;ROAD;1930;1943;;奉賢;路;奉贤;路;奉贤路;FENGXIAN;LU;;静安区;;MC BAIN ROAD;;Exact year stated;彰国躍. 上海 の道路命 名年表—社会言語学的命名論の基礎研究. https://kanagawa-u.repo.nii.ac.jp/record/5850/files/kana-9-8-0004.pdf
258;麥陽路;麦阳路;MAIYANG;LU;MAYEN;French Concession;ROUTE;1919;1943;;華亭;路;华亭;路;华亭路;HUATING;LU;;静安区;1919-1943;ROUTE MAYEN;;Exact year stated;彰国躍. 上海 の道路命 名年表—社会言語学的命名論の基礎研究. https://kanagawa-u.repo.nii.ac.jp/record/5850/files/kana-9-8-0004.pdf
248;麥高包祿路;麦高包禄路;MAIGAOBAOLU;LU;MARCO POLO;French Concession;RUE;1920;1943;;龍門;路;龙门;路;龙门路;LONGMEN;LU;;黄浦、卢湾区;1898-1943;RUE MARCO POLO;;;
1671;麪筋街;面筋街;MIANJIN;JIE;;;;;;;麪筋;弄;面筋;弄;面筋弄;MIANJIN;LONG;;南市区;;;;;
1684;黃埭路;黄埭路;HUANGDAI;LU;;;;;;;黃代;路;黄代;路;黄代路;HUANGDAI;LU;;南市区;;;;;
1166;黃婆庵弄;黄婆庵弄;HUANGPO'AN;LU;;;;;;;先棉祠;街;先棉祠;街;先棉祠街;XIANMIANCI;JIE;;南市区;;;;;
585;黃家闕路;黄家阙路;HUANGJIAJUE;LU;;;;;;;大興;街;大兴;街;大兴街;DAXING;JIE;;南市区;;;;;
619;黃山路;黄山路;HUANSHAN;LU;;;;;;;瑞金;二路;瑞金;二路;瑞金二路;RUIJIN ERLU;ERLU;;卢湾区;;;;;
169;黃河路;黄河路;HUANGHE;LU;HOANG HO;French Concession;RUE;1902;1906;;黃陂南;南路;黄陂南;南路;黄陂南路;HUANGPO;NANLU;;卢浦区;1901-1906;;;;
1069;黃河路;黄河路;HUANGHE;LU;;;;;;;崇德;路;崇德;路;崇德路;CHONGDE;LU;;卢湾区;;;;;
1245;黃泥牆;黄泥墙;HUANGNIQIANG;;;;;;;;學前;街;学前;街;学前街（西段）;XUEQIAN ;JIE;XIDUAN;南市区;;;;;
46;黃浦灘;黄浦滩;HUANGPUTAN;;BUND;International Settlement;;1848;1943;;中山;東二路;中山;东二路;中山东一路;ZHONGSHAN;DONGERLU;;黄浦区;1848-1865;THE BUND;pbw;;
45;黃浦灘路;黄浦滩路;HUANGPUTAN;LU;BUND;International Settlement;;1890;1943;;中山;東一路;中山;东一路;中山东一路;ZHONGSHAN;DONGYILU;;黄浦区;1890-1945;THE BUND;pbw;;
659;黃浦灘馬路;黄浦滩马路;HUANGPUTAN;MALU;;;;;;;中山;東二路;中山;东二路;中山东二路;ZHONGSHAN;DONGERLU;;南市区;;;;;
1072;黃浦灘馬路;黄浦滩马路;HUANGPUTAN;MALU;;;;;;;外馬;路;外马;路;外马路;WAIMA;LU;;南市区;;;;;
459;黃浦路;黄浦路;HUANGPU;LU;WONGLO;International Settlement;ROAD;1884;1865;;中山;東一路;中山;东一路;中山东一路;ZHONGSHAN;DONGYILU;;黄浦区;1884-1865;WONGLO ROAD;;;
1456;黃興西路;黄兴西路;HUANGXIN;XILU;;;;;;;國粹;路;国粹;路;国粹路;GUOCUI;LU;;杨浦区;;;;;
617;黃興路;黄兴路;HUANGXIN;LU;;;;;;;寧國;北路;宁国;北路;宁国北路;NINGGUO;BEILU;;杨浦区;;;;;
1087;黃陂路;黄陂路;HUANGPO;LU;;;;1943;1943;2006;黃陂;北路;黄陂;北路;黄陂北路;HUANGPO;BEILU;;黄浦区;1943-1945;;;;
458;黃陸路;黄陆路;HUANGLU;LU;WONGLO;International Settlement;ROAD;1904;1943;;黃渡;路;黄渡;路;黄渡路;HUANGDU;LU;;虹口区;1904-1945;WONGLO ROAD;;;
13;黑龍路;黑龙路;HEILONG;LU;AMUR;International Settlement;ROAD;1915;1943;;杭州;路;杭州;路;杭州路;HANGZHOU;LU;;杨浦区;1915-1943;AMUR ROAD;;;
71;齊物浦路;齐物浦路;QIWUPU;LU;CHEMULPO;International Settlement;ROAD;1904;1943;;江浦;路;江浦;路;江浦路;JIANGPU;LU;;杨浦区;1904-1943;CHEMULPO ROAD;;Exact year stated;彰国躍. 上海 の道路命 名年表—社会言語学的命名論の基礎研究. https://kanagawa-u.repo.nii.ac.jp/record/5850/files/kana-9-8-0004.pdf
1424;龍山路;龙山路;LONGSHAN;LU;;;;1952;1960;;中山;南二路;中山;南二路;中山南二路;ZHONGSHAN;NANLU;;徐汇、卢湾区;1952-1960;;;;
1215;龍江路;龙江路;LONGJIANG;LU;;;;1901;1906;;太倉;路;太仓;路;太仓路;TAICANG;LU;;卢湾区;1901-1906;;;Exact year stated;彰国躍. 上海 の道路命 名年表—社会言語学的命名論の基礎研究. https://kanagawa-u.repo.nii.ac.jp/record/5850/files/kana-9-8-0004.pdf
229;龍泉園;龙泉园;LONGQUANYUAN;;LOONG ZA YUEN;International Settlement;;1866;;;龍泉園;路;龙泉园;路;龙泉园路;LONGQUANYUAN;LU;;黄浦区;;;;Exact year stated;彰国躍. 上海 の道路命 名年表—社会言語学的命名論の基礎研究. https://kanagawa-u.repo.nii.ac.jp/record/5850/files/kana-9-8-0004.pdf
230;龍泉園;龙泉园;LONGQUANYUAN;;LOONG ZIEN YUEN;International Settlement;;1866;;;龍泉園;路;龙泉园;路;龙泉园路;LONGQUANYUAN;LU;;黄浦区;;;;Exact year stated;彰国躍. 上海 の道路命 名年表—社会言語学的命名論の基礎研究. https://kanagawa-u.repo.nii.ac.jp/record/5850/files/kana-9-8-0004.pdf
880;龍泉園;龙泉园;LONGQUANYUAN;;;;;1866;1984;2006;龍泉園;路;龙泉园;路;龙泉园路;LONGQUANYUAN;LU;;黄浦区;1866-1984;;;Exact year stated;彰国躍. 上海 の道路命 名年表—社会言語学的命名論の基礎研究. https://kanagawa-u.repo.nii.ac.jp/record/5850/files/kana-9-8-0004.pdf
1023;龍港路;龙港路;LONGGANG;LU;;;;;;;龍吳;路;龙吴;路;龙吴路;LONGWU ;LU;;徐汇区;;;;;
631;龍華路;龙华路;LONGHUA;LU;;;;1891;;;中山;南二路;中山;南二路;中山南二路;ZHONGSHAN;NAN'ERLU;;徐汇区;;;;Exact year stated;彰国躍. 上海 の道路命 名年表—社会言語学的命名論の基礎研究. https://kanagawa-u.repo.nii.ac.jp/record/5850/files/kana-9-8-0004.pdf
633;龍門書院路;龙门书院路;LONGMENSHUYUAN;LU;;;;;;;迎勳;北路;迎勋;北路;迎勋北路（中段）;YINGXUN ;BEILU;ZHONGDUAN;南市区;;;;;
235;龍門路;龙门路;LONGMEN;LU;LUNGMEN;International Settlement;ROAD;;1943;;;;;;;;;;;;;;;
320;;;;;PAULUN;French Concession;AVENUE;1911;1915;;山西;南路;山西;南路;山西南路;SHANXI;NANLU;;;;;;;
36;;;;;BRECHE;French Concession;QUAI;1860;1913;;;;;;;;;;;;;;;
106;;;;;DURUN;French Concession;RUE;1859;1890;;;;;;;;;;;;;;;
121;;;;;EXTENSION;French Concession;QUAI;1900;1909;;;;;;;;;;;;;;;
135;;;;;FOSSES;French Concession;QUAI;1860;1912;;;;;;;;;;;;;;;
168;;;;;HOAI HO;French Concession;RUE;1900;1914;;長樂;路;长乐;路;长乐路;CHANGLE;LU;;徐汇、静安区;1914-1943;RUE BOURGEAT;;;
179;;;;;IMPERIALE;French Concession;RUE;1851;1871;;河南;南路;河南;南路;河南南路;HENAN;NANLU;;黄浦区;1851-1865;RUE DE LA PORTE DU NORD;;;
181;;;;;JEANNE D'ARC;French Concession;RUE;1850;1860;;;;;;;;;;;;;;;
199;;;;;KIN LEE YUEN;French Concession;QUAI;1880;;;;;;;;;;;;;;;;
205;;;;;KOUEI LING CHAN;French Concession;RUE;1901;1913;;;;;;;;;;;;;;;
228;;;;;LONG KIANG;French Concession;RUE;1901;1906;;;;;;;;;;;;;;;
261;;;;;MEI LIN CHAN;French Concession;RUE;1902;1906;;吉安;路;吉安;路;吉安路;JI'AN;LU;;卢湾区;1906-1946;RUE GALLE;;;
300;;;;;OBSERVATOIRE;French Concession;RUE;1916;1922;;合肥;路;合肥;路;合肥路;HEFEI;LU;;卢湾区;1931-1946;RUE DU PERE FROC;;;
301;;;;;OFFICIERS;French Concession;ROUTE;1902;1920;;南昌;路;南昌;路;南昌路（东段）;NANCHANG  ;LU;DONGDUAN;卢湾区;1920-1943;ROUTE DOLLFUS;;;
306;;;;;OUEST;French Concession;QUAI;1909;;;;;;;;;;;;;;;;
307;;;;;PAGODE;French Concession;QUAI;1860;1989;;;;;;;;;;;;;;;
358;;;;;REMPARTS;French Concession;QUAI;1860;1912;;;;;;;;;;;;;;;
386;;;;;SICAWEI;French Concession;ROAD;1864;1921;;華山;路;华山;路;华山路;HUASHAN;LU;;长宁、徐汇、;1921-1943;AVENUE HAIG;;;
401;;;;;STAND;French Concession;ROUTE;1912;1920;;建國;西路;建国;西路;建国西路;JIANGUO;XILU;;徐汇、卢湾区;1920-1943;ROUTE J.FRELUPT;;;
454;;;;;WHAMPOO;French Concession;QUAI;1860;1910;;;;;;;;;;;;;;;
461;;;;;YA LONG KIANG;French Concession;RUE;1901;1906;;;;;;;;;;;;;;;
464;;;;;YANG KING PANG;French Concession;QUAI;1860;1916;;;;;;;;;;;;;;;