Name_ZhT;Name_Py;Province_Py;Province_ZhT;LAT;LONG;Name_Full;Level;Year;LocID;NameID;ID;FID;Provider;
阿城;Acheng;Jilin;吉林;45.5619894733118;126.948770158096;阿城縣;縣;1931;D3355492;N0401371;1864;s1890;ENP-China Project: https://www.enpchina.eu/;
阿墩;Adun;Yunnan;雲南;28.4787014964411;98.8233439294669;阿墩縣;縣;1931;11703902;N0415670;860;s21;ENP-China Project: https://www.enpchina.eu/;
璦琿;Aihun;Heilongjiang;黑龍江;49.9762044833727;127.466109033255;璦琿縣;縣;1931;T0257531-1;T0257506-2;527;s912;ENP-China Project: https://www.enpchina.eu/;
阿克蘇;Akesu;Xinjiang;新疆;41.100964794268;79.970092419802;阿克蘇縣;縣;1931;D3077362;N0401336;757;s957;ENP-China Project: https://www.enpchina.eu/;
阿迷;Ami;Yunnan;雲南;23.7340848503119;103.161201566676;阿迷縣;縣;1931;DH005412-1;DH121941-1;430;s1406;ENP-China Project: https://www.enpchina.eu/;
安次;Anci;Hebei;河北;39.395804021713;116.71946722346;安次縣;縣;1931;11703577;N0415345;1665;s288;ENP-China Project: https://www.enpchina.eu/;
安達;Anda;Heilongjiang;黑龍江;46.5520622992915;125.645263623114;安達縣;縣;1931;DH045543-1;DH162072-1;174;s1783;ENP-China Project: https://www.enpchina.eu/;
安定;Anding;Shaanxi;陝西;37.2192095387106;109.607224920154;安定縣;縣;1931;11703572;N0415340;629;s789;ENP-China Project: https://www.enpchina.eu/;
安東;Andong;Liaoning;遼寧;40.1467052329316;124.381761375382;安東縣;縣;1931;11703576;N0415344;1648;s149;ENP-China Project: https://www.enpchina.eu/;
安福;Anfu;Jiangxi;江西;27.27072568883;114.705002158447;安福縣;縣;1931;D3182048;N0315453;1831;s1895;ENP-China Project: https://www.enpchina.eu/;
安廣;Anguang;Liaoning;遼寧;45.3473448376263;123.682267343777;安廣縣;縣;1931;11703575;N0415343;1622;s179;ENP-China Project: https://www.enpchina.eu/;
安國;Anguo;Hebei;河北;38.4180444528975;115.325015401427;安國縣;縣;1931;D3106390;N0315162;1615;s170;ENP-China Project: https://www.enpchina.eu/;
安化;Anhua;Hunan;湖南;28.1629675482453;111.664526750186;安化縣;縣;1931;D2864749;N0315123;1775;s249;ENP-China Project: https://www.enpchina.eu/;
安吉;Anji;Zhejiang;浙江;30.7382434488112;119.698324436077;安吉縣;縣;1931;D3151341;N0315143;2606;s870;ENP-China Project: https://www.enpchina.eu/;
安康;Ankang;Shaanxi;陝西;32.684658794405;109.16297261819;安康縣;縣;1931;D3112187;N0315356;42;s1604;ENP-China Project: https://www.enpchina.eu/;
安陸;Anlu;Hubei;湖北;31.2618453196478;113.705737123169;安陸縣;縣;1931;D3362279;N0315525;1331;s368;ENP-China Project: https://www.enpchina.eu/;
安南;Annan;Guizhou;貴州;25.8173369354576;105.201148524169;安南縣;縣;1931;DH050616-1;DH167145-1;123;s1550;ENP-China Project: https://www.enpchina.eu/;
安寧;Anning;Yunnan;雲南;24.9244440909516;102.483490618695;安寧縣;縣;1931;11703573;N0415341;873;s593;ENP-China Project: https://www.enpchina.eu/;
安平;Anping;Hebei;河北;38.2243705887264;115.519863046593;安平縣;縣;1931;D3070502;N0315342;1617;s180;ENP-China Project: https://www.enpchina.eu/;
安慶;Anqing;Anhui;安徽;30.512295;117.034676;NA;NA;1931;D3675218;N0415265;NA;NA;ENP-China Project: https://www.enpchina.eu/;
安丘;Anqiu;Shandong;山東;36.435154785363;119.220265945111;安丘縣;縣;1931;D3070490;N0315034;2283;s1683;ENP-China Project: https://www.enpchina.eu/;
安仁;Anren;Hunan;湖南;26.7614302635558;113.194867981926;安仁縣;縣;1931;DH051984-1;DH168513-1;1119;s454;ENP-China Project: https://www.enpchina.eu/;
安塞;Ansai;Shaanxi;陝西;36.7576761370633;109.366679862937;安塞縣;縣;1931;D3065684;N0315196;43;s1603;ENP-China Project: https://www.enpchina.eu/;
安順;Anshun;Guizhou;貴州;26.2551584758306;105.871709507966;安順縣;縣;1931;DH053752-1;DH228545-1;88;s1586;ENP-China Project: https://www.enpchina.eu/;
安圖;Antu;Liaoning;遼寧;42.5719176228146;128.361459228146;安圖縣;縣;1931;D3303382;N0315163;1372;s351;ENP-China Project: https://www.enpchina.eu/;
安溪;Anxi;Fujian;福建;25.0540231766494;118.200954470052;安溪縣;縣;1931;DH056725-1;DH056725-1;2484;s1418;ENP-China Project: https://www.enpchina.eu/;
安西;Anxi;Gansu;甘肅;40.5609276898232;95.9693616907975;安西縣;縣;1931;DH049107-1;DH223900-1;144;s1838;ENP-China Project: https://www.enpchina.eu/;
安縣;Anxian;Sichuan;四川;31.6495812800492;104.428510280049;安縣;縣;1931;D2866880;N0315137;55;s1607;ENP-China Project: https://www.enpchina.eu/;
安鄉;Anxiang;Hunan;湖南;29.3421926582585;112.124955727271;安鄉縣;縣;1931;D3031541;N0315345;1164;s566;ENP-China Project: https://www.enpchina.eu/;
安新;Anxin;Hebei;河北;38.8640812309886;115.818003419318;安新縣;縣;1931;D3079557;N0315374;1609;s172;ENP-China Project: https://www.enpchina.eu/;
安陽;Anyang;Henan;河南;36.0866051900502;114.33610675204;安陽縣;縣;1931;DH043650-1;DH043650-1;1920;s101;ENP-China Project: https://www.enpchina.eu/;
安義;Anyi;Jiangxi;江西;28.8425892188897;115.645048945091;安義縣;縣;1931;D3263336;N0315046;1821;s1925;ENP-China Project: https://www.enpchina.eu/;
安邑;Anyi;Shanxi;山西;35.0841406439874;110.839162339847;安邑縣;縣;1931;D3040660;N0315505;41;s1601;ENP-China Project: https://www.enpchina.eu/;
安遠;Anyuan;Jiangxi;江西;24.8901074545521;115.068834873552;安遠縣;縣;1931;DH058047-1;DH232840-1;1009;s681;ENP-China Project: https://www.enpchina.eu/;
安岳;Anyue;Sichuan;四川;30.1145901769096;105.328664306272;安邱縣;縣;1931;11703574;N0415342;685;s989;ENP-China Project: https://www.enpchina.eu/;
安澤;Anze;Shanxi;山西;36.2518281191237;112.024180974663;安澤縣;縣;1931;D3417540;N0315413;640;s1018;ENP-China Project: https://www.enpchina.eu/;
阿提;Ati;Xinjiang;新疆;40.6346894766256;80.0876089632729;阿提縣;縣;1931;11703903;N0415671;758;s958;ENP-China Project: https://www.enpchina.eu/;
巴安;Baan;Xikang;西康;30.0113920943088;98.9350330033703;巴安縣;縣;1931;11703624;N0415392;264;s1234;ENP-China Project: https://www.enpchina.eu/;
巴楚;Bachu;Xinjiang;新疆;39.7021388413408;78.2793705363182;巴楚縣;縣;1931;D3301122;N0323633;823;s628;ENP-China Project: https://www.enpchina.eu/;
巴東;Badong;Hubei;湖北;31.0262846392957;110.417613762465;巴東縣;縣;1931;DH025176-1;DH025176-1;1447;s420;ENP-China Project: https://www.enpchina.eu/;
拜城;Baicheng;Xinjiang;新疆;41.7681554926831;82.0095730774574;拜城縣;縣;1931;D2874917;N0331248;818;s633;ENP-China Project: https://www.enpchina.eu/;
白河;Baihe;Shaanxi;陝西;32.8131304657342;110.121673342658;白河縣;縣;1931;11703776;N0415544;22;s1639;ENP-China Project: https://www.enpchina.eu/;
拜泉;Baiquan;Heilongjiang;黑龍江;47.5598616718155;126.293121224059;拜泉縣;縣;1931;DH054733-1;DH171262-1;71;s1557;ENP-China Project: https://www.enpchina.eu/;
百色;Baise;Guangxi;廣西;23.9256288339722;106.561297729955;百色縣;縣;1931;D3230595;N0368226;971;s699;ENP-China Project: https://www.enpchina.eu/;
白水;Baishui;Shaanxi;陝西;35.0784991356578;109.430132902088;白水縣;縣;1931;11703775;N0415543;607;s841;ENP-China Project: https://www.enpchina.eu/;
白玉;Baiyu;Xikang;西康;31.2401651847742;98.7659083270944;白玉縣;縣;1931;D2866148;N0367431;257;s1216;ENP-China Project: https://www.enpchina.eu/;
保安;Baoan;Shaanxi;陝西;36.9607051524563;108.895071412595;保安縣;縣;1931;D3119254;N0283505;238;s1667;ENP-China Project: https://www.enpchina.eu/;
寶昌;Baochang;Chahaer;察哈爾;41.9474575106381;115.447977505841;寶昌縣;縣;1931;D3241225;N0316562;298;s1174;ENP-China Project: https://www.enpchina.eu/;
褒城;Baocheng;Shaanxi;陝西;33.2332697538482;106.936381246152;褒城縣;縣;1931;D3116850;N0387550;220;s1753;ENP-China Project: https://www.enpchina.eu/;
寶坻;Baochi;Hebei;河北;39.7349202028609;117.303711314694;寶坻縣;縣;1931;11703608;N0415376;1288;s383;ENP-China Project: https://www.enpchina.eu/;
保德;Baode;Shanxi;山西;39.0162028877885;111.038829621586;保德縣;縣;1931;D3140247;N0283547;532;s926;ENP-China Project: https://www.enpchina.eu/;
寶豐;Baofeng;Henan;河南;33.8769969049749;113.000135388261;寶豐縣;縣;1931;D2958012;N0316455;1948;s121;ENP-China Project: https://www.enpchina.eu/;
寶鷄;Baoji;Shaanxi;陝西;34.2676479628503;106.976127158212;寶鷄縣;縣;1931;11703609;N0415377;582;s806;ENP-China Project: https://www.enpchina.eu/;
保靖;Baojing;Hunan;湖南;28.7271549316991;109.77688345978;保靖縣;縣;1931;DH045850-1;DH162379-1;1227;s525;ENP-China Project: https://www.enpchina.eu/;
保康;Baokang;Hubei;湖北;31.9515701319733;111.291374844578;保康縣;縣;1931;DH043291-1;DH218084-1;1267;s507;ENP-China Project: https://www.enpchina.eu/;
寶清;Baoqing;Jilin;吉林;46.6337702790247;132.275092050167;寶清縣;縣;1931;D3401502;N0316587;1859;s1885;ENP-China Project: https://www.enpchina.eu/;
保山;Baoshan;Yunnan;雲南;25.115175978616;99.1586430641521;保山縣;縣;1931;DH057783-1;DH057783-1;8;s1633;ENP-China Project: https://www.enpchina.eu/;
寶山;Baoshan;Jiangsu;江蘇;31.4229813453987;121.481546790231;寶山縣;縣;1931;DH028237-1;DH028237-1;2376;s1127;ENP-China Project: https://www.enpchina.eu/;
包頭;Baotou;Suiyuan;綏遠;40.62209156707;110.10914772344;包頭縣;縣;1931;D2864878;N0290196;510;s1318;ENP-China Project: https://www.enpchina.eu/;
寶興;Baoxing;Sichuan;四川;30.3690716138608;102.846313562194;寶興縣;縣;1931;D2866145;N0316464;667;s49;ENP-China Project: https://www.enpchina.eu/;
寶應;Baoying;Jiangsu;江蘇;33.2243705804625;119.35634867815;寶應縣;縣;1931;DH048123-1;DH164652-1;2357;s1187;ENP-China Project: https://www.enpchina.eu/;
巴縣;Baxian;Sichuan;四川;29.5570444832256;106.584877217767;巴縣;縣;1931;11703626;N0415394;691;s1003;ENP-China Project: https://www.enpchina.eu/;
霸縣;Baxian;Hebei;河北;39.1152703639136;116.396677449841;霸縣;縣;1931;11703920;N0415688;1667;s290;ENP-China Project: https://www.enpchina.eu/;
巴彥;Bayan;Heilongjiang;黑龍江;46.0765149889151;127.394741;巴彥縣;縣;1931;D3352636;N0323564;437;s1411;ENP-China Project: https://www.enpchina.eu/;
巴燕;Bayan;Qinghai;青海;36.0886213865907;102.299249336925;巴燕縣;縣;1931;11703625;N0415393;943;s727;ENP-China Project: https://www.enpchina.eu/;
八寨;Bazhai;Guizhou;貴州;26.1815207580338;107.792198588712;八寨縣;縣;1931;DH005846-1;DH122375-1;425;s1407;ENP-China Project: https://www.enpchina.eu/;
巴中;Bazhong;Sichuan;四川;31.846220681982;106.765327691242;巴中縣;縣;1931;D2865719;N0323489;661;s1028;ENP-China Project: https://www.enpchina.eu/;
北川;Beichuan;Sichuan;四川;31.8832361637204;104.336186702162;北川縣;縣;1931;11703532;N0415300;664;s1041;ENP-China Project: https://www.enpchina.eu/;
北京;Beijing;Beijing;北京;39.904211;116.407394;;;1931;D3068537;N0290380;;;ENP-China Project: https://www.enpchina.eu/;
北平;Beiping;Beiping;北京;39.904211;116.407394;;;1931;D3068537;H0466351;;;ENP-China Project: https://www.enpchina.eu/;
北流;Beiliu;Guangxi;廣西;22.7387888063008;110.331115795799;北流縣;縣;1931;DH051390-1;DH051390-1;115;s1534;ENP-China Project: https://www.enpchina.eu/;
北鎮;Beizhen;Liaoning;遼寧;41.5937219356349;121.742649210366;北鎮縣;縣;1931;D2966423;N0291345;1640;s141;ENP-China Project: https://www.enpchina.eu/;
本溪;Benxi;Liaoning;遼寧;41.3380705936761;123.710489783509;本溪縣;縣;1931;D3223706;N0338338;1573;s192;ENP-China Project: https://www.enpchina.eu/;
畢節;Bijie;Guizhou;貴州;27.3078405887119;105.235137040237;畢節縣;縣;1931;DH044109-1;DH044109-1;180;s1787;ENP-China Project: https://www.enpchina.eu/;
賓川;Binchuan;Yunnan;雲南;25.7255801192372;100.580270071498;賓川縣;縣;1931;D2866062;N0316860;877;s589;ENP-China Project: https://www.enpchina.eu/;
濱江;Binjiang;Jilin;吉林;45.777810835072;126.642739150711;濱江縣;縣;1931;DH016516-1;DH191309-1;1495;s417;ENP-China Project: https://www.enpchina.eu/;
濱縣;Binxian;Shandong;山東;37.4843089430296;117.937376551208;濱縣;縣;1931;11703757;N0415525;2305;s1227;ENP-China Project: https://www.enpchina.eu/;
賓縣;Binxian;Jilin;吉林;45.759197141563;127.490662533465;賓縣;縣;1931;D2868049;N0316854;1867;s1891;ENP-China Project: https://www.enpchina.eu/;
邠縣;Binxian;Shaanxi;陝西;34.9789578301936;108.024373278508;邠縣;縣;1931;11703866;N0415634;581;s803;ENP-China Project: https://www.enpchina.eu/;
賓陽;Binyang;Guangxi;廣西;23.3030779322684;108.736569602647;賓陽縣;縣;1931;D3080577;N0316873;984;s714;ENP-China Project: https://www.enpchina.eu/;
璧山;Bishan;Sichuan;四川;29.6218227608363;106.214520719951;璧山縣;縣;1931;DH010094-1;DH184887-1;507;s1324;ENP-China Project: https://www.enpchina.eu/;
博愛;Boai;Henan;河南;35.2175159670828;113.039405356564;博愛縣;縣;1931;11703537;N0415305;1994;s1948;ENP-China Project: https://www.enpchina.eu/;
博白;Bobai;Guangxi;廣西;22.2981304914151;110.018279297716;博白縣;縣;1931;D3131035;N0294459;225;s1654;ENP-China Project: https://www.enpchina.eu/;
博樂;Bole;Xinjiang;新疆;45.0074421506135;82.2853578689897;博樂縣;縣;1931;D3087003;N0294415;805;s615;ENP-China Project: https://www.enpchina.eu/;
勃利;Boli;Jilin;吉林;45.8980999339833;130.697430704158;勃利縣;縣;1931;D3024645;N0290069;1858;s1886;ENP-China Project: https://www.enpchina.eu/;
博羅;Boluo;Guangdong;廣東;23.1494727807024;114.278486189849;博羅縣;縣;1931;DH044048-1;DH160577-1;2162;s1547;ENP-China Project: https://www.enpchina.eu/;
博平;Boping;Shandong;山東;36.6006093950271;116.090124259202;博平縣;縣;1931;11703536;N0415304;2329;s1274;ENP-China Project: https://www.enpchina.eu/;
博山;Boshan;Shandong;山東;36.5103205707259;117.835167643911;博山縣;縣;1931;11703535;N0415303;2303;s1706;ENP-China Project: https://www.enpchina.eu/;
柏鄉;Boxiang;Hebei;河北;37.4825409998991;114.686478540155;柏鄉縣;縣;1931;D3075086;N0343289;1589;s208;ENP-China Project: https://www.enpchina.eu/;
博興;Boxing;Shandong;山東;37.1536973560889;118.120075018296;博興縣;縣;1931;D3078611;N0294418;2243;s1727;ENP-China Project: https://www.enpchina.eu/;
博野;Boye;Hebei;河北;38.4614369440833;115.462951944083;博野縣;縣;1931;D3079620;N0294476;1375;s352;ENP-China Project: https://www.enpchina.eu/;
布爾津;Buerjin;Xinjiang;新疆;47.7254860754071;86.8950390580398;布爾津縣;縣;1931;D3233948;N0323819;799;s659;ENP-China Project: https://www.enpchina.eu/;
布倫托;Buluntuo;Xinjiang;新疆;47.0924130831609;87.3613143756822;布倫托縣;縣;1931;D3301870;N0323776;800;s620;ENP-China Project: https://www.enpchina.eu/;
布西;Buxi;Heilongjiang;黑龍江;48.5624290858928;124.475301278334;布西縣;縣;1931;11703627;N0415395;559;s39;ENP-China Project: https://www.enpchina.eu/;
蒼梧;Cangwu;Guangxi;廣西;23.4798680553426;111.313257629772;蒼梧縣;縣;1931;DH049225-1;DH049225-1;139;s1824;ENP-China Project: https://www.enpchina.eu/;
蒼溪;Cangxi;Sichuan;四川;31.741807;105.931656;蒼溪縣;縣;1931;DH027790-1;DH202583-1;310;s1182;ENP-China Project: https://www.enpchina.eu/;
滄縣;Cangxian;Hebei;河北;38.3159255063345;116.856799599872;滄縣;縣;1931;D3399381;N0353409;1607;s162;ENP-China Project: https://www.enpchina.eu/;
曹縣;Caoxian;Shandong;山東;34.8702924975407;115.618762209718;曹縣;縣;1931;D3067089;N0336964;2270;s1767;ENP-China Project: https://www.enpchina.eu/;
冊亨;Ceheng;Guizhou;貴州;24.9982320001775;105.918075484476;冊亨縣;縣;1931;D2864672;N0286635;487;s1276;ENP-China Project: https://www.enpchina.eu/;
岑鞏;Cengong;Guizhou;貴州;27.2963605456912;108.606076243944;岑鞏縣;縣;1931;D2864668;N0321583;463;s1348;ENP-China Project: https://www.enpchina.eu/;
岑溪;Cenxi;Guangxi;廣西;22.9501498339722;110.923517608769;岑溪縣;縣;1931;DH044517-1;DH161046-1;178;s1793;ENP-China Project: https://www.enpchina.eu/;
策勤;Ceqin;Xinjiang;新疆;37.0106309102343;80.8874796301229;策勤縣;縣;1931;11703799;N0415567;770;s642;ENP-China Project: https://www.enpchina.eu/;
茶陵;Chaling;Hunan;湖南;26.9384356588894;113.518812950049;茶陵縣;縣;1931;DH047797-1;DH222590-1;1192;s547;ENP-China Project: https://www.enpchina.eu/;
長安;Chang'an;Shaanxi;陝西;34.2546487258734;108.89040276643;長安縣;縣;1931;D2950176;N0399870;333;s1107;ENP-China Project: https://www.enpchina.eu/;
長白;Changbai;Liaoning;遼寧;41.420176;128.191588;長白縣;縣;1931;D3340871;N0400423;1537;s227;ENP-China Project: https://www.enpchina.eu/;
長春;Changchun;Jilin;吉林;43.8840683722765;125.324449950711;長春縣;縣;1931;D3064867;N0415267;1135;s438;ENP-China Project: https://www.enpchina.eu/;
常德;Changde;Hunan;湖南;29.0459495590195;111.529113863161;常德縣;縣;1931;D3034740;N0324190;1201;s552;ENP-China Project: https://www.enpchina.eu/;
昌都;Changdu;Xikang;西康;31.190736751453;97.0991868779227;昌都縣;縣;1931;D3244886;N0335792;243;s1688;ENP-China Project: https://www.enpchina.eu/;
長葛;Changge;Henan;河南;34.2674649918392;113.86692693393;長葛縣;縣;1931;DH054138-1;DH054138-1;1908;s1865;ENP-China Project: https://www.enpchina.eu/;
昌化;Changhua;Zhejiang;浙江;30.1909248362577;119.230914340956;昌化縣;縣;1931;D3366154;N0335682;2612;s878;ENP-China Project: https://www.enpchina.eu/;
昌吉;Changji;Xinjiang;新疆;44.0656082416817;87.2860004481415;昌吉縣;縣;1931;DH042999-1;DH159528-1;778;s649;ENP-China Project: https://www.enpchina.eu/;
昌江;Changjiang;Guangdong;廣東;19.2649425078693;108.740916753952;昌江縣;縣;1931;11703674;N0415442;2582;s939;ENP-China Project: https://www.enpchina.eu/;
昌樂;Changle;Shandong;山東;36.7020498036593;118.81688044757;昌樂縣;縣;1931;D3074325;N0335671;2277;s1656;ENP-China Project: https://www.enpchina.eu/;
長樂;Changle;Fujian;福建;25.944279721455;119.562042101551;長樂縣;縣;1931;D3313959;N0399570;2533;s1282;ENP-China Project: https://www.enpchina.eu/;
昌黎;Changli;Hebei;河北;39.7159992028609;119.125153929779;昌黎縣;縣;1931;D3107240;N0335808;1162;s569;ENP-China Project: https://www.enpchina.eu/;
長嶺;Changling;Jilin;吉林;44.2565863563977;123.961823054976;長嶺縣;縣;1931;D3131002;N0399991;1843;s1914;ENP-China Project: https://www.enpchina.eu/;
常寧;Changning;Hunan;湖南;26.4014248696139;112.369642136399;常寧縣;縣;1931;11703628;N0415396;1786;s269;ENP-China Project: https://www.enpchina.eu/;
長寧;Changning;Sichuan;四川;28.3135556435777;104.83589570563;長寧縣;縣;1931;11703897;N0415665;710;s966;ENP-China Project: https://www.enpchina.eu/;
昌平;Changping;Hebei;河北;40.2555986005334;116.210633162137;昌平縣;縣;1931;11703673;N0415441;1681;s303;ENP-China Project: https://www.enpchina.eu/;
長清;Changqing;Shandong;山東;36.587909515837;116.723244;長清縣;縣;1931;11703900;N0415668;2255;s1735;ENP-China Project: https://www.enpchina.eu/;
長沙;Changsha;Hunan;湖南;28.1969599378867;112.97070562732;長沙縣;縣;1931;D3065876;N0400230;1179;s579;ENP-China Project: https://www.enpchina.eu/;
常山;Changshan;Zhejiang;浙江;28.9215757759685;118.507619604436;常山縣;縣;1931;D2927401;N0020506;2411;s1067;ENP-China Project: https://www.enpchina.eu/;
長山;Changshan;Shandong;山東;36.9108225341333;117.864548803659;長山縣;縣;1931;11703899;N0415667;2245;s1717;ENP-China Project: https://www.enpchina.eu/;
長壽;Changshou;Sichuan;四川;29.8420339603443;107.050064039656;長壽縣;縣;1931;DH046373-1;DH162902-1;167;s1770;ENP-China Project: https://www.enpchina.eu/;
常熟;Changshu;Jiangsu;江蘇;31.646582;120.72452686437;常熟縣;縣;1931;DH051033-1;DH167562-1;2354;s1201;ENP-China Project: https://www.enpchina.eu/;
長泰;Changtai;Fujian;福建;24.5985872554979;117.80199694958;長泰縣;縣;1931;DH021317-1;DH196110-1;2522;s1399;ENP-China Project: https://www.enpchina.eu/;
長汀;Changting;Fujian;福建;25.751284208117;116.333121441623;長汀縣;縣;1931;D3127088;N0400200;2518;s59;ENP-China Project: https://www.enpchina.eu/;
昌圖;Changtu;Liaoning;遼寧;42.7955487427154;124.005005868444;昌圖縣;縣;1931;D3326717;N0335701;1287;s375;ENP-China Project: https://www.enpchina.eu/;
長武;Changwu;Shaanxi;陝西;35.153131300696;107.669759258734;長武縣;縣;1931;D3104140;N0400188;356;s1044;ENP-China Project: https://www.enpchina.eu/;
長興;Changxing;Zhejiang;浙江;31.0168669626614;119.920210096856;長興縣;縣;1931;D2984179;N0399607;2414;s1061;ENP-China Project: https://www.enpchina.eu/;
長陽;Changyang;Hubei;湖北;30.5003795249302;111.176548557183;長陽縣;縣;1931;DH048356-1;DH048356-1;1178;s580;ENP-China Project: https://www.enpchina.eu/;
昌邑;Changyi;Shandong;山東;36.8663433743852;119.412180570726;昌邑縣;縣;1931;D3086649;N0335789;2291;s1699;ENP-China Project: https://www.enpchina.eu/;
長垣;Changyuan;Hebei;河北;35.1712843914172;114.683368657347;長垣縣;縣;1931;D3072396;N0399771;1446;s421;ENP-China Project: https://www.enpchina.eu/;
長寨;Changzhai;Guizhou;貴州;25.9560969603401;106.520944978258;長寨縣;縣;1931;11703898;N0415666;474;s1388;ENP-China Project: https://www.enpchina.eu/;
長治;Changzhi;Shanxi;山西;36.0908758755186;113.230520412595;長治縣;縣;1931;D3021665;N0400282;154;s1856;ENP-China Project: https://www.enpchina.eu/;
長子;Changzi;Shanxi;山西;36.0496663673525;112.897220243424;長子縣;縣;1931;D3314792;N0399848;641;s1017;ENP-China Project: https://www.enpchina.eu/;
潮安;Chao'an;Guangdong;廣東;23.6921069492475;116.617137240602;潮安縣;縣;1931;D3295360;N0359602;2179;s1817;ENP-China Project: https://www.enpchina.eu/;
朝城;Chaocheng;Shandong;山東;36.0682640690473;115.583537578028;朝城縣;縣;1931;11703684;N0415452;2333;s1266;ENP-China Project: https://www.enpchina.eu/;
巢縣;Chaoxian;Anhui;安徽;31.6180295756098;117.880016207497;巢縣;縣;1931;11703622;N0415390;1688;s307;ENP-China Project: https://www.enpchina.eu/;
朝陽;Chaoyang;Guangdong;廣東;23.2824448327723;116.581145838121;朝陽縣;縣;1931;11703686;N0415454;2559;s1327;ENP-China Project: https://www.enpchina.eu/;
朝陽;Chaoyang;Jehol;熱河;41.5664875087416;120.430957700248;朝陽縣;縣;1931;11703687;N0415455;1055;s489;ENP-China Project: https://www.enpchina.eu/;
朝邑;Chaoyi;Shaanxi;陝西;34.7935196027975;109.97903771048;朝邑縣;縣;1931;11703685;N0415453;102;s1500;ENP-China Project: https://www.enpchina.eu/;
察雅;Chaya;Xikang;西康;30.6002641776613;98.0337143372308;察雅縣;縣;1931;D3414162;N0317290-1;249;s1700;ENP-China Project: https://www.enpchina.eu/;
察隅;Chayu;Xikang;西康;28.6637930990452;96.9294841303369;察隅縣;縣;1931;D3244649;N0317289;256;s1218;ENP-China Project: https://www.enpchina.eu/;
車里;Cheli;Yunnan;雲南;21.9595441462704;100.833847040451;車里縣;縣;1931;11703856;N0415624;920;s771;ENP-China Project: https://www.enpchina.eu/;
成安;Chengan;Hebei;河北;36.4378759143676;114.67826207319;成安縣;縣;1931;D3086790;N0329755;1580;s201;ENP-China Project: https://www.enpchina.eu/;
城步;Chengbu;Hunan;湖南;26.4844192113274;110.238649459543;城步縣;縣;1931;DH045985-1;DH220778-1;1224;s524;ENP-China Project: https://www.enpchina.eu/;
澄城;Chengcheng;Shaanxi;陝西;35.0598225309021;109.734511949047;澄城縣;縣;1931;D3315561;N0359660;578;s812;ENP-China Project: https://www.enpchina.eu/;
承德;Chengde;Jehol;熱河;41.02967164554;117.866867122129;承德縣;縣;1931;D3282615;N0330664;1410;s430;ENP-China Project: https://www.enpchina.eu/;
成都;Chengdu;Sichuan;四川;30.6652737199508;104.069453560098;成都縣;縣;1931;D3079790;N0329800;136;s1822;ENP-China Project: https://www.enpchina.eu/;
呈貢;Chenggong;Yunnan;雲南;24.9123019144639;102.782518128304;呈貢縣;縣;1931;D2969184;N0299793;858;s614;ENP-China Project: https://www.enpchina.eu/;
城固;Chenggu;Shaanxi;陝西;33.2318577132914;107.263677026569;城固縣;縣;1931;D3079774;N0023191;45;s1597;ENP-China Project: https://www.enpchina.eu/;
澄海;Chenghai;Guangdong;廣東;23.4810340294481;116.725774021304;澄海縣;縣;1931;D3338859;N0359684;2157;s1517;ENP-China Project: https://www.enpchina.eu/;
承化;Chenghua;Xinjiang;新疆;47.8581660438419;88.1232764801222;承化縣;縣;1931;11703665;N0415433;801;s619;ENP-China Project: https://www.enpchina.eu/;
澂江;Chengjiang;Yunnan;雲南;24.6861932025397;102.856889671879;澂江縣;縣;1931;11703754;N0415522;896;s750;ENP-China Project: https://www.enpchina.eu/;
城口;Chengkou;Sichuan;四川;31.9404443197048;108.785427524132;城口縣;縣;1931;D3384072-1;D3384073-4;449;s1336;ENP-China Project: https://www.enpchina.eu/;
澄邁;Chengmai;Guangdong;廣東;19.7764846513055;109.964927413798;澄邁縣;縣;1931;D3014510;N0359703;2578;s946;ENP-China Project: https://www.enpchina.eu/;
城武;Chengwu;Shandong;山東;34.9853676961323;115.96015578094;城武縣;縣;1931;11703553;N0415321;2548;s1310;ENP-China Project: https://www.enpchina.eu/;
成縣;Chengxian;Gansu;甘肅;33.7594744138939;105.584479705973;成縣;縣;1931;D3313216;N0329746;334;s1113;ENP-China Project: https://www.enpchina.eu/;
陳畱;Chenliu;Henan;河南;34.6825852479598;114.528049342985;陳畱縣;縣;1931;11703904;N0415672;1912;s1876;ENP-China Project: https://www.enpchina.eu/;
沈丘;Chenqiu;Henan;河南;33.1859256859699;115.229193793628;沈丘縣;縣;1931;DH047173-1;DH163702-1;1916;s1872;ENP-China Project: https://www.enpchina.eu/;
辰谿;Chenxi;Hunan;湖南;27.9972778903542;110.127225713813;晨谿縣;縣;1931;11703858;N0415626;1779;s261;ENP-China Project: https://www.enpchina.eu/;
郴縣;Chenxian;Hunan;湖南;25.7937587968954;112.9875300328;郴縣;縣;1931;11703870;N0415638;2630;s815;ENP-China Project: https://www.enpchina.eu/;
赤城;Chicheng;Chahaer;察哈爾;40.9473591109702;115.927016235093;赤城縣;縣;1931;D3075105;N0391972;307;s1188;ENP-China Project: https://www.enpchina.eu/;
赤峰;Chifeng;Jehol;熱河;42.3120392223184;118.992104599504;赤峰縣;縣;1931;D2977202;N0392026;1313;s358;ENP-China Project: https://www.enpchina.eu/;
茌平;Chiping;Shandong;山東;36.5942419817037;116.254804589022;茌平縣;縣;1931;D3303655;N0383112;2261;s1747;ENP-China Project: https://www.enpchina.eu/;
赤水;Chishui;Guizhou;貴州;28.4771667820674;105.609177201457;赤水縣;縣;1931;DH054905-1;DH229698-1;64;s1563;ENP-China Project: https://www.enpchina.eu/;
赤溪;Chixi;Guangdong;廣東;21.9847488903512;112.9866605401;赤溪縣;縣;1931;D3237983;N0392095;2189;s1821;ENP-China Project: https://www.enpchina.eu/;
崇安;Chongan;Fujian;福建;27.7582142744502;117.965479315394;崇安縣;縣;1931;DH011627-1;DH128156-1;2525;s1385;ENP-China Project: https://www.enpchina.eu/;
崇德;Chongde;Zhejiang;浙江;30.5532497577681;120.44267774915;崇德縣;縣;1931;11703616;N0415384;2611;s886;ENP-China Project: https://www.enpchina.eu/;
崇明;Chongming;Jiangsu;江蘇;31.6313352521616;121.418599606767;崇明縣;縣;1931;D3007552;N0322803;2599;s856;ENP-China Project: https://www.enpchina.eu/;
崇寧;Chongning;Sichuan;四川;30.9370279117837;103.829537295869;崇寧縣;縣;1931;11703615;N0415383;670;s1039;ENP-China Project: https://www.enpchina.eu/;
崇慶;Chongqing;Sichuan;四川;30.6374338564638;103.666437829459;崇慶縣;縣;1931;11703617;N0415385;676;s982;ENP-China Project: https://www.enpchina.eu/;
崇仁;Chongren;Jiangxi;江西;27.8160822995322;115.98205465851;崇仁縣;縣;1931;DH050886-1;DH167415-1;1152;s563;ENP-China Project: https://www.enpchina.eu/;
崇善;Chongshan;Guangxi;廣西;22.4377718616435;107.540178875978;崇善縣;縣;1931;DH023888-1;DH140417-1;345;s1146;ENP-China Project: https://www.enpchina.eu/;
崇信;Chongxin;Gansu;甘肅;35.2343116374774;106.866750093694;崇信縣;縣;1931;DH049241-1;DH224034-1;138;s1826;ENP-China Project: https://www.enpchina.eu/;
崇陽;Chongyang;Hubei;湖北;29.5768312052823;114.041969319648;崇陽縣;縣;1931;DH047206-1;DH163735-1;1208;s558;ENP-China Project: https://www.enpchina.eu/;
崇義;Chongyi;Jiangxi;江西;25.7922063834472;114.45456133566;崇義縣;縣;1931;D2997873;N0322756;1046;s484;ENP-China Project: https://www.enpchina.eu/;
川沙;Chuansha;Jiangsu;江蘇;31.20641613563;121.694357074139;川沙縣;縣;1931;D3154123-1;D3154122-1;2391;s1137;ENP-China Project: https://www.enpchina.eu/;
錘祥;Chuixiang;Hubei;湖北;31.153776711197;112.58322603741;錘祥縣;縣;1931;11703889;N0415657;1752;s281;ENP-China Project: https://www.enpchina.eu/;
淳安;Chunan;Zhejiang;浙江;29.6222002088714;118.950295186693;淳安縣;縣;1931;DH041956-1;DH216749-1;2431;s1090;ENP-China Project: https://www.enpchina.eu/;
淳化;Chunhua;Shaanxi;陝西;34.7952721916075;108.535716711886;淳化縣;縣;1931;D2949710;N0357126;26;s1649;ENP-China Project: https://www.enpchina.eu/;
婼羌;Chuoqiang;Xinjiang;新疆;38.9667127305878;88.0749430630496;婼羌縣;縣;1931;11703569;N0415337;773;s636;ENP-China Project: https://www.enpchina.eu/;
滁縣;Chuxian;Anhui;安徽;32.3119541966053;118.305623308374;滁縣;縣;1931;11703749;N0415517;1565;s233;ENP-China Project: https://www.enpchina.eu/;
楚雄;Chuxiong;Yunnan;雲南;25.034435989308;101.552451925156;楚雄縣;縣;1931;DH042099-1;DH042099-1;205;s1722;ENP-China Project: https://www.enpchina.eu/;
慈利;Cili;Hunan;湖南;29.4288181242265;110.976858732747;慈利縣;縣;1931;D3025242;N0329624;1217;s518;ENP-China Project: https://www.enpchina.eu/;
慈谿;Cixi;Zhejiang;浙江;29.9927954985133;121.435513712322;慈谿縣;縣;1931;11703654;N0415422;2619;s899;ENP-China Project: https://www.enpchina.eu/;
磁縣;Cixian;Hebei;河北;36.3557112447191;114.37425279549;磁縣;縣;1931;D3104553;N0371693;1581;s200;ENP-China Project: https://www.enpchina.eu/;
從化;Conghua;Guangdong;廣東;23.5684398395986;113.514405072057;從化縣;縣;1931;D2885032;N0281218;2146;s1514;ENP-China Project: https://www.enpchina.eu/;
大埔;Dabu;Guangdong;廣東;24.4787044812041;116.69032018985;大埔縣;縣;1931;D3328002;N0307935;2193;s1845;ENP-China Project: https://www.enpchina.eu/;
大城;Dacheng;Hebei;河北;38.7020994536819;116.620869619882;大城縣;縣;1931;D3112484;N0307922;1605;s160;ENP-China Project: https://www.enpchina.eu/;
大定;Dading;Guizhou;貴州;27.155312709695;105.610837943559;大定縣;縣;1931;DH017327-1;DH133856-1;383;s1079;ENP-China Project: https://www.enpchina.eu/;
大關;Daguan;Yunnan;雲南;27.7207571496805;103.807106665428;大關縣;縣;1931;D2865112;N0307141;503;s1304;ENP-China Project: https://www.enpchina.eu/;
代縣;Daixian;Shanxi;山西;39.1225249942756;112.841812948494;代縣;縣;1931;D2974703;N0281672;531;s934;ENP-China Project: https://www.enpchina.eu/;
大賚;Dalai;Heilongjiang;黑龍江;45.4220812882066;124.366997700709;大賚縣;縣;1931;T0257521-1;T0257496-2;517;s893;ENP-China Project: https://www.enpchina.eu/;
大理;Dali;Yunnan;雲南;25.7115298930799;100.17814389308;大理縣;縣;1931;D2865079;N0034843;278;s1246;ENP-China Project: https://www.enpchina.eu/;
大荔;Dali;Shaanxi;陝西;34.8017286027975;109.76721055943;大荔縣;縣;1931;D3101997;N0311080;44;s1598;ENP-China Project: https://www.enpchina.eu/;
大名;Daming;Hebei;河北;36.2884211469442;115.073031062418;大名縣;縣;1931;D3081324;N0307463-1;1240;s534;ENP-China Project: https://www.enpchina.eu/;
丹巴;Danba;Xikang;西康;30.8809623325067;101.858046213698;丹巴縣;縣;1931;D2868279;N0277438;720;s977;ENP-China Project: https://www.enpchina.eu/;
碭山;Dangshan;Jiangsu;江蘇;34.4579776907975;116.420125294809;碭山縣;縣;1931;DH005481-1;DH122010-1;2381;s1118;ENP-China Project: https://www.enpchina.eu/;
當塗;Dangtu;Anhui;安徽;31.5585503223816;118.484061068059;當塗縣;縣;1931;D2868430;N0328080;1572;s193;ENP-China Project: https://www.enpchina.eu/;
當陽;Dangyang;Hubei;湖北;30.8684684772381;111.688996063381;當陽縣;縣;1931;D2865188;N0328108;1755;s282;ENP-China Project: https://www.enpchina.eu/;
大寧;Daning;Shanxi;山西;36.4210449928285;110.719863302124;大寧縣;縣;1931;11703559;N0415327;635;s801;ENP-China Project: https://www.enpchina.eu/;
丹江;Danjiang;Guizhou;貴州;26.3494107499321;108.094965540373;丹江縣;縣;1931;DH043132-1;DH217925-1;185;s1797;ENP-China Project: https://www.enpchina.eu/;
丹稜;Danleng;Sichuan;四川;30.0275955600984;103.537325320935;丹稜縣;縣;1931;11703508;N0415276;416;s1400;ENP-China Project: https://www.enpchina.eu/;
儋縣;Danxian;Guangdong;廣東;19.74470548007;109.270911319396;儋縣;縣;1931;11703519;N0415287;2581;s933;ENP-China Project: https://www.enpchina.eu/;
單縣;Danxian;Shandong;山東;34.8223041414518;116.163139798741;單縣;縣;1931;D3059784;N0292354;2273;s1664;ENP-China Project: https://www.enpchina.eu/;
丹陽;Danyang;Jiangsu;江蘇;31.98654086437;119.562909148278;丹陽縣;縣;1931;D2938130;N0277484;2375;s1106;ENP-China Project: https://www.enpchina.eu/;
稻城;Daocheng;Xikang;西康;29.0415443931863;100.157819379631;稻城縣;縣;1931;D2867116;N0373623;722;s979;ENP-China Project: https://www.enpchina.eu/;
道孚;Daofu;Xikang;西康;30.9917165452892;101.135150473509;道孚縣;縣;1931;D2892467;N0394508;262;s1214;ENP-China Project: https://www.enpchina.eu/;
道縣;Daoxian;Hunan;湖南;25.6003838919902;111.466446632858;道縣;縣;1931;D2864685;N0394450;1789;s263;ENP-China Project: https://www.enpchina.eu/;
大塘;Datang;Guizhou;貴州;25.9311849977871;106.961886715446;大塘縣;縣;1931;11703558;N0415326;476;s1376;ENP-China Project: https://www.enpchina.eu/;
大田;Datian;Fujian;福建;25.7404570379047;117.722980728589;大田縣;縣;1931;D2878057;N0310430;2528;s1290;ENP-China Project: https://www.enpchina.eu/;
大同;Datong;Shanxi;山西;40.1212341510507;113.263507246152;大同縣;縣;1931;DH018769-1;DH135298-1;376;s1086;ENP-China Project: https://www.enpchina.eu/;
大通;Datong;Qinghai;青海;37.0084238791591;101.59769573312;大通縣;縣;1931;11703562;N0415330;419;s1401;ENP-China Project: https://www.enpchina.eu/;
達縣;Daxian;Sichuan;四川;31.2597566431899;107.46052470764;達縣;縣;1931;D3314114;N0393566;660;s1029;ENP-China Project: https://www.enpchina.eu/;
大興;Daxing;Hebei;河北;39.9134414404977;116.381418296906;大興縣;縣;1931;11703561;N0415329;1669;s284;ENP-China Project: https://www.enpchina.eu/;
大姚;Dayao;Yunnan;雲南;25.7079211389961;101.282840331452;大姚縣;縣;1931;DH035164-1;DH151693-1;857;s611;ENP-China Project: https://www.enpchina.eu/;
大冶;Daye;Hubei;湖北;30.0875319589435;114.93679747507;大冶縣;縣;1931;DH043531-1;DH218324-1;1262;s503;ENP-China Project: https://www.enpchina.eu/;
大邑;Dayi;Sichuan;四川;30.5969481733125;103.516062434897;大邑縣;縣;1931;D2867102;N0311443;677;s981;ENP-China Project: https://www.enpchina.eu/;
大庸;Dayong;Hunan;湖南;29.12097767545;110.336517913255;大庸縣;縣;1931;11703560;N0415328;1768;s252;ENP-China Project: https://www.enpchina.eu/;
大庾;Dayu;Jiangxi;江西;25.4778927546599;114.323531023894;大庾縣;縣;1931;DH047507-1;DH222300-1;1202;s554;ENP-China Project: https://www.enpchina.eu/;
大余太;Dayutai;Suiyuan;綏遠;41.0530214137328;109.249674531822;大余太縣;縣;1931;11703557;N0415325;513;s900;ENP-China Project: https://www.enpchina.eu/;
大竹;Dazhu;Sichuan;四川;30.7981793221645;107.239726281279;大竹縣;縣;1931;D2927915;N0310795;436;s1412;ENP-China Project: https://www.enpchina.eu/;
大足;Dazu;Sichuan;四川;29.710096;105.709127;大足縣;縣;1931;DH008538-1;DH183331-1;414;s1488;ENP-China Project: https://www.enpchina.eu/;
德安;Dean;Jiangxi;江西;29.2892087424253;115.89772233566;德安縣;縣;1931;DH032516-1;DH207309-1;1391;s317;ENP-China Project: https://www.enpchina.eu/;
德格;Dege;Xikang;西康;31.8253785335205;98.6125634351605;德格縣;縣;1931;D3148223;N0329062;246;s1682;ENP-China Project: https://www.enpchina.eu/;
德化;Dehua;Fujian;福建;25.4582607935075;118.133540522786;德化縣;縣;1931;D2868421;N0328992;2538;s1308;ENP-China Project: https://www.enpchina.eu/;
德惠;Dehui;Jilin;吉林;44.6056867800959;125.992381670144;德惠縣;縣;1931;T0257526-1;T0257501-2;1847;s1910;ENP-China Project: https://www.enpchina.eu/;
德江;Dejiang;Guizhou;貴州;28.1243871050513;108.29911742722;德江縣;縣;1931;D2865322;N0329068;90;s1588;ENP-China Project: https://www.enpchina.eu/;
鄧川;Dengchuan;Yunnan;雲南;25.985200021384;100.081722010692;鄧川縣;縣;1931;DH045634-1;DH045634-1;173;s1779;ENP-China Project: https://www.enpchina.eu/;
登封;Dengfeng;Henan;河南;34.5318015030833;112.890914372283;登封縣;縣;1931;D3086428;N0366482;1987;s1939;ENP-China Project: https://www.enpchina.eu/;
登封縣;Dengfengxian;Henan;河南;34.8903529041535;113.429345095775;登封縣縣;縣;1931;D3086428;N0366482-2;1982;s91;ENP-China Project: https://www.enpchina.eu/;
鄧柯;Dengke;Xikang;西康;32.5437093417946;97.9244536641277;鄧柯縣;縣;1931;11703877;N0415645;244;s1678;ENP-China Project: https://www.enpchina.eu/;
磴口;Dengkou;Ningxia;寧夏;39.9241159195115;106.800287684407;磴口縣;縣;1931;11703788;N0415556;191;s1796;ENP-China Project: https://www.enpchina.eu/;
鄧縣;Dengxian;Henan;河南;32.7524826206605;112.00760382796;鄧縣;縣;1931;11703878;N0415646;2009;s1957;ENP-China Project: https://www.enpchina.eu/;
德平;Deping;Shandong;山東;37.4827533560889;116.957550803659;德平縣;縣;1931;11703643;N0415411;2293;s1687;ENP-China Project: https://www.enpchina.eu/;
德慶;Deqing;Guangdong;廣東;23.1532979197993;111.790539759398;德慶縣;縣;1931;DH023350-1;DH139879-1;2187;s1833;ENP-China Project: https://www.enpchina.eu/;
德清;Deqing;Zhejiang;浙江;30.5652907672443;120.105529483817;德清縣;縣;1931;D3363312;N0329074;2607;s868;ENP-China Project: https://www.enpchina.eu/;
德縣;Dexian;Shandong;山東;37.4467204312696;116.284928169428;德縣;縣;1931;11703644;N0415412;2344;s1181;ENP-China Project: https://www.enpchina.eu/;
德興;Dexing;Jiangxi;江西;28.8722910716805;117.572163065851;德興縣;縣;1931;DH033633-1;DH150162-1;1377;s311;ENP-China Project: https://www.enpchina.eu/;
德陽;Deyang;Sichuan;四川;31.1352168401476;104.389601;德陽縣;縣;1931;DH058100-1;DH232893-1;4;s1622;ENP-China Project: https://www.enpchina.eu/;
電白;Dianbai;Guangdong;廣東;21.4684832913546;111.353524008144;電白縣;縣;1931;D3326907-1;D3326908-1;2199;s1842;ENP-China Project: https://www.enpchina.eu/;
墊江;Dianjiang;Sichuan;四川;30.3642044014758;107.357647560098;墊江縣;縣;1931;DH015119-1;DH189912-1;392;s1461;ENP-China Project: https://www.enpchina.eu/;
迪化;Dihua;Xinjiang;新疆;43.8066314138939;87.5669430342476;迪化縣;縣;1931;T0257539-1;T0257514-2;733;s980;ENP-China Project: https://www.enpchina.eu/;
定安;Dingan;Guangdong;廣東;19.6924236177148;110.257090762253;定安縣;縣;1931;11703579;N0415347;2577;s940;ENP-China Project: https://www.enpchina.eu/;
定邊;Dingbian;Shaanxi;陝西;37.5792081916075;107.694949864342;定邊縣;縣;1931;D3291421;N0316372;142;s1818;ENP-China Project: https://www.enpchina.eu/;
定都;Dingdu;Hebei;河北;40.4392953262472;118.926175494016;定都縣;縣;1931;11703581;N0415349;1674;s298;ENP-China Project: https://www.enpchina.eu/;
定番;Dingfan;Guizhou;貴州;26.1457991209831;106.647628467729;定番縣;縣;1931;DH042285-1;DH042285-1;202;s1734;ENP-China Project: https://www.enpchina.eu/;
定海;Dinghai;Zhejiang;浙江;30.0551898203444;122.108715605762;定海縣;縣;1931;D3031369;N0316362;2621;s889;ENP-China Project: https://www.enpchina.eu/;
定南;Dingnan;Jiangxi;江西;24.5146637960418;114.75275214919;定南縣;縣;1931;DH034666-1;DH209459-1;1371;s354;ENP-China Project: https://www.enpchina.eu/;
定陶;Dingtao;Shandong;山東;35.099452817197;115.670830763202;定陶縣;縣;1931;11703583;N0415351;2341;s1157;ENP-China Project: https://www.enpchina.eu/;
定西;Dingxi;Gansu;甘肅;35.5910014138939;104.428069248782;定西縣;縣;1931;D2867284;N0316370;104;s1516;ENP-China Project: https://www.enpchina.eu/;
定縣;Dingxian;Hebei;河北;38.5142944944856;114.983445131889;定縣;縣;1931;11703580;N0415348;1653;s144;ENP-China Project: https://www.enpchina.eu/;
定襄;Dingxiang;Shanxi;山西;38.4672335942214;112.952755966745;定襄縣;縣;1931;DH049902-1;DH166431-1;132;s1801;ENP-China Project: https://www.enpchina.eu/;
定鄉;Dingxiang;Xikang;西康;28.8918765380749;99.6429619580477;定鄉縣;縣;1931;11703582;N0415350;273;s1248;ENP-China Project: https://www.enpchina.eu/;
鼎新;Dingxin;Gansu;甘肅;40.2940097925447;99.7709783122862;鼎新縣;縣;1931;11703948;N0415716;934;s720;ENP-China Project: https://www.enpchina.eu/;
定興;Dingxing;Hebei;河北;39.2811958322498;115.76258916775;定興縣;縣;1931;D3080293;N0316308;1025;s476;ENP-China Project: https://www.enpchina.eu/;
定遠;Dingyuan;Anhui;安徽;32.5353318365068;117.692326119532;定遠縣;縣;1931;D2868427;N0316375;1562;s238;ENP-China Project: https://www.enpchina.eu/;
東阿;Donga;Shandong;山東;36.1852563560889;116.282738926815;東阿縣;縣;1931;D2887032;N0275501;2249;s1739;ENP-China Project: https://www.enpchina.eu/;
東安;Dongan;Hunan;湖南;26.330415016232;111.153754120597;東安縣;縣;1931;11703693;N0415461;1784;s267;ENP-China Project: https://www.enpchina.eu/;
東豐;Dongfeng;Liaoning;遼寧;42.6812107427154;125.517966628642;東豐縣;縣;1931;D3066792;N0273372;1022;s685;ENP-China Project: https://www.enpchina.eu/;
東莞;Dongguan;Guangdong;廣東;23.036862620301;113.756323919799;東莞縣;縣;1931;D3322073;N0275243;2196;s1839;ENP-China Project: https://www.enpchina.eu/;
東光;Dongguang;Hebei;河北;37.884556;116.532822;東光縣;縣;1931;11703691;N0415459;1354;s344;ENP-China Project: https://www.enpchina.eu/;
東海;Donghai;Jiangsu;江蘇;34.5650018824291;119.190219378715;東海縣;縣;1931;D3325705;N0274858;2590;s952;ENP-China Project: https://www.enpchina.eu/;
東蘭;Donglan;Guangxi;廣西;24.5650749828301;107.356223795799;東蘭縣;縣;1931;D3132153;N0273477;148;s1829;ENP-China Project: https://www.enpchina.eu/;
東樂;Dongle;Gansu;甘肅;38.4259794445027;100.9085014057;東樂縣;縣;1931;11703696;N0415464;936;s730;ENP-China Project: https://www.enpchina.eu/;
東流;Dongliu;Anhui;安徽;30.213217;116.943895294839;東流縣;縣;1931;D2951028;N0274837;1340;s370;ENP-China Project: https://www.enpchina.eu/;
東明;Dongming;Hebei;河北;35.2946132252579;115.136036661232;東明縣;縣;1931;11703695;N0415463;1575;s194;ENP-China Project: https://www.enpchina.eu/;
東寧;Dongning;Jilin;吉林;44.0262113971566;131.217735507109;東寧縣;縣;1931;T0257527-1;T0257502-2;1848;s1921;ENP-China Project: https://www.enpchina.eu/;
東平;Dongping;Shandong;山東;35.93947084502;116.339124492322;東平縣;縣;1931;11703694;N0415462;2326;s1257;ENP-China Project: https://www.enpchina.eu/;
東山;Dongshan;Fujian;福建;23.7407749873145;117.505218755575;東山縣;縣;1931;D3197608;N0274111;2547;s1319;ENP-China Project: https://www.enpchina.eu/;
東勝;Dongsheng;Suiyuan;綏遠;39.866702129395;109.98942741569;東勝縣;縣;1931;11703692;N0415460;263;s1212;ENP-China Project: https://www.enpchina.eu/;
東台;Dongtai;Jiangsu;江蘇;32.8481862980891;120.301509466416;東台縣;縣;1931;D2943568;N0273653;2596;s854;ENP-China Project: https://www.enpchina.eu/;
東鄉;Dongxiang;Jiangxi;江西;28.2809743358537;116.536831952724;東鄉縣;縣;1931;D2977706;N0274342;1827;s1899;ENP-China Project: https://www.enpchina.eu/;
東陽;Dongyang;Zhejiang;浙江;29.2704802088714;120.219059112016;東陽縣;縣;1931;D3165804;N0275486;2443;s1473;ENP-China Project: https://www.enpchina.eu/;
都安;Du'anxian;Guangxi;廣西;24.0259905745362;108.134337676998;都安縣;縣;1931;11703871;N0415639;454;s1334;ENP-China Project: https://www.enpchina.eu/;
都昌;Duchang;Jiangxi;江西;29.2502957843829;116.203501281468;都昌縣;縣;1931;D3204368;N0396359;1064;s465;ENP-China Project: https://www.enpchina.eu/;
都江;Dujiang;Guizhou;貴州;25.9020712524258;108.168453878297;都江縣;縣;1931;DH046816-1;DH163345-1;164;s1768;ENP-China Project: https://www.enpchina.eu/;
都蘭;Dulan;Qinghai;青海;37.0305329054995;98.7708439470175;都蘭縣;縣;1931;D2867527;N0396322;604;s38;ENP-China Project: https://www.enpchina.eu/;
敦化;Dunhua;Jilin;吉林;43.3792920957348;128.223570150711;敦化縣;縣;1931;DH036445-1;DH036445-1;1351;s337;ENP-China Project: https://www.enpchina.eu/;
敦煌;Dunhuang;Gansu;甘肅;40.1484807069469;94.809973138939;敦煌縣;縣;1931;DH049562-1;DH224355-1;135;s1802;ENP-China Project: https://www.enpchina.eu/;
多倫;Duolun;Chahaer;察哈爾;42.1855761772257;116.417260548656;多倫縣;縣;1931;D3241873;N0306662-1;923;s772;ENP-China Project: https://www.enpchina.eu/;
獨山;Dushan;Guizhou;貴州;25.8336749435593;107.535373056441;獨山縣;縣;1931;DH045688-1;DH162217-1;172;s1780;ENP-China Project: https://www.enpchina.eu/;
都勻;Duyun;Guizhou;貴州;26.2507735241694;107.524786532271;都勻縣;縣;1931;DH054820-1;DH054820-1;66;s1565;ENP-China Project: https://www.enpchina.eu/;
峨邊;Ebian;Sichuan;四川;29.0480816093232;103.074190121645;峨邊縣;縣;1931;11703614;N0415382;701;s1005;ENP-China Project: https://www.enpchina.eu/;
鄂城;Echeng;Hubei;湖北;30.3797460394382;114.892109338151;鄂城縣;縣;1931;D3381462;N0396391;1761;s243;ENP-China Project: https://www.enpchina.eu/;
峨眉;Emei;Sichuan;四川;29.5850079194589;103.500325920689;峨眉縣;縣;1931;DH042892-1;DH159421-1;187;s1799;ENP-China Project: https://www.enpchina.eu/;
額敏;Emin;Xinjiang;新疆;46.5389480719756;83.3316341915043;額敏縣;縣;1931;D3109929;N0405479;804;s616;ENP-China Project: https://www.enpchina.eu/;
額穆;Emu;Jilin;吉林;43.7650397943131;128.133366356398;額穆縣;縣;1931;T0257542-1;T0257517-2;1853;s1916;ENP-China Project: https://www.enpchina.eu/;
恩達;Enda;Xikang;西康;31.1419181528324;96.5900786351653;恩達縣;縣;1931;D3035790;N0329423;242;s1690;ENP-China Project: https://www.enpchina.eu/;
恩隆;Enlong;Guangxi;廣西;23.6220302042006;107.104785740457;恩隆縣;縣;1931;DH007260-1;DH123789-1;420;s1392;ENP-China Project: https://www.enpchina.eu/;
恩平;Enping;Guangdong;廣東;22.2098420294481;112.30909872995;恩平縣;縣;1931;D2907187;N0329410;2185;s1830;ENP-China Project: https://www.enpchina.eu/;
恩施;Enshi;Hubei;湖北;30.2853397624651;109.491695762465;恩施縣;縣;1931;DH044034-1;DH218827-1;1251;s499;ENP-China Project: https://www.enpchina.eu/;
恩縣;Enxian;Shandong;山東;37.1434970182963;116.268161018296;恩縣;縣;1931;11703650;N0415418;2301;s1703;ENP-China Project: https://www.enpchina.eu/;
恩陽;Enyang;Guangxi;廣西;23.7635393073271;106.628757862875;恩陽縣;縣;1931;11703651;N0415419;978;s708;ENP-China Project: https://www.enpchina.eu/;
耳里匱;Erligui;Xinjiang;新疆;49.0295406223094;89.9732143257279;耳里匱縣;縣;1931;11703811;N0415579;802;s622;ENP-China Project: https://www.enpchina.eu/;
洱源;Eryuan;Yunnan;雲南;26.1296313335029;99.9449343690666;洱源縣;縣;1931;D3066580;N0355821;498;s1311;ENP-China Project: https://www.enpchina.eu/;
峨山;Eshan;Yunnan;雲南;24.1943653451749;102.33719621353;峨山縣;縣;1931;11703613;N0415381;893;s602;ENP-China Project: https://www.enpchina.eu/;
法庫;Faku;Liaoning;遼寧;42.5284331504024;123.380548967469;法庫縣;縣;1931;D3079740;N0354480;1629;s184;ENP-China Project: https://www.enpchina.eu/;
繁昌;Fanchang;Anhui;安徽;31.1021631052996;118.071313883824;繁昌縣;縣;1931;DH020959-1;DH195752-1;1475;s411;ENP-China Project: https://www.enpchina.eu/;
方城;Fangcheng;Henan;河南;33.3061288923485;112.978772597925;方城縣;縣;1931;D3286856;N0334708;1998;s1944;ENP-China Project: https://www.enpchina.eu/;
防城;Fangcheng;Guangdong;廣東;21.7812376146718;108.375035422008;防城縣;縣;1931;DH040283-1;DH040283-1;2170;s1562;ENP-China Project: https://www.enpchina.eu/;
房山;Fangshan;Hebei;河北;39.7001654824446;115.975692797139;房山縣;縣;1931;11703662;N0415430;1525;s402;ENP-China Project: https://www.enpchina.eu/;
方山;Fangshan;Shanxi;山西;37.9904191843565;111.389243324656;方山縣;縣;1931;D3150955;N0334818;623;s783;ENP-China Project: https://www.enpchina.eu/;
房縣;Fangxian;Hubei;湖北;32.0944759266909;110.764523607043;房縣;縣;1931;D2892777;N0329971;1528;s407;ENP-China Project: https://www.enpchina.eu/;
方正;Fangzheng;Jilin;吉林;45.8397950581526;128.853967718332;方正縣;縣;1931;D3314485;N0334853;1857;s1883;ENP-China Project: https://www.enpchina.eu/;
范縣;Fanxian;Shandong;山東;35.9409018808425;115.649365225864;范縣;縣;1931;11703831;N0415599;2335;s1270;ENP-China Project: https://www.enpchina.eu/;
番禺;Panyu;Guangdong;廣東;23.1216101604013;113.264199649749;番禺縣;縣;1931;D3122302;N0366404;2191;s1825;ENP-China Project: https://www.enpchina.eu/;
繁峙;Fanzhi;Shanxi;山西;39.1960411370633;113.159721930063;繁峙縣;縣;1931;DH037644-1;DH154173-1;228;s1651;ENP-China Project: https://www.enpchina.eu/;
肥城;Feicheng;Shandong;山東;36.2967018902221;116.780283570726;肥城縣;縣;1931;D3081056;N0379703;2288;s1697;ENP-China Project: https://www.enpchina.eu/;
費縣;Feixian;Shandong;山東;35.2896121414518;118.0058033012;費縣;縣;1931;D3081037;N0391442;2246;s1723;ENP-China Project: https://www.enpchina.eu/;
肥鄉;Feixiang;Hebei;河北;36.552029;114.803101;肥鄉縣;縣;1931;D2890574;N0379705;1492;s416;ENP-China Project: https://www.enpchina.eu/;
汾城;Fencheng;Shanxi;山西;35.7995847929391;111.264951284678;汾城縣;縣;1931;D3343370;N0352190;648;s48;ENP-China Project: https://www.enpchina.eu/;
豐城;Fengcheng;Jiangxi;江西;28.2136598682979;115.755560850234;豐城縣;縣;1931;D3040270;N0276998;1103;s447;ENP-China Project: https://www.enpchina.eu/;
鳳城;Fengcheng;Liaoning;遼寧;40.469359170045;124.07757999192;鳳城縣;縣;1931;D3106222;N0287609;1647;s138;ENP-China Project: https://www.enpchina.eu/;
封川;Fengchuan;Guangdong;廣東;23.4218631323861;111.489302498546;封川縣;縣;1931;D3124061;N0317732;2564;s905;ENP-China Project: https://www.enpchina.eu/;
酆都;Fengdu;Sichuan;四川;29.9459590421153;107.79962436305;酆都縣;縣;1931;DH048187-1;DH222980-1;155;s1854;ENP-China Project: https://www.enpchina.eu/;
鳳岡;Fenggang;Guizhou;貴州;27.9344499273558;107.74265541939;鳳岡縣;縣;1931;D2892386;N0287524;157;s1844;ENP-China Project: https://www.enpchina.eu/;
奉化;Fenghua;Zhejiang;浙江;29.6724747386299;121.378157694273;奉化縣;縣;1931;D3334684;N0313132;2436;s1448;ENP-China Project: https://www.enpchina.eu/;
鳳凰;Fenghuang;Hunan;湖南;27.9437205652071;109.53089758377;鳳凰縣;縣;1931;DH031053-1;DH031053-1;1401;s332;ENP-China Project: https://www.enpchina.eu/;
奉節;Fengjie;Sichuan;四川;31.0437090396557;109.530803400246;奉節縣;縣;1931;DH031800-1;DH206593-1;284;s1258;ENP-China Project: https://www.enpchina.eu/;
豐寧;Fengning;Jehol;熱河;41.2808414679476;117.146278657781;豐寧縣;縣;1931;11703850;N0415618;1403;s333;ENP-China Project: https://www.enpchina.eu/;
封丘;Fengqiu;Henan;河南;35.0197227230854;114.384179599105;封丘縣;縣;1931;DH038420-1;DH213213-1;1938;s119;ENP-China Project: https://www.enpchina.eu/;
豐潤;Fengrun;Hebei;河北;39.8508096644995;118.124580482445;豐潤縣;縣;1931;D3288932;N0277083;1081;s473;ENP-China Project: https://www.enpchina.eu/;
鳳山;Fengshan;Guangxi;廣西;24.6481406767148;107.12436896122;鳳山縣;縣;1931;D3069285;N0287638;977;s705;ENP-China Project: https://www.enpchina.eu/;
豐順;Fengshun;Guangdong;廣東;23.931966240602;116.211611379699;豐順縣;縣;1931;D3326498;N0277152;2164;s1535;ENP-China Project: https://www.enpchina.eu/;
鳳臺;Fengtai;Anhui;安徽;32.7521006704939;116.764449769173;鳳臺縣;縣;1931;11703939;N0415707;1686;s302;ENP-China Project: https://www.enpchina.eu/;
奉賢;Fengxian;Jiangsu;江蘇;30.919450567815;121.451964509816;奉賢縣;縣;1931;DH027741-1;DH144270-1;2377;s1125;ENP-China Project: https://www.enpchina.eu/;
灃縣;Fengxian;Hunan;湖南;29.6541744692649;111.658297815679;灃縣;縣;1931;11703764;N0415532;1770;s254;ENP-China Project: https://www.enpchina.eu/;
豐縣;Fengxian;Jiangsu;江蘇;34.7418191844737;116.668690862624;豐縣;縣;1931;D2867891;N0276977;2353;s1195;ENP-China Project: https://www.enpchina.eu/;
鳳縣;Fengxian;Shaanxi;陝西;33.8974229034935;106.513838998594;鳳縣;縣;1931;D3088292;N0287591;387;s1447;ENP-China Project: https://www.enpchina.eu/;
鳳翔;Fengxiang;Shaanxi;陝西;34.3924935188729;107.276816998594;鳳翔縣;縣;1931;D3296219;N0287720;296;s1170;ENP-China Project: https://www.enpchina.eu/;
奉新;Fengxin;Jiangxi;江西;28.7374511497661;115.493263838575;奉新縣;縣;1931;DH055548-1;DH172077-1;1054;s490;ENP-China Project: https://www.enpchina.eu/;
鳳陽;Fengyang;Anhui;安徽;32.8895638335102;117.591872269636;鳳陽縣;縣;1931;D3314795;N0287736;1561;s236;ENP-China Project: https://www.enpchina.eu/;
奉議;Fengyi;Guangxi;廣西;23.7527824637437;106.823449470412;奉議縣;縣;1931;DH008617-1;DH183410-1;413;s1482;ENP-China Project: https://www.enpchina.eu/;
鳳儀;Fengyi;Yunnan;雲南;25.5709260337768;100.290467821266;鳳儀縣;縣;1931;D2908303;N0287516;879;s591;ENP-China Project: https://www.enpchina.eu/;
豐鎮;Fengzhen;Suiyuan;綏遠;40.4786089411625;113.162236188232;豐鎮縣;縣;1931;D3022930;N0277145;268;s1226;ENP-China Project: https://www.enpchina.eu/;
分水;Fenshui;Zhejiang;浙江;29.9352658506456;119.418602186693;分水縣;縣;1931;D3362025;N0287913;2453;s1477;ENP-China Project: https://www.enpchina.eu/;
汾西;Fenxi;Shanxi;山西;36.6131756433543;111.52686017762;汾西縣;縣;1931;DH020155-1;DH194948-1;367;s1052;ENP-China Project: https://www.enpchina.eu/;
汾陽;Fenyang;Shanxi;山西;37.2335143146834;111.780524534266;汾陽縣;縣;1931;D3074020;N0352203;366;s1053;ENP-China Project: https://www.enpchina.eu/;
分宜;Fenyi;Jiangxi;江西;27.7679632814681;114.676876544872;分宜縣;縣;1931;D3006444;N0287900;1399;s324;ENP-China Project: https://www.enpchina.eu/;
福安;Fuan;Fujian;福建;27.0766159905238;119.633636353299;福安縣;縣;1931;DH052397-1;DH227190-1;2494;s1436;ENP-China Project: https://www.enpchina.eu/;
阜城;Fucheng;Hebei;河北;37.868179;116.144707;阜城縣;縣;1931;D3111601;N0400922;1344;s339;ENP-China Project: https://www.enpchina.eu/;
富川;Fuchuan;Guangxi;廣西;24.8218336851142;111.084655753794;富川縣;縣;1931;DH051902-1;DH051902-1;111;s1511;ENP-China Project: https://www.enpchina.eu/;
福鼎;Fuding;Fujian;福建;27.3385320978009;120.2174525489;福鼎縣;縣;1931;DH052489-1;DH227282-1;2492;s1432;ENP-China Project: https://www.enpchina.eu/;
扶風;Fufeng;Shaanxi;陝西;34.2706574097844;107.747434724468;扶風縣;縣;1931;D3121120;N0330651;156;s1846;ENP-China Project: https://www.enpchina.eu/;
佛岡;Fugang;Guangdong;廣東;23.973907078364;113.414780168746;佛岡縣;縣;1931;DH049804-1;DH166333-1;2159;s1521;ENP-China Project: https://www.enpchina.eu/;
扶溝;Fugou;Henan;河南;34.1469407936283;114.37422831403;扶溝縣;縣;1931;DH038642-1;DH213435-1;1936;s117;ENP-China Project: https://www.enpchina.eu/;
府谷;Fugu;Shaanxi;陝西;39.0501594111899;111.041781246152;府谷縣;縣;1931;D3071454;N0325966;34;s1596;ENP-China Project: https://www.enpchina.eu/;
佛海;Fuhai;Yunnan;雲南;21.9595441462704;100.425615986038;佛海縣;縣;1931;11703518;N0415286;919;s761;ENP-China Project: https://www.enpchina.eu/;
富錦;Fujin;Jilin;吉林;47.2322643806198;131.984121789612;富錦縣;縣;1931;D3015169;D3015168;1846;s1911;ENP-China Project: https://www.enpchina.eu/;
阜康;Fukang;Xinjiang;新疆;44.1711252759293;88.1819435185853;阜康縣;縣;1931;DH037129-1;DH211922-1;779;s648;ENP-China Project: https://www.enpchina.eu/;
浮梁;Fuliang;Jiangxi;江西;29.3048032453401;117.191822568766;浮梁縣;縣;1931;D3218584;N0356327;1384;s320;ENP-China Project: https://www.enpchina.eu/;
涪陵;Fuling;Sichuan;四川;29.7293978200698;107.433919830141;涪陵縣;縣;1931;11703737;N0415505;692;s998;ENP-China Project: https://www.enpchina.eu/;
富民;Fumin;Yunnan;雲南;25.2351455419215;102.504389819433;富民縣;縣;1931;D2912747;N0317105;871;s583;ENP-China Project: https://www.enpchina.eu/;
扶南;Funan;Guangxi;廣西;22.6188299856163;107.892976243761;扶南縣;縣;1931;11703663;N0415431;997;s665;ENP-China Project: https://www.enpchina.eu/;
撫寧;Funing;Hebei;河北;39.8872486293888;119.199220447334;撫寧縣;縣;1931;11703666;N0415434;1246;s532;ENP-China Project: https://www.enpchina.eu/;
阜寧;Funing;Jiangsu;江蘇;33.7722240867863;119.834423110335;阜寧縣;縣;1931;DH030439-1;DH205232-1;2385;s1141;ENP-China Project: https://www.enpchina.eu/;
佛坪;Fuping;Shaanxi;陝西;33.7627523832151;107.785997356646;佛坪縣;縣;1931;D3106934;N0283047;47;s1599;ENP-China Project: https://www.enpchina.eu/;
富平;Fuping;Shaanxi;陝西;34.7335055202784;109.12569917762;富平縣;縣;1931;D2954028;N0317062;37;s1589;ENP-China Project: https://www.enpchina.eu/;
阜平;Fuping;Hebei;河北;38.85305;114.187561;阜平縣;縣;1931;D3080003;N0400930;1042;s486;ENP-China Project: https://www.enpchina.eu/;
福清;Fuqing;Fujian;福建;25.7213491766494;119.405521018952;福清縣;縣;1931;DH052444-1;DH227237-1;2493;s1430;ENP-China Project: https://www.enpchina.eu/;
佛山;Fushan;Heilongjiang;黑龍江;48.6462083373356;130.498346616775;佛山縣;縣;1931;11703517;N0415285;539;s949;ENP-China Project: https://www.enpchina.eu/;
浮山;Fushan;Shanxi;山西;36.0571140559497;111.890263096507;浮山縣;縣;1931;DH024365-1;DH140894-1;341;s1122;ENP-China Project: https://www.enpchina.eu/;
福山;Fushan;Shandong;山東;37.4828429796146;121.241853220297;福山縣;縣;1931;11703789;N0415557;2318;s1241;ENP-China Project: https://www.enpchina.eu/;
膚施;Fushi;Shaanxi;陝西;36.5932568554485;109.441003035364;膚施縣;縣;1931;11703813;N0415581;634;s802;ENP-China Project: https://www.enpchina.eu/;
富順;Fushun;Sichuan;四川;29.2179761610822;104.924245397786;富順縣;縣;1931;D3124293;N0317224;171;s1785;ENP-China Project: https://www.enpchina.eu/;
撫順;Fushun;Liaoning;遼寧;41.8973972164907;123.899941552882;撫順縣;縣;1931;D3081215;N0330729;1538;s2;ENP-China Project: https://www.enpchina.eu/;
撫松;Fusong;Liaoning;遼寧;42.3282366228146;127.301215976689;撫松縣;縣;1931;D2953202;N0330721;1402;s334;ENP-China Project: https://www.enpchina.eu/;
復縣;Fuxian;Liaoning;遼寧;39.7415405561746;121.735260188906;復縣;縣;1931;11703641;N0415409;1649;s148;ENP-China Project: https://www.enpchina.eu/;
鄜縣;Fuxian;Shaanxi;陝西;36.016721489286;109.319705984301;鄜縣;縣;1931;11703875;N0415643;630;s792;ENP-China Project: https://www.enpchina.eu/;
阜新;Fuxin;Jehol;熱河;42.0425767543708;121.639232686919;阜新縣;縣;1931;D3069524;N0400936;1053;s487;ENP-China Project: https://www.enpchina.eu/;
富陽;Fuyang;Zhejiang;浙江;30.0623558879842;119.948745320887;富陽縣;縣;1931;D3218235;N0317219;2420;s1072;ENP-China Project: https://www.enpchina.eu/;
阜陽;Fuyang;Anhui;安徽;32.9448173790785;115.829893189539;阜陽縣;縣;1931;DH031720-1;DH148249-1;1394;s328;ENP-China Project: https://www.enpchina.eu/;
扶餘;Fuyu;Jilin;吉林;45.1847226297009;124.818927340984;扶餘縣;縣;1931;11703664;N0415432;1866;s1892;ENP-China Project: https://www.enpchina.eu/;
孚遠;Fuyuan;Guangdong;廣東;24.8116516017107;113.061949131067;孚遠縣;縣;1931;11703570;N0415338;2195;s1849;ENP-China Project: https://www.enpchina.eu/;
孚遠;Fuyuan;Xinjiang;新疆;44.0014921379646;89.0601799647781;孚遠縣;縣;1931;T0257522-1;T0257497-2;793;s661;ENP-China Project: https://www.enpchina.eu/;
撫遠;Fuyuan;Jilin;吉林;48.3846314032372;134.396360620834;撫遠縣;縣;1931;D3024634;N0330727;1855;s1918;ENP-China Project: https://www.enpchina.eu/;
富州;Fuzhou;Yunnan;雲南;23.632598989308;105.599456096228;富州縣;縣;1931;DH045413-1;DH045413-1;175;s1781;ENP-China Project: https://www.enpchina.eu/;
福州;Fuzhou;Fujian;福建;26.073954;119.321577;NA;NA;1931;D3114532;N0372694;NA;NA;ENP-China Project: https://www.enpchina.eu/;
蓋平;Gaiping;Liaoning;遼寧;40.3982888742715;122.367445994172;蓋平縣;縣;1931;11703837;N0415605;1569;s196;ENP-China Project: https://www.enpchina.eu/;
乾安;Ganan;Jilin;吉林;44.4162059532826;124.532128009877;乾安縣;縣;1931;D3150892;N0278902;2632;s832;ENP-China Project: https://www.enpchina.eu/;
乾城;Gancheng;Hunan;湖南;28.2402063361344;109.661301412676;乾城縣;縣;1931;11703509;N0415277;1777;s259;ENP-China Project: https://www.enpchina.eu/;
乾德;Gande;Xinjiang;新疆;43.8967212720019;87.6987005811308;乾德縣;縣;1931;D3032837;N0278912;811;s24;ENP-China Project: https://www.enpchina.eu/;
感恩;Ganen;Guangdong;廣東;18.8999946059388;108.646604374802;感恩縣;縣;1931;11703653;N0415421;2583;s937;ENP-China Project: https://www.enpchina.eu/;
甘谷;Gangu;Gansu;甘肅;34.7668142489059;105.121844518601;甘谷縣;縣;1931;D2866079;N0365209;957;s738;ENP-China Project: https://www.enpchina.eu/;
甘南;Gannan;Heilongjiang;黑龍江;47.9373675861003;123.448939790439;甘南縣;縣;1931;D3314687;N0365038;561;s41;ENP-China Project: https://www.enpchina.eu/;
甘泉;Ganquan;Shaanxi;陝西;36.2502298489493;109.322155986013;甘泉縣;縣;1931;D3291276;N0365160;146;s1841;ENP-China Project: https://www.enpchina.eu/;
乾縣;Ganxian;Shaanxi;陝西;34.4892771425699;108.135187868367;乾縣;縣;1931;D3056377;N0278891;584;s824;ENP-China Project: https://www.enpchina.eu/;
贛縣;Ganxian;Jiangxi;江西;25.8590101527611;114.904638698901;贛縣;縣;1931;D2982915;N0391917;1839;s1903;ENP-China Project: https://www.enpchina.eu/;
干崖;Ganya;Yunnan;雲南;24.7642168852945;98.070972702903;干崖縣;縣;1931;11703629;N0415397;884;s18;ENP-China Project: https://www.enpchina.eu/;
贛榆;Ganyu;Jiangsu;江蘇;34.88763486437;119.142672887919;贛榆縣;縣;1931;DH036760-1;DH036760-1;2364;s1205;ENP-China Project: https://www.enpchina.eu/;
甘孜;Ganzi;Xikang;西康;31.6322949651664;99.9916880604575;甘孜縣;縣;1931;D3237451;N0365070;259;s1220;ENP-China Project: https://www.enpchina.eu/;
高安;Gaoan;Jiangxi;江西;28.4411223298444;115.382888872736;高安縣;縣;1931;D2867918;N0407989;1830;s1896;ENP-China Project: https://www.enpchina.eu/;
藁城;Gaocheng;Hebei;河北;38.036713;114.834183;藁城縣;縣;1931;D3068408;N0386475;1348;s336;ENP-China Project: https://www.enpchina.eu/;
高淳;Gaochun;Jiangsu;江蘇;31.3166680259203;118.893807034742;高淳縣;縣;1931;D2867880;N0408626;2557;s1323;ENP-China Project: https://www.enpchina.eu/;
臯蘭;Gaolan;Gansu;甘肅;36.0576372759293;103.672134447167;臯蘭縣;縣;1931;DH042222-1;DH042222-1;203;s1732;ENP-China Project: https://www.enpchina.eu/;
高陵;Gaoling;Shaanxi;陝西;34.5192270317212;109.108559265785;高陵縣;縣;1931;D2904635;N0408973;586;s828;ENP-China Project: https://www.enpchina.eu/;
高密;Gaomi;Shandong;山東;36.3869311963407;119.766290767067;高密縣;縣;1931;D3302692;N0408162;2260;s1748;ENP-China Project: https://www.enpchina.eu/;
高明;Gaoming;Guangdong;廣東;22.8786022994983;112.715107759398;高明縣;縣;1931;D3003368;N0408423;2184;s1831;ENP-China Project: https://www.enpchina.eu/;
高平;Gaoping;Shanxi;山西;35.7965406027975;113.064555823785;高平縣;縣;1931;D3022831;N0408332;355;s1048;ENP-China Project: https://www.enpchina.eu/;
高臺;Gaotai;Gansu;甘肅;39.3547023101768;99.9634667250451;高臺縣;縣;1931;D3364328-1;D3364327-1;453;s1328;ENP-China Project: https://www.enpchina.eu/;
高唐;Gaotang;Shandong;山東;36.8692479817037;116.20965025123;高唐縣;縣;1931;D3065759;N0407768;2284;s1673;ENP-China Project: https://www.enpchina.eu/;
高縣;Gaoxian;Sichuan;四川;28.39086;104.505014918229;高縣;縣;1931;D2867975;N0407727;654;s1024;ENP-China Project: https://www.enpchina.eu/;
高陽;Gaoyang;Hebei;河北;38.6833189577622;115.776921084493;高陽縣;縣;1931;D3081266;N0408944;1612;s169;ENP-China Project: https://www.enpchina.eu/;
高要;Gaoyao;Guangdong;廣東;23.0439071604014;112.479182679197;高要縣;縣;1931;D3126242;N0408852;2206;s1857;ENP-China Project: https://www.enpchina.eu/;
高邑;Gaoyi;Hebei;河北;37.604755;114.611526;高邑縣;縣;1931;D3081256;N0408894;1335;s366;ENP-China Project: https://www.enpchina.eu/;
高郵;Gaoyou;Jiangsu;江蘇;32.770256846555;119.46278013563;高郵縣;縣;1931;D3235286;N0408895;2350;s1177;ENP-China Project: https://www.enpchina.eu/;
高苑;Gaoyuan;Shandong;山東;37.1222654616469;117.959682547691;高苑縣;縣;1931;11703933;N0415701;2313;s1243;ENP-China Project: https://www.enpchina.eu/;
箇舊;Gejiu;Yunnan;雲南;23.3751166762498;103.072848079503;箇舊縣;縣;1931;11703800;N0415568;903;s32;ENP-China Project: https://www.enpchina.eu/;
戈陽;Geyang;Jiangxi;江西;28.3748360238935;117.349734592659;戈陽縣;縣;1931;11703661;N0415429;1392;s326;ENP-China Project: https://www.enpchina.eu/;
公安;Gongan;Hubei;湖北;29.9331878035216;112.033253671548;公安縣;縣;1931;DH043346-1;DH218139-1;1266;s508;ENP-China Project: https://www.enpchina.eu/;
恭城;Gongcheng;Guangxi;廣西;24.8763303253872;110.654420985666;恭城縣;縣;1931;D3136727;N0329432;312;s1202;ENP-China Project: https://www.enpchina.eu/;
貢噶;Gongga;Xikang;西康;28.6314544701808;100.162309415285;貢噶縣;縣;1931;D3234892;N0391251;723;s978;ENP-China Project: https://www.enpchina.eu/;
珙縣;Gongxian;Sichuan;四川;28.264122755917;104.72815727759;珙縣;縣;1931;D2867963;N0364172;378;s1089;ENP-China Project: https://www.enpchina.eu/;
貢縣;Gongxian;Xikang;西康;30.6700050328335;98.3382494048163;貢縣;縣;1931;11703853;N0415621;719;s973;ENP-China Project: https://www.enpchina.eu/;
鞏縣;Gongxian;Henan;河南;34.841598582784;113.000643723085;鞏縣;縣;1931;DH041015-1;DH041015-1;1924;s97;ENP-China Project: https://www.enpchina.eu/;
固安;Guan;Hebei;河北;39.435631;116.301171;固安縣;縣;1931;D3111218;N0302640;1333;s364;ENP-China Project: https://www.enpchina.eu/;
觀城;Guancheng;Shandong;山東;35.9494880957776;115.393209813632;觀城縣;縣;1931;11703848;N0415616;2334;s1271;ENP-China Project: https://www.enpchina.eu/;
廣安;Guangan;Sichuan;四川;30.4898103605903;106.630402;廣安縣;縣;1931;D3133409;N0324952;411;s1493;ENP-China Project: https://www.enpchina.eu/;
廣昌;Guangchang;Jiangxi;江西;26.7683436254892;116.09258580501;廣昌縣;縣;1931;D2973539;N0324997;1834;s1907;ENP-China Project: https://www.enpchina.eu/;
廣德;Guangde;Anhui;安徽;30.9132461684794;119.392348747281;廣德縣;縣;1931;D3140223;N0324984;1039;s480;ENP-China Project: https://www.enpchina.eu/;
廣豐;Guangfeng;Jiangxi;江西;28.3541678980209;118.172273958042;廣豐縣;縣;1931;DH046217-1;DH046217-1;1220;s516;ENP-China Project: https://www.enpchina.eu/;
廣漢;Guanghan;Sichuan;四川;30.974043393522;104.286447148576;廣漢縣;縣;1931;D2867702;N0325009;671;s1038;ENP-China Project: https://www.enpchina.eu/;
光化;Guanghua;Hubei;湖北;32.4043225982392;111.668827639296;光化縣;縣;1931;DH052647-1;DH169176-1;1099;s449;ENP-China Project: https://www.enpchina.eu/;
廣濟;Guangji;Hubei;湖北;30.0851917053048;115.645006066654;廣濟縣;縣;1931;D3386579;N0325014;1762;s246;ENP-China Project: https://www.enpchina.eu/;
廣靈;Guangling;Shanxi;山西;39.7290102495894;114.143135632118;廣靈縣;縣;1931;DH029072-1;DH029075-1;525;s908;ENP-China Project: https://www.enpchina.eu/;
廣南;Guangnan;Yunnan;雲南;24.0362356899318;105.018480262846;廣南縣;縣;1931;D2907921;N0324925;319;s1196;ENP-China Project: https://www.enpchina.eu/;
廣寧;Guangning;Guangdong;廣東;23.7240724974915;112.294674684214;廣寧縣;縣;1931;DH034965-1;DH034965-1;2174;s1555;ENP-China Project: https://www.enpchina.eu/;
廣平;Guangping;Hebei;河北;36.474263125212;114.924756082135;廣平縣;縣;1931;D3073635;N0324977;1579;s206;ENP-China Project: https://www.enpchina.eu/;
廣饒;Guangrao;Shandong;山東;37.0725059310303;118.41266586089;廣饒縣;縣;1931;D3073633;N0325075;2315;s1247;ENP-China Project: https://www.enpchina.eu/;
光山;Guangshan;Henan;河南;32.0390455248744;115.057233434322;光山縣;縣;1931;DH037775-1;DH212568-1;1942;s115;ENP-China Project: https://www.enpchina.eu/;
廣順;Guangshun;Guizhou;貴州;26.1104719675929;106.33764610478;廣順縣;縣;1931;DH029587-1;DH029587-1;295;s1153;ENP-China Project: https://www.enpchina.eu/;
廣通;Guangtong;Yunnan;雲南;25.1919708396199;101.743797074844;廣通縣;縣;1931;DH027459-1;DH143988-1;321;s1099;ENP-China Project: https://www.enpchina.eu/;
廣元;Guangyuan;Sichuan;四川;32.4314697596065;105.860858881033;廣元縣;縣;1931;D3122975;N0324914;237;s1661;ENP-China Project: https://www.enpchina.eu/;
光澤;Guangze;Fujian;福建;27.529672264974;117.38251067513;光澤縣;縣;1931;D3149861;N0284409;2512;s1379;ENP-China Project: https://www.enpchina.eu/;
廣州;Guangzhou;Guangdong;廣東;23.134624;113.256066;NA;NA;1931;D3074743;N0324970;NA;NA;ENP-China Project: https://www.enpchina.eu/;
廣宗;Guangzong;Hebei;河北;37.0799341186212;115.134862880237;廣宗縣;縣;1931;D3109256;N0324960;1594;s223;ENP-China Project: https://www.enpchina.eu/;
關嶺;Guanling;Guizhou;貴州;25.7842044187244;105.622868728223;關嶺縣;縣;1931;11703901;N0415669;485;s1272;ENP-China Project: https://www.enpchina.eu/;
館陶;Guantao;Shandong;山東;36.651789214637;115.38797844757;館陶縣;縣;1931;D3110427;N0405758;2251;s1743;ENP-China Project: https://www.enpchina.eu/;
冠縣;Guanxian;Shandong;山東;36.4639778219556;115.424024429274;冠縣;縣;1931;D3070822;N0286796;2304;s1229;ENP-China Project: https://www.enpchina.eu/;
灌縣;Guanxian;Sichuan;四川;31.013049;103.620003;灌縣縣;縣;1931;DH046348-1;DH046348-1;168;s64;ENP-China Project: https://www.enpchina.eu/;
灌陽;Guanyang;Guangxi;廣西;25.5390342700446;110.920904428407;灌陽縣;縣;1931;D3132090;N0359834;286;s1262;ENP-China Project: https://www.enpchina.eu/;
灌雲;Guanyun;Jiangsu;江蘇;34.4780010926821;119.285340242171;灌雲縣;縣;1931;D3024555;N0359809;2591;s950;ENP-China Project: https://www.enpchina.eu/;
故城;Gucheng;Hebei;河北;37.3769007103509;116.123186478009;故城縣;縣;1931;D3060919;N0331926;1601;s164;ENP-China Project: https://www.enpchina.eu/;
穀城;Gucheng;Hubei;湖北;32.2765174466833;111.574080246926;穀城縣;縣;1931;11703797;N0415565;1749;s270;ENP-China Project: https://www.enpchina.eu/;
古化;Guhua;Guangxi;廣西;25.1718715536899;109.704358650481;古化縣;縣;1931;11703539;N0415307;445;s1421;ENP-China Project: https://www.enpchina.eu/;
貴池;Guichi;Anhui;安徽;30.6894613158988;117.437753599862;貴池縣;縣;1931;DH057972-1;DH232765-1;1012;s679;ENP-China Project: https://www.enpchina.eu/;
貴德;Guide;Qinghai;青海;36.0095441117918;101.457484491438;貴德縣;縣;1931;D3313007;N0391411;65;s1561;ENP-China Project: https://www.enpchina.eu/;
貴定;Guiding;Guizhou;貴州;26.5853965887119;107.19933416122;貴定縣;縣;1931;DH053216-1;DH053216-1;98;s1507;ENP-China Project: https://www.enpchina.eu/;
桂東;Guidong;Hunan;湖南;26.1857736089387;113.946774065889;桂東縣;縣;1931;D3084280;N0344783;1326;s361;ENP-China Project: https://www.enpchina.eu/;
歸化;Guihua;Fujian;福建;26.329026892723;117.175704618273;歸化縣;縣;1931;DH053651-1;DH053651-1;2488;s1440;ENP-China Project: https://www.enpchina.eu/;
桂林;Guilin;Guangxi;廣西;25.3468444742452;110.164409625939;桂林縣;縣;1931;D3333926;N0344789;320;s1101;ENP-China Project: https://www.enpchina.eu/;
桂平;Guiping;Guangxi;廣西;23.3922276851142;110.076349629772;桂平縣;縣;1931;DH032583-1;DH149112-1;281;s1264;ENP-China Project: https://www.enpchina.eu/;
歸綏;Guisui;Suiyuan;綏遠;40.7979449921076;111.649527454915;歸綏縣;縣;1931;11703716;N0415484;438;s1414;ENP-China Project: https://www.enpchina.eu/;
貴溪;Guixi;Jiangxi;江西;28.2735857185319;117.129104005829;貴溪縣;縣;1931;D3226425;N0391421;1013;s678;ENP-China Project: https://www.enpchina.eu/;
貴縣;Guixian;Guangxi;廣西;23.0323075257548;109.657653612602;貴縣;縣;1931;D3391843;N0391390;6;s1624;ENP-China Project: https://www.enpchina.eu/;
桂陽;Guiyang;Hunan;湖南;25.8291900064085;112.528899776699;桂陽縣;縣;1931;DH048159-1;DH164688-1;1182;s577;ENP-China Project: https://www.enpchina.eu/;
貴陽;Guiyang;Guizhou;貴州;26.579306;106.707809;NA;NA;1931;D3111196;N0391435;NA;NA;ENP-China Project: https://www.enpchina.eu/;
貴筑;Guizhu;Guizhou;貴州;26.5888608091862;106.70031110864;貴筑縣;縣;1931;11703854;N0415622;472;s1384;ENP-China Project: https://www.enpchina.eu/;
古浪;Gulang;Gansu;甘肅;37.4984593967701;102.90342033635;古浪縣;縣;1931;DH048866-1;DH223659-1;147;s1840;ENP-China Project: https://www.enpchina.eu/;
古藺;Gulin;Sichuan;四川;28.1105298426072;105.847029841377;古藺縣;縣;1931;DH008360-1;DH183153-1;506;s1326;ENP-China Project: https://www.enpchina.eu/;
果德;Guode;Guangxi;廣西;23.3546308597559;107.527419121577;果德縣;縣;1931;11703698;N0415466;986;s716;ENP-China Project: https://www.enpchina.eu/;
崞縣;Guoxian;Shanxi;山西;38.8175604923035;112.78738682238;崞縣;縣;1931;DH052855-1;DH052855-1;100;s1496;ENP-China Project: https://www.enpchina.eu/;
固始;Gushi;Henan;河南;32.232838801789;115.726271706764;固始縣;縣;1931;DH039317-1;DH155846-1;1930;s111;ENP-China Project: https://www.enpchina.eu/;
古宋;Gusong;Sichuan;四川;28.3988670433451;105.178598198278;古宋縣;縣;1931;D3393800-1;D3393801-1;447;s1424;ENP-China Project: https://www.enpchina.eu/;
古田;Gutian;Fujian;福建;26.5896689905238;118.839635861255;古田縣;縣;1931;D3355024;N0296492;2510;s1361;ENP-China Project: https://www.enpchina.eu/;
固陽;Guyang;Suiyuan;綏遠;41.1537810350609;110.177723675633;固陽縣;縣;1931;11703549;N0415317;514;s906;ENP-China Project: https://www.enpchina.eu/;
固原;Guyuan;Gansu;甘肅;36.0074660775442;106.111050154114;固原縣;縣;1931;DH012021-1;DH186814-1;398;s1457;ENP-China Project: https://www.enpchina.eu/;
沽源;Guyuan;Chahaer;察哈爾;41.4460076127654;115.761733866521;沽源縣;縣;1931;D3066333;N0354231;302;s1167;ENP-China Project: https://www.enpchina.eu/;
古丈;Guzhang;Hunan;湖南;28.6276460624811;109.97648549874;古丈縣;縣;1931;D2865230;N0296077;1776;s260;ENP-China Project: https://www.enpchina.eu/;
哈巴河;Habahe;Xinjiang;新疆;47.8922837500109;86.1596129472867;哈巴河縣;縣;1931;D3233964;N0300845;798;s660;ENP-China Project: https://www.enpchina.eu/;
海城;Haicheng;Liaoning;遼寧;42.6536685354957;125.857302334061;海城縣;縣;1931;D3231906;N0356457;1298;s385;ENP-China Project: https://www.enpchina.eu/;
海澄;Haicheng;Fujian;福建;24.4522891836341;117.865354402635;海澄縣;縣;1931;11703734;N0415502;2543;s1300;ENP-China Project: https://www.enpchina.eu/;
海豐;Haifeng;Guangdong;廣東;22.975712;115.334808;海豐縣;縣;1931;D2925424;N0356378;2178;s1820;ENP-China Project: https://www.enpchina.eu/;
海康;Haikang;Guangdong;廣東;20.9182252994983;110.071646700502;海康縣;縣;1931;DH030260-1;DH146789-1;2208;s1782;ENP-China Project: https://www.enpchina.eu/;
海口;Haikou;Hainan;海南;20.0551121838273;110.199387755039;NA;NA;1931;D3060950;N0356433;NA;NA;ENP-China Project: https://www.enpchina.eu/;
海拉爾;Hailar;Xing'an;興安;49.228715156451;119.738637388279;NA;NA;1931;D3675213;N0415246;NA;NA;ENP-China Project: https://www.enpchina.eu/;
海倫;Hailun;Heilongjiang;黑龍江;47.4830904168635;126.969598483373;海倫縣;縣;1931;T0257544-1;T0257544-3;509;s1313;ENP-China Project: https://www.enpchina.eu/;
海門;Haimen;Jiangsu;江蘇;31.9145695551675;121.183247345399;海門縣;縣;1931;D3380233;N0356648;2370;s1116;ENP-China Project: https://www.enpchina.eu/;
海寧;Haining;Zhejiang;浙江;30.428089059517;120.529568432903;海寧縣;縣;1931;DH006512-1;DH123041-1;2452;s1479;ENP-China Project: https://www.enpchina.eu/;
海鹽;Haiyan;Zhejiang;浙江;30.539668059517;120.944909171533;海鹽縣;縣;1931;D3208607;N0356617;2410;s1069;ENP-China Project: https://www.enpchina.eu/;
海陽;Haiyang;Shandong;山東;36.7093681175391;121.228973897894;海陽縣;縣;1931;D3052722;N0356657;2321;s1259;ENP-China Project: https://www.enpchina.eu/;
海原;Haiyuan;Gansu;甘肅;36.5844151208408;105.521672611305;海原縣;縣;1931;11703733;N0415501;417;s1398;ENP-China Project: https://www.enpchina.eu/;
哈密;Hami;Xinjiang;新疆;42.7978484481415;93.4869031722122;哈密縣;縣;1931;D3349388-1;D3349389-1;784;s655;ENP-China Project: https://www.enpchina.eu/;
韓城;Hancheng;Shaanxi;陝西;35.4641460344446;110.33500722653;韓城縣;縣;1931;D3055961;N0404784;651;s1026;ENP-China Project: https://www.enpchina.eu/;
漢川;Hanchuan;Hubei;湖北;30.6148717536612;113.791323392957;漢川縣;縣;1931;DH046976-1;DH221769-1;1212;s556;ENP-China Project: https://www.enpchina.eu/;
邯鄲;Handan;Hebei;河北;36.6128147204163;114.463012797139;邯鄲縣;縣;1931;D3230421;N0395205;1345;s338;ENP-China Project: https://www.enpchina.eu/;
杭縣;Hangxian;Zhejiang;浙江;30.2708333536905;120.171207717323;杭縣;縣;1931;11703690;N0415458;2616;s897;ENP-China Project: https://www.enpchina.eu/;
杭州;Hangzhou;Zhejiang;浙江;30.294125;120.168625;NA;NA;1931;D3380663;N0341746;NA;NA;ENP-China Project: https://www.enpchina.eu/;
漢口;Hankou;Hubei;湖北;30.5626257357741;114.253844516126;漢口縣;縣;1931;D2873036;N0350979;1028;s12;ENP-China Project: https://www.enpchina.eu/;
含山;Hanshan;Anhui;安徽;31.7270760631798;118.128524231659;含山縣;縣;1931;DH042047-1;DH158576-1;1293;s378;ENP-China Project: https://www.enpchina.eu/;
漢壽;Hanshou;Hunan;湖南;28.9727290341791;111.851394785402;漢壽縣;縣;1931;D3028266;N0350999;1773;s247;ENP-China Project: https://www.enpchina.eu/;
漢陽;Hanyang;Hubei;湖北;30.5250418993247;114.236957097208;漢陽縣;縣;1931;D3004690;N0351054;1760;s244;ENP-China Project: https://www.enpchina.eu/;
漢陰;Hanyin;Shaanxi;陝西;32.9669666447598;108.742611208406;漢陰縣;縣;1931;D3115173;N0351058;119;s1526;ENP-China Project: https://www.enpchina.eu/;
漢源;Hanyuan;Sichuan;四川;29.5780758798032;102.699974802952;漢源縣;縣;1931;D2864900;N0351029;161;s1774;ENP-China Project: https://www.enpchina.eu/;
毫縣;Haoxian;Anhui;安徽;33.8941023324752;115.785024732682;毫縣;縣;1931;11703717;N0415485;1556;s230;ENP-China Project: https://www.enpchina.eu/;
河池;Hechi;Guangxi;廣西;24.7289544637437;107.801092674613;河池縣;縣;1931;DH027563-1;DH144092-1;315;s1204;ENP-China Project: https://www.enpchina.eu/;
合川;Hechuan;Sichuan;四川;30.023208206368;106.276029292013;合川縣;縣;1931;D3022868;N0297325;695;s999;ENP-China Project: https://www.enpchina.eu/;
合肥;Hefei;Anhui;安徽;31.9015763369587;117.299659210599;合肥縣;縣;1931;D3073061;N0297420;1367;s346;ENP-China Project: https://www.enpchina.eu/;
鶴峰;Hefeng;Jiangxi;江西;28.3775018938755;117.513076573626;鶴峰縣;縣;1931;11703940;N0415708;1824;s1898;ENP-China Project: https://www.enpchina.eu/;
鶴峰;Hefeng;Hubei;湖北;29.8719925161263;109.862975809363;鶴峰縣;縣;1931;D2944416;N0410142;1231;s522;ENP-China Project: https://www.enpchina.eu/;
黑山;Heishan;Liaoning;遼寧;41.7082517682744;122.077618183247;黑山縣;縣;1931;D2864045;N0413094;1639;s130;ENP-China Project: https://www.enpchina.eu/;
河間;Hejian;Hebei;河北;38.4344096853056;116.094558202861;河間縣;縣;1931;D3289970;N0353989;1481;s414;ENP-China Project: https://www.enpchina.eu/;
河津;Hejin;Shanxi;山西;35.5929305577952;110.61204370118;河津縣;縣;1931;D3086957;N0353843;650;s1027;ENP-China Project: https://www.enpchina.eu/;
和林格爾;Helingeer;Suiyuan;綏遠;40.384826030189;111.792529185864;和林格爾;縣;1931;D3230719;N0300656;717;s971;ENP-China Project: https://www.enpchina.eu/;
和龍;Helong;Jilin;吉林;42.6393035478674;129.547023205687;和龍縣;縣;1931;D3181486;N0300711;1484;s413;ENP-China Project: https://www.enpchina.eu/;
橫山;Hengshan;Shaanxi;陝西;37.9170419559359;109.180438999748;橫山縣;縣;1931;11703708;N0415476;628;s790;ENP-China Project: https://www.enpchina.eu/;
衡山;Hengshan;Hunan;湖南;27.2753594907186;112.792990018563;衡山縣;縣;1931;DH055717-1;DH172246-1;1049;s491;ENP-China Project: https://www.enpchina.eu/;
衡水;Hengshui;Hebei;河北;37.7266874468547;115.705320443797;衡水縣;縣;1931;D3048824;N0387209;1600;s165;ENP-China Project: https://www.enpchina.eu/;
橫縣;Hengxian;Guangxi;廣西;22.6399198195884;109.321226666653;橫縣;縣;1931;D3057907;N0347855;985;s713;ENP-China Project: https://www.enpchina.eu/;
衡陽;Hengyang;Hunan;湖南;26.9380065090372;112.569745868222;衡陽縣;縣;1931;DH047943-1;DH222736-1;1190;s538;ENP-China Project: https://www.enpchina.eu/;
和平;Heping;Guangdong;廣東;24.3640476192784;115.113347171291;和平縣;縣;1931;D2920742;N0300595;2198;s1843;ENP-China Project: https://www.enpchina.eu/;
合浦;Hepu;Guangdong;廣東;21.6393909633205;109.15928596332;合浦縣;縣;1931;DH038660-1;DH155189-1;2173;s1549;ENP-China Project: https://www.enpchina.eu/;
鶴慶;Heqing;Yunnan;雲南;26.564897957232;100.146395256608;鶴慶縣;縣;1931;DH040325-1;DH040325-1;212;s1738;ENP-China Project: https://www.enpchina.eu/;
河曲;Hequ;Shanxi;山西;39.4071276167849;111.114309451747;河曲縣;縣;1931;DH020429-1;DH195222-1;362;s1059;ENP-China Project: https://www.enpchina.eu/;
鶴山;Heshan;Guangdong;廣東;22.6392068101505;112.82367;鶴山縣;縣;1931;D2896047;N0410136;2158;s1523;ENP-China Project: https://www.enpchina.eu/;
合水;Heshui;Gansu;甘肅;36.0132048620354;107.982269550884;合水縣;縣;1931;DH025397-1;DH141926-1;335;s1111;ENP-China Project: https://www.enpchina.eu/;
和順;Heshun;Shanxi;山西;37.3194647258734;113.617693165038;和順縣;縣;1931;DH022030-1;DH138559-1;352;s50;ENP-China Project: https://www.enpchina.eu/;
和闐;Hetian;Xinjiang;新疆;37.0953167240707;79.9174867240707;和闐縣;縣;1931;DH017128-1;DH017128-1;384;s1445;ENP-China Project: https://www.enpchina.eu/;
河西;Hexi;Yunnan;雲南;24.1636608289279;102.613252203148;河西縣;縣;1931;D2969137;N0353942;141;s1812;ENP-China Project: https://www.enpchina.eu/;
和縣;Hexian;Anhui;安徽;31.711874619592;118.351884949774;和縣;縣;1931;D2865841;N0300498;1571;s198;ENP-China Project: https://www.enpchina.eu/;
賀縣;Hexian;Guangxi;廣西;24.394230214702;111.493648300551;賀縣;縣;1931;D3391852;N0391484;176;s1791;ENP-China Project: https://www.enpchina.eu/;
郃陽;Heyang;Shaanxi;陝西;35.1864303972025;109.999191576228;郃陽縣;縣;1931;11703869;N0415637;24;s1647;ENP-China Project: https://www.enpchina.eu/;
河源;Heyuan;Guangdong;廣東;23.7028299738787;114.795665886501;河源縣;縣;1931;D3325279;N0353872;2168;s1558;ENP-China Project: https://www.enpchina.eu/;
菏澤;Heze;Shandong;山東;35.2740391875452;115.527727180949;菏澤縣;縣;1931;D3072601;N0384604;2340;s1159;ENP-China Project: https://www.enpchina.eu/;
和政;Hezheng;Gansu;甘肅;35.3647430544183;103.130516212881;和政縣;縣;1931;D2892743;N0300642;962;s28;ENP-China Project: https://www.enpchina.eu/;
呼和浩特;Hohhot;Inner Mongolia;內蒙古;40.8532850578603;111.751550946151;NA;NA;1931;D3058999;N0300423;NA;NA;ENP-China Project: https://www.enpchina.eu/;
洪洞;Hongdong;Shanxi;山西;36.2549153972025;111.690387671329;洪洞縣;縣;1931;DH029639-1;DH204432-1;294;s1154;ENP-China Project: https://www.enpchina.eu/;
紅水;Hongshui;Gansu;甘肅;37.0816339704682;103.776173260075;紅水縣;縣;1931;D2964898;N0375840;940;s726;ENP-China Project: https://www.enpchina.eu/;
洪雅;Hongya;Sichuan;四川;29.7916039157695;103.301417557639;洪雅縣;縣;1931;DH051768-1;DH168297-1;112;s1532;ENP-China Project: https://www.enpchina.eu/;
后坪;Houping;Guizhou;貴州;28.7383855695688;108.34446032906;后坪縣;縣;1931;11703543;N0415311;458;s1358;ENP-China Project: https://www.enpchina.eu/;
樺川;Huachuan;Jilin;吉林;47.0707046293851;130.744460437915;樺川縣;縣;1931;T0257528-1;T0257503-2;1849;s1920;ENP-China Project: https://www.enpchina.eu/;
樺甸;Huadian;Jilin;吉林;42.9704916985783;126.746368794313;樺甸縣;縣;1931;T0257529-1;T0257504-2;1850;s1923;ENP-China Project: https://www.enpchina.eu/;
華崶;Huafeng;Fujian;福建;25.0072702567634;117.512881216151;華崶縣;縣;1931;11703832;N0415600;2539;s1306;ENP-China Project: https://www.enpchina.eu/;
懷安;Huaian;Chahaer;察哈爾;40.5579650561975;114.48429725518;懷安縣;縣;1931;D3074422;N0329268;924;s768;ENP-China Project: https://www.enpchina.eu/;
淮安;Huaian;Jiangsu;江蘇;33.5085772097687;119.18741167815;淮安縣;縣;1931;DH029748-1;DH204541-1;2367;s1207;ENP-China Project: https://www.enpchina.eu/;
懷德;Huaide;Liaoning;遼寧;43.8886054970861;124.755937628642;懷德縣;縣;1931;11703658;N0415426;1364;s345;ENP-China Project: https://www.enpchina.eu/;
懷集;Huaiji;Guangxi;廣西;24.03755334639;112.072616172696;懷集縣;縣;1931;DH027213-1;DH143742-1;328;s1117;ENP-China Project: https://www.enpchina.eu/;
懷來;Huailai;Chahaer;察哈爾;40.4038882719349;115.697301756738;懷來縣;縣;1931;D3054851;N0329280;308;s1178;ENP-China Project: https://www.enpchina.eu/;
懷寧;Huaining;Anhui;安徽;30.5378152316591;117.03699602106;懷寧縣;縣;1931;DH052413-1;DH052413-1;1106;s453;ENP-China Project: https://www.enpchina.eu/;
懷仁;Huairen;Shanxi;山西;39.8261191370633;113.091254725873;懷仁縣;縣;1931;DH025136-1;DH141665-1;336;s1132;ENP-China Project: https://www.enpchina.eu/;
懷柔;Huairou;Hebei;河北;40.3107663072973;116.654322378238;懷柔縣;縣;1931;11703659;N0415427;1682;s306;ENP-China Project: https://www.enpchina.eu/;
淮陽;Huaiyang;Henan;河南;33.7591122055478;114.957714850033;淮陽縣;縣;1931;11703741;N0415509;2002;s1956;ENP-China Project: https://www.enpchina.eu/;
淮陰;Huaiyin;Jiangsu;江蘇;33.5859529951433;119.076538346779;淮陰縣;縣;1931;11703740;N0415508;2592;s861;ENP-China Project: https://www.enpchina.eu/;
懷遠;Huaiyuan;Anhui;安徽;32.9794435939439;117.258788451558;懷遠縣;縣;1931;11703660;N0415428;1567;s235;ENP-China Project: https://www.enpchina.eu/;
黃安;Huangan;Hubei;湖北;31.3082024838737;114.724106460425;黃安縣;縣;1931;DH037199-1;DH037199-1;1343;s371;ENP-China Project: https://www.enpchina.eu/;
黃岡;Huanggang;Hubei;湖北;30.6058248299332;114.887918164226;黃岡縣;縣;1931;D3222387;N0410921;1325;s360;ENP-China Project: https://www.enpchina.eu/;
黃梅;Huangmei;Hubei;湖北;30.0268779501397;115.976046967747;黃梅縣;縣;1931;D3130593;N0411893;1052;s488;ENP-China Project: https://www.enpchina.eu/;
黃平;Huangping;Guizhou;貴州;26.8956025887119;107.883793758034;黃平縣;縣;1931;DH055300-1;DH230093-1;58;s1620;ENP-China Project: https://www.enpchina.eu/;
黃陂;Huangping;Hubei;湖北;30.8924871231694;114.412310008804;黃陂縣;縣;1931;D3019293;N0412811;1393;s325;ENP-China Project: https://www.enpchina.eu/;
潢山;Huangshan;Henan;河南;32.197692451717;115.144170102688;潢山縣;縣;1931;11703752;N0415520;2010;s1959;ENP-China Project: https://www.enpchina.eu/;
晃縣;Huangxian;Hunan;湖南;27.3606807837201;109.104434667734;晃縣;縣;1931;11703676;N0415444;1780;s256;ENP-China Project: https://www.enpchina.eu/;
黃縣;Huangxian;Shandong;山東;37.641211214637;120.530841178044;黃縣;縣;1931;11703945;N0415713;2275;s1668;ENP-China Project: https://www.enpchina.eu/;
黃巖;Huangyan;Zhejiang;浙江;28.6775176266141;121.251781539424;黃巖縣;縣;1931;11703944;N0415712;2449;s1485;ENP-China Project: https://www.enpchina.eu/;
湟源;Huangyuan;Qinghai;青海;36.7037853904881;101.208128700702;湟源縣;縣;1931;D2868524;N0358327;941;s725;ENP-China Project: https://www.enpchina.eu/;
桓仁;Huanren;Liaoning;遼寧;41.2698364949447;125.419918890598;桓仁縣;縣;1931;D3098906;N0345545;1634;s135;ENP-China Project: https://www.enpchina.eu/;
桓臺;Huantai;Shandong;山東;36.9858759057693;117.928355948489;桓臺縣;縣;1931;11703700;N0415468;2312;s1245;ENP-China Project: https://www.enpchina.eu/;
環縣;Huanxian;Gansu;甘肅;36.598599905332;107.130643231658;環縣;縣;1931;D3314694;N0364054;179;s1792;ENP-China Project: https://www.enpchina.eu/;
化平;Huaping;Gansu;甘肅;35.4681542447286;106.146675930266;化平縣;縣;1931;11703530;N0415298;951;s733;ENP-China Project: https://www.enpchina.eu/;
華坪;Huaping;Yunnan;雲南;26.9768142949222;101.176221684288;華坪縣;縣;1931;DH048794-1;DH048794-1;149;s1827;ENP-China Project: https://www.enpchina.eu/;
華容;Huarong;Hunan;湖南;29.5558988633982;112.668237465968;華容縣;縣;1931;DH056443-1;DH056443-1;1037;s478;ENP-China Project: https://www.enpchina.eu/;
華亭;Huating;Gansu;甘肅;35.118082378672;106.488883507588;華亭縣;縣;1931;D3360190-1;D3360192-1;929;s721;ENP-China Project: https://www.enpchina.eu/;
化縣;Huaxian;Guangdong;廣東;21.519213396479;110.635365413411;化縣;縣;1931;11703531;N0415299;2570;s932;ENP-China Project: https://www.enpchina.eu/;
滑縣;Huaxian;Henan;河南;35.55192249266;114.559325268845;滑縣;縣;1931;D3114194;N0358811;1968;s85;ENP-China Project: https://www.enpchina.eu/;
花縣;Huaxian;Guangdong;廣東;23.4922903502508;113.28767127005;花縣;縣;1931;D3342313-1;D3342314-1;2197;s1837;ENP-China Project: https://www.enpchina.eu/;
華縣;Huaxian;Shaanxi;陝西;34.5342019762968;109.679104654117;華縣;縣;1931;D2904638;N0292014;590;s820;ENP-China Project: https://www.enpchina.eu/;
華陽;Huayang;Sichuan;四川;30.6064596974381;104.052099139321;華陽縣;縣;1931;D3163911;N0292214;2634;s836;ENP-China Project: https://www.enpchina.eu/;
華陰;Huayin;Shaanxi;陝西;34.5806243044813;109.920201261785;華陰縣;縣;1931;D3105855;N0292229;591;s818;ENP-China Project: https://www.enpchina.eu/;
湖北;Hubei;Wuhan;武漢;30.593001;114.305878;NA;NA;1931;D3061974;N0358027;NA;NA;ENP-China Project: https://www.enpchina.eu/;
壺關;Huguan;Shanxi;山西;36.0223324097844;113.362527234975;壺關縣;縣;1931;DH047784-1;DH164313-1;158;s1850;ENP-China Project: https://www.enpchina.eu/;
惠安;Huian;Fujian;福建;25.0549171167532;118.794060902199;惠安縣;縣;1931;DH051506-1;DH226299-1;2504;s1365;ENP-China Project: https://www.enpchina.eu/;
會昌;Huichang;Jiangxi;江西;25.5286594609572;115.732121221447;會昌縣;縣;1931;D2980271;N0282214;1229;s520;ENP-China Project: https://www.enpchina.eu/;
惠來;Huilai;Guangdong;廣東;23.0456359197993;116.2917664599;惠來縣;縣;1931;DH043251-1;DH159780-1;2165;s1533;ENP-China Project: https://www.enpchina.eu/;
會理;Huili;Sichuan;四川;26.660361;102.253369200738;會理縣;縣;1931;D2906590;N0282223;287;s1260;ENP-China Project: https://www.enpchina.eu/;
惠民;Huimin;Shandong;山東;37.511701730474;117.467286287822;惠民縣;縣;1931;D2890723;N0329567;2281;s1679;ENP-China Project: https://www.enpchina.eu/;
輝南;Huinan;Liaoning;遼寧;42.625048;126.259831;輝南縣;縣;1931;D3110591;N0393278;1568;s197;ENP-China Project: https://www.enpchina.eu/;
會寧;Huining;Gansu;甘肅;35.6955247844912;104.858595110817;會寧縣;縣;1931;DH038225-1;DH038225-1;224;s1655;ENP-China Project: https://www.enpchina.eu/;
會同;Huitong;Hunan;湖南;27.0075833293663;109.600883347692;會同縣;縣;1931;DH038206-1;DH038206-1;1332;s365;ENP-China Project: https://www.enpchina.eu/;
徽縣;Huixian;Gansu;甘肅;33.8292595951552;105.936856352499;徽縣;縣;1931;D2865342;N0329126;439;s1413;ENP-China Project: https://www.enpchina.eu/;
輝縣;Huixian;Henan;河南;35.4281566941306;113.869852874176;輝縣;縣;1931;DH039779-1;DH039779-1;1927;s98;ENP-China Project: https://www.enpchina.eu/;
惠陽;Huiyang;Guangdong;廣東;23.0845938634673;114.423237597774;惠陽縣;縣;1931;11703652;N0415420;2562;s917;ENP-China Project: https://www.enpchina.eu/;
會澤;Huize;Yunnan;雲南;26.4027531389961;103.176819919513;會澤縣;縣;1931;DH037333-1;DH037333-1;229;s1650;ENP-China Project: https://www.enpchina.eu/;
湖口;Hukou;Jiangxi;江西;29.7286306526808;116.292775581;湖口縣;縣;1931;D2986612;N0358039;1191;s537;ENP-China Project: https://www.enpchina.eu/;
呼蘭;Hulan;Heilongjiang;黑龍江;45.9650510554244;126.588275033255;呼蘭縣;縣;1931;DH004798-1;DH004798-4;432;s1415;ENP-China Project: https://www.enpchina.eu/;
虎林;Hulin;Jilin;吉林;45.9884550957348;133.633041109952;虎林縣;縣;1931;T0257537-1;T0257512-2;1852;s1917;ENP-China Project: https://www.enpchina.eu/;
呼倫;Hulun;Heilongjiang;黑龍江;49.2137514722878;119.728281505542;呼倫縣;縣;1931;T0257519-1;T0257494-2;515;s904;ENP-China Project: https://www.enpchina.eu/;
呼瑪;Huma;Heilongjiang;黑龍江;51.5582595598981;126.672339923928;呼瑪縣;縣;1931;D3025006;N0300429;540;s941;ENP-China Project: https://www.enpchina.eu/;
琿春;Hunchun;Jilin;吉林;42.8667756028434;130.363198424645;琿春縣;縣;1931;DH042960-1;DH217753-1;1273;s512;ENP-China Project: https://www.enpchina.eu/;
渾源;Hunyuan;Shanxi;山西;39.6541355267111;113.604037627394;渾源縣;縣;1931;D2867994;N0356082;611;s780;ENP-China Project: https://www.enpchina.eu/;
霍爾果斯;Huoerguosi;Xinjiang;新疆;44.1924080587996;80.3596028985641;霍爾果斯;縣;1931;11703917;N0415685;806;s618;ENP-China Project: https://www.enpchina.eu/;
獲嘉;Huojia;Henan;河南;35.2704745619899;113.669020357462;獲嘉縣;縣;1931;DH027103-1;DH027103-1;1952;s70;ENP-China Project: https://www.enpchina.eu/;
獲鹿;Huolu;Hebei;河北;38.0947148322498;114.302566741222;獲鹿縣;縣;1931;11703768;N0415536;1319;s356;ENP-China Project: https://www.enpchina.eu/;
霍邱;Huoqiu;Anhui;安徽;32.367468166285;116.287293982164;霍邱縣;縣;1931;D2868188;N0403845;1566;s3;ENP-China Project: https://www.enpchina.eu/;
霍山;Huoshan;Anhui;安徽;31.3845827894008;116.408274800277;霍山縣;縣;1931;DH014412-1;DH189205-1;1505;s395;ENP-China Project: https://www.enpchina.eu/;
霍縣;Huoxian;Shanxi;山西;36.5648044607548;111.744149511099;霍縣;縣;1931;11703918;N0415686;643;s1019;ENP-China Project: https://www.enpchina.eu/;
呼圖壁;Hutubi;Xinjiang;新疆;44.1241726464617;86.9594836141367;呼圖壁縣;縣;1931;D2873286;N0300426;810;s627;ENP-China Project: https://www.enpchina.eu/;
鄠縣;Huxian;Shaanxi;陝西;34.1177981370633;108.526181218177;鄠縣;縣;1931;11703876;N0415644;606;s842;ENP-China Project: https://www.enpchina.eu/;
互助;Huzhu;Qinghai;青海;36.8098481497808;102.002273610906;互助縣;縣;1931;D3102898;N0279626;939;s29;ENP-China Project: https://www.enpchina.eu/;
吉安;Ji'an;Jiangxi;江西;27.1223260419575;114.996724389277;吉安縣;縣;1931;D3221339;N0297521;1396;s323;ENP-China Project: https://www.enpchina.eu/;
楫安;Ji'an;Liaoning;遼寧;41.1319080943466;126.172367576004;楫安縣;縣;1931;11703701;N0415469;1635;s134;ENP-China Project: https://www.enpchina.eu/;
嘉定;Jiading;Jiangsu;江蘇;31.39510613563;121.23976186437;嘉定縣;縣;1931;DH028648-1;DH203441-1;2373;s1102;ENP-China Project: https://www.enpchina.eu/;
嘉禾;Jiahe;Hunan;湖南;25.5490812614196;112.213129963851;嘉禾縣;縣;1931;DH045980-1;DH220773-1;1225;s523;ENP-China Project: https://www.enpchina.eu/;
夾江;Jiajiang;Sichuan;四川;29.703743718721;103.543148399016;夾江縣;縣;1931;DH026458-1;DH142987-1;331;s1119;ENP-China Project: https://www.enpchina.eu/;
嘉黎;Jiali;Xikang;西康;30.7885644866264;93.3819992972419;嘉黎縣;縣;1931;D3398552;N0301575;254;s1698;ENP-China Project: https://www.enpchina.eu/;
佳木斯;Jiamusi;Hejiang;合江;46.80478852368;130.31844970181;NA;NA;1931;D2868549;N0283186;NA;NA;ENP-China Project: https://www.enpchina.eu/;
劍川;Jianchuan;Yunnan;雲南;26.484917746047;99.9031359675909;劍川縣;縣;1931;D2868708;N0289694;864;s586;ENP-China Project: https://www.enpchina.eu/;
建德;Jiande;Zhejiang;浙江;29.559319157371;119.499100461107;建德縣;縣;1931;D3056797;N0326573;2615;s880;ENP-China Project: https://www.enpchina.eu/;
江安;Jiangan;Sichuan;四川;28.7261522800492;105.041910199508;江安縣;縣;1931;D3142541;N0351277;297;s1169;ENP-China Project: https://www.enpchina.eu/;
江北;Jiangbei;Sichuan;四川;29.5917464973553;106.579093548746;江北縣;縣;1931;D3146811;N0351153;690;s1004;ENP-China Project: https://www.enpchina.eu/;
江城;Jiangcheng;Yunnan;雲南;22.5907000085545;101.807749794837;江城縣;縣;1931;D3125393;N0351240;912;s764;ENP-China Project: https://www.enpchina.eu/;
江川;Jiangchuan;Yunnan;雲南;24.4157100396557;102.736480237934;江川縣;縣;1931;D3133326;N0351377;426;s1410;ENP-China Project: https://www.enpchina.eu/;
江都;Jiangdu;Jiangsu;江蘇;32.40979227126;119.436029358046;江都縣;縣;1931;DH053196-1;DH053196-1;2351;s1175;ENP-China Project: https://www.enpchina.eu/;
劍閣;Jiange;Sichuan;四川;32.0312980906738;105.482509902247;劍閣縣;縣;1931;D3022165;N0289704;657;s1032;ENP-China Project: https://www.enpchina.eu/;
江華;Jianghua;Hunan;湖南;25.2566330999015;111.453540488827;江華縣;縣;1931;DH029984-1;DH146513-1;1766;s242;ENP-China Project: https://www.enpchina.eu/;
江津;Jiangjin;Sichuan;四川;29.2815182800492;106.237683199508;江津縣;縣;1931;DH028611-1;DH145140-1;304;s1186;ENP-China Project: https://www.enpchina.eu/;
江口;Jiangkou;Guizhou;貴州;27.6924607502838;108.891318215176;江口縣;縣;1931;D2865055;N0351196;461;s1344;ENP-China Project: https://www.enpchina.eu/;
將樂;Jiangle;Fujian;福建;26.7854045962813;117.430934981048;將樂縣;縣;1931;DH039195-1;DH155724-1;2516;s1372;ENP-China Project: https://www.enpchina.eu/;
江陵;Jiangling;Hubei;湖北;30.3205461143655;112.224409246339;江陵縣;縣;1931;D3230690;N0351625;1245;s529;ENP-China Project: https://www.enpchina.eu/;
江寧;Jiangning;Jiangsu;江蘇;31.8493612507217;118.605941337591;江寧縣;縣;1931;11703723;N0415491;2631;s813;ENP-China Project: https://www.enpchina.eu/;
江浦;Jiangpu;Jiangsu;江蘇;32.0535790850668;118.638054366454;江浦縣;縣;1931;D3018007;N0351475;2603;s874;ENP-China Project: https://www.enpchina.eu/;
江山;Jiangshan;Zhejiang;浙江;28.7546427572992;118.612962037339;江山縣;縣;1931;D3165600;N0351360;2416;s1080;ENP-China Project: https://www.enpchina.eu/;
絳縣;Jiangxian;Shanxi;山西;35.4832648629367;111.468663875519;絳縣縣;縣;1931;DH054789-1;DH054789-1;68;s60;ENP-China Project: https://www.enpchina.eu/;
江陰;Jiangyin;Jiangsu;江蘇;31.9064547160925;120.25682886437;江陰縣;縣;1931;DH044118-1;DH160647-1;2362;s1217;ENP-China Project: https://www.enpchina.eu/;
江油;Jiangyou;Sichuan;四川;31.881508;104.777906560098;江油縣;縣;1931;DH047066-1;DH221859-1;162;s1778;ENP-China Project: https://www.enpchina.eu/;
劍河;Jianhe;Guizhou;貴州;26.5527384634843;108.652163374667;劍河縣;縣;1931;D2864800;N0289696;481;s1279;ENP-China Project: https://www.enpchina.eu/;
監利;Jianli;Hubei;湖北;29.815758;112.920808483874;監利縣;縣;1931;DH056946-1;DH173475-1;1029;s475;ENP-China Project: https://www.enpchina.eu/;
建寧;Jianning;Fujian;福建;26.811692892723;116.823769902199;建寧縣;縣;1931;DH052121-1;DH168650-1;2497;s1347;ENP-China Project: https://www.enpchina.eu/;
建甌;Jianou;Fujian;福建;27.0761346122157;118.316344939379;建甌縣;縣;1931;D2867049;N0326613;2531;s1292;ENP-China Project: https://www.enpchina.eu/;
建平;Jianping;Jehol;熱河;41.8815930977351;119.663605716785;建平縣;縣;1931;D3342928;N0326564;1407;s331;ENP-China Project: https://www.enpchina.eu/;
建始;Jianshi;Hubei;湖北;30.610687;109.726273;建始縣;縣;1931;DH043943-1;DH218736-1;1252;s495;ENP-China Project: https://www.enpchina.eu/;
建水;Jianshui;Yunnan;雲南;23.6481995658915;102.816484550452;建水縣;縣;1931;D2868719;N0326604;901;s746;ENP-China Project: https://www.enpchina.eu/;
犍為;Jianwei;Sichuan;四川;29.151030917908;103.918605798802;犍為縣;縣;1931;D2868495;N0362039;705;s967;ENP-China Project: https://www.enpchina.eu/;
建陽;Jianyang;Fujian;福建;27.3869494006796;118.05173277597;建陽縣;縣;1931;DH029096-1;DH029096-1;2520;s1395;ENP-China Project: https://www.enpchina.eu/;
簡陽;Jianyang;Sichuan;四川;30.3933630237516;104.550182455962;簡陽縣;縣;1931;D2866979;N0374820;679;s983;ENP-China Project: https://www.enpchina.eu/;
交城;Jiaocheng;Shanxi;山西;37.553378205595;112.184669151051;交城縣;縣;1931;DH056720-1;DH173249-1;32;s1594;ENP-China Project: https://www.enpchina.eu/;
交河;Jiaohe;Hebei;河北;38.0166113526155;116.286342036313;交河縣;縣;1931;11703513;N0415281;1655;s146;ENP-China Project: https://www.enpchina.eu/;
蕉嶺;Jiaoling;Guangdong;廣東;24.6879043090269;116.157765266499;蕉嶺縣;縣;1931;D3053713;N0386270;2554;s1337;ENP-China Project: https://www.enpchina.eu/;
膠縣;Jiaoxian;Shandong;山東;36.2743332274911;120.038352093552;膠縣;縣;1931;11703815;N0415583;2322;s1265;ENP-China Project: https://www.enpchina.eu/;
嘉善;Jiashan;Zhejiang;浙江;30.8466125340968;120.904614658145;嘉善縣;縣;1931;D3209015;N0301547;2609;s883;ENP-China Project: https://www.enpchina.eu/;
嘉山;Jiashan;Anhui;安徽;32.5908458061864;118.180055996004;嘉山縣;縣;1931;11703548;N0415316;1563;s4;ENP-China Project: https://www.enpchina.eu/;
伽師;Jiashi;Xinjiang;新疆;39.4726574481415;76.6183078268134;伽師縣;縣;1931;D3172862-1;D3172861-1;788;s651;ENP-China Project: https://www.enpchina.eu/;
葭縣;Jiaxian;Shaanxi;陝西;38.0802688518104;110.50122911132;葭縣;縣;1931;11703835;N0415603;622;s784;ENP-China Project: https://www.enpchina.eu/;
郟縣;Jiaxian;Henan;河南;33.9614889710452;113.127111235327;郟縣;縣;1931;D3404528-1;D3404529-1;1961;s77;ENP-China Project: https://www.enpchina.eu/;
嘉祥;Jiaxiang;Shandong;山東;35.4494942829036;116.419238817037;嘉祥縣;縣;1931;D3051599;N0301561;2294;s1693;ENP-China Project: https://www.enpchina.eu/;
嘉興;Jiaxing;Zhejiang;浙江;30.7694516417743;120.73932550758;嘉興縣;縣;1931;D3205059;N0301543;2423;s1074;ENP-China Project: https://www.enpchina.eu/;
嘉魚;Jiayu;Hubei;湖北;29.9849424017608;113.906788082113;嘉魚縣;縣;1931;DH040738-1;DH040738-1;1308;s387;ENP-China Project: https://www.enpchina.eu/;
解縣;Jiexian;Shanxi;山西;34.9853106100711;110.701139778832;解縣;縣;1931;11703849;N0415617;574;s885;ENP-China Project: https://www.enpchina.eu/;
介休;Jiexiu;Shanxi;山西;36.9786489034935;111.903195794405;介休縣;縣;1931;D3061121;N0281204;379;s1088;ENP-China Project: https://www.enpchina.eu/;
揭陽;Jieyang;Guangdong;廣東;23.5494829197993;116.326994780702;揭陽縣;縣;1931;D3324954;N0331704;2186;s1835;ENP-China Project: https://www.enpchina.eu/;
吉林;Jilin;Jilin;吉林;43.90713;126.565066;NA;NA;1931;D3060067;N0297605;NA;NA;ENP-China Project: https://www.enpchina.eu/;
即墨;Jimo;Shandong;山東;36.3943085707259;120.47023655243;即墨縣;縣;1931;D3060031;N0294923;2295;s1691;ENP-China Project: https://www.enpchina.eu/;
吉木乃;Jimunai;Xinjiang;新疆;47.5245706946343;85.7198736233313;吉木乃縣;縣;1931;D3233973;N0297600;797;s658;ENP-China Project: https://www.enpchina.eu/;
濟南;Jinan;Shandong;山東;36.650131;117.001488;NA;NA;1931;D3283779;N0356044;NA;NA;ENP-China Project: https://www.enpchina.eu/;
晉城;Jincheng;Shanxi;山西;35.5105683626291;112.92417514366;晉城縣;縣;1931;D3022713;N0336218;646;s1016;ENP-China Project: https://www.enpchina.eu/;
金川;Jinchuan;Liaoning;遼寧;42.301836492277;126.315221990909;金川縣;縣;1931;11703882;N0415650;1633;s132;ENP-China Project: https://www.enpchina.eu/;
靖安;Jingan;Jiangxi;江西;28.868977934149;115.485481533213;靖安縣;縣;1931;D2968847;N0404574;1379;s313;ENP-China Project: https://www.enpchina.eu/;
靖邊;Jingbian;Shaanxi;陝西;37.3900357412663;108.624650314683;靖邊縣;縣;1931;D3303608;N0404595;122;s1552;ENP-China Project: https://www.enpchina.eu/;
涇川;Jingchuan;Gansu;甘肅;35.2772412780018;107.172833126423;涇川縣;縣;1931;11703735;N0415503;949;s731;ENP-China Project: https://www.enpchina.eu/;
旌德;Jingde;Anhui;安徽;30.3165452316591;118.52949191576;旌德縣;縣;1931;DH013434-1;DH188227-1;1511;s393;ENP-China Project: https://www.enpchina.eu/;
景東;Jingdong;Yunnan;雲南;24.44527605346;100.886977604396;景東縣;縣;1931;DH058259-1;DH058259-1;1;s1625;ENP-China Project: https://www.enpchina.eu/;
景谷;Jinggu;Yunnan;雲南;23.4991186006279;100.718204796368;景谷縣;縣;1931;11703681;N0415449;914;s766;ENP-China Project: https://www.enpchina.eu/;
靜海;Jinghai;Hebei;河北;38.9330676853056;116.901032594278;靜海縣;縣;1931;D2868557;N0404609;1076;s468;ENP-China Project: https://www.enpchina.eu/;
精河;Jinghe;Xinjiang;新疆;44.6563742416817;82.7928576546012;精河縣;縣;1931;D3099132-1;D3099133-4;790;s653;ENP-China Project: https://www.enpchina.eu/;
靖江;Jingjiang;Jiangsu;江蘇;32.0167192839075;120.264341641954;靖江縣;縣;1931;D3354681;N0404584;2356;s1189;ENP-China Project: https://www.enpchina.eu/;
靜樂;Jingle;Shanxi;山西;38.3755924111899;111.857909615379;靜樂縣;縣;1931;DH050693-1;DH225486-1;121;s1546;ENP-China Project: https://www.enpchina.eu/;
荊門;Jingmen;Hubei;湖北;31.0119098768306;112.071347736053;荊門縣;縣;1931;D3386618;N0383595;1219;s519;ENP-China Project: https://www.enpchina.eu/;
景寧;Jingning;Zhejiang;浙江;27.9704667164515;119.634244112016;景寧縣;縣;1931;D2868671-1;D2868670-1;2457;s1497;ENP-China Project: https://www.enpchina.eu/;
靜寧;Jingning;Gansu;甘肅;35.5307259224558;105.480899300153;靜寧縣;縣;1931;T0257541-1;T0257516-2;930;s724;ENP-China Project: https://www.enpchina.eu/;
經棚;Jingpeng;Jehol;熱河;43.3633926449043;117.422780407687;經棚縣;縣;1931;D3241611;N0376366;1404;s330;ENP-China Project: https://www.enpchina.eu/;
京山;Jingshan;Hubei;湖北;31.0322897214086;113.128064082113;京山縣;縣;1931;D3362382;N0280772;1260;s501;ENP-China Project: https://www.enpchina.eu/;
靖西;Jingxi;Guangxi;廣西;23.147247492363;106.419031180596;靖西縣;縣;1931;D3077571;N0404593;998;s668;ENP-China Project: https://www.enpchina.eu/;
景縣;Jingxian;Hebei;河北;37.6938215789953;116.264040197407;景縣;縣;1931;D2889940;N0336519;1652;s145;ENP-China Project: https://www.enpchina.eu/;
涇縣;Jingxian;Anhui;安徽;30.744710526498;118.492426779217;涇縣;縣;1931;D3234719-1;D3234722-1;1555;s232;ENP-China Project: https://www.enpchina.eu/;
靖縣;Jingxian;Hunan;湖南;26.7539825627205;109.566621608167;靖縣;縣;1931;11703925;N0415693;1782;s258;ENP-China Project: https://www.enpchina.eu/;
井陘;Jingxing;Hebei;河北;37.9990046376909;114.024466058993;井陘縣;縣;1931;11703512;N0415280;1659;s158;ENP-China Project: https://www.enpchina.eu/;
景星;Jingxing;Heilongjiang;黑龍江;47.0927466687337;122.98881048471;景星縣;縣;1931;11703680;N0415448;562;s879;ENP-China Project: https://www.enpchina.eu/;
井研;Jingyan;Sichuan;四川;29.7074198777876;104.043533049668;井研縣;縣;1931;D2866972;N0280528;697;s1009;ENP-China Project: https://www.enpchina.eu/;
涇陽;Jingyang;Shaanxi;陝西;34.5139080545442;108.864464616785;涇陽縣;縣;1931;11703736;N0415504;608;s779;ENP-China Project: https://www.enpchina.eu/;
靖原;Jingyuan;Liaoning;遼寧;42.0777028413051;124.92731745989;靖原縣;縣;1931;11703924;N0415692;1631;s186;ENP-China Project: https://www.enpchina.eu/;
靖遠;Jingyuan;Gansu;甘肅;36.6130012416817;104.530496999026;靖遠縣;縣;1931;DH057747-1;DH232540-1;9;s1632;ENP-China Project: https://www.enpchina.eu/;
金華;Jinhua;Zhejiang;浙江;29.1146252088714;119.654874604436;金華縣;縣;1931;DH035969-1;DH152498-1;2440;s1471;ENP-China Project: https://www.enpchina.eu/;
濟寧;Jining;Shandong;山東;35.4333089451111;116.651074424355;濟寧縣;縣;1931;D3115425;N0095584;2272;s1666;ENP-China Project: https://www.enpchina.eu/;
集寧;Jining;Suiyuan;綏遠;40.9946868961219;113.073237004323;集寧縣;縣;1931;11703914;N0415682;716;s972;ENP-China Project: https://www.enpchina.eu/;
金積;Jinji;Ningxia;寧夏;37.9274844758272;106.12811494739;金積縣;縣;1931;11703883;N0415651;197;s1707;ENP-China Project: https://www.enpchina.eu/;
今江;Jinjiang;Sichuan;四川;28.7993838413936;105.771693353328;今江縣;縣;1931;11703515;N0415283;708;s964;ENP-China Project: https://www.enpchina.eu/;
晉江;Jinjiang;Fujian;福建;24.8956172598024;118.562638315028;晉江縣;縣;1931;D3101970;N0336230;2541;s1295;ENP-China Project: https://www.enpchina.eu/;
金門;Jinmen;Fujian;福建;24.4533838208592;118.314155664929;金門縣;縣;1931;11703886;N0415654;2545;s1315;ENP-China Project: https://www.enpchina.eu/;
晉寧;Jinning;Yunnan;雲南;24.7279916040155;102.695269186172;晉寧縣;縣;1931;11703677;N0415445;875;s595;ENP-China Project: https://www.enpchina.eu/;
錦屏;Jinping;Guizhou;貴州;26.6897542575258;109.13296425194;錦屏縣;縣;1931;D2864798;N0399351;482;s1285;ENP-China Project: https://www.enpchina.eu/;
金山;Jinshan;Jiangsu;江蘇;30.9000583580463;121.147647222416;金山縣;縣;1931;D2975916;N0397507;2355;s1199;ENP-China Project: https://www.enpchina.eu/;
金塔;Jinta;Gansu;甘肅;40.0606717221009;99.0073264453791;金塔縣;縣;1931;D3026765;N0397325;933;s717;ENP-China Project: https://www.enpchina.eu/;
金壇;Jintan;Jiangsu;江蘇;31.7403762419778;119.571862843071;金壇縣;縣;1931;D2865523;N0397277;2601;s871;ENP-China Project: https://www.enpchina.eu/;
金堂;Jintang;Sichuan;四川;30.8491161426551;104.302641421837;金堂縣;縣;1931;D3347143;N0397310;672;s986;ENP-China Project: https://www.enpchina.eu/;
金谿;Jinxi;Jiangxi;江西;27.8806043508769;116.792410600668;金谿縣;縣;1931;11703885;N0415653;1829;s1893;ENP-China Project: https://www.enpchina.eu/;
錦西;Jinxi;Liaoning;遼寧;40.9299415077565;120.62074945193;錦西縣;縣;1931;11703891;N0415659;1643;s142;ENP-China Project: https://www.enpchina.eu/;
晉縣;Jinxian;Hebei;河北;38.0377394105251;115.021006123728;晉縣;縣;1931;11703678;N0415446;1658;s159;ENP-China Project: https://www.enpchina.eu/;
進賢;Jinxian;Jiangxi;江西;28.3687266613281;116.213245252537;進賢縣;縣;1931;D2921822;N0393976;1826;s1900;ENP-China Project: https://www.enpchina.eu/;
金縣;Jinxian;Liaoning;遼寧;39.1122422284458;121.709398613794;金縣;縣;1931;11703884;N0415652;1650;s151;ENP-China Project: https://www.enpchina.eu/;
錦縣;Jinxian;Liaoning;遼寧;41.1109725335415;121.113350882637;錦縣;縣;1931;11703890;N0415658;1642;s143;ENP-China Project: https://www.enpchina.eu/;
金鄉;Jinxiang;Shandong;山東;35.1047697121777;116.347232497541;金鄉縣;縣;1931;D3075322;N0397580;2302;s1708;ENP-China Project: https://www.enpchina.eu/;
縉雲;Jinyun;Zhejiang;浙江;28.6578854024953;120.043682480598;縉雲縣;縣;1931;11703807;N0415575;2624;s819;ENP-China Project: https://www.enpchina.eu/;
錦州;Jinzhou;Liaoxi;遼西;41.10031795469007;121.1267714337882;;;1931;D3064040;N0399365;;;ENP-China Project: https://www.enpchina.eu/;
稷山;Jishan;Shanxi;山西;35.6081391370633;110.904101286709;稷山縣;縣;1931;DH020915-1;DH195708-1;360;s1055;ENP-China Project: https://www.enpchina.eu/;
吉水;Jishui;Jiangxi;江西;27.2032328921914;115.140200934149;吉水縣;縣;1931;DH031719-1;DH206512-1;1395;s327;ENP-China Project: https://www.enpchina.eu/;
九江;Jiujiang;Jiangxi;江西;29.7158365448723;116.040594125873;九江縣;縣;1931;D2865599;N0097307;1378;s314;ENP-China Project: https://www.enpchina.eu/;
九龍;Jiulong;Xikang;西康;28.9726971798351;101.545240396515;九龍縣;縣;1931;D2865784;N0278738;272;s1250;ENP-China Project: https://www.enpchina.eu/;
酒泉;Jiuquan;Gansu;甘肅;39.7106646164351;98.5114830456859;酒泉縣;縣;1931;D3406867;N0396483;932;s718;ENP-China Project: https://www.enpchina.eu/;
績溪;Jixi;Anhui;安徽;30.0708119368202;118.57482691576;績溪縣;縣;1931;DH056524-1;DH056524-1;1035;s481;ENP-China Project: https://www.enpchina.eu/;
冀縣;Jixian;Hebei;河北;37.5658794505426;115.555076476439;冀縣;縣;1931;11703521;N0415289;1598;s219;ENP-China Project: https://www.enpchina.eu/;
吉縣;Jixian;Shanxi;山西;36.1020786733672;110.591078778774;吉縣;縣;1931;D3134845;N0297479;636;s798;ENP-China Project: https://www.enpchina.eu/;
汲縣;Jixian;Henan;河南;35.4039292045276;114.066745657015;汲縣;縣;1931;DH037983-1;DH037983-1;1940;s113;ENP-China Project: https://www.enpchina.eu/;
薊縣;Jixian;Hebei;河北;40.1006595091965;117.387935500099;薊縣;縣;1931;11703839;N0415607;1677;s292;ENP-China Project: https://www.enpchina.eu/;
濟陽;Jiyang;Shandong;山東;37.0125901048592;117.203792018296;濟陽縣;縣;1931;D3286074;N0356064;2257;s1754;ENP-China Project: https://www.enpchina.eu/;
濟源;Jiyuan;Henan;河南;35.1476057067639;112.539242103186;濟源縣;縣;1931;D3232123;N0356056;1954;s72;ENP-China Project: https://www.enpchina.eu/;
雞澤;Jize;Hebei;河北;36.9343852752438;114.854329222437;雞澤縣;縣;1931;D3278633;N0409759;1577;s204;ENP-China Project: https://www.enpchina.eu/;
鄄城;Juancheng;Shandong;山東;35.5831429252109;115.563503076512;鄄城縣;縣;1931;D3076396;N0396419;2338;s53;ENP-China Project: https://www.enpchina.eu/;
鉅鹿;Julu;Hebei;河北;37.2125713710538;115.018658561734;鉅鹿縣;縣;1931;11703888;N0415656;1593;s220;ENP-China Project: https://www.enpchina.eu/;
均縣;Junxian;Hubei;湖北;32.6965545689005;111.132909181452;均縣;縣;1931;11703551;N0415319;1747;s274;ENP-China Project: https://www.enpchina.eu/;
濬縣;Junxian;Henan;河南;35.6654034074768;114.530351418253;濬縣;縣;1931;11703755;N0415523;1967;s75;ENP-China Project: https://www.enpchina.eu/;
苴卻;Juque;Yunnan;雲南;26.086439651978;101.630803228589;苴卻縣;縣;1931;11703830;N0415598;501;s55;ENP-China Project: https://www.enpchina.eu/;
句容;Jurong;Jiangsu;江蘇;31.93727386437;119.165050283907;句容縣;縣;1931;DH031288-1;DH147817-1;2366;s1209;ENP-China Project: https://www.enpchina.eu/;
莒縣;Juxian;Shandong;山東;35.6003153550812;118.864902719081;莒縣;縣;1931;D3105563;N0384237;2323;s1263;ENP-China Project: https://www.enpchina.eu/;
鉅野;Juye;Shandong;山東;35.4200048414429;116.180279516021;鉅野縣;縣;1931;11703887;N0415655;2339;s1168;ENP-China Project: https://www.enpchina.eu/;
開封;Kaifeng;Henan;河南;34.8019099339297;114.344503780995;開封縣;縣;1931;DH038598-1;DH155127-4;1937;s116;ENP-China Project: https://www.enpchina.eu/;
開化;Kaihua;Zhejiang;浙江;29.1636850968556;118.387040224032;開化縣;縣;1931;D2920931;N0326670;2418;s1083;ENP-China Project: https://www.enpchina.eu/;
開建;Kaijian;Guangdong;廣東;23.6854771522576;111.647925924816;開建縣;縣;1931;DH034296-1;DH034296-1;2175;s1553;ENP-China Project: https://www.enpchina.eu/;
開江;Kaijiang;Sichuan;四川;31.0858886802952;107.875875960344;開江縣;縣;1931;D2865777;N0326714;166;s1772;ENP-China Project: https://www.enpchina.eu/;
開魯;Kailu;Jehol;熱河;43.5832227601985;121.243388603658;開魯縣;縣;1931;D3402023;N0326733;1077;s467;ENP-China Project: https://www.enpchina.eu/;
開平;Kaiping;Guangdong;廣東;22.5156787888461;112.513640130953;開平縣;縣;1931;DH053847-1;DH170376-1;2153;s1525;ENP-China Project: https://www.enpchina.eu/;
開通;Kaitong;Liaoning;遼寧;44.8007668742715;123.113107479603;開通縣;縣;1931;D3133461;N0326729;1576;s205;ENP-China Project: https://www.enpchina.eu/;
開縣;Kaixian;Sichuan;四川;31.1852177199508;108.447440881033;開縣;縣;1931;DH020221-1;DH020221-1;365;s1050;ENP-China Project: https://www.enpchina.eu/;
開陽;Kaiyang;Guizhou;貴州;27.0210833594806;106.968114706084;開陽縣;縣;1931;D2864788;N0326730;468;s1362;ENP-China Project: https://www.enpchina.eu/;
開原;Kaiyuan;Liaoning;遼寧;42.6084808828924;124.078811495497;開原縣;縣;1931;D3069787;N0326676;1630;s187;ENP-China Project: https://www.enpchina.eu/;
康保;Kangbao;Chahaer;察哈爾;41.8382030636156;114.848478745255;康保縣;縣;1931;D3300993;N0326113;300;s1163;ENP-China Project: https://www.enpchina.eu/;
康定;Kangding;Xikang;西康;30.0772459505579;102.045131032587;康定縣;縣;1931;D2892608;N0326142;267;s1236;ENP-China Project: https://www.enpchina.eu/;
康平;Kangping;Liaoning;遼寧;42.7931995936761;123.361796611159;康平縣;縣;1931;D2907519;N0326233;1541;s224;ENP-China Project: https://www.enpchina.eu/;
康縣;Kangxian;Gansu;甘肅;33.4397039732564;105.512950943493;康縣;縣;1931;D3082958;N0326118;969;s697;ENP-China Project: https://www.enpchina.eu/;
考城;Kaocheng;Henan;河南;34.9652020181816;115.031357584732;考城縣;縣;1931;11703810;N0415578;1975;s82;ENP-China Project: https://www.enpchina.eu/;
岢嵐;Kelan;Shanxi;山西;38.7077190295301;111.53450028704;岢嵐縣;縣;1931;11703611;N0415379;533;s924;ENP-China Project: https://www.enpchina.eu/;
科麥;Kemai;Xikang;西康;29.1961482935267;97.2572661496465;科麥縣;縣;1931;11703796;N0415564;251;s1704;ENP-China Project: https://www.enpchina.eu/;
柯坪;Keping;Xinjiang;新疆;40.5323363581187;78.6432927354538;柯坪縣;縣;1931;D3021799;N0343671;822;s629;ENP-China Project: https://www.enpchina.eu/;
克山;Keshan;Heilongjiang;黑龍江;48.0705214434091;125.97479230063;克山縣;縣;1931;D2867180;N0284488;551;s849;ENP-China Project: https://www.enpchina.eu/;
寬甸;Kuandian;Liaoning;遼寧;40.727806;124.771796;寬甸縣;縣;1931;11703607;N0415375;1602;s167;ENP-China Project: https://www.enpchina.eu/;
庫車;Kuche;Xinjiang;新疆;41.7420536898232;83.0868691731866;庫車縣;縣;1931;DH004641-1;DH121170-1;783;s645;ENP-China Project: https://www.enpchina.eu/;
庫爾勒;Kuerlei;Xinjiang;新疆;41.7169789334297;86.3406263327943;庫爾勒縣;縣;1931;D3077704;N0325385;817;s630;ENP-China Project: https://www.enpchina.eu/;
昆明;Kunming;Yunnan;雲南;25.0665586559692;102.695269186172;昆明縣;縣;1931;D3066472;N0335652;872;s594;ENP-China Project: https://www.enpchina.eu/;
崑山;Kunshan;Jiangsu;江蘇;31.3884232839075;120.947076358046;崑山縣;縣;1931;11703618;N0415386;2389;s1133;ENP-China Project: https://www.enpchina.eu/;
昆陽;Kunyang;Yunnan;雲南;24.6979448075439;102.546309416988;昆陽縣;縣;1931;D2969204;N0335664;396;s1453;ENP-China Project: https://www.enpchina.eu/;
拉薩;Lahsa;Xizang;西藏;29.666642831522;91.1748443626795;NA;NA;1931;D3062000;N0331105;NA;NA;ENP-China Project: https://www.enpchina.eu/;
來安;Laian;Anhui;安徽;32.4441303148902;118.464234650316;來安縣;縣;1931;D2866786;N0340396;1564;s234;ENP-China Project: https://www.enpchina.eu/;
來賓;Laibin;Guangxi;廣西;23.7027479446574;109.250342110685;來賓縣;縣;1931;DH053578-1;DH170107-1;91;s1587;ENP-China Project: https://www.enpchina.eu/;
來鳳;Laifeng;Hubei;湖北;29.5724734926776;109.406691680352;來鳳縣;縣;1931;DH055047-1;DH055047-1;1062;s460;ENP-China Project: https://www.enpchina.eu/;
淶水;Laishui;Hebei;河北;39.391743;115.691040908973;淶水縣;縣;1931;11703743;N0415511;1295;s380;ENP-China Project: https://www.enpchina.eu/;
萊蕪;Laiwu;Shandong;山東;36.240195515837;117.652576821956;萊蕪縣;縣;1931;D3286067;N0384382;2265;s1769;ENP-China Project: https://www.enpchina.eu/;
萊陽;Laiyang;Shandong;山東;36.9589634292741;120.689063840252;萊陽縣;縣;1931;D3065548;N0384384;2256;s1756;ENP-China Project: https://www.enpchina.eu/;
淶源;Laiyuan;Hebei;河北;39.3166248738619;114.693931258778;淶源縣;縣;1931;11703744;N0415512;1186;s542;ENP-China Project: https://www.enpchina.eu/;
瀾滄;Lancang;Yunnan;雲南;22.5753739280134;99.9700134099521;瀾滄縣;縣;1931;11703763;N0415531;917;s759;ENP-China Project: https://www.enpchina.eu/;
蘭封;Lanfeng;Henan;河南;34.8206460950251;114.81481512398;蘭封縣;縣;1931;DH049648-1;DH166177-1;1914;s1878;ENP-China Project: https://www.enpchina.eu/;
嵐臯;Langao;Shaanxi;陝西;32.3553475405399;109.021704587246;嵐臯縣;縣;1931;11703620;N0415388;597;s829;ENP-China Project: https://www.enpchina.eu/;
郎岱;Langdai;Guizhou;貴州;26.1953012743733;105.18127511261;郎岱縣;縣;1931;DH035606-1;DH035606-1;248;s1702;ENP-China Project: https://www.enpchina.eu/;
郎溪;Langxi;Anhui;安徽;31.1318309789401;119.132752557742;郎溪縣;縣;1931;D2866780;N0395603;1056;s461;ENP-China Project: https://www.enpchina.eu/;
閬中;Langzhong;Sichuan;四川;31.5915929603443;105.969482280049;閬中縣;縣;1931;DH052233-1;DH052233-1;108;s1510;ENP-China Project: https://www.enpchina.eu/;
蘭坪;Lanping;Yunnan;雲南;26.4361529443252;99.411308110226;蘭坪縣;縣;1931;11703841;N0415609;494;s1291;ENP-China Project: https://www.enpchina.eu/;
藍山;Lanshan;Hunan;湖南;25.2966005228392;112.029174504765;藍山縣;縣;1931;DH042707-1;DH042707-1;1277;s509;ENP-China Project: https://www.enpchina.eu/;
藍田;Lantian;Shaanxi;陝西;34.0729931496452;109.257291026569;藍田縣;縣;1931;D3077503;N0385905;351;s1142;ENP-China Project: https://www.enpchina.eu/;
蘭西;Lanxi;Heilongjiang;黑龍江;46.2712372690065;126.257514445389;蘭西縣;縣;1931;D3025001;N0285771;568;s888;ENP-China Project: https://www.enpchina.eu/;
蘭谿;Lanxi;Zhejiang;浙江;29.2117718383995;119.478849672443;蘭谿縣;縣;1931;11703842;N0415610;2623;s892;ENP-China Project: https://www.enpchina.eu/;
嵐縣;Lanxian;Shanxi;山西;38.2803494643287;111.551249244746;嵐縣;縣;1931;D3230449-1;D3230450-1;609;s778;ENP-China Project: https://www.enpchina.eu/;
蘭州;Lanzhou;Gansu;甘肅;36.047031;103.847138;NA;NA;1931;D3077481;N0285683;NA;NA;ENP-China Project: https://www.enpchina.eu/;
樂安;Lean;Jiangxi;江西;27.2990420536165;115.701350879957;樂安縣;縣;1931;DH047638-1;DH047638-1;1197;s543;ENP-China Project: https://www.enpchina.eu/;
樂昌;Lechang;Guangdong;廣東;25.1436492325474;113.297433316921;樂昌縣;縣;1931;DH040546-1;DH157075-1;2169;s1556;ENP-China Project: https://www.enpchina.eu/;
樂都;Ledu;Qinghai;青海;36.492985656394;102.543193683298;樂都縣;縣;1931;D2867347;N0278172;942;s728;ENP-China Project: https://www.enpchina.eu/;
樂會;Lehui;Guangdong;廣東;19.2044595690662;110.450841193334;樂會縣;縣;1931;11703707;N0415475;2584;s954;ENP-China Project: https://www.enpchina.eu/;
雷波;Leibo;Sichuan;四川;28.2904209674912;103.595877067395;雷波縣;縣;1931;D2865774;N0403743;703;s1007;ENP-China Project: https://www.enpchina.eu/;
雷平;Leiping;Guangxi;廣西;22.610628383516;106.988456697844;雷平縣;縣;1931;11703916;N0415684;995;s671;ENP-China Project: https://www.enpchina.eu/;
耒陽;Leiyang;Hunan;湖南;26.4438783613211;112.830207475025;耒陽縣;縣;1931;D3138102;N0379092;1195;s548;ENP-China Project: https://www.enpchina.eu/;
樂陵;Leling;Shandong;山東;37.7577195524296;117.222630785363;樂陵縣;縣;1931;D3280480;N0278176;2240;s1725;ENP-China Project: https://www.enpchina.eu/;
樂平;Leping;Jiangxi;江西;28.970926994896;117.11270658865;樂平縣;縣;1931;D3232535;N0278110;1822;s1928;ENP-China Project: https://www.enpchina.eu/;
樂清;Leqing;Zhejiang;浙江;28.1423112694699;120.946758191311;樂清縣;縣;1931;D3312549;N0278137;2626;s823;ENP-China Project: https://www.enpchina.eu/;
樂山;Leshan;Sichuan;四川;29.5483917992621;103.737626479557;樂山縣;縣;1931;DH040580-1;DH040580-1;210;s1749;ENP-China Project: https://www.enpchina.eu/;
樂亭;Leting;Hebei;河北;39.4368863565372;118.880398035211;樂亭縣;縣;1931;D3073532;N0278035;1673;s295;ENP-China Project: https://www.enpchina.eu/;
樂至;Lezhi;Sichuan;四川;30.2896488401476;105.027883680295;樂至縣;縣;1931;DH046102-1;DH046102-1;170;s1786;ENP-China Project: https://www.enpchina.eu/;
連城;Liancheng;Fujian;福建;25.7264469136587;116.726931688524;連城縣;縣;1931;D2892716;N0394043;2535;s1286;ENP-China Project: https://www.enpchina.eu/;
涼城;Liangcheng;Suiyuan;綏遠;40.451115254747;112.333449258256;涼城縣;縣;1931;D3022513;N0287371;518;s898;ENP-China Project: https://www.enpchina.eu/;
兩當;Liangdang;Gansu;甘肅;33.9321683363497;106.197794378672;兩當縣;縣;1931;D3116607;N0275721;927;s769;ENP-China Project: https://www.enpchina.eu/;
梁山;Liangshan;Sichuan;四川;30.6876284807871;107.818295161082;梁山縣;縣;1931;DH016014-1;DH190807-1;386;s1449;ENP-China Project: https://www.enpchina.eu/;
良鄉;Liangxiang;Hebei;河北;39.7373850559167;116.127846111833;良鄉縣;縣;1931;11703828;N0415596;1294;s381;ENP-China Project: https://www.enpchina.eu/;
蓮花;Lianhua;Jiangxi;江西;27.1329975868298;113.920268263404;蓮花縣;縣;1931;D3382987;N0384495;1172;s571;ENP-China Project: https://www.enpchina.eu/;
廉江;Lianjiang;Guangdong;廣東;21.6098702994983;110.262171890351;廉江縣;縣;1931;D2869942;N0326338;2163;s1544;ENP-China Project: https://www.enpchina.eu/;
連江;Lianjiang;Fujian;福建;26.2023935489004;119.516954804398;連江縣;縣;1931;DH056076-1;DH172605-1;2486;s1422;ENP-China Project: https://www.enpchina.eu/;
連平;Lianping;Guangdong;廣東;24.3061725087838;114.510872505779;連平縣;縣;1931;DH024132-1;DH198925-1;2181;s1805;ENP-China Project: https://www.enpchina.eu/;
連山;Lianshan;Guangdong;廣東;24.7373344505319;112.238426450532;連山縣;縣;1931;DH052948-1;DH052948-1;2155;s1529;ENP-China Project: https://www.enpchina.eu/;
漣水;Lianshui;Jiangsu;江蘇;33.7698459258612;119.301748468381;漣水縣;縣;1931;11703750;N0415518;2378;s1131;ENP-China Project: https://www.enpchina.eu/;
連縣;Lianxian;Guangdong;廣東;24.7893926300694;112.407823060708;連縣;縣;1931;11703862;N0415630;2551;s1312;ENP-China Project: https://www.enpchina.eu/;
聊城;Liaocheng;Shandong;山東;36.4503506336618;115.947020676949;聊城縣;縣;1931;D3078373;N0379250;2330;s1280;ENP-China Project: https://www.enpchina.eu/;
遼縣;Liaoxian;Shanxi;山西;37.008062820194;113.479745587416;遼縣;縣;1931;11703864;N0415632;621;s34;ENP-China Project: https://www.enpchina.eu/;
遼陽;Liaoyang;Liaoning;遼寧;41.2752848684438;123.192967108245;遼陽縣;縣;1931;D3068961;N0393524;1228;s521;ENP-China Project: https://www.enpchina.eu/;
遼源;Liaoyuan;Liaoning;遼寧;43.510451;123.490876;遼源縣;縣;1931;D3114444;N0393511;1619;s182;ENP-China Project: https://www.enpchina.eu/;
遼中;Liaozhong;Liaoning;遼寧;41.5235262317591;122.726620568205;遼中縣;縣;1931;D3068951;N0393496;1637;s128;ENP-China Project: https://www.enpchina.eu/;
荔波;Libo;Guizhou;貴州;25.4055454677288;107.885663120983;荔波縣;縣;1931;DH054773-1;DH229566-1;70;s1559;ENP-China Project: https://www.enpchina.eu/;
歷城;Licheng;Shandong;山東;36.6897861048592;116.998437607319;歷城縣;縣;1931;11703715;N0415483;2280;s1681;ENP-China Project: https://www.enpchina.eu/;
黎城;Licheng;Shanxi;山西;36.3925925981348;113.511192971025;黎城縣;縣;1931;DH057721-1;DH174250-1;644;s1014;ENP-China Project: https://www.enpchina.eu/;
利川;Lichuan;Hubei;湖北;30.3315395659866;108.918590557183;利川縣;縣;1931;DH043405-1;DH218198-1;1264;s506;ENP-China Project: https://www.enpchina.eu/;
黎川;Lichuan;Jiangxi;江西;27.255369031872;116.816542490174;黎川縣;縣;1931;D3008852;N0412993;1833;s1905;ENP-China Project: https://www.enpchina.eu/;
理番;Lifan;Sichuan;四川;31.5193915781925;103.390754409181;理番縣;縣;1931;T0257530-1;T0257505-2;526;s914;ENP-China Project: https://www.enpchina.eu/;
理化;Lihua;Xikang;西康;29.9949286302466;100.265580235312;理化縣;縣;1931;11703771;N0415539;266;s1238;ENP-China Project: https://www.enpchina.eu/;
麗江;Lijiang;Yunnan;雲南;26.8568241389961;100.238724978616;麗江縣;縣;1931;DH041717-1;DH041717-1;208;s1746;ENP-China Project: https://www.enpchina.eu/;
利津;Lijin;Shandong;山東;37.49131;118.260168589022;利津縣;縣;1931;D3067886;N0288853;2264;s1771;ENP-China Project: https://www.enpchina.eu/;
醴陵;Liling;Hunan;湖南;27.682136683246;113.491626875773;醴陵縣;縣;1931;D2869797;N0396519;1019;s686;ENP-China Project: https://www.enpchina.eu/;
臨安;Linan;Zhejiang;浙江;30.2488997759685;119.717317716451;臨安縣;縣;1931;D2991292;N0277185;2419;s1082;ENP-China Project: https://www.enpchina.eu/;
臨城;Lincheng;Hebei;河北;37.439831;114.500061;臨城縣;縣;1931;D3104856;N0277175;1188;s536;ENP-China Project: https://www.enpchina.eu/;
臨川;Linchuan;Jiangxi;江西;28.030908018064;116.268630484851;臨川縣;縣;1931;DH040414-1;DH040414-1;1314;s359;ENP-China Project: https://www.enpchina.eu/;
林甸;Lindian;Heilongjiang;黑龍江;47.1880816789962;124.922167724509;林甸縣;縣;1931;D3401529;N0342673;557;s857;ENP-China Project: https://www.enpchina.eu/;
林東;Lindong;Jehol;熱河;43.8561929530225;118.971419536877;林東縣;縣;1931;D3241561;N0342393;1414;s10;ENP-China Project: https://www.enpchina.eu/;
臨汾;Linfen;Shanxi;山西;36.0795315342658;111.509455862937;臨汾縣;縣;1931;D3301585;N0277228;143;s1816;ENP-China Project: https://www.enpchina.eu/;
臨灃;Linfeng;Hunan;湖南;29.4137375972877;111.475167141168;臨灃縣;縣;1931;11703822;N0415590;1769;s251;ENP-China Project: https://www.enpchina.eu/;
臨高;Lingao;Guangdong;廣東;19.9261542964792;109.711719178469;臨高縣;縣;1931;11703823;N0415591;2580;s935;ENP-China Project: https://www.enpchina.eu/;
靈寶;Lingbao;Henan;河南;34.6922455764674;110.817069214532;靈寶縣;縣;1931;DH013879-1;DH013879-1;1955;s71;ENP-China Project: https://www.enpchina.eu/;
靈璧;Lingbi;Anhui;安徽;33.5715926038601;117.618307493293;靈璧縣;縣;1931;D2866777;N0360186;1559;s231;ENP-China Project: https://www.enpchina.eu/;
陵川;Lingchuan;Shanxi;山西;35.7317954377593;113.408527015393;陵川縣;縣;1931;DH033998-1;DH150527-1;275;s1252;ENP-China Project: https://www.enpchina.eu/;
靈川;Lingchuan;Guangxi;廣西;25.5253008444736;110.25012105151;靈川縣;縣;1931;D3130909;N0360158;970;s700;ENP-China Project: https://www.enpchina.eu/;
零陵;Lingling;Hunan;湖南;26.2603745749261;111.536752522839;零陵縣;縣;1931;DH048365-1;DH164894-1;1177;s578;ENP-China Project: https://www.enpchina.eu/;
凌南;Lingnan;Jehol;熱河;40.8438802650081;119.772361646853;凌南縣;縣;1931;11703527;N0415295;1413;s8;ENP-China Project: https://www.enpchina.eu/;
靈丘;Lingqiu;Shanxi;山西;39.3929079720251;114.07528097062;靈丘縣;縣;1931;DH013875-1;DH130404-1;394;s1464;ENP-China Project: https://www.enpchina.eu/;
靈山;Lingshan;Guangdong;廣東;22.3976861559846;109.221806388417;靈山縣;縣;1931;D3122931;N0360143;2147;s1512;ENP-China Project: https://www.enpchina.eu/;
靈石;Lingshi;Shanxi;山西;36.8466356027975;111.767247794405;靈石縣;縣;1931;DH051590-1;DH051590-1;114;s1536;ENP-China Project: https://www.enpchina.eu/;
靈壽;Lingshou;Hebei;河北;38.2990234265279;114.387801349805;靈壽縣;縣;1931;D3307874;N0360137;1144;s442;ENP-China Project: https://www.enpchina.eu/;
陵水;Lingshui;Guangdong;廣東;18.5678510097999;109.918796358778;陵水縣;縣;1931;11703905;N0415673;2586;s956;ENP-China Project: https://www.enpchina.eu/;
靈臺;Lingtai;Gansu;甘肅;34.9683334915619;107.428709533216;靈臺縣;縣;1931;11703921;N0415689;950;s734;ENP-China Project: https://www.enpchina.eu/;
靈武;Lingwu;Ningxia;寧夏;38.1024880286601;106.326982621064;靈武縣;縣;1931;D2892798;N0360172;196;s1709;ENP-China Project: https://www.enpchina.eu/;
酃縣;Lingxian;Hunan;湖南;26.6717606272257;113.738761941078;酃縣;縣;1931;11703880;N0415648;1787;s268;ENP-China Project: https://www.enpchina.eu/;
陵縣;Lingxian;Shandong;山東;37.328788468226;116.560576372205;陵縣;縣;1931;D3106215;N0402818;2345;s1179;ENP-China Project: https://www.enpchina.eu/;
凌源;Lingyuan;Jehol;熱河;41.2335890144165;119.294288704264;凌源縣;縣;1931;11703528;N0415296;1412;s427;ENP-China Project: https://www.enpchina.eu/;
凌雲;Lingyun;Guangxi;廣西;24.3903760392773;106.463554163426;凌雲縣;縣;1931;11703529;N0415297;451;s1340;ENP-China Project: https://www.enpchina.eu/;
臨海;Linhai;Zhejiang;浙江;28.8758455892755;121.109693470242;臨海縣;縣;1931;D3204817;N0277251;2441;s1468;ENP-China Project: https://www.enpchina.eu/;
臨河;Linhe;Suiyuan;綏遠;40.8170317743066;107.547367245175;臨河縣;縣;1931;11703819;N0415587;511;s1316;ENP-China Project: https://www.enpchina.eu/;
臨江;Linjiang;Yunnan;雲南;21.7658782194327;100.401930225202;臨江縣;縣;1931;11703818;N0415586;921;s33;ENP-China Project: https://www.enpchina.eu/;
臨江;Linjiang;Liaoning;遼寧;41.8134331257285;126.900275257285;臨江縣;縣;1931;D3097994;N0277215;1088;s445;ENP-China Project: https://www.enpchina.eu/;
臨晉;Linjin;Shanxi;山西;35.1635685076965;110.400695039151;臨晉縣;縣;1931;DH055973-1;DH055973-1;48;s1610;ENP-China Project: https://www.enpchina.eu/;
臨清;Linqing;Shandong;山東;36.846214;115.701523;臨清縣;縣;1931;D3315591;N0277253;2297;s1710;ENP-China Project: https://www.enpchina.eu/;
臨朐;Linqu;Shandong;山東;36.5289764074611;118.552493126672;臨朐縣;縣;1931;D3281939;N0277198;2268;s1764;ENP-China Project: https://www.enpchina.eu/;
臨汝;Linru;Henan;河南;34.1913587586329;112.753288581973;臨汝縣;縣;1931;11703817;N0415585;1991;s1935;ENP-China Project: https://www.enpchina.eu/;
鄰水;Linshui;Sichuan;四川;30.3520946406395;106.898784079311;鄰水縣;縣;1931;DH042484-1;DH159013-1;653;s1021;ENP-China Project: https://www.enpchina.eu/;
臨潭;Lintan;Gansu;甘肅;34.7813978783086;103.269723584453;臨潭縣;縣;1931;D3344313;N0277267;963;s692;ENP-China Project: https://www.enpchina.eu/;
臨洮;Lintao;Gansu;甘肅;35.3528109939978;103.868978174457;臨洮縣;縣;1931;D2866109;N0277246;955;s744;ENP-China Project: https://www.enpchina.eu/;
臨潼;Lintong;Shaanxi;陝西;34.3489220545442;109.135007218177;臨潼縣;縣;1931;D2935846;N0277271;151;s1832;ENP-China Project: https://www.enpchina.eu/;
臨武;Linwu;Hunan;湖南;25.2921216068025;112.480767277358;臨武縣;縣;1931;D2907513;N0277202;1349;s335;ENP-China Project: https://www.enpchina.eu/;
林西;Linxi;Jehol;熱河;43.5457854026216;118.474087731672;林西縣;縣;1931;D3241601;N0342698;1416;s431;ENP-China Project: https://www.enpchina.eu/;
臨夏;Linxia;Gansu;甘肅;35.6073616163002;103.04831757443;臨夏縣;縣;1931;D2866106;N0277184;960;s691;ENP-China Project: https://www.enpchina.eu/;
林縣;Linxian;Henan;河南;36.020676979206;113.851539772834;林縣;縣;1931;DH000596-1;DH000596-1;1960;s78;ENP-China Project: https://www.enpchina.eu/;
臨縣;Linxian;Shanxi;山西;37.9529818229174;110.975934854368;臨縣;縣;1931;D3314117;N0277169;624;s794;ENP-China Project: https://www.enpchina.eu/;
臨湘;Linxiang;Hunan;湖南;29.6190905528318;113.358486292003;臨湘縣;縣;1931;D2869664;N0277259;1508;s392;ENP-China Project: https://www.enpchina.eu/;
臨沂;Linyi;Shandong;山東;35.1051769604871;118.382643646889;臨沂縣;縣;1931;D3071746;N0277230;2343;s1160;ENP-China Project: https://www.enpchina.eu/;
臨邑;Linyi;Shandong;山東;37.2035125707259;116.849842625615;臨邑縣;縣;1931;D3085666;N0277282;2269;s1762;ENP-China Project: https://www.enpchina.eu/;
臨潁;Linying;Henan;河南;33.8060119930255;113.976251004768;臨潁縣;縣;1931;11703821;N0415589;2000;s1954;ENP-China Project: https://www.enpchina.eu/;
麟遊;Linyou;Shaanxi;陝西;34.5761318211086;107.624542258338;麟遊縣;縣;1931;D3292378;N0410348;583;s805;ENP-China Project: https://www.enpchina.eu/;
臨榆;Linyu;Hebei;河北;39.9998784824447;119.731561559167;臨榆縣;縣;1931;11703816;N0415584;1438;s435;ENP-China Project: https://www.enpchina.eu/;
臨澤;Linze;Gansu;甘肅;39.299671424176;100.225722392753;臨澤縣;縣;1931;D2865935;N0277243;935;s719;ENP-China Project: https://www.enpchina.eu/;
臨漳;Linzhang;Henan;河南;36.3330092148566;114.589506363211;臨漳縣;縣;1931;D3071734;N0277266;1965;s73;ENP-China Project: https://www.enpchina.eu/;
臨淄;Linzi;Shandong;山東;36.8751836544473;118.352611254974;臨淄縣;縣;1931;11703820;N0415588;2314;s1249;ENP-China Project: https://www.enpchina.eu/;
黎平;Liping;Guizhou;貴州;26.2552843629493;108.972039878745;黎平縣;縣;1931;DH055347-1;DH230140-1;57;s1617;ENP-China Project: https://www.enpchina.eu/;
荔浦;Lipu;Guangxi;廣西;24.4374311278551;110.244739819638;荔浦縣;縣;1931;DH054780-1;DH229573-1;69;s1554;ENP-China Project: https://www.enpchina.eu/;
醴泉;Liquan;Shaanxi;陝西;34.4533372755883;108.371791992663;醴泉縣;縣;1931;11703881;N0415649;585;s822;ENP-China Project: https://www.enpchina.eu/;
離石;Lishi;Shanxi;山西;37.4767785854118;111.077764477482;離石縣;縣;1931;D3065468;N0372844;626;s796;ENP-China Project: https://www.enpchina.eu/;
梨樹;Lishu;Liaoning;遼寧;43.3092064180739;124.323880707274;梨樹縣;縣;1931;D3391215;N0346660;1627;s190;ENP-China Project: https://www.enpchina.eu/;
溧水;Lishui;Jiangsu;江蘇;31.6403500126475;119.029810851722;溧水縣;縣;1931;DH045657-1;DH162186-1;2360;s1213;ENP-China Project: https://www.enpchina.eu/;
麗水;Lishui;Zhejiang;浙江;28.4675670968556;119.903095791129;麗水縣;縣;1931;D3033001;N0275950;2432;s1456;ENP-China Project: https://www.enpchina.eu/;
六安;Liuan;Anhui;安徽;31.7917153369587;116.545158463318;六安縣;縣;1931;D2941372;N0285333;1515;s400;ENP-China Project: https://www.enpchina.eu/;
留壩;Liuba;Shaanxi;陝西;33.619236;106.927345;留壩縣;縣;1931;D3290808;N0366309;23;s1638;ENP-China Project: https://www.enpchina.eu/;
柳城;Liucheng;Guangxi;廣西;24.4570365534261;109.183959266212;柳城縣;縣;1931;DH027414-1;DH202207-1;322;s1105;ENP-China Project: https://www.enpchina.eu/;
六合;Liuhe;Jiangsu;江蘇;32.33915786437;118.844843851722;六合縣;縣;1931;D3022295;N0285285;2390;s1139;ENP-China Project: https://www.enpchina.eu/;
柳河;Liuhe;Liaoning;遼寧;42.2932273597023;125.751371485431;柳河縣;縣;1931;D3020115;N0343991;1328;s367;ENP-China Project: https://www.enpchina.eu/;
榴江;Liujiang;Guangxi;廣西;24.5438631642969;109.743023346096;榴江縣;縣;1931;11703706;N0415474;974;s696;ENP-China Project: https://www.enpchina.eu/;
六順;Liushun;Yunnan;雲南;22.7383876937689;100.87007232173;六順縣;縣;1931;D3232612;N0285587;916;s760;ENP-China Project: https://www.enpchina.eu/;
瀏陽;Liuyang;Hunan;湖南;28.1570003726796;113.604104130414;瀏陽縣;縣;1931;DH016540-1;DH016540-1;1494;s418;ENP-China Project: https://www.enpchina.eu/;
禮縣;Lixian;Gansu;甘肅;34.2059476294027;105.082834516637;禮縣;縣;1931;D2868258;N0371973;382;s1081;ENP-China Project: https://www.enpchina.eu/;
蠡縣;Lixian;Hebei;河北;38.474591223667;115.559228223667;蠡縣;縣;1931;D3048659;N0387138;1279;s511;ENP-China Project: https://www.enpchina.eu/;
黎縣;Lixian;Yunnan;雲南;24.2055115855684;102.891721673108;黎縣;縣;1931;11703946;N0415714;899;s751;ENP-China Project: https://www.enpchina.eu/;
溧陽;Liyang;Jiangsu;江蘇;31.4329734515385;119.511542295513;溧陽縣;縣;1931;DH029881-1;DH204674-1;2602;s875;ENP-China Project: https://www.enpchina.eu/;
隆安;Longan;Guangxi;廣西;23.1730239561068;107.60123354048;隆安縣;縣;1931;D3290751;N0403017;988;s710;ENP-China Project: https://www.enpchina.eu/;
隆昌;Longchang;Sichuan;四川;29.3465987199508;105.267496159852;隆昌縣;縣;1931;DH028099-1;DH144628-1;309;s1176;ENP-China Project: https://www.enpchina.eu/;
隴川;Longchuan;Yunnan;雲南;24.3211538296514;97.9009925369016;隴川縣;縣;1931;D2868692;N0401834;887;s19;ENP-China Project: https://www.enpchina.eu/;
龍川;Longchuan;Guangdong;廣東;24.0314834942208;115.250889340037;龍川縣;縣;1931;DH052367-1;DH052367-1;2156;s1518;ENP-China Project: https://www.enpchina.eu/;
隆德;Longde;Gansu;甘肅;35.6210693534735;105.915415619379;隆德縣;縣;1931;DH037238-1;DH037238-1;231;s1652;ENP-China Project: https://www.enpchina.eu/;
龍關;Longguan;Chahaer;察哈爾;40.7848781384751;115.666486399886;龍關縣;縣;1931;11703954;N0415722;306;s1190;ENP-China Project: https://www.enpchina.eu/;
隆化;Longhua;Jehol;熱河;41.5598568046189;117.656152507623;隆化縣;縣;1931;D3109889;N0403002;1408;s429;ENP-China Project: https://www.enpchina.eu/;
龍江;Longjiang;Heilongjiang;黑龍江;47.368466911321;123.955204527712;龍江縣;縣;1931;DH027195-1;DH143724-1;329;s1115;ENP-China Project: https://www.enpchina.eu/;
龍里;Longli;Guizhou;貴州;26.4593186039106;106.946939537914;龍里縣;縣;1931;11703952;N0415720;475;s1386;ENP-China Project: https://www.enpchina.eu/;
龍陵;Longling;Yunnan;雲南;24.5552248779157;98.6812293644493;龍陵縣;縣;1931;D2867744;N0414763;886;s597;ENP-China Project: https://www.enpchina.eu/;
龍門;Longmen;Guangdong;廣東;23.7568354650949;114.070874061257;龍門縣;縣;1931;D3317140;N0414713;2150;s1508;ENP-China Project: https://www.enpchina.eu/;
龍茗;Longming;Guangxi;廣西;22.9468940696276;107.110309071906;龍茗縣;縣;1931;11703951;N0415719;991;s711;ENP-China Project: https://www.enpchina.eu/;
龍南;Longnan;Jiangxi;江西;24.7240794487226;114.547777562361;龍南縣;縣;1931;D3396003;N0413634;1341;s369;ENP-China Project: https://www.enpchina.eu/;
隆平;Longping;Hebei;河北;37.3497013706112;114.772490573472;隆平縣;縣;1931;11703912;N0415680;1342;s372;ENP-China Project: https://www.enpchina.eu/;
龍泉;Longquan;Zhejiang;浙江;28.1025743980382;119.133846018165;龍泉縣;縣;1931;D3205347;N0414184;2483;s1426;ENP-China Project: https://www.enpchina.eu/;
隆山;Longshan;Guangxi;廣西;23.8256371518007;108.24447347663;隆山縣;縣;1931;11703911;N0415679;980;s702;ENP-China Project: https://www.enpchina.eu/;
龍山;Longshan;Hunan;湖南;29.4932347391717;109.497330981437;龍山縣;縣;1931;D3317241;N0413938;1147;s443;ENP-China Project: https://www.enpchina.eu/;
龍勝;Longsheng;Guangxi;廣西;25.8678224189025;109.912873089682;龍勝縣;縣;1931;D3130904;N0414590;96;s1503;ENP-China Project: https://www.enpchina.eu/;
隴西;Longxi;Gansu;甘肅;35.0217206294027;104.496397628428;隴西縣;縣;1931;DH048439-1;DH164968-1;153;s1852;ENP-China Project: https://www.enpchina.eu/;
龍溪;Longxi;Fujian;福建;24.5183118233506;117.682608205078;龍溪縣;縣;1931;D3074466;N0414314;2515;s1381;ENP-China Project: https://www.enpchina.eu/;
隴縣;Longxian;Shaanxi;陝西;34.7827860562526;106.742518022832;隴縣;縣;1931;D3312037;N0401821;580;s804;ENP-China Project: https://www.enpchina.eu/;
龍嚴;Longyan;Fujian;福建;25.1222071653996;117.021389102077;龍嚴縣;縣;1931;11703950;N0415718;2536;s1305;ENP-China Project: https://www.enpchina.eu/;
龍游;Longyou;Zhejiang;浙江;29.0427185670971;119.188240134194;龍游縣;縣;1931;T9613607-1;T0257486-1;2408;s1065;ENP-China Project: https://www.enpchina.eu/;
龍鎮;Longzhen;Heilongjiang;黑龍江;48.7344523137769;126.899253006205;龍鎮縣;縣;1931;11703953;N0415721;537;s945;ENP-China Project: https://www.enpchina.eu/;
龍州;Longzhou;Guangxi;廣西;22.3586959446574;106.92299976146;龍州縣;縣;1931;D3130829;N0414008;339;s1134;ENP-China Project: https://www.enpchina.eu/;
欒城;Luancheng;Hebei;河北;37.876931414212;114.64774376732;欒城縣;縣;1931;11703709;N0415477;1591;s210;ENP-China Project: https://www.enpchina.eu/;
灤平;Luanping;Jehol;熱河;40.9616991892478;117.68334149014;灤平縣;縣;1931;D3283343;N0358916;1409;s428;ENP-China Project: https://www.enpchina.eu/;
灤縣;Luanxian;Hebei;河北;39.746764539211;118.72428516288;灤縣;縣;1931;D3048656;N0358915;1672;s296;ENP-China Project: https://www.enpchina.eu/;
魯北;Lubei;Jehol;熱河;44.6276803319386;120.866718193156;魯北縣;縣;1931;D3402073;N0409311;1415;s9;ENP-China Project: https://www.enpchina.eu/;
臚濱;Lubin;Heilongjiang;黑龍江;49.6303863060148;117.433233033255;臚濱縣;縣;1931;T0257533-1;T0257508-2;529;s931;ENP-China Project: https://www.enpchina.eu/;
潞城;Lucheng;Shanxi;山西;36.2487716405433;113.345653711886;潞城縣;縣;1931;D3022786;N0359428;11;s1634;ENP-China Project: https://www.enpchina.eu/;
陸川;Luchuan;Guangxi;廣西;22.3838348721449;110.283211204201;陸川縣;縣;1931;DH053572-1;DH053572-1;92;s1582;ENP-China Project: https://www.enpchina.eu/;
魯甸;Ludian;Yunnan;雲南;27.2099879144639;103.46298964152;魯甸縣;縣;1931;DH015530-1;DH015530-1;391;s1439;ENP-China Project: https://www.enpchina.eu/;
瀘定;Luding;Xikang;西康;29.8871677745663;102.301063064828;瀘定縣;縣;1931;11703759;N0415527;269;s1224;ENP-China Project: https://www.enpchina.eu/;
略陽;Lüeyang;Shaanxi;陝西;33.3249283286709;105.941611462923;略陽縣;縣;1931;D2864489;N0366377;50;s1612;ENP-China Project: https://www.enpchina.eu/;
祿豐;Lufeng;Yunnan;雲南;25.1227381924561;102.111610754084;祿豐縣;縣;1931;D2910785;N0372525;213;s1736;ENP-China Project: https://www.enpchina.eu/;
陸豐;Lufeng;Guangdong;廣東;22.9598541096488;115.629695890351;陸豐縣;縣;1931;D2931804;N0401636;2154;s1530;ENP-China Project: https://www.enpchina.eu/;
爐霍;Luhuo;Xikang;西康;31.392826396988;100.671180122664;爐霍縣;縣;1931;D3314976;N0360294;261;s1208;ENP-China Project: https://www.enpchina.eu/;
廬江;Lujiang;Anhui;安徽;31.253363;117.241952578802;廬江縣;縣;1931;DH012699-1;DH129228-1;1514;s401;ENP-China Project: https://www.enpchina.eu/;
魯克沁;Lukeqin;Xinjiang;新疆;42.7139741248114;89.71448838728;魯克沁縣;縣;1931;11703937;N0415705;815;s624;ENP-China Project: https://www.enpchina.eu/;
陸良;Luliang;Yunnan;雲南;25.0456594552313;103.639913059525;陸良縣;縣;1931;11703907;N0415675;508;s1314;ENP-China Project: https://www.enpchina.eu/;
盧龍;Lulong;Hebei;河北;39.8887920396032;118.844010824367;盧龍縣;縣;1931;D3078469;N0294788;1671;s286;ENP-China Project: https://www.enpchina.eu/;
路南;Lunan;Yunnan;雲南;24.769699935848;103.265413957232;路南縣;縣;1931;DH002157-1;DH118686-1;435;s1417;ENP-China Project: https://www.enpchina.eu/;
輪臺;Luntai;Xinjiang;新疆;41.7795280614061;84.3485313781514;輪臺縣;縣;1931;11703857;N0415625;819;s632;ENP-China Project: https://www.enpchina.eu/;
蘿北;Luobei;Heilongjiang;黑龍江;47.8835282552359;130.882838228412;蘿北縣;縣;1931;D2865986;N0384745;545;s850;ENP-China Project: https://www.enpchina.eu/;
羅城;Luocheng;Guangxi;廣西;24.7801353425571;108.884446110685;羅城縣;縣;1931;DH051972-1;DH051972-1;110;s1513;ENP-China Project: https://www.enpchina.eu/;
洛川;Luochuan;Shaanxi;陝西;35.8198908363673;109.458807219582;洛川縣;縣;1931;D3113736;N0355304;28;s1643;ENP-China Project: https://www.enpchina.eu/;
羅次;Luoci;Yunnan;雲南;25.30239805346;102.327291796852;羅次縣;縣;1931;DH018809-1;DH018809-1;375;s1066;ENP-China Project: https://www.enpchina.eu/;
羅甸;Luodian;Guizhou;貴州;25.4142617748125;106.746398239363;羅甸縣;縣;1931;D2865308;N0377353;489;s1294;ENP-China Project: https://www.enpchina.eu/;
羅定;Luoding;Guangdong;廣東;22.6872042324583;111.464613553261;羅定縣;縣;1931;D2906174;N0376871;2180;s1808;ENP-China Project: https://www.enpchina.eu/;
羅江;Luojiang;Sichuan;四川;31.309632400246;104.5111;羅江縣;縣;1931;D3135598;N0377252;340;s1124;ENP-China Project: https://www.enpchina.eu/;
雒南;Luonan;Shaanxi;陝西;34.1253859893816;109.950151150936;雒南縣;縣;1931;11703915;N0415683;592;s837;ENP-China Project: https://www.enpchina.eu/;
洛寧;Luoning;Henan;河南;34.348300449337;111.626930140227;洛寧縣;縣;1931;11703730;N0415498;1993;s1945;ENP-China Project: https://www.enpchina.eu/;
羅平;Luoping;Yunnan;雲南;24.9584344119396;104.332205775468;羅平縣;縣;1931;DH023179-1;DH023179-1;347;s1149;ENP-China Project: https://www.enpchina.eu/;
洛浦;Luopu;Xinjiang;新疆;36.9878857727883;80.2657792065997;洛浦縣;縣;1931;D3278443;N0355337;769;s639;ENP-China Project: https://www.enpchina.eu/;
雒容;Luorong;Guangxi;廣西;24.4555280105014;109.534113923655;雒容縣;縣;1931;DH055861-1;DH172390-1;51;s1611;ENP-China Project: https://www.enpchina.eu/;
羅山;Luoshan;Henan;河南;32.1988526570151;114.539846714925;羅山縣;縣;1931;DH054474-1;DH054474-1;1907;s1869;ENP-China Project: https://www.enpchina.eu/;
羅田;Luotian;Hubei;湖北;30.8875173783121;115.474486615847;羅田縣;縣;1931;DH057504-1;DH057504-1;1021;s684;ENP-China Project: https://www.enpchina.eu/;
洛陽;Luoyang;Henan;河南;34.7608013556182;112.431604657015;洛陽縣;縣;1931;DH029261-1;DH145790-1;1950;s123;ENP-China Project: https://www.enpchina.eu/;
羅源;Luoyuan;Fujian;福建;26.4525956971213;119.558065646701;羅源縣;縣;1931;D2930300;N0377312;2526;s1391;ENP-China Project: https://www.enpchina.eu/;
祿勸;Luquan;Yunnan;雲南;25.55580105346;102.461716;祿勸縣;縣;1931;DH010706-1;DH127235-1;403;s1478;ENP-China Project: https://www.enpchina.eu/;
蘆山;Lushan;Sichuan;四川;30.1747403347344;102.978181215886;蘆山縣;縣;1931;D2867792;N0381244;668;s1037;ENP-China Project: https://www.enpchina.eu/;
鑪山;Lushan;Guizhou;貴州;26.6536319118239;107.732911956461;鑪山縣;縣;1931;11703896;N0415664;479;s1378;ENP-China Project: https://www.enpchina.eu/;
魯山;Lushan;Henan;河南;33.7793741158192;112.816252987367;魯山縣;縣;1931;DH053571-1;DH170100-1;1909;s1864;ENP-China Project: https://www.enpchina.eu/;
廬氏;Lushi;Henan;河南;34.0024763466668;110.732158388017;廬氏縣;縣;1931;11703636;N0415404;1996;s1942;ENP-China Project: https://www.enpchina.eu/;
瀘水;Lushui;Yunnan;雲南;25.9680108477966;98.8135909691225;瀘水縣;縣;1931;11703760;N0415528;863;s22;ENP-China Project: https://www.enpchina.eu/;
瀘西;Luxi;Yunnan;雲南;24.5078533562431;103.73465610287;瀘西縣;縣;1931;11703762;N0415530;897;s749;ENP-China Project: https://www.enpchina.eu/;
盧溪;Luxi;Hunan;湖南;28.2651220741631;110.076148450855;盧溪縣;縣;1931;11703779;N0415547;1778;s262;ENP-China Project: https://www.enpchina.eu/;
瀘縣;Luxian;Sichuan;四川;28.8803552076962;105.393441399314;瀘縣;縣;1931;11703761;N0415529;707;s969;ENP-China Project: https://www.enpchina.eu/;
鹿邑;Luyi;Henan;河南;33.8712141365921;115.461029642476;鹿邑县;縣;1931;D3317364;N0410315;2004;s1950;ENP-China Project: https://www.enpchina.eu/;
馬邊;Mabian;Sichuan;四川;28.7554279568293;103.187550034469;馬邊縣;縣;1931;11703931;N0415699;702;s1008;ENP-China Project: https://www.enpchina.eu/;
麻城;Macheng;Hubei;湖北;31.1854776260813;115.112694870888;麻城縣;縣;1931;D2983523;N0410539;1750;s273;ENP-China Project: https://www.enpchina.eu/;
馬關;Maguan;Yunnan;雲南;23.0198302637058;104.326800123776;馬關縣;縣;1931;D2867722;N0405987;906;s758;ENP-China Project: https://www.enpchina.eu/;
麥蓋提;Maigaiti;Xinjiang;新疆;38.9136407432138;77.5666895630112;麥蓋提縣;縣;1931;D3021897;N0410457;827;s635;ENP-China Project: https://www.enpchina.eu/;
麻江;Majiang;Guizhou;貴州;26.425687454464;107.563510611101;麻江縣;縣;1931;D2892420;N0410698;478;s1380;ENP-China Project: https://www.enpchina.eu/;
馬龍;Malong;Yunnan;雲南;25.4846035616277;103.584317967924;馬龍縣;縣;1931;D2909527;N0407400;412;s1484;ENP-China Project: https://www.enpchina.eu/;
滿城;Mancheng;Hebei;河北;38.9399871118335;115.32722383225;滿城縣;縣;1931;D3070224;N0358861;1136;s441;ENP-China Project: https://www.enpchina.eu/;
芒遮板;Mangzheban;Yunnan;雲南;24.238950306749;98.2869311105279;芒遮板縣;縣;1931;11703829;N0415597;888;s20;ENP-China Project: https://www.enpchina.eu/;
懋功;Maogong;Sichuan;四川;31.0096166406395;102.37174864064;懋功縣;縣;1931;DH019607-1;DH019607-1;373;s1062;ENP-China Project: https://www.enpchina.eu/;
茂名;Maoming;Guangdong;廣東;21.7484073552678;110.876587219298;茂名縣;縣;1931;D3322288;N0382687;2182;s1811;ENP-China Project: https://www.enpchina.eu/;
茂縣;Maoxian;Sichuan;四川;31.7004722226372;103.876963381846;茂縣;縣;1931;D3285157;N0382685;665;s1040;ENP-China Project: https://www.enpchina.eu/;
馬平;Maping;Guangxi;廣西;24.3017863978997;109.267312079181;馬平縣;縣;1931;DH052074-1;DH052074-1;109;s1509;ENP-China Project: https://www.enpchina.eu/;
麻陽;Mayang;Hunan;湖南;27.6991749440744;109.58773695645;麻陽縣;縣;1931;DH048447-1;DH223240-1;1175;s572;ENP-China Project: https://www.enpchina.eu/;
眉山;Meishan;Sichuan;四川;30.059066954302;103.864239309998;眉山縣;縣;1931;D3169553;N0368948;684;s990;ENP-China Project: https://www.enpchina.eu/;
湄潭;Meitan;Guizhou;貴州;27.7595577015932;107.442841516068;湄潭縣;縣;1931;DH054446-1;DH229239-1;76;s1567;ENP-China Project: https://www.enpchina.eu/;
梅縣;Meixian;Guangdong;廣東;24.2952777740849;116.212097397967;梅縣;縣;1931;D2867381;N0346151;2555;s1335;ENP-China Project: https://www.enpchina.eu/;
郿縣;Meixian;Shaanxi;陝西;34.1822907787691;107.664974608692;郿縣;縣;1931;11703872;N0415640;588;s816;ENP-China Project: https://www.enpchina.eu/;
蒙城;Mengcheng;Anhui;安徽;33.3034393158988;116.55342797894;蒙城縣;縣;1931;DH027452-1;DH143981-1;1439;s434;ENP-China Project: https://www.enpchina.eu/;
孟丁;Mengding;Yunnan;雲南;22.9654923417873;102.805338310058;孟丁縣;縣;1931;11703571;N0415339;905;s756;ENP-China Project: https://www.enpchina.eu/;
蒙化;Menghua;Yunnan;雲南;25.2451038823879;100.345873711316;蒙化縣;縣;1931;DH047657-1;DH047657-1;159;s1848;ENP-China Project: https://www.enpchina.eu/;
懞江;Mengjiang;Jilin;吉林;42.3826588912451;126.797863420652;懞江縣;縣;1931;11703657;N0415425;1869;s1887;ENP-China Project: https://www.enpchina.eu/;
孟津;Mengjin;Henan;河南;34.8637935411112;112.649465617353;孟津縣;縣;1931;D3071053;N0314663;1984;s1938;ENP-China Project: https://www.enpchina.eu/;
蒙山;Mengshan;Guangxi;廣西;24.1326114018398;110.451876099049;蒙山縣;縣;1931;D3136766;N0385658;981;s701;ENP-China Project: https://www.enpchina.eu/;
孟縣;Mengxian;Henan;河南;34.952477801789;112.751106913136;孟縣;縣;1931;DH005944-1;DH005944-1;1958;s68;ENP-China Project: https://www.enpchina.eu/;
蒙陰;Mengyin;Shandong;山東;35.7396813377925;117.972605693881;蒙陰縣;縣;1931;D3069890;N0385678;2247;s1721;ENP-China Project: https://www.enpchina.eu/;
蒙自;Mengzi;Yunnan;雲南;23.333318274774;103.376583130227;蒙自縣;縣;1931;D3230651;N0134029;904;s757;ENP-China Project: https://www.enpchina.eu/;
亹源;Menyuan;Qinghai;青海;37.3189493943856;101.510407564686;亹源縣;縣;1931;11703514;N0415282;938;s30;ENP-China Project: https://www.enpchina.eu/;
澠池;Mianchi;Henan;河南;34.8344510787036;111.672409520402;澠池縣;縣;1931;D3361979-1;D3361978-1;1963;s1;ENP-China Project: https://www.enpchina.eu/;
冕寧;Mianning;Sichuan;四川;28.5819178861808;102.191602228946;冕寧縣;縣;1931;11703526;N0415294;699;s1011;ENP-China Project: https://www.enpchina.eu/;
緬寧;Mianning;Yunnan;雲南;23.8937258930799;100.037536395604;緬寧縣;縣;1931;DH002444-1;DH118973-1;434;s1419;ENP-China Project: https://www.enpchina.eu/;
沔縣;Mianxian;Shaanxi;陝西;33.2601060014055;106.597799451747;沔縣;縣;1931;11703726;N0415494;408;s1492;ENP-China Project: https://www.enpchina.eu/;
沔陽;Mianyang;Hubei;湖北;30.1596421143655;113.35806722289;沔陽縣;縣;1931;DH048183-1;DH164712-1;1181;s575;ENP-China Project: https://www.enpchina.eu/;
綿陽;Mianyang;Sichuan;四川;31.4722808172172;104.766964682762;綿陽縣;縣;1931;D3140152;N0376537;2635;s834;ENP-China Project: https://www.enpchina.eu/;
綿竹;Mianzhu;Sichuan;四川;31.3397617199508;104.228250441131;綿竹縣;縣;1931;DH058152-1;DH058152-1;3;s1626;ENP-China Project: https://www.enpchina.eu/;
彌渡;Midu;Yunnan;雲南;25.3382482655617;100.52593214958;彌渡縣;縣;1931;D2865700;N0327940;881;s598;ENP-China Project: https://www.enpchina.eu/;
彌勒;Milei;Yunnan;雲南;24.390817832111;103.369616729981;彌勒縣;縣;1931;D3143226;N0327934;898;s752;ENP-China Project: https://www.enpchina.eu/;
明江;Mingjiang;Guangxi;廣西;22.1665702126578;107.182951833365;明江縣;縣;1931;11703675;N0415443;1000;s675;ENP-China Project: https://www.enpchina.eu/;
名山;Mingshan;Sichuan;四川;30.0914555008231;103.13434027947;名山縣;縣;1931;D2868913;N0297905;669;s1036;ENP-China Project: https://www.enpchina.eu/;
明水;Mingshui;Heilongjiang;黑龍江;47.2259005260425;125.834022147735;明水縣;縣;1931;D3024927;N0335898;555;s866;ENP-China Project: https://www.enpchina.eu/;
民和;Minhe;Qinghai;青海;36.141652766237;102.822934210933;民和縣;縣;1931;11703718;N0415486;944;s31;ENP-China Project: https://www.enpchina.eu/;
閩侯;Minhou;Fujian;福建;26.0942450212947;119.321221912027;閩侯縣;縣;1931;D2866029;N0400813;2532;s1284;ENP-China Project: https://www.enpchina.eu/;
民勤;Minqin;Gansu;甘肅;38.7256067395045;103.240556325647;民勤縣;縣;1931;D2892308;N0349639;937;s729;ENP-China Project: https://www.enpchina.eu/;
閩清;Minqing;Fujian;福建;26.192425892723;118.828561246022;閩清縣;縣;1931;DH052234-1;DH168763-1;2495;s1434;ENP-China Project: https://www.enpchina.eu/;
民權;Minquan;Henan;河南;34.6887431937874;115.190713762985;民權縣;縣;1931;D3279244;N0349690;1976;s93;ENP-China Project: https://www.enpchina.eu/;
岷縣;Minxian;Gansu;甘肅;34.4844221522892;104.020117606449;岷縣;縣;1931;D3082841;N0322551;965;s687;ENP-China Project: https://www.enpchina.eu/;
密山;Mishan;Jilin;吉林;45.5847427251199;132.103529751662;密山縣;縣;1931;D2980353-1;D2980352-1;1845;s1908;ENP-China Project: https://www.enpchina.eu/;
密縣;Mixian;Henan;河南;34.4981960660703;113.259484739407;密縣;縣;1931;DH006553-1;DH181346-1;1957;s1960;ENP-China Project: https://www.enpchina.eu/;
泌陽;Miyang;Henan;河南;32.774817363779;113.347361743879;泌陽縣;縣;1931;DH039143-1;DH213936-1;1932;s105;ENP-China Project: https://www.enpchina.eu/;
密雲;Miyun;Hebei;河北;40.4023212249055;116.852691366389;密雲縣;縣;1931;D2892475;N0316890;1684;s300;ENP-China Project: https://www.enpchina.eu/;
米脂;Mizhi;Shaanxi;陝西;37.812566699304;110.132443834962;米脂縣;縣;1931;D3075214;N0375104;13;s1628;ENP-China Project: https://www.enpchina.eu/;
漠河;Mohe;Heilongjiang;黑龍江;53.442898771037;122.329475654782;漠河縣;縣;1931;D2865980;N0359132;543;s943;ENP-China Project: https://www.enpchina.eu/;
墨江;Mojiang;Yunnan;雲南;23.4461739587586;101.668421789918;墨江縣;縣;1931;11703947;N0415715;909;s753;ENP-China Project: https://www.enpchina.eu/;
牟定;Mouding;Yunnan;雲南;25.321635967924;101.524646085536;牟定縣;縣;1931;D2865721;N0361905;12;s1629;ENP-China Project: https://www.enpchina.eu/;
牟平;Mouping;Shandong;山東;37.3841015078602;121.601043211751;牟平縣;縣;1931;11703767;N0415535;2319;s1239;ENP-China Project: https://www.enpchina.eu/;
墨玉;Moyu;Xinjiang;新疆;37.230500572212;79.7047324829324;墨玉縣;縣;1931;D3104849;N0413334;768;s640;ENP-China Project: https://www.enpchina.eu/;
牡丹江;Mudanjiang;Songjiang;松江;44.5558184222328;129.634529250011;NA;NA;1931;D3047479;N0361941;NA;NA;ENP-China Project: https://www.enpchina.eu/;
木蘭;Mulan;Heilongjiang;黑龍江;45.9576799556605;128.14367158986;木蘭縣;縣;1931;D3352395;N0337933;19;s61;ENP-China Project: https://www.enpchina.eu/;
木壘河;Muleihe;Xinjiang;新疆;43.8133224347;90.1741297065006;木壘河縣;縣;1931;11703688;N0415456;812;s623;ENP-China Project: https://www.enpchina.eu/;
穆棱;Muleng;Jilin;吉林;44.5373129734584;130.233593836965;穆棱縣;縣;1931;T0257543-1;T0257518-2;1854;s1919;ENP-China Project: https://www.enpchina.eu/;
沐陽;Muyang;Jiangsu;江蘇;34.1318327160925;118.822469036196;沐陽縣;縣;1931;11703725;N0415493;2369;s1110;ENP-China Project: https://www.enpchina.eu/;
重慶;NA;Chongqing Municipality;重慶市;29.5592471326684;106.566899003293;NA;NA;1931;D3297454;N0028435;NA;NA;ENP-China Project: https://www.enpchina.eu/;
那馬;Nama;Guangxi;廣西;23.637731;108.061307;那馬縣;縣;1931;DH027656-1;DH027656-1;314;s1206;ENP-China Project: https://www.enpchina.eu/;
南安;Nanan;Fujian;福建;24.9383081115816;118.513379639898;南安縣;縣;1931;D3195492;N0292970;2540;s1298;ENP-China Project: https://www.enpchina.eu/;
南澳;Nanao;Guangdong;廣東;23.4546674381776;117.094738250669;南澳縣;縣;1931;D2902516;N0293894;2560;s913;ENP-China Project: https://www.enpchina.eu/;
南部;Nanbu;Sichuan;四川;31.3569117199508;106.051638879803;南部縣;縣;1931;DH056162-1;DH230955-1;46;s1600;ENP-China Project: https://www.enpchina.eu/;
南昌;Nanchang;Jiangxi;江西;28.6733054131702;115.883404718532;南昌縣;縣;1931;D3052316;N0293415;1397;s322;ENP-China Project: https://www.enpchina.eu/;
南城;Nancheng;Jiangxi;江西;27.559717;116.574959634617;南城縣;縣;1931;D3214610;N0292844;1362;s350;ENP-China Project: https://www.enpchina.eu/;
南充;Nanchong;Sichuan;四川;30.8018358401476;106.080754280049;南充縣;縣;1931;D3150777;N0292526;421;s1390;ENP-China Project: https://www.enpchina.eu/;
南川;Nanchuan;Sichuan;四川;29.1098445179831;107.285869686444;南川縣;縣;1931;DH052845-1;DH052845-1;101;s1495;ENP-China Project: https://www.enpchina.eu/;
南丹;Nandan;Guangxi;廣西;24.96565984374;107.55671055765;南丹縣;縣;1931;D3105831;N0292463;975;s695;ENP-China Project: https://www.enpchina.eu/;
南豐;Nanfeng;Jiangxi;江西;27.1999907185319;116.383596011659;南豐縣;縣;1931;DH035715-1;DH152244-1;1360;s348;ENP-China Project: https://www.enpchina.eu/;
南宮;Nangong;Hebei;河北;37.3668898881665;115.365883538361;南宮縣;縣;1931;D3282549;N0292997;1276;s510;ENP-China Project: https://www.enpchina.eu/;
南海;Nanhai;Guangdong;廣東;23.0261611937761;113.135668595457;南海縣;縣;1931;D2896194;N0293773;2567;s907;ENP-China Project: https://www.enpchina.eu/;
南和;Nanhe;Hebei;河北;36.9965956679777;114.68530475916;南和縣;縣;1931;11703533;N0415301;1586;s215;ENP-China Project: https://www.enpchina.eu/;
南匯;Nanhui;Jiangsu;江蘇;31.0576362839075;121.746111790231;南匯縣;縣;1931;DH017902-1;DH017902-1;2380;s1120;ENP-China Project: https://www.enpchina.eu/;
南江;Nanjiang;Sichuan;四川;32.3521283197048;106.849498640639;南江縣;縣;1931;D2906569;N0293625;418;s1402;ENP-China Project: https://www.enpchina.eu/;
南靖;Nanjing;Fujian;福建;24.5926974700519;117.511165186126;南靖縣;縣;1931;DH050995-1;DH225788-1;2511;s1359;ENP-China Project: https://www.enpchina.eu/;
南康;Nankang;Jiangxi;江西;25.6919733234257;114.700626568766;南康縣;縣;1931;D3205483;N0293320;1459;s425;ENP-China Project: https://www.enpchina.eu/;
南樂;Nanle;Hebei;河北;36.0493544050295;115.146600690186;南樂縣;縣;1931;D3054494;N0292467;1582;s203;ENP-China Project: https://www.enpchina.eu/;
南陵;Nanling;Anhui;安徽;30.9360371052996;118.258164326083;南陵縣;縣;1931;DH021674-1;DH138203-1;1472;s410;ENP-China Project: https://www.enpchina.eu/;
南籠;Nanlong;Guizhou;貴州;25.1103358316659;105.561834419968;南籠縣;縣;1931;11703534;N0415302;486;s1277;ENP-China Project: https://www.enpchina.eu/;
南皮;Nanpi;Hebei;河北;38.0414349440833;116.687759797139;南皮縣;縣;1931;D3108843;N0293981;1352;s342;ENP-China Project: https://www.enpchina.eu/;
南平;Nanping;Fujian;福建;26.6640667445021;118.130869697121;南平縣;縣;1931;D3335825;N0293268;2487;s1420;ENP-China Project: https://www.enpchina.eu/;
南田;Nantian;Zhejiang;浙江;29.1307686837415;121.930837056683;南田縣;縣;1931;D2880701;N0293948;2622;s894;ENP-China Project: https://www.enpchina.eu/;
南通;Nantong;Jiangsu;江蘇;32.0326988955276;120.880354720866;南通縣;縣;1931;D2867852;N0294208;2597;s852;ENP-China Project: https://www.enpchina.eu/;
南溪;Nanxi;Sichuan;四川;28.8521481201968;104.95393163941;南溪縣;縣;1931;D3142530;N0293863;656;s1033;ENP-China Project: https://www.enpchina.eu/;
南縣;Nanxian;Hunan;湖南;29.3302698748914;112.409507317245;南縣;縣;1931;D2865210;N0292638;1771;s253;ENP-China Project: https://www.enpchina.eu/;
南雄;Nanxiong;Guangdong;廣東;25.2142736539534;114.299892191863;南雄縣;縣;1931;DH022077-1;DH196870-1;2194;s1851;ENP-China Project: https://www.enpchina.eu/;
南陽;Nanyang;Henan;河南;33.0451078968141;112.53781656199;南陽縣;縣;1931;D2943061;N0294290;1947;s126;ENP-China Project: https://www.enpchina.eu/;
南漳;Nanzhang;Hubei;湖北;31.8099112052823;111.728868818166;南漳縣;縣;1931;DH043821-1;DH160350-1;1255;s496;ENP-China Project: https://www.enpchina.eu/;
南召;Nanzhao;Henan;河南;33.5239593266634;112.553111784683;南召縣;縣;1931;D2906888;N0292654;1913;s1875;ENP-China Project: https://www.enpchina.eu/;
南鄭;Nanzheng;Shaanxi;陝西;33.0869467398608;107.057605013987;南鄭縣;縣;1931;D2985571;N0294226;610;s781;ENP-China Project: https://www.enpchina.eu/;
納谿;Naxi;Sichuan;四川;28.8086377118282;105.330977773881;納谿縣;縣;1931;11703801;N0415569;706;s970;ENP-China Project: https://www.enpchina.eu/;
訥河;Nehe;Heilongjiang;黑龍江;48.4772054722878;124.853820583137;訥河縣;縣;1931;T0257538-1;T0257513-2;534;s929;ENP-China Project: https://www.enpchina.eu/;
内黃;Neihuang;Henan;河南;35.9044376748569;114.875623137802;内黃縣;縣;1931;11703525;N0415293;1966;s76;ENP-China Project: https://www.enpchina.eu/;
内江;Neijiang;Sichuan;四川;29.5882762959423;105.051048193234;内江縣;縣;1931;11703523;N0415291;693;s997;ENP-China Project: https://www.enpchina.eu/;
内丘;Neiqiu;Hebei;河北;37.2923884787124;114.506890047923;内丘縣;縣;1931;11703522;N0415290;1585;s212;ENP-China Project: https://www.enpchina.eu/;
内鄉;Neixiang;Henan;河南;33.1642856326599;111.821148575305;内鄉縣;縣;1931;11703524;N0415292;2008;s1958;ENP-China Project: https://www.enpchina.eu/;
嫩江;Nenjiang;Heilongjiang;黑龍江;49.1821244390332;125.217419483373;嫩江縣;縣;1931;DH042397-1;DH158926-4;200;s1730;ENP-China Project: https://www.enpchina.eu/;
寧安;Ningan;Jilin;吉林;44.3598801216243;129.461024366687;寧安縣;縣;1931;11703592;N0415360;1860;s1880;ENP-China Project: https://www.enpchina.eu/;
寧城;Ningcheng;Jehol;熱河;41.6504867463418;118.902314206313;寧城縣;縣;1931;11703590;N0415358;1411;s11;ENP-China Project: https://www.enpchina.eu/;
寧德;Ningde;Fujian;福建;26.6645009116753;119.549017479528;寧德縣;縣;1931;DH020780-1;DH020780-1;2523;s1397;ENP-China Project: https://www.enpchina.eu/;
寧定;Ningding;Gansu;甘肅;35.5066019949722;103.310822903679;寧定縣;縣;1931;11703593;N0415361;961;s690;ENP-China Project: https://www.enpchina.eu/;
寧都;Ningdu;Jiangxi;江西;26.3694892033825;115.838317622382;寧都縣;縣;1931;DH049746-1;DH049746-1;1170;s574;ENP-China Project: https://www.enpchina.eu/;
寧洱;Ninger;Yunnan;雲南;23.0602353851323;101.080457609158;寧洱縣;縣;1931;11703599;N0415367;910;s755;ENP-China Project: https://www.enpchina.eu/;
寧岡;Ninggang;Jiangxi;江西;26.8911968811534;114.194941766627;寧岡縣;縣;1931;11703594;N0415362;1837;s1901;ENP-China Project: https://www.enpchina.eu/;
寧國;Ningguo;Anhui;安徽;30.6222880210599;118.933458599862;寧國縣;縣;1931;DH058008-1;DH058008-1;1010;s683;ENP-China Project: https://www.enpchina.eu/;
寧海;Ninghai;Zhejiang;浙江;29.3141831573179;121.417889539424;寧海縣;縣;1931;DH036539-1;DH036539-1;2439;s1450;ENP-China Project: https://www.enpchina.eu/;
寧河;Ninghe;Hebei;河北;39.4674219440833;117.756074391417;寧河縣;縣;1931;11703597;N0415365;1517;s397;ENP-China Project: https://www.enpchina.eu/;
寧化;Ninghua;Fujian;福建;26.2270380598961;116.555517463615;寧化縣;縣;1931;DH050072-1;DH166601-1;2514;s1383;ENP-China Project: https://www.enpchina.eu/;
寧晉;Ningjin;Hebei;河北;37.621086;114.915398;寧晉縣;縣;1931;11703595;N0415363;1318;s357;ENP-China Project: https://www.enpchina.eu/;
寧津;Ningjin;Hebei;河北;37.6485676853056;116.750253615084;寧津縣;縣;1931;11703598;N0415366;1483;s415;ENP-China Project: https://www.enpchina.eu/;
寧靜;Ningjing;Xikang;西康;29.6773601942152;98.5126015427469;寧靜縣;縣;1931;11703606;N0415374;253;s1692;ENP-China Project: https://www.enpchina.eu/;
寧陵;Ningling;Henan;河南;34.4823632108443;115.347060086864;寧陵縣;縣;1931;DH031863-1;DH031863-1;1949;s120;ENP-China Project: https://www.enpchina.eu/;
寧明;Ningming;Guangxi;廣西;22.1665667786295;107.11556758493;寧明縣;縣;1931;DH027184-1;DH201977-1;330;s1121;ENP-China Project: https://www.enpchina.eu/;
寧南;Ningnan;Sichuan;四川;27.167731435613;102.615673799043;寧南縣;縣;1931;11703589;N0415357;714;s47;ENP-China Project: https://www.enpchina.eu/;
寧羌;Ningqiang;Shaanxi;陝西;32.8868840419623;106.30812123357;寧羌縣;縣;1931;11703601;N0415369;605;s840;ENP-China Project: https://www.enpchina.eu/;
寧陝;Ningshan;Shaanxi;陝西;33.2793016208574;108.527531416249;寧陝縣;縣;1931;11703604;N0415372;598;s833;ENP-China Project: https://www.enpchina.eu/;
寧朔;Ningshuo;Ningxia;寧夏;38.4803366086402;106.206336232369;寧朔縣;縣;1931;11703596;N0415364;194;s1720;ENP-China Project: https://www.enpchina.eu/;
寧武;Ningwu;Shanxi;山西;38.9741662461518;112.283863520278;寧武縣;縣;1931;DH034509-1;DH034509-1;270;s1230;ENP-China Project: https://www.enpchina.eu/;
寧夏;Ningxia;Ningxia;寧夏;38.4670787637286;106.303118500223;寧夏縣;縣;1931;11703591;N0415359;195;s1718;ENP-China Project: https://www.enpchina.eu/;
寧縣;Ningxian;Gansu;甘肅;35.4588737532905;107.813187035652;寧縣;縣;1931;11703600;N0415368;948;s732;ENP-China Project: https://www.enpchina.eu/;
寧鄉;Ningxiang;Hunan;湖南;28.316199337122;112.529102859783;寧鄉縣;縣;1931;11703603;N0415371;1774;s250;ENP-China Project: https://www.enpchina.eu/;
寧洋;Ningyang;Fujian;福建;25.5602941387446;117.320556510996;寧洋縣;縣;1931;DH019010-1;DH019010-1;2524;s1387;ENP-China Project: https://www.enpchina.eu/;
寧陽;Ningyang;Shandong;山東;35.7857497487703;116.849498657289;寧陽縣;縣;1931;11703605;N0415373;2263;s1750;ENP-China Project: https://www.enpchina.eu/;
寧遠;Ningyuan;Hunan;湖南;25.622808056216;111.866344228219;寧遠縣;縣;1931;11703602;N0415370;1790;s265;ENP-China Project: https://www.enpchina.eu/;
農安;Nongan;Jilin;吉林;44.4387631889247;125.177330842414;農安縣;縣;1931;D3131007;N0286761;1865;s1889;ENP-China Project: https://www.enpchina.eu/;
鷗浦;Oupu;Heilongjiang;黑龍江;52.7516542889136;126.039924759432;鷗浦縣;縣;1931;11703941;N0415709;544;s851;ENP-China Project: https://www.enpchina.eu/;
盤山;Panshan;Liaoning;遼寧;41.1995347427154;122.030153011655;盤山縣;縣;1931;D3049545;N0368677;1161;s568;ENP-China Project: https://www.enpchina.eu/;
盤縣;Panxian;Guizhou;貴州;25.7605380542991;104.484392039551;盤縣;縣;1931;D2865047;N0368633;490;s1299;ENP-China Project: https://www.enpchina.eu/;
沛縣;Peixian;Jiangsu;江蘇;34.7866159620575;117.002194726994;沛縣;縣;1931;D2867849;N0353286;2384;s1143;ENP-China Project: https://www.enpchina.eu/;
蓬安;Pengan;Sichuan;四川;31.0399772203685;106.363941061142;蓬安縣;縣;1931;D2866473;N0385925;662;s1031;ENP-China Project: https://www.enpchina.eu/;
蓬萊;Penglai;Shandong;山東;37.8191363979082;120.758163112283;蓬萊縣;縣;1931;D3058462;N0385941;2316;s1237;ENP-China Project: https://www.enpchina.eu/;
彭山;Pengshan;Sichuan;四川;30.2082856150598;103.893157655106;彭山縣;縣;1931;D2866470;N0328322;683;s995;ENP-China Project: https://www.enpchina.eu/;
彭水;Pengshui;Sichuan;四川;29.3004449603443;108.127857598524;彭水縣;縣;1931;DH039922-1;DH156451-1;214;s1742;ENP-China Project: https://www.enpchina.eu/;
蓬溪;Pengxi;Sichuan;四川;30.775038;105.707253;蓬溪縣;縣;1931;DH050944-1;DH050944-1;118;s1528;ENP-China Project: https://www.enpchina.eu/;
彭縣;Pengxian;Sichuan;四川;30.9913944005869;103.938270273475;彭縣;縣;1931;11703638;N0415406;666;s1042;ENP-China Project: https://www.enpchina.eu/;
彭澤;Pengze;Jiangxi;江西;29.9043923571296;116.600452388693;彭澤縣;縣;1931;D3206699;N0328349;1823;s1927;ENP-China Project: https://www.enpchina.eu/;
偏關;Pianguan;Shanxi;山西;39.4639537306004;111.396730796944;偏關縣;縣;1931;D3149313;N0283875-1;613;s774;ENP-China Project: https://www.enpchina.eu/;
平壩;Pingba;Guizhou;貴州;26.4231962582087;106.255632577069;平壩縣;縣;1931;D2865044;N0324486;473;s1382;ENP-China Project: https://www.enpchina.eu/;
平赤;Pingchi;Jiangxi;江西;26.6641377389884;115.507935936537;平赤縣;縣;1931;11703635;N0415403;1835;s65;ENP-China Project: https://www.enpchina.eu/;
平丹;Pingdan;Guizhou;貴州;25.8377651382134;107.336811751869;平丹縣;縣;1931;11703630;N0415398;477;s1375;ENP-China Project: https://www.enpchina.eu/;
平等;Pingdeng;Henan;河南;34.3796887874778;112.211236127156;平等縣;縣;1931;11703633;N0415401;1989;s1933;ENP-China Project: https://www.enpchina.eu/;
平定;Pingding;Shanxi;山西;37.802036;113.613301794405;平定縣;縣;1931;DH055262-1;DH171791-1;59;s1619;ENP-China Project: https://www.enpchina.eu/;
平度;Pingdu;Shandong;山東;36.7867098036593;119.92845244757;平度縣;縣;1931;D3299969;N0324617;2274;s1670;ENP-China Project: https://www.enpchina.eu/;
平谷;Pinggu;Hebei;河北;40.1558272159604;117.137920148169;平谷縣;縣;1931;11703634;N0415402;1678;s294;ENP-China Project: https://www.enpchina.eu/;
平和;Pinghe;Fujian;福建;24.2388727160736;117.023802823351;平和縣;縣;1931;DH051350-1;DH226143-1;2505;s1363;ENP-China Project: https://www.enpchina.eu/;
平湖;Pinghu;Zhejiang;浙江;30.7091766044357;121.034153059517;平湖縣;縣;1931;DH041143-1;DH215936-1;2435;s1458;ENP-China Project: https://www.enpchina.eu/;
平江;Pingjiang;Hunan;湖南;28.7135261863398;113.579895248453;平江縣;縣;1931;DH054223-1;DH170752-1;1075;s471;ENP-China Project: https://www.enpchina.eu/;
平樂;Pingle;Guangxi;廣西;24.6111221936992;110.455519836808;平樂縣;縣;1931;D3136732;N0324427;72;s1571;ENP-China Project: https://www.enpchina.eu/;
平利;Pingli;Shaanxi;陝西;32.4242322855879;109.539837669563;平利縣;縣;1931;D3063213;N0324438;596;s830;ENP-China Project: https://www.enpchina.eu/;
平涼;Pingliang;Gansu;甘肅;35.5000508187387;106.477512834888;平涼縣;縣;1931;DH052562-1;DH052562-1;106;s1520;ENP-China Project: https://www.enpchina.eu/;
平陸;Pinglu;Shanxi;山西;34.845544493709;110.990772190202;平陸縣;縣;1931;DH024496-1;DH141025-1;338;s1136;ENP-China Project: https://www.enpchina.eu/;
平魯;Pinglu;Shanxi;山西;39.7671712741266;112.100219615379;平魯縣;縣;1931;DH027710-1;DH027710-1;313;s1200;ENP-China Project: https://www.enpchina.eu/;
平羅;Pingluo;Ningxia;寧夏;38.8886782319169;106.601420010734;平羅縣;縣;1931;D2868953;N0324737;198;s1713;ENP-China Project: https://www.enpchina.eu/;
平民;Pingmin;Shaanxi;陝西;34.8621532625035;110.063960729711;平民縣;縣;1931;11703632;N0415400;576;s808;ENP-China Project: https://www.enpchina.eu/;
屏南;Pingnan;Fujian;福建;27.0933265079566;119.119138517433;屏南縣;縣;1931;DH051323-1;DH226116-1;2506;s1369;ENP-China Project: https://www.enpchina.eu/;
平南;Pingnan;Guangxi;廣西;23.5488083425571;110.352557332056;平南縣;縣;1931;D3130926;N0324442;325;s1091;ENP-China Project: https://www.enpchina.eu/;
平泉;Pingquan;Jehol;熱河;41.0177987427154;118.586094435462;平泉縣;縣;1931;D3056001;N0324678;1368;s353;ENP-China Project: https://www.enpchina.eu/;
屏山;Pingshan;Sichuan;四川;28.6235603031364;104.109466876515;屏山縣;縣;1931;D3160313;N0320609;704;s968;ENP-China Project: https://www.enpchina.eu/;
平山;Pingshan;Hebei;河北;38.2601388881665;114.20552783225;平山縣;縣;1931;D3108535;N0324571;1468;s426;ENP-China Project: https://www.enpchina.eu/;
平順;Pingshun;Shanxi;山西;36.1155561234853;113.593555166191;平順縣;縣;1931;D3130694;N0324797;645;s1013;ENP-China Project: https://www.enpchina.eu/;
平潭;Pingtan;Fujian;福建;25.504235556962;119.779874909347;平潭縣;縣;1931;D2868153;N0324712;2542;s1301;ENP-China Project: https://www.enpchina.eu/;
平武;Pingwu;Sichuan;四川;32.4199606489265;104.589511405309;平武縣;縣;1931;D3154622;N0324660;521;s916;ENP-China Project: https://www.enpchina.eu/;
平鄉;Pingxiang;Hebei;河北;36.978988953053;114.891890214276;平鄉縣;縣;1931;D3114172;N0324613-1;1592;s221;ENP-China Project: https://www.enpchina.eu/;
憑祥;Pingxiang;Guangxi;廣西;22.1026107404568;106.734422823471;憑祥縣;縣;1931;DH036511-1;DH036511-1;236;s1663;ENP-China Project: https://www.enpchina.eu/;
萍鄉;Pingxiang;Jiangxi;江西;27.623471065851;113.827503892191;萍鄉縣;縣;1931;DH033215-1;DH208008-1;1383;s310;ENP-China Project: https://www.enpchina.eu/;
平陽;Pingyang;Zhejiang;浙江;27.6955444177427;120.557433320887;平陽縣;縣;1931;D3142181;N0324773;2415;s1060;ENP-China Project: https://www.enpchina.eu/;
平遙;Pingyao;Shanxi;山西;37.1564458349618;112.170124328671;平遙縣;縣;1931;D3134794;N0152418;73;s1570;ENP-China Project: https://www.enpchina.eu/;
平彞;Pingyi;Yunnan;雲南;25.717220438942;104.147066997431;平彞縣;縣;1931;11703631;N0415399;867;s587;ENP-China Project: https://www.enpchina.eu/;
平陰;Pingyin;Shandong;山東;36.3174379268148;116.453244589022;平陰縣;縣;1931;D3054010;N0324781;2267;s1773;ENP-China Project: https://www.enpchina.eu/;
平原;Pingyuan;Shandong;山東;37.1714607670666;116.40924244757;平原縣;縣;1931;D3053998;N0324450;2278;s1662;ENP-China Project: https://www.enpchina.eu/;
平遠;Pingyuan;Guangdong;廣東;24.8365488196447;115.88200407094;平遠縣;縣;1931;D2866192;N0324750;2556;s1325;ENP-China Project: https://www.enpchina.eu/;
平越;Pingyue;Guizhou;貴州;26.7265599516611;107.461259862813;平越縣;縣;1931;DH006832-1;DH006832-1;422;s1396;ENP-China Project: https://www.enpchina.eu/;
皮山;Pishan;Xinjiang;新疆;37.612972;78.3267272416817;皮山縣;縣;1931;D3178034-1;D3178035-1;787;s656;ENP-China Project: https://www.enpchina.eu/;
邳縣;Pixian;Jiangsu;江蘇;34.4977212716915;118.039488932995;邳縣;縣;1931;11703868;N0415636;2589;s947;ENP-China Project: https://www.enpchina.eu/;
郫縣;Pixian;Sichuan;四川;30.8154759603443;103.885966719951;郫縣;縣;1931;D2868736;N0395954;177;s1790;ENP-China Project: https://www.enpchina.eu/;
鄱陽;Poyang;Jiangxi;江西;29.0227975629363;116.643155371213;鄱陽縣;縣;1931;D2965586;N0396453;1386;s321;ENP-China Project: https://www.enpchina.eu/;
普安;Puan;Guizhou;貴州;25.777149290305;104.886161798271;普安縣;縣;1931;DH054043-1;DH228836-1;84;s1575;ENP-China Project: https://www.enpchina.eu/;
浦城;Pucheng;Fujian;福建;28.0177301641341;118.474955315394;浦城縣;縣;1931;D2959351;N0356159;2500;s1341;ENP-China Project: https://www.enpchina.eu/;
蒲城;Pucheng;Shaanxi;陝西;34.9858266853166;109.505910683911;蒲城縣;縣;1931;D3102595;N0385705;15;s1630;ENP-China Project: https://www.enpchina.eu/;
普定;Puding;Guizhou;貴州;26.297809080746;105.744976281932;普定縣;縣;1931;DH054081-1;DH228874-1;83;s1579;ENP-China Project: https://www.enpchina.eu/;
浦江;Pujiang;Zhejiang;浙江;29.4676298879842;119.881692358226;浦江縣;縣;1931;DH047186-1;DH163715-1;2421;s1071;ENP-China Project: https://www.enpchina.eu/;
蒲江;Pujiang;Sichuan;四川;30.2372039601679;103.557704851853;蒲江縣;縣;1931;D2868730;N0385759;682;s996;ENP-China Project: https://www.enpchina.eu/;
蒲犁;Puli;Xinjiang;新疆;37.7915784138939;75.2416324138939;蒲犁縣;縣;1931;T0257536-1;T0257511-2;795;s663;ENP-China Project: https://www.enpchina.eu/;
普寧;Puning;Guangdong;廣東;23.4488819197993;116.212889919799;普寧縣;縣;1931;DH054298-1;DH170827-1;2152;s1527;ENP-China Project: https://www.enpchina.eu/;
蒲圻;Puqi;Hubei;湖北;29.7737568123254;113.949358214086;蒲圻縣;縣;1931;DH045015-1;DH219808-1;1241;s533;ENP-China Project: https://www.enpchina.eu/;
蒲臺;Putai;Shandong;山東;37.3693472688465;118.036895612441;蒲臺縣;縣;1931;11703836;N0415604;2308;s1221;ENP-China Project: https://www.enpchina.eu/;
莆田;Putian;Fujian;福建;25.4908751357056;119.043940116753;莆田縣;縣;1931;D3322423;N0384226;2491;s1442;ENP-China Project: https://www.enpchina.eu/;
普文;Puwen;Yunnan;雲南;22.550294887128;101.091603849552;普文縣;縣;1931;11703679;N0415447;913;s763;ENP-China Project: https://www.enpchina.eu/;
濮縣;Puxian;Shandong;山東;35.7233844358185;115.417537422615;濮縣;縣;1931;11703756;N0415524;2337;s1164;ENP-China Project: https://www.enpchina.eu/;
蒲縣;Puxian;Shanxi;山西;36.2648160391513;111.07886758881;蒲縣;縣;1931;D3139502;N0385695;407;s1470;ENP-China Project: https://www.enpchina.eu/;
濮陽;Puyang;Hebei;河北;35.6796133916111;114.975228664919;濮陽縣;縣;1931;D2852209;N0359789;1651;s150;ENP-China Project: https://www.enpchina.eu/;
遷安;Qianan;Hebei;河北;40.0214292920356;118.674986361091;遷安縣;縣;1931;D3112680;N0393763;1675;s297;ENP-China Project: https://www.enpchina.eu/;
潛江;Qianjiang;Hubei;湖北;30.4097399178871;112.913514483874;潛江縣;縣;1931;DH056309-1;DH172838-1;1041;s485;ENP-China Project: https://www.enpchina.eu/;
遷江;Qianjiang;Guangxi;廣西;23.5884042767131;108.934733934156;遷江縣;縣;1931;DH036932-1;DH211725-1;234;s1674;ENP-China Project: https://www.enpchina.eu/;
黔江;Qianjiang;Sichuan;四川;29.4119783160154;108.742008878573;黔江縣;縣;1931;DH011300-1;DH186093-1;400;s1476;ENP-China Project: https://www.enpchina.eu/;
虔南;Qiannan;Jiangxi;江西;24.7259082500733;114.358380472823;虔南縣;縣;1931;11703843;N0415611;1841;s1912;ENP-China Project: https://www.enpchina.eu/;
潛山;Qianshan;Anhui;安徽;30.5932256630413;116.627520547558;潛山縣;縣;1931;DH051785-1;DH168314-1;1124;s436;ENP-China Project: https://www.enpchina.eu/;
鉛山;Qianshan;Jiangxi;江西;28.1702719160849;117.727279808276;鉛山縣;縣;1931;DH042089-1;DH042089-1;1292;s379;ENP-China Project: https://www.enpchina.eu/;
黔西;Qianxi;Guizhou;貴州;27.0375783548475;106.012220814475;黔西縣;縣;1931;DH055379-1;DH230172-1;56;s1618;ENP-China Project: https://www.enpchina.eu/;
汧陽;Qianyang;Shaanxi;陝西;34.4715090251638;107.132363465734;汧陽縣;縣;1931;11703724;N0415492;222;s1757;ENP-China Project: https://www.enpchina.eu/;
黔陽;Qianyang;Hunan;湖南;27.2396992360779;109.845279677058;黔陽縣;縣;1931;DH055382-1;DH230175-1;1058;s462;ENP-China Project: https://www.enpchina.eu/;
巧家;Qiaojia;Yunnan;雲南;26.920678967924;102.89970016038;巧家縣;縣;1931;DH005375-1;DH121904-1;431;s1405;ENP-China Project: https://www.enpchina.eu/;
蘄春;Qichun;Hubei;湖北;30.0204690040826;115.37686916159;蘄春縣;縣;1931;11703840;N0415608;1763;s245;ENP-China Project: https://www.enpchina.eu/;
啓東;Qidong;Jiangsu;江蘇;31.7972167579458;121.655241754879;啓東縣;縣;1931;D3312989;N0299208;2598;s858;ENP-China Project: https://www.enpchina.eu/;
齊東;Qidong;Shandong;山東;37.0622108557303;117.606218295725;齊東縣;縣;1931;11703949;N0415717;2310;s1225;ENP-China Project: https://www.enpchina.eu/;
且末;Qiemo;Xinjiang;新疆;38.0758615139539;85.5616053752699;且末縣;縣;1931;D3109558;N0273224;772;s637;ENP-China Project: https://www.enpchina.eu/;
奇幹;Qigan;Heilongjiang;黑龍江;52.224291477324;120.764195596478;奇幹縣;縣;1931;11703567;N0415335;541;s938;ENP-China Project: https://www.enpchina.eu/;
齊河;Qihe;Shandong;山東;36.730833654877;116.765573167434;齊河縣;縣;1931;D3299419;N0413458;2324;s1253;ENP-China Project: https://www.enpchina.eu/;
綦江;Qijiang;Sichuan;四川;29.0266575600984;106.642159840148;綦江縣;縣;1931;DH010367-1;DH185160-1;406;s1472;ENP-China Project: https://www.enpchina.eu/;
奇克;Qike;Heilongjiang;黑龍江;49.5496585723297;128.380491182184;奇克縣;縣;1931;11703566;N0415334;535;s927;ENP-China Project: https://www.enpchina.eu/;
祁門;Qimen;Anhui;安徽;29.8680671263595;117.674497705161;祁門縣;縣;1931;DH057935-1;DH232728-1;1015;s680;ENP-China Project: https://www.enpchina.eu/;
秦安;Qinan;Gansu;甘肅;34.8870841208408;105.485771386747;秦安縣;縣;1931;DH050405-1;DH225198-1;126;s1545;ENP-China Project: https://www.enpchina.eu/;
慶城;Qingcheng;Heilongjiang;黑龍江;46.8729246202773;127.489647229539;慶城縣;縣;1931;11703655;N0415423;548;s848;ENP-China Project: https://www.enpchina.eu/;
青城;Qingcheng;Shandong;山東;37.2029102181634;117.667988747525;青城縣;縣;1931;11703922;N0415690;2309;s1219;ENP-China Project: https://www.enpchina.eu/;
清豐;Qingfeng;Hebei;河北;35.8920069089726;115.082963391417;清豐縣;縣;1931;D3049244;N0357144;1540;s225;ENP-China Project: https://www.enpchina.eu/;
慶符;Qingfu;Sichuan;四川;28.4569906353138;104.498129434768;慶符縣;縣;1931;D3134945;N0325332;709;s963;ENP-China Project: https://www.enpchina.eu/;
青岡;Qinggang;Heilongjiang;黑龍江;46.708247911321;126.092430044339;青岡縣;縣;1931;DH017685-1;DH192478-1;380;s1078;ENP-China Project: https://www.enpchina.eu/;
清河;Qinghe;Hebei;河北;37.070076;115.598283838751;清河縣;縣;1931;11703746;N0415514;1322;s363;ENP-China Project: https://www.enpchina.eu/;
清澗;Qingjian;Shaanxi;陝西;37.0395102038028;110.096905607777;清澗縣;縣;1931;D3056693;N0357363;631;s791;ENP-China Project: https://www.enpchina.eu/;
清江;Qingjiang;Jiangxi;江西;28.015566;115.367175263404;清江縣;縣;1931;D3360079;N0357312;1083;s474;ENP-China Project: https://www.enpchina.eu/;
清流;Qingliu;Fujian;福建;26.1777512839264;116.827275646701;清流縣;縣;1931;D3318220;N0357359;2499;s1351;ENP-China Project: https://www.enpchina.eu/;
清平;Qingping;Shandong;山東;36.7522991922149;116.068658721864;清平縣;縣;1931;11703745;N0415513;2328;s1275;ENP-China Project: https://www.enpchina.eu/;
青浦;Qingpu;Jiangsu;江蘇;31.1528754936762;121.104285074139;青浦縣;縣;1931;DH024794-1;DH024794-1;2379;s1129;ENP-China Project: https://www.enpchina.eu/;
青神;Qingshen;Sichuan;四川;29.826563459633;103.851515238151;青神縣;縣;1931;D2911520;N0404399;696;s1010;ENP-China Project: https://www.enpchina.eu/;
磬石;Qingshi;Jilin;吉林;42.944014;126.062074;磬石縣;縣;1931;11703787;N0415555;1289;s382;ENP-China Project: https://www.enpchina.eu/;
清水;Qingshui;Gansu;甘肅;34.7781228277878;105.828998998051;清水縣;縣;1931;D2888397;N0357249;239;s1665;ENP-China Project: https://www.enpchina.eu/;
清水河;Qingshuihe;Suiyuan;綏遠;39.930188376465;111.601670701985;清水河縣;縣;1931;D2872626;N0357291;424;s1408;ENP-China Project: https://www.enpchina.eu/;
青田;Qingtian;Zhejiang;浙江;28.1666753804041;120.285181037339;青田縣;縣;1931;D3144681;N0404361;2425;s1094;ENP-China Project: https://www.enpchina.eu/;
青溪;Qingxi;Guizhou;貴州;27.1643271441603;108.683303327858;青溪縣;縣;1931;11703923;N0415691;464;s58;ENP-China Project: https://www.enpchina.eu/;
青縣;Qingxian;Hebei;河北;38.5800262302043;116.798110550123;青縣;縣;1931;D3061739;N0403972;1606;s163;ENP-China Project: https://www.enpchina.eu/;
慶陽;Qingyang;Gansu;甘肅;35.9847957302698;107.769828601833;慶陽縣;縣;1931;DH049335-1;DH224128-1;137;s1819;ENP-China Project: https://www.enpchina.eu/;
青陽;Qingyang;Anhui;安徽;30.6783993790785;117.777211220783;青陽縣;縣;1931;DH052840-1;DH169369-1;1094;s444;ENP-China Project: https://www.enpchina.eu/;
慶元;Qingyuan;Zhejiang;浙江;27.6389850221784;119.053297641774;慶元縣;縣;1931;DH034996-1;DH209789-1;2442;s1475;ENP-China Project: https://www.enpchina.eu/;
清源;Qingyuan;Shanxi;山西;37.586095680814;112.35213226087;清源縣;縣;1931;D3132714;N0357376;619;s787;ENP-China Project: https://www.enpchina.eu/;
清苑;Qingyuan;Hebei;河北;38.8546909830288;115.511646579629;清苑縣;縣;1931;D3057369;N0357413;1608;s173;ENP-China Project: https://www.enpchina.eu/;
清遠;Qingyuan;Guangdong;廣東;23.7321151096488;113.000985510652;清遠縣;縣;1931;D3325271;N0357421;2172;s1551;ENP-China Project: https://www.enpchina.eu/;
慶雲;Qingyun;Hebei;河北;37.8757576332171;117.363872989702;慶雲縣;縣;1931;11703656;N0415424;1604;s161;ENP-China Project: https://www.enpchina.eu/;
清鎮;Qingzhen;Guizhou;貴州;26.5667598871187;106.456562290305;清鎮縣;縣;1931;DH023568-1;DH023568-1;346;s1150;ENP-China Project: https://www.enpchina.eu/;
沁水;Qinshui;Shanxi;山西;35.7456967678357;112.238876576228;沁水縣;縣;1931;DH020292-1;DH195085-1;364;s1051;ENP-China Project: https://www.enpchina.eu/;
欽縣;Qinxian;Guangdong;廣東;21.9661720628882;108.601498454338;欽縣;縣;1931;11703710;N0415478;2588;s948;ENP-China Project: https://www.enpchina.eu/;
沁縣;Qinxian;Shanxi;山西;36.6471666559208;112.750465786582;沁縣;縣;1931;D2867444;N0352208;638;s36;ENP-China Project: https://www.enpchina.eu/;
沁陽;Qinyang;Henan;河南;35.1028278084913;112.91626649155;沁陽縣;縣;1931;D3040845;N0352214;1979;s94;ENP-China Project: https://www.enpchina.eu/;
沁源;Qinyuan;Shanxi;山西;36.5658645762281;112.317602725873;沁源縣;縣;1931;DH020346-1;DH195139-1;363;s1057;ENP-China Project: https://www.enpchina.eu/;
瓊東;Qiongdong;Guangdong;廣東;19.3807827126955;110.473394153566;瓊東縣;縣;1931;11703774;N0415542;2579;s944;ENP-China Project: https://www.enpchina.eu/;
邛崍;Qionglai;Sichuan;四川;30.4130274984251;103.475576751746;邛崍縣;縣;1931;D2867323;N0394813;681;s993;ENP-China Project: https://www.enpchina.eu/;
瓊山;Qiongshan;Guangdong;廣東;20.0122655991819;110.34730260318;瓊山縣;縣;1931;11703773;N0415541;2575;s923;ENP-China Project: https://www.enpchina.eu/;
邛水;Qiongshui;Guizhou;貴州;26.9189443130133;108.628497010241;邛水縣;縣;1931;11703865;N0415633;465;s1368;ENP-China Project: https://www.enpchina.eu/;
岐山;Qishan;Shaanxi;陝西;34.3200732587337;107.429811476911;岐山縣;縣;1931;D3120643;N0321551;35;s1595;ENP-China Project: https://www.enpchina.eu/;
奇台;Qitai;Xinjiang;新疆;44.0721623796463;89.4706651027427;奇台縣;縣;1931;D3164768-1;D3164769-1;789;s650;ENP-China Project: https://www.enpchina.eu/;
丘北;Qiubei;Yunnan;雲南;24.0898693414854;104.180505718611;丘北縣;縣;1931;D2866913;N0273251;900;s747;ENP-China Project: https://www.enpchina.eu/;
秋浦;Qiupu;Anhui;安徽;30.124186;117.018351852581;秋浦縣;縣;1931;11703795;N0415563;1304;s389;ENP-China Project: https://www.enpchina.eu/;
丘縣;Qiuxian;Shandong;山東;36.7222474399418;115.141347508867;丘縣;縣;1931;11703505;N0415273;2327;s1255;ENP-China Project: https://www.enpchina.eu/;
棲霞;Qixia;Shandong;山東;37.263894498768;120.821128688474;棲霞縣;縣;1931;D3059210;N0344346;2317;s1235;ENP-China Project: https://www.enpchina.eu/;
杞縣;Qixian;Henan;河南;34.5300373801005;114.79561105791;杞縣;縣;1931;D3059218;N0340348;1901;s1858;ENP-China Project: https://www.enpchina.eu/;
淇縣;Qixian;Henan;河南;35.5911898470653;114.18732331403;淇縣;縣;1931;D3059216;N0356887;1918;s1874;ENP-China Project: https://www.enpchina.eu/;
祁縣;Qixian;Shanxi;山西;37.3194427118859;112.318289068532;祁縣;縣;1931;D3134782;N0372171;160;s1776;ENP-China Project: https://www.enpchina.eu/;
祁陽;Qiyang;Hunan;湖南;26.5886595409136;111.848314852284;祁陽縣;縣;1931;DH047630-1;DH222423-1;1198;s545;ENP-China Project: https://www.enpchina.eu/;
全椒;Quanjiao;Anhui;安徽;32.0589066419814;118.289894231659;全椒縣;縣;1931;DH042337-1;DH158866-1;1286;s376;ENP-China Project: https://www.enpchina.eu/;
全縣;Quanxian;Guangxi;廣西;25.9803151892892;110.955688799495;全縣;縣;1931;11703520;N0415288;972;s694;ENP-China Project: https://www.enpchina.eu/;
確山;Queshan;Henan;河南;32.8111953429849;114.070377582784;確山縣;縣;1931;DH027108-1;DH143637-1;1951;s122;ENP-China Project: https://www.enpchina.eu/;
曲阜;Qufu;Shandong;山東;35.6397823011999;117.045185460948;曲阜縣;縣;1931;D3057676;N0336895;2259;s1758;ENP-China Project: https://www.enpchina.eu/;
曲江;Qujiang;Guangdong;廣東;24.8145966162737;113.549668700647;曲江縣;縣;1931;D2925906;N0336813;2192;s1847;ENP-China Project: https://www.enpchina.eu/;
曲靖;Qujing;Yunnan;雲南;25.5246137754678;103.75567632076;曲靖縣;縣;1931;DH005554-1;DH180347-1;427;s1409;ENP-China Project: https://www.enpchina.eu/;
曲沃;Quwo;Shanxi;山西;35.6382959314683;111.498420151051;曲沃縣;縣;1931;DH024321-1;DH024321-1;342;s1128;ENP-China Project: https://www.enpchina.eu/;
曲溪;Quxi;Yunnan;雲南;23.9658674171073;102.68133638568;曲溪縣;縣;1931;11703682;N0415450;895;s604;ENP-China Project: https://www.enpchina.eu/;
渠縣;Quxian;Sichuan;四川;30.843006;106.960894;渠縣;縣;1931;D2867320;N0357548;169;s1784;ENP-China Project: https://www.enpchina.eu/;
衢縣;Quxian;Zhejiang;浙江;28.9706931255356;118.865227313551;衢縣;縣;1931;11703844;N0415612;2482;s1428;ENP-China Project: https://www.enpchina.eu/;
曲陽;Quyang;Hebei;河北;38.6085558530558;114.596081027307;曲陽縣;縣;1931;D3058638;N0336896;1253;s494;ENP-China Project: https://www.enpchina.eu/;
曲周;Quzhou;Hebei;河北;36.7767263706112;114.916130817945;曲周縣;縣;1931;D3058630;N0336690;1361;s347;ENP-China Project: https://www.enpchina.eu/;
饒河;Raohe;Jilin;吉林;47.214561;133.714677704496;饒河縣;縣;1931;DH024369-1;DH199162-1;1451;s423;ENP-China Project: https://www.enpchina.eu/;
饒平;Raoping;Guangdong;廣東;23.9613435106522;116.792021130953;饒平縣;縣;1931;DH032892-1;DH149421-1;2177;s1813;ENP-China Project: https://www.enpchina.eu/;
饒陽;Raoyang;Hebei;河北;38.2408035226561;115.744055216634;饒陽縣;縣;1931;D3056637;N0405748;1618;s183;ENP-China Project: https://www.enpchina.eu/;
仁化;Renhua;Guangdong;廣東;25.136123970874;113.713501590152;仁化縣;縣;1931;D3140847;N0281040;2171;s1560;ENP-China Project: https://www.enpchina.eu/;
仁懷;Renhuai;Guizhou;貴州;27.7817436934914;106.33477932244;仁懷縣;縣;1931;DH053184-1;DH227977-1;99;s1504;ENP-China Project: https://www.enpchina.eu/;
任丘;Renqiu;Hebei;河北;38.7161848256216;116.105579763087;任丘縣;縣;1931;D3062750;N0281841;1613;s168;ENP-China Project: https://www.enpchina.eu/;
仁壽;Renshou;Sichuan;四川;30.010036400246;104.12565263941;仁壽縣;縣;1931;DH037287-1;DH153816-1;230;s1653;ENP-China Project: https://www.enpchina.eu/;
任縣;Renxian;Hebei;河北;37.1210164534455;114.686478540155;任縣;縣;1931;D3062747;N0281847;1587;s214;ENP-China Project: https://www.enpchina.eu/;
日照;Rizhao;Shandong;山東;35.4371031780444;119.5061723765;日照縣;縣;1931;D3058397;N0335204;2292;s1689;ENP-China Project: https://www.enpchina.eu/;
榮昌;Rongchang;Sichuan;四川;29.411387;105.558728718721;榮昌縣;縣;1931;DH016948-1;DH191741-1;385;s1443;ENP-China Project: https://www.enpchina.eu/;
容城;Rongcheng;Hebei;河北;39.0555229440833;115.852821853056;容城縣;縣;1931;D3060843;N0316813;1370;s355;ENP-China Project: https://www.enpchina.eu/;
榮城;Rongcheng;Shandong;山東;37.3654980421674;122.528354424748;榮城縣;縣;1931;11703702;N0415470;2320;s1261;ENP-China Project: https://www.enpchina.eu/;
榮河;Ronghe;Shanxi;山西;35.3413514889243;110.379932060257;榮河縣;縣;1931;11703703;N0415471;652;s1022;ENP-China Project: https://www.enpchina.eu/;
榕江;Rongjiang;Guizhou;貴州;25.9012906427235;108.637216197135;榕江縣;縣;1931;D2864766;N0347410;484;s1273;ENP-China Project: https://www.enpchina.eu/;
榮經;Rongjing;Sichuan;四川;29.8169067091595;102.876068261885;榮經縣;縣;1931;11703704;N0415472;2636;s827;ENP-China Project: https://www.enpchina.eu/;
容縣;Rongxian;Guangxi;廣西;22.897566065844;110.547518027671;容縣;縣;1931;D3053611;N0316811;326;s1097;ENP-China Project: https://www.enpchina.eu/;
榮縣;Rongxian;Sichuan;四川;29.498731281279;104.361864517983;榮縣;縣;1931;D2867314;N0383971;452;s1330;ENP-China Project: https://www.enpchina.eu/;
融縣;Rongxian;Guangxi;廣西;25.0384948788134;109.170041951326;融縣;縣;1931;DH053481-1;DH170010-1;95;s1583;ENP-China Project: https://www.enpchina.eu/;
榮陽;Rongyang;Henan;河南;34.7901516708578;113.331558350029;榮陽縣;縣;1931;11703705;N0415473;1985;s1937;ENP-China Project: https://www.enpchina.eu/;
汝城;Rucheng;Hunan;湖南;25.5954007443844;113.677718382908;汝城縣;縣;1931;D2864563;N0351092;1788;s264;ENP-China Project: https://www.enpchina.eu/;
如臯;Rugao;Jiangsu;江蘇;32.3980499617225;120.553676238509;如臯縣;縣;1931;D3176659;N0313311;2371;s1114;ENP-China Project: https://www.enpchina.eu/;
瑞安;Ruian;Zhejiang;浙江;27.805381813307;120.632673641774;瑞安縣;縣;1931;D2880868;N0364481;2430;s1092;ENP-China Project: https://www.enpchina.eu/;
瑞昌;Ruichang;Jiangxi;江西;29.6312632440906;115.763514584481;瑞昌縣;縣;1931;11703772;N0415540;1818;s1932;ENP-China Project: https://www.enpchina.eu/;
芮城;Ruicheng;Shanxi;山西;34.7630675076965;110.579192998594;芮城縣;縣;1931;DH021049-1;DH195842-1;358;s1046;ENP-China Project: https://www.enpchina.eu/;
瑞金;Ruijin;Jiangxi;江西;25.7978084189997;115.983325742425;瑞金縣;縣;1931;DH042907-1;DH159436-1;1274;s514;ENP-China Project: https://www.enpchina.eu/;
汝南;Runan;Henan;河南;33.0258740647379;114.391485708534;汝南縣;縣;1931;D3048176;N0351090;2006;s1952;ENP-China Project: https://www.enpchina.eu/;
薩拉齊;Salaqi;Suiyuan;綏遠;40.6180809019375;110.504710811767;薩拉齊縣;縣;1931;D3018192;N0384870;443;s1431;ENP-China Project: https://www.enpchina.eu/;
桑植;Sangzhi;Hunan;湖南;29.3604953850549;110.08684721109;桑植縣;縣;1931;D2944395;N0345500;1215;s557;ENP-China Project: https://www.enpchina.eu/;
三合;Sanhe;Guizhou;貴州;25.9610793528507;107.960856413821;三合縣;縣;1931;11703501;N0415269;480;s1281;ENP-China Project: https://www.enpchina.eu/;
三河;Sanhe;Hebei;河北;39.9903240956687;117.068667069465;三河縣;縣;1931;11703503;N0415271;1676;s293;ENP-China Project: https://www.enpchina.eu/;
三江;Sanjiang;Guangxi;廣西;25.3382469105814;109.32005500921;三江縣;縣;1931;11703502;N0415270;444;s1423;ENP-China Project: https://www.enpchina.eu/;
三水;Sanshui;Guangdong;廣東;23.1553281478302;112.847605785226;三水縣;縣;1931;D3004104;N0267443;2563;s915;ENP-China Project: https://www.enpchina.eu/;
三台;Santai;Sichuan;四川;31.1030439603443;105.065280799262;三台縣;縣;1931;D3383112-1;D3383113-1;450;s1343;ENP-China Project: https://www.enpchina.eu/;
三原;Sanyuan;Shaanxi;陝西;34.60181258881;108.945720945456;三原縣;縣;1931;D3113323;N0266720;49;s1609;ENP-China Project: https://www.enpchina.eu/;
莎車;Shache;Xinjiang;新疆;38.4056660069205;77.2558393512495;莎車縣;縣;1931;D2876274;N0384235;766;s961;ENP-China Project: https://www.enpchina.eu/;
沙河;Shahe;Hebei;河北;36.9355396853056;114.489304482445;沙河縣;縣;1931;11703727;N0415495;1355;s343;ENP-China Project: https://www.enpchina.eu/;
山丹;Shandan;Gansu;甘肅;38.7864081379646;101.286826673674;山丹縣;縣;1931;DH049197-1;DH223990-1;140;s1814;ENP-China Project: https://www.enpchina.eu/;
上蔡;Shangcai;Henan;河南;33.2907146198995;114.327432297709;上蔡縣;縣;1931;DH037581-1;DH212374-1;1945;s124;ENP-China Project: https://www.enpchina.eu/;
商城;Shangcheng;Henan;河南;31.8434265538292;115.439924867859;商城縣;縣;1931;DH056260-1;DH231053-1;1904;s1868;ENP-China Project: https://www.enpchina.eu/;
商都;Shangdu;Chahaer;察哈爾;41.5580634558655;113.736324502487;商都縣;縣;1931;D3036546;N0301387;301;s1161;ENP-China Project: https://www.enpchina.eu/;
上高;Shanggao;Jiangxi;江西;28.2715901497661;114.909253544872;上高縣;縣;1931;DH020486-1;DH137015-1;1478;s409;ENP-China Project: https://www.enpchina.eu/;
上海;Shanghai;Jiangsu;江蘇;31.2334516403855;121.476600133265;上海縣;縣;1931;D3049201;N0269721;2600;s872;ENP-China Project: https://www.enpchina.eu/;
上杭;Shanghang;Fujian;福建;25.0423926277489;116.446299567853;上杭縣;縣;1931;D2976740;N0269378;2513;s1377;ENP-China Project: https://www.enpchina.eu/;
商河;Shanghe;Shandong;山東;37.3254551597481;117.146870625615;商河縣;縣;1931;D3057308;N0301384;2271;s1766;ENP-China Project: https://www.enpchina.eu/;
上金;Shangjin;Guangxi;廣西;22.3352888844351;107.098592497477;上金縣;縣;1931;11703504;N0415272;999;s667;ENP-China Project: https://www.enpchina.eu/;
上林;Shanglin;Guangxi;廣西;23.4796560381727;108.553647961827;上林縣;縣;1931;DH042028-1;DH158557-1;206;s1726;ENP-China Project: https://www.enpchina.eu/;
商南;Shangnan;Shaanxi;陝西;33.6162378738095;110.450314299763;商南縣;縣;1931;D3277884;N0301360;594;s839;ENP-China Project: https://www.enpchina.eu/;
上帕;Shangpa;Yunnan;雲南;26.4166470236365;99.0253695365998;上帕縣;縣;1931;D3135046;N0269067;862;s23;ENP-China Project: https://www.enpchina.eu/;
商丘;Shangqiu;Henan;河南;34.4364292448862;115.615663571661;商丘縣;縣;1931;D3232493;N0301354;1969;s84;ENP-China Project: https://www.enpchina.eu/;
上饒;Shangrao;Jiangxi;江西;28.4522815868298;117.880588898021;上饒縣;縣;1931;D2908068;N0270651;1079;s469;ENP-China Project: https://www.enpchina.eu/;
商水;Shangshui;Henan;河南;33.5660547438794;114.629765648854;商水縣;縣;1931;DH056281-1;DH231074-1;1903;s1860;ENP-China Project: https://www.enpchina.eu/;
上思;Shangsi;Guangxi;廣西;22.1795851211866;108.036201214702;上思縣;縣;1931;DH024522-1;DH199315-1;337;s1130;ENP-China Project: https://www.enpchina.eu/;
商縣;Shangxian;Shaanxi;陝西;33.845354525817;109.76296434374;商縣;縣;1931;11703547;N0415315;593;s835;ENP-China Project: https://www.enpchina.eu/;
上猶;Shangyou;Jiangxi;江西;25.9459591620007;114.665355293703;上猶縣;縣;1931;DH030641-1;DH205434-1;1815;s1924;ENP-China Project: https://www.enpchina.eu/;
上虞;Shangyu;Zhejiang;浙江;29.9576106044357;120.961691149354;上虞縣;縣;1931;D3357331;N0270346;2438;s1452;ENP-China Project: https://www.enpchina.eu/;
鄯善;Shanshan;Xinjiang;新疆;42.8873056898232;90.2355755518585;鄯善縣;縣;1931;DH030388-1;DH030388-1;781;s643;ENP-China Project: https://www.enpchina.eu/;
陝縣;Shanxian;Henan;河南;34.8191255214493;111.045038640847;陝縣;縣;1931;D3059780;N0402707;1992;s1946;ENP-China Project: https://www.enpchina.eu/;
山陽;Shanyang;Shaanxi;陝西;33.6236000559497;109.899906479722;山陽縣;縣;1931;D2889876;N0321481;131;s1807;ENP-China Project: https://www.enpchina.eu/;
山陰;Shanyin;Shanxi;山西;39.4538878083925;112.914337848949;山陰縣;縣;1931;DH056614-1;DH231407-1;36;s1590;ENP-China Project: https://www.enpchina.eu/;
邵武;Shaowu;Fujian;福建;27.3530169211515;117.462599892723;邵武縣;縣;1931;D3149096;N0395418;2490;s1444;ENP-China Project: https://www.enpchina.eu/;
紹興;Shaoxing;Zhejiang;浙江;30.0035236791129;120.567357470241;紹興縣;縣;1931;D3370737;N0376342;2413;s1056;ENP-China Project: https://www.enpchina.eu/;
邵陽;Shaoyang;Hunan;湖南;27.2777904286053;111.394462962637;邵陽縣;縣;1931;DH048119-1;DH164648-1;1184;s540;ENP-China Project: https://www.enpchina.eu/;
沙灣;Shawan;Xinjiang;新疆;44.65110166396;85.4886313926306;沙灣縣;縣;1931;D3057245;N0353071;809;s625;ENP-China Project: https://www.enpchina.eu/;
沙縣;Shaxian;Fujian;福建;26.4304491167532;117.733627962095;沙縣;縣;1931;D2867008;N0352566;2517;s1370;ENP-China Project: https://www.enpchina.eu/;
沙雅;Shaya;Xinjiang;新疆;41.2397335518585;83.0047299324792;沙雅縣;縣;1931;D3090621-1;D3090622-1;791;s652;ENP-China Project: https://www.enpchina.eu/;
射洪;Shehong;Sichuan;四川;30.987828;105.274639;射洪縣;縣;1931;D2910926;N0317816;292;s1152;ENP-China Project: https://www.enpchina.eu/;
神池;Shenchi;Shanxi;山西;39.0889113972025;112.197722068532;神池縣;縣;1931;DH020849-1;DH195642-1;361;s1054;ENP-China Project: https://www.enpchina.eu/;
什邡;Shenfang;Sichuan;四川;31.132933;104.167058879803;什邡縣;縣;1931;DH019989-1;DH136518-1;370;s52;ENP-China Project: https://www.enpchina.eu/;
省溪;Shengxi;Guizhou;貴州;27.4993930404981;109.157876214493;省溪縣;縣;1931;11703781;N0415549;462;s1350;ENP-China Project: https://www.enpchina.eu/;
嵊縣;Shengxian;Zhejiang;浙江;29.6003771715328;120.795450582257;嵊縣;縣;1931;DH051638-1;DH051638-1;2417;s1077;ENP-China Project: https://www.enpchina.eu/;
神木;Shenmu;Shaanxi;陝西;38.8623124251774;110.385843861531;神木縣;縣;1931;D3050445;N0372415;20;s1637;ENP-China Project: https://www.enpchina.eu/;
深縣;Shenxian;Hebei;河北;38.0107424476406;115.546860009478;深縣;縣;1931;11703742;N0415510;1657;s156;ENP-China Project: https://www.enpchina.eu/;
莘縣;Shenxian;Shandong;山東;36.2285400811703;115.665106619912;莘縣;縣;1931;D3105704;N0384250;2331;s1278;ENP-China Project: https://www.enpchina.eu/;
瀋陽;Shenyang;Liaoning;遼寧;41.7941517660262;123.446861222318;瀋陽縣;縣;1931;11703758;N0415526;1003;s676;ENP-China Project: https://www.enpchina.eu/;
深澤;Shenze;Hebei;河北;38.1774193489273;115.17946655805;深澤縣;縣;1931;D3050511;N0357083;1616;s181;ENP-China Project: https://www.enpchina.eu/;
歙縣;Shexian;Anhui;安徽;29.8773701052996;118.42698493682;歙縣;縣;1931;D2972770;N0348500;1115;s457;ENP-China Project: https://www.enpchina.eu/;
涉縣;Shexian;Henan;河南;36.6372346460676;113.837393491606;涉縣;縣;1931;DH036041-1;DH210834-1;1964;s74;ENP-China Project: https://www.enpchina.eu/;
施秉;Shibing;Guizhou;貴州;27.0151119918982;108.115208822576;施秉縣;縣;1931;DH054033-1;DH228826-1;85;s1574;ENP-China Project: https://www.enpchina.eu/;
石城;Shicheng;Jiangxi;江西;26.3098377248857;116.243958566453;石城縣;縣;1931;D3176492;N0369523;1836;s1902;ENP-China Project: https://www.enpchina.eu/;
石埭;Shidai;Anhui;安徽;30.3881481263595;117.9566841053;石埭縣;縣;1931;DH040700-1;DH040700-1;1309;s386;ENP-China Project: https://www.enpchina.eu/;
石樓;Shilou;Shanxi;山西;36.9747815202784;110.949219809798;石樓縣;縣;1931;DH019629-1;DH019629-1;372;s1064;ENP-China Project: https://www.enpchina.eu/;
石門;Shimen;Hunan;湖南;29.5947333105664;111.242376415993;石門縣;縣;1931;D3243747;N0371011;1045;s482;ENP-China Project: https://www.enpchina.eu/;
石屏;Shiping;Yunnan;雲南;23.713535042768;102.499218914464;石屏縣;縣;1931;DH008356-1;DH124885-1;415;s1486;ENP-China Project: https://www.enpchina.eu/;
石阡;Shiqian;Guizhou;貴州;27.5290641209831;108.286584080746;石阡縣;縣;1931;DH054605-1;DH229398-1;74;s1573;ENP-China Project: https://www.enpchina.eu/;
石渠;Shiqu;Xikang;西康;33.1946239900689;97.7547509165419;石渠縣;縣;1931;D2866096;N0370492;247;s1680;ENP-China Project: https://www.enpchina.eu/;
石泉;Shiquan;Shaanxi;陝西;33.0981047914921;108.415219331932;石泉縣;縣;1931;D3051747;N0370436;599;s831;ENP-China Project: https://www.enpchina.eu/;
石首;Shishou;Hubei;湖北;29.7168352785914;112.421413442817;石首縣;縣;1931;DH058131-1;DH058131-1;1007;s673;ENP-China Project: https://www.enpchina.eu/;
室韋;Shiwei;Heilongjiang;黑龍江;51.3460538070274;119.911170490879;室韋縣;縣;1931;11703587;N0415355;542;s45;ENP-China Project: https://www.enpchina.eu/;
始興;Shixing;Guangdong;廣東;25.0313215173375;114.053275863384;始興縣;縣;1931;DH041879-1;DH158408-1;2167;s1537;ENP-China Project: https://www.enpchina.eu/;
石砫;Shizhu;Sichuan;四川;30.1342546515831;108.13721398317;石砫縣;縣;1931;11703785;N0415553;689;s1001;ENP-China Project: https://www.enpchina.eu/;
師宗;Shizong;Yunnan;雲南;24.831856;103.991287;師宗縣;縣;1931;DH035294-1;DH151823-1;856;s612;ENP-China Project: https://www.enpchina.eu/;
壽昌;Shouchang;Zhejiang;浙江;29.369589;119.219635;壽昌縣;縣;1931;D3082392;N0317698;2448;s1487;ENP-China Project: https://www.enpchina.eu/;
壽光;Shouguang;Shandong;山東;36.9103029268148;118.729358821956;壽光縣;縣;1931;D3280018;N0317688;2252;s1733;ENP-China Project: https://www.enpchina.eu/;
壽寧;Shouning;Fujian;福建;27.4180007854459;119.510574;壽寧縣;縣;1931;DH023009-1;DH023009-1;2521;s1393;ENP-China Project: https://www.enpchina.eu/;
壽縣;Shouxian;Anhui;安徽;32.5908458061864;116.819963738852;壽縣;縣;1931;D3314771;N0317689;1687;s301;ENP-China Project: https://www.enpchina.eu/;
壽陽;Shouyang;Shanxi;山西;37.8733331916075;113.152269123076;壽陽縣;縣;1931;DH014594-1;DH014594-1;393;s1459;ENP-China Project: https://www.enpchina.eu/;
壽張;Shouzhang;Shandong;山東;36.0281950660166;115.859727491775;壽張縣;縣;1931;11703556;N0415324;2336;s1166;ENP-China Project: https://www.enpchina.eu/;
雙柏;Shuangbo;Yunnan;雲南;24.847813688246;101.576465306671;雙柏縣;縣;1931;D2866923;N0295532;874;s596;ENP-China Project: https://www.enpchina.eu/;
雙城;Shuangcheng;Jilin;吉林;45.3909654379154;126.296053753554;雙城縣;縣;1931;DH058215-1;DH058215-1;1005;s672;ENP-China Project: https://www.enpchina.eu/;
雙江;Shuangjiang;Yunnan;雲南;23.4628933193489;99.8251122848361;雙江縣;縣;1931;D2969153;N0295605;915;s765;ENP-China Project: https://www.enpchina.eu/;
雙流;Shuangliu;Sichuan;四川;30.584224101465;103.933643338258;雙流縣;縣;1931;D3339603;N0295701;678;s984;ENP-China Project: https://www.enpchina.eu/;
雙山;Shuangshan;Liaoning;遼寧;43.6958985411793;123.927336555554;雙山縣;縣;1931;D3020962;N0295412;1626;s191;ENP-China Project: https://www.enpchina.eu/;
雙陽;Shuangyang;Jilin;吉林;43.5412506436023;125.661282904265;雙陽縣;縣;1931;D3190928;N0295914;1166;s567;ENP-China Project: https://www.enpchina.eu/;
舒城;Shucheng;Anhui;安徽;31.4356903939815;117.003031582423;舒城縣;縣;1931;DH014125-1;DH188918-1;1506;s396;ENP-China Project: https://www.enpchina.eu/;
疏附;Shufu;Xinjiang;新疆;39.4595240419171;75.9745299417932;疏附縣;縣;1931;D3085111;N0366439;825;s634;ENP-China Project: https://www.enpchina.eu/;
水城;Shuicheng;Guizhou;貴州;26.6979398711869;104.718505822305;水城縣;縣;1931;DH054339-1;DH229132-1;79;s1568;ENP-China Project: https://www.enpchina.eu/;
舒蘭;Shulan;Jilin;吉林;44.3569831507109;126.803910178199;舒蘭縣;縣;1931;T0257534-1;T0257509-2;1851;s1922;ENP-China Project: https://www.enpchina.eu/;
疏勒;Shulei;Xinjiang;新疆;39.4240168962829;76.1244915870805;疏勒縣;縣;1931;DH043952-1;DH043952-4;777;s646;ENP-China Project: https://www.enpchina.eu/;
束鹿;Shulu;Hebei;河北;37.8558033563024;115.299192219534;束鹿縣;縣;1931;11703689;N0415457;1597;s216;ENP-China Project: https://www.enpchina.eu/;
順昌;Shunchang;Fujian;福建;26.8495447066185;117.748228219549;順昌縣;縣;1931;D2867005;N0405252;2530;s1293;ENP-China Project: https://www.enpchina.eu/;
順德;Shunde;Guangdong;廣東;22.8332194304515;113.262054649749;順德縣;縣;1931;D3141386;N0405249;2190;s1828;ENP-China Project: https://www.enpchina.eu/;
順寧;Shunning;Yunnan;雲南;24.5740041389961;99.8959101176121;順寧縣;縣;1931;DH029639-1;DH029639-1;293;s1151;ENP-China Project: https://www.enpchina.eu/;
順義;Shunyi;Hebei;河北;40.1828241788449;116.649627254258;順義縣;縣;1931;11703926;N0415694;1683;s305;ENP-China Project: https://www.enpchina.eu/;
碩督;Shuodu;Xikang;西康;30.8234349142125;95.8601243510291;碩督縣;縣;1931;11703786;N0415554;250;s62;ENP-China Project: https://www.enpchina.eu/;
朔縣;Shuoxian;Shanxi;山西;39.3246867460469;112.410534544715;朔縣;縣;1931;11703683;N0415451;530;s936;ENP-China Project: https://www.enpchina.eu/;
思恩;Si'en;Guangxi;廣西;24.8307806574429;108.258721314886;思恩縣;縣;1931;D3136801;N0329314;219;s1763;ENP-China Project: https://www.enpchina.eu/;
四會;Sihui;Guangdong;廣東;23.3991376284448;112.616450962408;四會縣;縣;1931;D2869693;N0301743;2149;s1502;ENP-China Project: https://www.enpchina.eu/;
思樂;Sile;Guangxi;廣西;22.1700851849865;107.575457076736;思樂縣;縣;1931;11703649;N0415417;1001;s674;ENP-China Project: https://www.enpchina.eu/;
思林;Silin;Guangxi;廣西;23.4846848359175;107.316520781856;思林縣;縣;1931;11703648;N0415416;979;s707;ENP-China Project: https://www.enpchina.eu/;
思茅;Simao;Yunnan;雲南;22.7760062550971;101.05955840842;思茅縣;縣;1931;D3232628;N0329335;911;s754;ENP-China Project: https://www.enpchina.eu/;
思明;Siming;Fujian;福建;24.4599516442098;118.076619387081;思明縣;縣;1931;11703647;N0415415;2544;s1317;ENP-China Project: https://www.enpchina.eu/;
思南;Sinan;Guizhou;貴州;27.9241129354576;108.44282772617;思南縣;縣;1931;DH053938-1;DH228731-1;86;s1576;ENP-China Project: https://www.enpchina.eu/;
四平;Siping;Liaobei;遼北;43.1721717130052;124.34888768212;NA;NA;1931;D3022229;N0301924;NA;NA;ENP-China Project: https://www.enpchina.eu/;
汜水;Sishui;Henan;河南;34.878280466407;113.201176022367;汜水縣;縣;1931;11703722;N0415490;1983;s90;ENP-China Project: https://www.enpchina.eu/;
泗水;Sishui;Shandong;山東;35.6927731231555;117.306403515837;泗水縣;縣;1931;D3281894;N0354525;2276;s1658;ENP-China Project: https://www.enpchina.eu/;
泗縣;Sixian;Anhui;安徽;33.5015392611691;117.946104266639;泗縣;縣;1931;D2867602;N0354504;1560;s237;ENP-China Project: https://www.enpchina.eu/;
泗陽;Siyang;Jiangsu;江蘇;33.6833593994338;118.716586561491;泗陽縣;縣;1931;D2868035;N0354573;2368;s1112;ENP-China Project: https://www.enpchina.eu/;
松濨;Songci;Hubei;湖北;30.3335155385653;111.762964864778;松濨縣;縣;1931;11703697;N0415465;1758;s279;ENP-China Project: https://www.enpchina.eu/;
松江;Songjiang;Jiangsu;江蘇;31.009476;121.232268567815;松江縣;縣;1931;DH005013-1;DH179806-1;2382;s1123;ENP-China Project: https://www.enpchina.eu/;
嵩明;Songming;Yunnan;雲南;25.3689004266439;103.012937037388;嵩明縣;縣;1931;D2868295;N0323102;869;s581;ENP-China Project: https://www.enpchina.eu/;
松潘;Songpan;Sichuan;四川;32.6445122346682;103.621718364401;松潘縣;縣;1931;D2868093;N0342131;603;s845;ENP-China Project: https://www.enpchina.eu/;
松桃;Songtao;Guizhou;貴州;28.139402459627;109.180934112881;松桃縣;縣;1931;DH054157-1;DH228950-1;82;s1580;ENP-China Project: https://www.enpchina.eu/;
松溪;Songxi;Fujian;福建;27.6444355458613;118.730826510996;松溪縣;縣;1931;D2958709;N0342129;2496;s1349;ENP-China Project: https://www.enpchina.eu/;
嵩縣;Songxian;Henan;河南;34.1068569712361;112.023618389538;嵩縣;縣;1931;D3053082;N0323087;1997;s1941;ENP-China Project: https://www.enpchina.eu/;
松陽;Songyang;Zhejiang;浙江;28.4666091341942;119.487326641774;松陽縣;縣;1931;DH041508-1;DH216301-1;2434;s1460;ENP-China Project: https://www.enpchina.eu/;
遂安;Suian;Zhejiang;浙江;29.4887035670971;118.718572582257;遂安縣;縣;1931;DH010887-1;DH185680-1;2451;s1489;ENP-China Project: https://www.enpchina.eu/;
綏濱;Suibin;Heilongjiang;黑龍江;47.3330539260069;132.023706780974;綏濱縣;縣;1931;D2866936;N0376474;546;s855;ENP-China Project: https://www.enpchina.eu/;
遂昌;Suichang;Zhejiang;浙江;28.6087117386299;119.267431283549;遂昌縣;縣;1931;DH042467-1;DH217260-1;2427;s1098;ENP-China Project: https://www.enpchina.eu/;
遂川;Suichuan;Jiangxi;江西;26.4107528991812;114.598602463809;遂川縣;縣;1931;D3313470;N0394417;1838;s1904;ENP-China Project: https://www.enpchina.eu/;
綏德;Suide;Shaanxi;陝西;37.5129362741266;110.224183314683;綏德縣;縣;1931;D3051952;N0376469;17;s1640;ENP-China Project: https://www.enpchina.eu/;
綏定;Suiding;Xinjiang;新疆;44.0676294138939;80.8304240342476;綏定縣;縣;1931;T0257532-1;T0257507-2;794;s664;ENP-China Project: https://www.enpchina.eu/;
綏東;Suidong;Jehol;熱河;42.7540221082453;121.673686932549;綏東縣;縣;1931;11703805;N0415573;1196;s544;ENP-China Project: https://www.enpchina.eu/;
綏化;Suihua;Heilongjiang;黑龍江;46.6280890332546;126.962738066509;綏化縣;縣;1931;D3352743;N0376464;423;s1394;ENP-China Project: https://www.enpchina.eu/;
綏江;Suijiang;Yunnan;雲南;28.5678714195894;103.929715309757;綏江縣;縣;1931;D2868298;N0376473;505;s1320;ENP-China Project: https://www.enpchina.eu/;
綏來;Suilai;Xinjiang;新疆;44.3384301037171;86.3090414833634;綏來縣;縣;1931;DH057659-1;DH232452-1;775;s638;ENP-China Project: https://www.enpchina.eu/;
綏楞;Suileng;Heilongjiang;黑龍江;47.1523638790081;127.313159276656;綏楞縣;縣;1931;D3024916;N0376471;547;s853;ENP-China Project: https://www.enpchina.eu/;
綏淥;Suilu;Guangxi;廣西;22.3235723100061;107.869543094903;綏淥縣;縣;1931;11703806;N0415574;1002;s677;ENP-China Project: https://www.enpchina.eu/;
睢寧;Suining;Jiangsu;江蘇;33.9303083327512;118.005775023549;睢寧縣;縣;1931;DH030022-1;DH204815-1;2388;s1135;ENP-China Project: https://www.enpchina.eu/;
綏寧;Suining;Hunan;湖南;26.5628616025699;109.870776173728;綏寧縣;縣;1931;DH052321-1;DH052321-1;1110;s452;ENP-China Project: https://www.enpchina.eu/;
遂寧;Suining;Sichuan;四川;30.5123259603443;105.542360679065;遂寧縣;縣;1931;DH010890-1;DH185683-1;402;s1480;ENP-China Project: https://www.enpchina.eu/;
遂平;Suiping;Henan;河南;33.1689670579096;114.070103888653;遂平縣;縣;1931;DH039894-1;DH214687-1;1926;s99;ENP-China Project: https://www.enpchina.eu/;
遂溪;Suixi;Guangdong;廣東;21.3846067299498;110.234625700502;遂溪縣;縣;1931;DH042473-1;DH217266-1;2166;s1538;ENP-China Project: https://www.enpchina.eu/;
睢縣;Suixian;Henan;河南;34.4328075135622;115.090512529689;睢縣;縣;1931;D3073477;N0369005;1977;s92;ENP-China Project: https://www.enpchina.eu/;
隨縣;Suixian;Hubei;湖北;31.704580107312;113.39159936696;隨縣;縣;1931;D3019308;N0403079;1751;s272;ENP-China Project: https://www.enpchina.eu/;
綏陽;Suiyang;Guizhou;貴州;27.959198;107.177073645153;綏陽縣;縣;1931;DH057653-1;DH057653-1;18;s1641;ENP-China Project: https://www.enpchina.eu/;
綏中;Suizhong;Liaoning;遼寧;40.3512273597023;120.314894885927;綏中縣;縣;1931;D3336282;N0376461;1542;s226;ENP-China Project: https://www.enpchina.eu/;
肅寧;Suning;Hebei;河北;38.4240311118335;115.83181;肅寧縣;縣;1931;11703812;N0415580;1159;s561;ENP-China Project: https://www.enpchina.eu/;
宿遷;Suqian;Jiangsu;江蘇;33.9745089873525;118.356097739641;宿遷縣;縣;1931;DH030290-1;DH146819-1;2387;s1145;ENP-China Project: https://www.enpchina.eu/;
宿松;Susong;Anhui;安徽;30.1048125788016;116.169877505438;宿松縣;縣;1931;DH013165-1;DH187958-1;1512;s399;ENP-China Project: https://www.enpchina.eu/;
宿縣;Suxian;Anhui;安徽;33.6627941254767;117.044663139937;宿縣;縣;1931;11703588;N0415356;1685;s299;ENP-China Project: https://www.enpchina.eu/;
蘇州;Suzhou;Jiangsu;江蘇;31.31271;120.618622;NA;NA;1931;D2865581;N0190265;NA;NA;ENP-China Project: https://www.enpchina.eu/;
塔城;Tacheng;Xinjiang;新疆;46.7398634527483;82.9373851424408;塔城縣;縣;1931;D3057264;N0305108;803;s621;ENP-China Project: https://www.enpchina.eu/;
台安;Tai'an;Liaoning;遼寧;41.3868293347377;122.410124148975;台安縣;縣;1931;D3056667;N0296733;1638;s131;ENP-China Project: https://www.enpchina.eu/;
泰安;Tai'an;Shandong;山東;36.2347548902221;117.136341178044;泰安縣;縣;1931;D3056670;N0194563;2254;s1737;ENP-China Project: https://www.enpchina.eu/;
太倉;Taicang;Jiangsu;江蘇;31.4662934880463;121.103263567815;太倉縣;縣;1931;D3367328;N0312413;2372;s1104;ENP-China Project: https://www.enpchina.eu/;
台拱;Taigong;Guizhou;貴州;26.5875236127454;108.391483443695;台拱縣;縣;1931;DH015911-1;DH132440-1;388;s1437;ENP-China Project: https://www.enpchina.eu/;
太谷;Taigu;Shanxi;山西;37.3896381776201;112.542303260139;太谷縣;縣;1931;DH018941-1;DH193734-1;374;s1068;ENP-China Project: https://www.enpchina.eu/;
太和;Taihe;Anhui;安徽;33.2041429950282;115.647561569666;太和縣;縣;1931;11703563;N0415331;1557;s229;ENP-China Project: https://www.enpchina.eu/;
泰和;Taihe;Jiangxi;江西;26.7809688921914;114.877377544872;泰和縣;縣;1931;DH032999-1;DH207792-1;1385;s319;ENP-China Project: https://www.enpchina.eu/;
太湖;Taihu;Anhui;安徽;30.3736585788016;116.330036589678;太湖縣;縣;1931;DH040854-1;DH215647-1;1307;s390;ENP-China Project: https://www.enpchina.eu/;
太康;Taikang;Henan;河南;34.0357022561206;114.951453260593;太康縣;縣;1931;DH038242-1;DH213035-1;1939;s118;ENP-China Project: https://www.enpchina.eu/;
泰康;Taikang;Heilongjiang;黑龍江;46.7670843747242;124.360794213666;泰康縣;縣;1931;11703729;N0415497;566;s40;ENP-China Project: https://www.enpchina.eu/;
泰來;Tailai;Heilongjiang;黑龍江;46.3678854336803;123.52667853159;泰來縣;縣;1931;D3401526;N0354816;565;s869;ENP-China Project: https://www.enpchina.eu/;
泰寧;Taining;Fujian;福建;26.8754976182728;117.148164627749;泰寧縣;縣;1931;DH009890-1;DH009890-1;2527;s1389;ENP-China Project: https://www.enpchina.eu/;
太平;Taiping;Anhui;安徽;30.3363383203549;118.157915608845;太平縣;縣;1931;11703564;N0415332;2629;s809;ENP-China Project: https://www.enpchina.eu/;
台山;Taishan;Guangdong;廣東;22.24398352756;112.798399326538;台山縣;縣;1931;D3237979;N0296738;2573;s919;ENP-China Project: https://www.enpchina.eu/;
泰順;Taishun;Zhejiang;浙江;27.5587783208871;119.727316455081;泰順縣;縣;1931;DH029574-1;DH029574-1;2454;s1483;ENP-China Project: https://www.enpchina.eu/;
泰縣;Taixian;Jiangsu;江蘇;32.4758229179721;119.90826589676;泰縣;縣;1931;D3216533;N0354763;2593;s860;ENP-China Project: https://www.enpchina.eu/;
泰興;Taixing;Jiangsu;江蘇;32.1661692097687;120.009221148278;泰興縣;縣;1931;D3354654;N0354750;2347;s1183;ENP-China Project: https://www.enpchina.eu/;
太原;Taiyuan;Shanxi;山西;37.7014027540465;112.494394234339;太原縣;縣;1931;D2868760;N0312439;618;s788;ENP-China Project: https://www.enpchina.eu/;
太昭;Taizhao;Xikang;西康;30.0609348976626;93.1030358765529;太昭縣;縣;1931;11703565;N0415333;255;s1696;ENP-China Project: https://www.enpchina.eu/;
郯城;Tancheng;Shandong;山東;34.6486379268148;118.4168176024;郯城縣;縣;1931;D3052139;N0396313;2286;s1677;ENP-China Project: https://www.enpchina.eu/;
唐河;Tanghe;Henan;河南;32.7959507163716;112.834641543725;泚源縣;縣;1931;D3040799;N0301286;2007;s1951;ENP-China Project: https://www.enpchina.eu/;
湯溪;Tangxi;Zhejiang;浙江;29.063745813307;119.396013716451;湯溪縣;縣;1931;D3159153;N0351887;2447;s1465;ENP-China Project: https://www.enpchina.eu/;
唐縣;Tangxian;Hebei;河北;38.745529350496;114.970533540944;唐縣;縣;1931;D2890012;N0301042;1610;s175;ENP-China Project: https://www.enpchina.eu/;
堂邑;Tangyi;Shandong;山東;36.4756374292741;115.764172625615;堂邑縣;縣;1931;11703554;N0415322;2248;s1741;ENP-China Project: https://www.enpchina.eu/;
湯陰;Tangyin;Henan;河南;35.925518;114.352692;湯陰縣;縣;1931;DH025581-1;DH025581-1;1953;s69;ENP-China Project: https://www.enpchina.eu/;
湯原;Tangyuan;Heilongjiang;黑龍江;46.6977850997638;129.893196011085;湯原縣;縣;1931;D3416098-1;D3416099-1;442;s1433;ENP-China Project: https://www.enpchina.eu/;
坦曲;Tanqu;Shanxi;山西;35.0448475863264;111.753134477844;坦曲縣;縣;1931;11703552;N0415320;647;s1015;ENP-China Project: https://www.enpchina.eu/;
洮安;Tao'an;Liaoning;遼寧;45.6207386316689;122.867011975956;洮安縣;縣;1931;11703731;N0415499;1621;s176;ENP-China Project: https://www.enpchina.eu/;
陶樂;Taole;Ningxia;寧夏;38.746819291363;106.646496683433;陶樂縣;縣;1931;D3365498;N0402830;199;s1711;ENP-China Project: https://www.enpchina.eu/;
陶林;Taolin;Suiyuan;綏遠;41.282067376465;112.753320823488;陶林縣;縣;1931;11703906;N0415674;357;s1043;ENP-China Project: https://www.enpchina.eu/;
洮南;Taonan;Liaoning;遼寧;45.3448818304727;122.779575222006;洮南縣;縣;1931;D3238011;N0355813;1624;s189;ENP-China Project: https://www.enpchina.eu/;
洮沙;Taosha;Gansu;甘肅;35.6537640734908;103.754960708217;洮沙縣;縣;1931;11703732;N0415500;954;s745;ENP-China Project: https://www.enpchina.eu/;
桃源;Taoyuan;Hunan;湖南;28.9139786211327;111.294534807236;桃源縣;縣;1931;D3241505;N0345106;1113;s456;ENP-China Project: https://www.enpchina.eu/;
騰衝;Tengchong;Yunnan;雲南;25.0122207340507;98.476417197218;騰衝縣;縣;1931;11703932;N0415700;882;s601;ENP-China Project: https://www.enpchina.eu/;
藤縣;Tengxian;Guangxi;廣西;23.3215660725125;110.915998574429;藤縣;縣;1931;D3061475;N0386522;130;s1810;ENP-China Project: https://www.enpchina.eu/;
天保;Tianbao;Guangxi;廣西;23.3885605572591;106.712630512418;天保縣;縣;1931;DH027335-1;DH143864-1;324;s1093;ENP-China Project: https://www.enpchina.eu/;
天河;Tianhe;Guangxi;廣西;24.8409105019165;108.674154166028;天河縣;縣;1931;DH053548-1;DH170077-1;94;s1584;ENP-China Project: https://www.enpchina.eu/;
天津;Tianjin;Hebei;河北;39.1357754265279;117.189560146944;天津縣;縣;1931;D3060441;N0312276;1574;s195;ENP-China Project: https://www.enpchina.eu/;
天門;Tianmen;Hubei;湖北;30.6543813196478;113.250075296199;天門縣;縣;1931;DH043584-1;DH043584-1;1261;s500;ENP-China Project: https://www.enpchina.eu/;
天全;Tianquan;Sichuan;四川;30.070284599754;102.786697561328;天全縣;縣;1931;DH009447-1;DH125976-1;409;s1490;ENP-China Project: https://www.enpchina.eu/;
天山;Tianshan;Jehol;熱河;43.7372411545113;120.384113753482;天山縣;縣;1931;D3179809;N0312132;1406;s7;ENP-China Project: https://www.enpchina.eu/;
天水;Tianshui;Gansu;甘肅;34.6289326618254;105.477154762231;天水縣;縣;1931;D3059397;N0312238;953;s742;ENP-China Project: https://www.enpchina.eu/;
天臺;Tiantai;Zhejiang;浙江;29.1640323430655;121.024575358226;天臺縣;縣;1931;D2993900-1;D2993899-1;2456;s1499;ENP-China Project: https://www.enpchina.eu/;
天長;Tianzhang;Anhui;安徽;32.6928410210599;118.98887391576;天長縣;縣;1931;D3245871;N0312372;1430;s432;ENP-China Project: https://www.enpchina.eu/;
天鎮;Tianzhen;Shanxi;山西;40.4762599839142;114.146130621033;天鎮縣;縣;1931;D3141466;N0312371;522;s922;ENP-China Project: https://www.enpchina.eu/;
天柱;Tianzhu;Guizhou;貴州;26.9524547823392;109.106562257898;天柱縣;縣;1931;DH053695-1;DH228488-1;89;s1585;ENP-China Project: https://www.enpchina.eu/;
鐵驪;Tieli;Heilongjiang;黑龍江;46.9632696437767;128.027515276419;鐵驪縣;縣;1931;11703895;N0415663;549;s847;ENP-China Project: https://www.enpchina.eu/;
鐵嶺;Tieling;Liaoning;遼寧;42.311791114073;123.855849994172;鐵嶺縣;縣;1931;D3222411;N0398606;1485;s412;ENP-China Project: https://www.enpchina.eu/;
同安;Tongan;Fujian;福建;24.7393299116753;118.143024362775;同安縣;縣;1931;DH051074-1;DH225867-1;2509;s1355;ENP-China Project: https://www.enpchina.eu/;
通北;Tongbei;Heilongjiang;黑龍江;47.9759743257934;126.87193939445;通北縣;縣;1931;11703859;N0415627;554;s867;ENP-China Project: https://www.enpchina.eu/;
桐柏;Tongbo;Henan;河南;32.3625305330352;113.450536268754;桐柏縣;縣;1931;DH038885-1;DH213678-1;1934;s107;ENP-China Project: https://www.enpchina.eu/;
通城;Tongcheng;Anhui;安徽;31.0774292518247;116.946852812406;通城縣;縣;1931;11703860;N0415628;1570;s199;ENP-China Project: https://www.enpchina.eu/;
通城;Tongcheng;Hubei;湖北;29.2817514838737;113.896131656903;通城縣;縣;1931;DH045179-1;DH219972-1;1237;s526;ENP-China Project: https://www.enpchina.eu/;
通道;Tongdao;Hunan;湖南;26.4419781492141;109.4858469812;通道縣;縣;1931;DH048027-1;DH222820-1;1187;s541;ENP-China Project: https://www.enpchina.eu/;
銅鼓;Tonggu;Jiangxi;江西;28.5810762995322;114.303620634617;銅鼓縣;縣;1931;DH054377-1;DH170906-1;1072;s470;ENP-China Project: https://www.enpchina.eu/;
同官;Tongguan;Shaanxi;陝西;35.0135396699236;109.109302876924;同官縣;縣;1931;11703540;N0415308;395;s1463;ENP-China Project: https://www.enpchina.eu/;
潼關;Tongguan;Henan;河南;34.6566118295439;110.164025185293;潼關縣;縣;1931;D2890790;N0359637;1995;s1947;ENP-China Project: https://www.enpchina.eu/;
通海;Tonghai;Yunnan;雲南;24.1334717861599;102.743277096228;通海縣;縣;1931;DH043273-1;DH159802-1;184;s1798;ENP-China Project: https://www.enpchina.eu/;
通河;Tonghe;Heilongjiang;黑龍江;45.9765654191043;128.874368556285;通河縣;縣;1931;D2865742;N0394346;571;s890;ENP-China Project: https://www.enpchina.eu/;
通化;Tonghua;Liaoning;遼寧;41.7126151315562;125.943932359702;通化縣;縣;1931;D3303271;N0394282;1532;s405;ENP-China Project: https://www.enpchina.eu/;
同江;Tongjiang;Jilin;吉林;47.6541056060633;132.491163060599;同江縣;縣;1931;D2865736;N0297863;1856;s1884;ENP-China Project: https://www.enpchina.eu/;
通江;Tongjiang;Sichuan;四川;31.9294191201968;107.229274919459;通江縣;縣;1931;D2928624;N0394335;128;s1806;ENP-China Project: https://www.enpchina.eu/;
銅梁;Tongliang;Sichuan;四川;29.8608269603443;106.026460199508;銅梁縣;縣;1931;DH057707-1;DH232500-1;14;s1631;ENP-China Project: https://www.enpchina.eu/;
通遼;Tongliao;Liaoning;遼寧;43.6367863694944;122.230324626767;通遼縣;縣;1931;D3300284;N0394382;1628;s185;ENP-China Project: https://www.enpchina.eu/;
銅陵;Tongling;Anhui;安徽;30.9352858315206;117.657577820645;銅陵縣;縣;1931;DH055821-1;DH055821-1;1044;s483;ENP-China Project: https://www.enpchina.eu/;
桐廬;Tonglu;Zhejiang;浙江;29.8242213658469;119.676431691575;桐廬縣;縣;1931;D3308390;N0345286;2614;s882;ENP-China Project: https://www.enpchina.eu/;
潼南;Tongnan;Sichuan;四川;30.183994205169;105.819119439305;潼南縣;縣;1931;11703753;N0415521;686;s992;ENP-China Project: https://www.enpchina.eu/;
同普;Tongpu;Xikang;西康;31.6417276149002;98.4405359924023;同普縣;縣;1931;11703541;N0415309;245;s1676;ENP-China Project: https://www.enpchina.eu/;
同仁;Tongren;Qinghai;青海;35.571565435039;101.939961739821;同仁縣;縣;1931;D2866128;N0297777;964;s27;ENP-China Project: https://www.enpchina.eu/;
銅仁;Tongren;Guizhou;貴州;27.6893806934914;109.176799935458;銅仁縣;縣;1931;DH055757-1;DH055757-1;52;s1606;ENP-China Project: https://www.enpchina.eu/;
通山;Tongshan;Hubei;湖北;29.6345246070431;114.483266516126;通山縣;縣;1931;DH050646-1;DH167175-1;1157;s560;ENP-China Project: https://www.enpchina.eu/;
銅山;Tongshan;Jiangsu;江蘇;34.302047974705;117.257141517225;銅山縣;縣;1931;D3236692;N0398824;2386;s1147;ENP-China Project: https://www.enpchina.eu/;
通渭;Tongwei;Gansu;甘肅;35.2523757502436;105.026757205485;通渭縣;縣;1931;DH050523-1;DH225316-1;125;s1539;ENP-China Project: https://www.enpchina.eu/;
通縣;Tongxian;Hebei;河北;39.9181365644776;116.639650115801;通縣;縣;1931;11703861;N0415629;1663;s154;ENP-China Project: https://www.enpchina.eu/;
桐鄉;Tongxiang;Zhejiang;浙江;30.6517671080278;120.530248727158;桐鄉縣;縣;1931;D3206187;N0345284;2610;s887;ENP-China Project: https://www.enpchina.eu/;
通許;Tongxu;Henan;河南;34.4949602769146;114.48020405791;通許縣;縣;1931;DH058203-1;DH058203-1;1898;s1863;ENP-China Project: https://www.enpchina.eu/;
同正;Tongzheng;Guangxi;廣西;22.8238700381233;107.829706741845;同正縣;縣;1931;11703542;N0415310;993;s669;ENP-China Project: https://www.enpchina.eu/;
桐梓;Tongzi;Guizhou;貴州;28.136681;106.816087;桐梓縣;縣;1931;DH054178-1;DH228971-1;81;s1577;ENP-China Project: https://www.enpchina.eu/;
"吐魯番
";Tulufan;Xinjiang;新疆;42.9509062759293;89.0910216546012;吐魯番縣;縣;1931;D3027689;N0298865;786;s657;ENP-China Project: https://www.enpchina.eu/;
屯畱;Tunliu;Shanxi;山西;36.2068698615312;112.882446;屯畱縣;縣;1931;D2866497;N0320694;291;s1158;ENP-China Project: https://www.enpchina.eu/;
托克托;Tuoketuo;Suiyuan;綏遠;40.284066408861;111.22774499263;托克托縣;縣;1931;D3230802;N0330462;516;s895;ENP-China Project: https://www.enpchina.eu/;
突泉;Tuquan;Liaoning;遼寧;45.3670488948546;121.727871167445;突泉縣;縣;1931;D3022590;N0373748;1623;s178;ENP-China Project: https://www.enpchina.eu/;
萬安;Wanan;Jiangxi;江西;26.4474557185318;114.78126858683;萬安縣;縣;1931;DH043095-1;DH043095-1;1270;s505;ENP-China Project: https://www.enpchina.eu/;
萬承;Wancheng;Guangxi;廣西;22.8648780486247;107.453604702675;萬承縣;縣;1931;11703793;N0415561;994;s26;ENP-China Project: https://www.enpchina.eu/;
望都;Wangdu;Hebei;河北;38.7185323876115;115.144253128201;望都縣;縣;1931;D3060685;N0337771;1611;s174;ENP-China Project: https://www.enpchina.eu/;
望江;Wangjiang;Anhui;安徽;30.1212169789401;116.739292589678;望江縣;縣;1931;D3133602;N0337734;1509;s391;ENP-China Project: https://www.enpchina.eu/;
望奎;Wangkui;Heilongjiang;黑龍江;46.8372068202892;126.453831029883;望奎縣;縣;1931;D3024913;N0337708;558;s862;ENP-China Project: https://www.enpchina.eu/;
汪清;Wangqing;Jilin;吉林;43.2710670957348;129.593949904265;汪清縣;縣;1931;D3333463;N0352114;1842;s1915;ENP-China Project: https://www.enpchina.eu/;
萬年;Wannian;Jiangxi;江西;28.6562236526808;116.833183963872;萬年縣;縣;1931;DH053046-1;DH053046-1;1090;s446;ENP-China Project: https://www.enpchina.eu/;
萬寧;Wanning;Guangdong;廣東;18.8261849179079;110.382157178083;萬寧縣;縣;1931;11703792;N0415560;2585;s953;ENP-China Project: https://www.enpchina.eu/;
宛平;Wanping;Hebei;河北;39.8653164197037;116.2194365196;宛平縣;縣;1931;11703584;N0415352;1662;s155;ENP-China Project: https://www.enpchina.eu/;
萬全;Wanquan;Chahaer;察哈爾;40.8396894353025;114.928029329348;萬全縣;縣;1931;D3060319;N0266130;5;s1621;ENP-China Project: https://www.enpchina.eu/;
萬泉;Wanquan;Shanxi;山西;35.4356936397509;110.715370818752;萬泉縣;縣;1931;11703794;N0415562;572;s42;ENP-China Project: https://www.enpchina.eu/;
完縣;Wanxian;Hebei;河北;38.8229104824446;115.140342091027;完縣;縣;1931;11703578;N0415346;1336;s373;ENP-China Project: https://www.enpchina.eu/;
萬縣;Wanxian;Sichuan;四川;30.8296676406395;108.401537881033;萬縣;縣;1931;DH051094-1;DH051094-1;117;s1522;ENP-China Project: https://www.enpchina.eu/;
萬原;Wanyuan;Sichuan;四川;32.0879780470856;108.173072731104;萬原縣;縣;1931;11703791;N0415559;658;s1035;ENP-China Project: https://www.enpchina.eu/;
萬載;Wanzai;Jiangxi;江西;28.1083448263404;114.449379;萬載縣;縣;1931;DH042963-1;DH042963-1;1272;s513;ENP-China Project: https://www.enpchina.eu/;
圍場;Weichang;Jehol;熱河;41.9586285481996;118.08891047935;圍場縣;縣;1931;11703550;N0415318;1405;s329;ENP-China Project: https://www.enpchina.eu/;
洧川;Weichuan;Henan;河南;34.3221716488543;113.98530356199;洧川縣;縣;1931;DH058177-1;DH174706-1;1899;s1862;ENP-China Project: https://www.enpchina.eu/;
葦河;Weihe;Jilin;吉林;44.9755110164257;128.312075342963;葦河縣;縣;1931;11703834;N0415602;1863;s1881;ENP-China Project: https://www.enpchina.eu/;
尉犁;Weili;Xinjiang;新疆;41.4750287250451;86.3380149315049;尉犁縣;縣;1931;D3108792;N0317833;780;s644;ENP-China Project: https://www.enpchina.eu/;
渭南;Weinan;Shaanxi;陝西;34.4775909174809;109.405585806987;渭南縣;縣;1931;D2875608;N0357782;25;s1646;ENP-China Project: https://www.enpchina.eu/;
威寧;Weining;Guizhou;貴州;26.8653835935244;104.196658872064;威寧縣;縣;1931;11703568;N0415336;470;s1366;ENP-China Project: https://www.enpchina.eu/;
尉氏;Weishi;Henan;河南;34.4243568071397;114.229747718366;尉氏縣;縣;1931;D3310059;N0317832;1978;s95;ENP-China Project: https://www.enpchina.eu/;
維西;Weixi;Yunnan;雲南;27.1970119144639;99.283901010692;維西縣;縣;1931;DH035873-1;DH152402-1;241;s1684;ENP-China Project: https://www.enpchina.eu/;
威縣;Weixian;Hebei;河北;36.980162734048;115.25576232272;威縣;縣;1931;D3300480;N0313838;1596;s217;ENP-China Project: https://www.enpchina.eu/;
濰縣;Weixian;Shandong;山東;36.7164317670666;119.112599785363;濰縣;縣;1931;D3066078;N0359207;2298;s1715;ENP-China Project: https://www.enpchina.eu/;
蔚縣;Weixian;Chahaer;察哈爾;39.8296020760472;114.503907027723;蔚縣;縣;1931;11703838;N0415606;311;s1180;ENP-China Project: https://www.enpchina.eu/;
威信;Weixin;Yunnan;雲南;27.9353222772561;104.871572623011;威信縣;縣;1931;D2866883;N0313835;866;s588;ENP-China Project: https://www.enpchina.eu/;
威遠;Weiyuan;Sichuan;四川;29.5733420817709;104.659209280049;威遠縣;縣;1931;DH050578-1;DH167107-1;124;s1541;ENP-China Project: https://www.enpchina.eu/;
渭源;Weiyuan;Gansu;甘肅;35.139488;104.149180913407;渭源縣;縣;1931;DH050268-1;DH166797-1;127;s1543;ENP-China Project: https://www.enpchina.eu/;
文安;Wenan;Hebei;河北;38.864807;116.464562;文安縣;縣;1931;D3056325;N0332167;1363;s349;ENP-China Project: https://www.enpchina.eu/;
文昌;Wenchang;Guangdong;廣東;19.7037000978306;110.688672410323;文昌縣;縣;1931;D3338248;N0332290;2576;s942;ENP-China Project: https://www.enpchina.eu/;
汶川;Wenchuan;Sichuan;四川;31.3604897199508;103.558205762066;汶川縣;縣;1931;DH033381-1;DH033381-1;276;s1242;ENP-China Project: https://www.enpchina.eu/;
文登;Wendeng;Shandong;山東;37.1808604292741;122.039146242082;文登縣;縣;1931;D3049506;N0332383;2242;s1729;ENP-China Project: https://www.enpchina.eu/;
甕安;Wengan;Guizhou;貴州;26.9974169950553;107.43147720957;甕安縣;縣;1931;D2892672;N0364999;467;s1371;ENP-China Project: https://www.enpchina.eu/;
翁源;Wengyuan;Guangdong;廣東;24.4936026393904;113.788509782016;翁源縣;縣;1931;DH033264-1;DH149793-1;2176;s1815;ENP-China Project: https://www.enpchina.eu/;
溫江;Wenjiang;Sichuan;四川;30.7056811509189;103.829537295869;溫江縣;縣;1931;11703748;N0415516;675;s987;ENP-China Project: https://www.enpchina.eu/;
溫嶺;Wenling;Zhejiang;浙江;28.3875100078939;121.346300778475;溫嶺縣;縣;1931;D3086533;N0357712;2628;s811;ENP-China Project: https://www.enpchina.eu/;
文山;Wenshan;Yunnan;雲南;23.3665410748441;104.232810021384;文山縣;縣;1931;D2912334;N0332235;429;s1403;ENP-China Project: https://www.enpchina.eu/;
汶上;Wenshang;Shandong;山東;35.7620224030267;116.540900543298;汶上縣;縣;1931;D3111430;N0352153;2325;s1251;ENP-China Project: https://www.enpchina.eu/;
文水;Wenshui;Shanxi;山西;37.3771996293668;112.033152205595;文水縣;縣;1931;DH039578-1;DH156107-1;218;s1765;ENP-China Project: https://www.enpchina.eu/;
溫宿;Wensu;Xinjiang;新疆;41.331203517611;79.825109100794;溫宿縣;縣;1931;D3321252-1;D3321253-1;785;s654;ENP-China Project: https://www.enpchina.eu/;
聞喜;Wenxi;Shanxi;山西;35.3861191510507;111.082700916075;聞喜縣;縣;1931;D3391091-1;D3391092-1;448;s1338;ENP-China Project: https://www.enpchina.eu/;
文縣;Wenxian;Gansu;甘肅;32.9639114138939;104.680729568982;文縣;縣;1931;D2904961;N0332121;279;s1244;ENP-China Project: https://www.enpchina.eu/;
溫縣;Wenxian;Henan;河南;34.9470933615619;113.086487863775;溫縣;縣;1931;D3302044;N0357645;1981;s88;ENP-China Project: https://www.enpchina.eu/;
閿鄉;Wenxiang;Henan;河南;34.6135616105902;110.52561813174;閿鄉縣;縣;1931;DH037824-1;DH037824-1;1941;s112;ENP-China Project: https://www.enpchina.eu/;
渦陽;Woyang;Anhui;安徽;33.5428902948389;116.21355502106;渦陽縣;縣;1931;DH047300-1;DH222093-1;1207;s551;ENP-China Project: https://www.enpchina.eu/;
武安;Wuan;Henan;河南;36.7222314008945;114.258769516714;武安縣;縣;1931;DH035748-1;DH210541-1;1946;s127;ENP-China Project: https://www.enpchina.eu/;
吳堡;Wubao;Shaanxi;陝西;37.493251024445;110.67344097394;吳堡縣;縣;1931;D3052333;N0299295;625;s793;ENP-China Project: https://www.enpchina.eu/;
五常;Wuchang;Jilin;吉林;44.913599;127.154952;五常縣;縣;1931;DH005087-1;DH121616-1;1533;s404;ENP-China Project: https://www.enpchina.eu/;
武昌;Wuchang;Hubei;湖北;30.5241822228901;114.276322246254;武昌縣;縣;1931;D2852499;N0348769;1140;s440;ENP-China Project: https://www.enpchina.eu/;
武城;Wucheng;Shandong;山東;37.1419892146371;115.852752680504;武城縣;縣;1931;D3114398;N0348678;2290;s1701;ENP-China Project: https://www.enpchina.eu/;
武成;Wucheng;Xikang;西康;30.7672147626219;98.747948184481;武成縣;縣;1931;11703713;N0415481;258;s1222;ENP-China Project: https://www.enpchina.eu/;
吳川;Wuchuan;Guangdong;廣東;21.255753815591;110.628189471519;吳川縣;縣;1931;D2869977;N0299575;2574;s925;ENP-China Project: https://www.enpchina.eu/;
婺川;Wuchuan;Guizhou;貴州;28.3005116770161;108.115165500408;婺川縣;縣;1931;DH011332-1;DH127861-1;399;s1455;ENP-China Project: https://www.enpchina.eu/;
武川;Wuchuan;Suiyuan;綏遠;41.15138392155;111.425986623535;武川縣;縣;1931;D3230725;N0348746;163;s1777;ENP-China Project: https://www.enpchina.eu/;
無棣;Wudi;Shandong;山東;37.7609091381268;117.564764552788;無棣縣;縣;1931;D3106434;N0335086;2306;s1233;ENP-China Project: https://www.enpchina.eu/;
武定;Wuding;Yunnan;雲南;25.5207791176121;102.398315;武定縣;縣;1931;DH035304-1;DH151833-1;855;s608;ENP-China Project: https://www.enpchina.eu/;
武都;Wudu;Gansu;甘肅;33.4330750508006;104.901764293069;武都縣;縣;1931;D3384722;N0348815;968;s698;ENP-China Project: https://www.enpchina.eu/;
五峰;Wufeng;Hubei;湖北;30.2021373196478;110.639613712605;五峰縣;縣;1931;D3132845;N0279842;1109;s450;ENP-China Project: https://www.enpchina.eu/;
五福;Wufu;Yunnan;雲南;22.1100183915832;100.173432297134;五福縣;縣;1931;11703511;N0415279;918;s762;ENP-China Project: https://www.enpchina.eu/;
武岡;Wugang;Hunan;湖南;26.7381333726796;110.643338055926;武岡縣;縣;1931;D2869812;N0348650;1168;s573;ENP-China Project: https://www.enpchina.eu/;
武功;Wugong;Shaanxi;陝西;34.3111305202784;107.998990067126;武功縣;縣;1931;D2946026;N0348654;30;s1645;ENP-China Project: https://www.enpchina.eu/;
武漢;Wuhan;Hubei;湖北;30.560694;114.305727;NA;NA;1931;D3383799;N0348783;NA;NA;ENP-China Project: https://www.enpchina.eu/;
五河;Wuhe;Anhui;安徽;33.167576252719;117.924290379079;五河縣;縣;1931;DH029464-1;DH145993-1;1424;s433;ENP-China Project: https://www.enpchina.eu/;
蕪湖;Wuhu;Anhui;安徽;31.3419090631798;118.36957806318;蕪湖縣;縣;1931;D2962079;N0381120;1311;s388;ENP-China Project: https://www.enpchina.eu/;
五華;Wuhua;Guangdong;廣東;24.023617116749;115.676977159743;五華縣;縣;1931;D2868384;N0279681;2553;s1331;ENP-China Project: https://www.enpchina.eu/;
無極;Wuji;Hebei;河北;38.176727;114.977095888167;無極縣;縣;1931;D3053584;N0335084;1510;s394;ENP-China Project: https://www.enpchina.eu/;
吳江;Wujiang;Jiangsu;江蘇;31.171695567815;120.635471716092;吳江縣;縣;1931;DH028583-1;DH203376-1;2374;s1108;ENP-China Project: https://www.enpchina.eu/;
武進;Wujin;Jiangsu;江蘇;31.7654193706938;119.94303986437;武進縣;縣;1931;DH047452-1;DH163981-1;2358;s1193;ENP-China Project: https://www.enpchina.eu/;
武康;Wukang;Zhejiang;浙江;30.562006855569;119.970889105128;武康縣;縣;1931;D3363312;N0348756;2608;s884;ENP-China Project: https://www.enpchina.eu/;
烏魯木齊;Wulumuqi;Xinjiang;新疆;43.790722;87.604065;NA;NA;1931;D3027702;N0277902;NA;NA;ENP-China Project: https://www.enpchina.eu/;
武鳴;Wuming;Guangxi;廣西;23.1905988177503;108.249160106402;武鳴縣;縣;1931;D3318362;N0348839;987;s715;ENP-China Project: https://www.enpchina.eu/;
武寧;Wuning;Jiangxi;江西;29.3197424886566;115.144860689887;武寧縣;縣;1931;11703711;N0415479;1816;s1930;ENP-China Project: https://www.enpchina.eu/;
武平;Wuping;Fujian;福建;25.1254177539783;116.181453889684;武平縣;縣;1931;D3353711;N0348747;2502;s1345;ENP-China Project: https://www.enpchina.eu/;
武强;Wuqiang;Hebei;河北;37.9896143897311;115.864954659117;武强縣;縣;1931;11703712;N0415480;1656;s157;ENP-China Project: https://www.enpchina.eu/;
吳橋;Wuqiao;Hebei;河北;37.6093093473568;116.495275053418;吳橋縣;縣;1931;D3041421;N0299626;1603;s166;ENP-China Project: https://www.enpchina.eu/;
武清;Wuqing;Hebei;河北;39.5317834616386;116.863419055917;武清縣;縣;1931;11703714;N0415482;1320;s362;ENP-China Project: https://www.enpchina.eu/;
巫山;Wushan;Sichuan;四川;31.0758791598524;109.914049320935;巫山縣;縣;1931;DH052710-1;DH169239-1;103;s1498;ENP-China Project: https://www.enpchina.eu/;
武山;Wushan;Gansu;甘肅;34.7151086537507;104.743995938621;武山縣;縣;1931;D2865673;N0348739;958;s741;ENP-China Project: https://www.enpchina.eu/;
烏什;Wushen;Xinjiang;新疆;41.154891482389;79.0281327573439;烏什縣;縣;1931;DH046617-1;DH163146-1;776;s647;ENP-China Project: https://www.enpchina.eu/;
武勝;Wusheng;Sichuan;四川;30.2915704489711;106.251737882122;武勝縣;縣;1931;D2866544;N0348802;687;s991;ENP-China Project: https://www.enpchina.eu/;
烏蘇;Wusu;Xinjiang;新疆;44.4426045707052;84.6660155883346;烏蘇縣;縣;1931;D3027353;N0277871;808;s626;ENP-China Project: https://www.enpchina.eu/;
五臺;Wutai;Shanxi;山西;38.7072207258734;113.262198068532;五臺縣;縣;1931;D3029985-1;D3029984-1;497;s1307;ENP-China Project: https://www.enpchina.eu/;
武威;Wuwei;Gansu;甘肅;37.9693431037171;102.792465354448;武威縣;縣;1931;DH051648-1;DH226441-1;113;s1531;ENP-China Project: https://www.enpchina.eu/;
無爲;Wuwei;Anhui;安徽;31.3444250107601;117.811284625989;無爲縣;縣;1931;11703766;N0415534;1689;s6;ENP-China Project: https://www.enpchina.eu/;
巫溪;Wuxi;Sichuan;四川;31.4020349011217;109.610892849878;巫溪縣;縣;1931;D2866408;N0323476;659;s1034;ENP-China Project: https://www.enpchina.eu/;
無錫;Wuxi;Jiangsu;江蘇;31.5827174936762;120.290722148278;無錫縣;縣;1931;DH035761-1;DH152290-1;2365;s1203;ENP-China Project: https://www.enpchina.eu/;
吳縣;Wuxian;Jiangsu;江蘇;31.3184982097687;120.613991432185;吳縣;縣;1931;DH045929-1;DH045929-1;2359;s1191;ENP-China Project: https://www.enpchina.eu/;
武鄉;Wuxiang;Shanxi;山西;36.7474987845777;112.976587449675;武鄉縣;縣;1931;D3130649;N0348751;637;s797;ENP-China Project: https://www.enpchina.eu/;
吳興;Wuxing;Zhejiang;浙江;30.8827355625253;120.108813395492;吳興縣;縣;1931;D2976604;N0299239;2605;s865;ENP-China Project: https://www.enpchina.eu/;
武宣;Wuxuan;Guangxi;廣西;23.596741;109.635110823471;武宣縣;縣;1931;D3131100;N0348701;317;s1192;ENP-China Project: https://www.enpchina.eu/;
舞陽;Wuyang;Henan;河南;33.432571;113.586899;舞陽縣;縣;1931;DH039639-1;DH214432-1;1929;s108;ENP-China Project: https://www.enpchina.eu/;
武義;Wuyi;Zhejiang;浙江;28.8924750373386;119.801277679113;武義縣;縣;1931;D2930759;N0348639;2445;s1462;ENP-China Project: https://www.enpchina.eu/;
武邑;Wuyi;Hebei;河北;37.8085706293888;115.897109573472;武邑縣;縣;1931;D3046353;N0348810;1358;s341;ENP-China Project: https://www.enpchina.eu/;
五原;Wuyuan;Suiyuan;綏遠;41.137871621167;108.356095784782;五原縣;縣;1931;D3314254;N0279682;512;s902;ENP-China Project: https://www.enpchina.eu/;
婺源;Wuyuan;Anhui;安徽;29.2516880631798;117.8561891053;婺源縣;縣;1931;DH042569-1;DH159098-1;1280;s377;ENP-China Project: https://www.enpchina.eu/;
烏雲;Wuyun;Heilongjiang;黑龍江;49.0748219371933;129.781889569954;烏雲縣;縣;1931;11703765;N0415533;538;s951;ENP-China Project: https://www.enpchina.eu/;
五寨;Wuzhai;Shanxi;山西;38.9349402881141;111.810220780418;五寨縣;縣;1931;DH058159-1;DH174688-1;2;s1627;ENP-China Project: https://www.enpchina.eu/;
武陟;Wuzhi;Henan;河南;35.100413320942;113.371397394592;武陟縣;縣;1931;D3042997;N0348827;1980;s89;ENP-China Project: https://www.enpchina.eu/;
西安;Xi'an;Liaoning;遼寧;42.9101992592008;125.145293592979;西安縣;縣;1931;D3388497;N0388223;1632;s133;ENP-China Project: https://www.enpchina.eu/;
夏河;Xiahe;Gansu;甘肅;35.4323580634673;102.38542532885;西河縣;縣;1931;D3115662;N0306285;959;s740;ENP-China Project: https://www.enpchina.eu/;
下江;Xiajiang;Guizhou;貴州;25.7902327177967;108.811384282475;下江縣;縣;1931;D3361932-1;D3361933-1;456;s1354;ENP-China Project: https://www.enpchina.eu/;
峽江;Xiajiang;Jiangxi;江西;27.5282386107233;115.177499149766;峽江縣;縣;1931;DH043439-1;DH043439-1;1263;s502;ENP-China Project: https://www.enpchina.eu/;
夏津;Xiajin;Shandong;山東;36.9426530182963;115.998315410978;夏津縣;縣;1931;D3109309;N0306293;2287;s1675;ENP-China Project: https://www.enpchina.eu/;
咸豐;Xianfeng;Hubei;湖北;29.7286900498603;109.144257;咸豐縣;縣;1931;T0257520-1;T0257495-2;1746;s275;ENP-China Project: https://www.enpchina.eu/;
襄城;Xiangcheng;Henan;河南;33.8431269710452;113.471192219005;襄城縣;縣;1931;D2942032;N0387574;1928;s109;ENP-China Project: https://www.enpchina.eu/;
項城;Xiangcheng;Henan;河南;33.2679980497488;114.873968334824;項城縣;縣;1931;DH055151-1;DH171680-1;1906;s1870;ENP-China Project: https://www.enpchina.eu/;
向都;Xiangdu;Guangxi;廣西;23.2105169942795;106.9380754278;向都縣;縣;1931;11703544;N0415312;990;s712;ENP-China Project: https://www.enpchina.eu/;
香河;Xianghe;Hebei;河北;39.7678925971206;116.983567947329;香河縣;縣;1931;D3277271;N0405865;1670;s287;ENP-China Project: https://www.enpchina.eu/;
襄陵;Xiangling;Shanxi;山西;35.9747916444742;111.386248335741;襄陵縣;縣;1931;D3343596;N0387584;642;s1020;ENP-China Project: https://www.enpchina.eu/;
鄉寧;Xiangning;Shanxi;山西;36.0105383566457;110.780676300696;鄉寧縣;縣;1931;DH017508-1;DH192301-1;381;s1076;ENP-China Project: https://www.enpchina.eu/;
象山;Xiangshan;Zhejiang;浙江;29.4932630968556;121.860232074677;象山縣;縣;1931;D2958471;N0391106;2428;s1087;ENP-China Project: https://www.enpchina.eu/;
湘潭;Xiangtan;Hunan;湖南;27.9172682360778;112.845645707997;湘潭縣;縣;1931;DH047541-1;DH222334-1;1200;s553;ENP-China Project: https://www.enpchina.eu/;
象縣;Xiangxian;Guangxi;廣西;24.0084157128927;109.59890948062;象縣;縣;1931;11703851;N0415619;982;s704;ENP-China Project: https://www.enpchina.eu/;
湘鄉;Xiangxiang;Hunan;湖南;27.7706756770584;112.455604832223;湘鄉縣;縣;1931;D2869801;N0358278;1180;s576;ENP-China Project: https://www.enpchina.eu/;
襄陽;Xiangyang;Hubei;湖北;32.0124079178871;112.092355507322;襄陽縣;縣;1931;D3017009;N0387581;1238;s528;ENP-China Project: https://www.enpchina.eu/;
湘陰;Xiangyin;Hunan;湖南;28.6786861242265;112.94096004355;湘陰縣;縣;1931;DH051671-1;DH168200-1;1127;s437;ENP-China Project: https://www.enpchina.eu/;
襄垣;Xiangyuan;Shanxi;山西;36.419547498371;113.154789290125;襄垣縣;縣;1931;D3313948;N0387573;639;s35;ENP-China Project: https://www.enpchina.eu/;
祥雲;Xiangyun;Yunnan;雲南;25.4664300300874;100.552404470514;祥雲縣;縣;1931;D2866896;N0372480;880;s599;ENP-China Project: https://www.enpchina.eu/;
仙居;Xianju;Zhejiang;浙江;28.8839292683884;120.717598865806;仙居縣;縣;1931;D2877620;N0281546;2409;s1063;ENP-China Project: https://www.enpchina.eu/;
咸寧;Xianning;Hubei;湖北;29.9293288737902;114.336022456222;咸寧縣;縣;1931;11703545;N0415313;1765;s239;ENP-China Project: https://www.enpchina.eu/;
獻縣;Xianxian;Hebei;河北;38.1891571588771;116.114970011047;獻縣;縣;1931;D3109233;N0362473;1654;s147;ENP-China Project: https://www.enpchina.eu/;
咸陽;Xianyang;Shaanxi;陝西;34.3395276968134;108.669793389718;咸陽縣;縣;1931;11703546;N0415314;587;s826;ENP-China Project: https://www.enpchina.eu/;
仙游;Xianyou;Fujian;福建;25.3601784510996;118.674912902199;仙游縣;縣;1931;T0257544-1;T0257544-2;2529;s1289;ENP-China Project: https://www.enpchina.eu/;
孝豐;Xiaofeng;Zhejiang;浙江;30.6091777012913;119.556552567097;孝豐縣;縣;1931;D3310505;N0314503;2412;s1058;ENP-China Project: https://www.enpchina.eu/;
孝感;Xiaogan;Hubei;湖北;30.9243533196478;113.914092360704;孝感縣;縣;1931;D3386493;N0314523;1244;s530;ENP-China Project: https://www.enpchina.eu/;
蕭山;Xiaoshan;Zhejiang;浙江;30.1723925297585;120.287682305727;蕭山縣;縣;1931;D3357215;N0384843;2422;s1075;ENP-China Project: https://www.enpchina.eu/;
蕭縣;Xiaoxian;Jiangsu;江蘇;34.21105027126;117.022968430439;蕭縣;縣;1931;DH057558-1;DH174087-1;2349;s1171;ENP-China Project: https://www.enpchina.eu/;
孝義;Xiaoyi;Shanxi;山西;37.072990889506;111.80070241119;孝義縣;縣;1931;D3300489;N0314504;410;s1494;ENP-China Project: https://www.enpchina.eu/;
霞浦;Xiapu;Fujian;福建;26.9064503817272;119.979448627749;霞浦縣;縣;1931;DH052920-1;DH227713-1;2489;s1438;ENP-China Project: https://www.enpchina.eu/;
夏縣;Xiaxian;Shanxi;山西;35.2211449188864;111.106470395797;夏縣;縣;1931;D3133517;N0306092;389;s1435;ENP-China Project: https://www.enpchina.eu/;
夏邑;Xiayi;Henan;河南;34.2879382606046;116.172202951773;夏邑縣;縣;1931;D3064264;N0306347;1971;s86;ENP-China Project: https://www.enpchina.eu/;
西昌;Xichang;Sichuan;四川;27.8927768798032;102.30037700123;西昌縣;縣;1931;D3133727;N0388612;404;s1469;ENP-China Project: https://www.enpchina.eu/;
西充;Xichong;Sichuan;四川;31.0425717211806;105.878176719951;西充縣;縣;1931;DH010684-1;DH185477-1;405;s1466;ENP-China Project: https://www.enpchina.eu/;
西疇;Xichou;Yunnan;雲南;23.4280613181191;104.736424458239;西疇縣;縣;1931;D2866901;N0389186;902;s748;ENP-China Project: https://www.enpchina.eu/;
淅川;Xichuan;Henan;河南;33.0999667565127;111.316644607266;淅川縣;縣;1931;DH039237-1;DH214030-1;1931;s110;ENP-China Project: https://www.enpchina.eu/;
息烽;Xifeng;Guizhou;貴州;27.0995560415225;106.728959865576;息烽縣;縣;1931;D2864856;N0329438;469;s1360;ENP-China Project: https://www.enpchina.eu/;
西豐;Xifeng;Liaoning;遼寧;42.7363883114073;124.743907763949;西豐縣;縣;1931;D3042113;N0387629;1477;s408;ENP-China Project: https://www.enpchina.eu/;
西固;Xigu;Gansu;甘肅;33.7989915703603;104.363495789659;西固縣;縣;1931;D3235775;N0387925;966;s689;ENP-China Project: https://www.enpchina.eu/;
西和;Xihe;Gansu;甘肅;34.0522164081716;105.209346295018;西和縣;縣;1931;D3082903;N0387899;967;s688;ENP-China Project: https://www.enpchina.eu/;
西華;Xihua;Henan;河南;33.8529188307438;114.557310867859;西華縣;縣;1931;D3363971-1;D3363972-1;1962;s79;ENP-China Project: https://www.enpchina.eu/;
西林;Xilin;Guangxi;廣西;24.2296800896824;105.621463332056;西林縣;縣;1931;D3416726-1;D3416727-1;440;s1429;ENP-China Project: https://www.enpchina.eu/;
西隆;Xilong;Guangxi;廣西;24.7166888406406;105.450838059176;西隆縣;縣;1931;DH057041-1;DH057041-1;27;s1648;ENP-China Project: https://www.enpchina.eu/;
新安;Xin'an;Guangdong;廣東;22.5361468760156;113.935273549125;新安縣;縣;1931;D3295846;N0333300;2569;s43;ENP-China Project: https://www.enpchina.eu/;
新安;Xin'an;Henan;河南;34.8046596406936;112.092655636221;新安縣;縣;1931;DH042375-1;DH158904-1;1922;s103;ENP-China Project: https://www.enpchina.eu/;
新賓;Xinbin;Liaoning;遼寧;41.7082517682744;124.88175182755;新賓縣;縣;1931;D3028937;N0333362;1636;s129;ENP-China Project: https://www.enpchina.eu/;
新蔡;Xincai;Henan;河南;32.7782599628845;115.023213801789;新蔡縣;縣;1931;DH038711-1;DH213504-1;1935;s106;ENP-China Project: https://www.enpchina.eu/;
新昌;Xinchang;Zhejiang;浙江;29.518817580042;120.872870178617;新昌縣;縣;1931;D2972075;N0333824;2618;s901;ENP-China Project: https://www.enpchina.eu/;
忻城;Xincheng;Guangxi;廣西;24.153701235812;108.68501667516;忻城縣;縣;1931;D3108949;N0329250;455;s1332;ENP-China Project: https://www.enpchina.eu/;
新城;Xincheng;Hebei;河北;39.2395024265279;115.970802908973;新城縣;縣;1931;11703667;N0415435;1185;s539;ENP-China Project: https://www.enpchina.eu/;
新登;Xindeng;Zhejiang;浙江;29.9719973912363;119.722406455029;新登縣;縣;1931;D3362242;N0334264;2613;s877;ENP-China Project: https://www.enpchina.eu/;
信都;Xindu;Guangxi;廣西;24.0246847719611;111.571997985666;信都縣;縣;1931;DH023159-1;DH197952-1;348;s1140;ENP-China Project: https://www.enpchina.eu/;
新都;Xindu;Sichuan;四川;30.8306084017859;104.147639092058;新都縣;縣;1931;D3331069;N0334525;673;s985;ENP-China Project: https://www.enpchina.eu/;
新繁;Xinfan;Sichuan;四川;30.8896018258064;103.997263697496;新繁縣;縣;1931;11703671;N0415439;674;s988;ENP-China Project: https://www.enpchina.eu/;
信豐;Xinfeng;Jiangxi;江西;25.4038483892767;114.835640790212;信豐縣;縣;1931;DH050855-1;DH167384-1;1154;s564;ENP-China Project: https://www.enpchina.eu/;
新豐;Xinfeng;Guangdong;廣東;24.1148540922316;114.091094001635;新豐縣;縣;1931;D2910584;N0332740;2552;s1333;ENP-China Project: https://www.enpchina.eu/;
興安;Xing'an;Guangxi;廣西;25.6635132700446;110.538160338724;興安縣;縣;1931;D3130896;N0286151;53;s1605;ENP-China Project: https://www.enpchina.eu/;
新淦;Xingan;Jiangxi;江西;27.7295138502339;115.403349520979;新淦縣;縣;1931;DH032698-1;DH149227-1;1389;s315;ENP-China Project: https://www.enpchina.eu/;
興城;Xingcheng;Liaoning;遼寧;40.6232971171411;120.70818620588;興城縣;縣;1931;D3063337;N0286139;1644;s137;ENP-China Project: https://www.enpchina.eu/;
興國;Xingguo;Jiangxi;江西;26.3789621258726;115.086681520403;興國縣;縣;1931;D3194277;N0286126;1111;s451;ENP-China Project: https://www.enpchina.eu/;
興和;Xinghe;Suiyuan;綏遠;41.0824424373964;113.848666445453;興和縣;縣;1931;11703825;N0415593;107;s1519;ENP-China Project: https://www.enpchina.eu/;
興化;Xinghua;Jiangsu;江蘇;32.9178600126475;119.84653413563;興化縣;縣;1931;D3420963;N0286076;2352;s1197;ENP-China Project: https://www.enpchina.eu/;
興隆;Xinglong;Hebei;河北;40.4422297787347;117.520572752531;興隆縣;縣;1931;11703827;N0415595;1679;s5;ENP-China Project: https://www.enpchina.eu/;
興寧;Xingning;Guangdong;廣東;24.0625722298764;115.806144113797;興寧縣;縣;1931;11703826;N0415594;2558;s1329;ENP-China Project: https://www.enpchina.eu/;
興平;Xingping;Shaanxi;陝西;34.2837756573417;108.413856423772;興平縣;縣;1931;D2948975;N0286165;183;s1788;ENP-China Project: https://www.enpchina.eu/;
興仁;Xingren;Guizhou;貴州;25.4802784755779;105.245452495545;興仁縣;縣;1931;D2864853;N0286066;491;s1297;ENP-China Project: https://www.enpchina.eu/;
興山;Xingshan;Hubei;湖北;31.2016147536612;110.822820131973;興山縣;縣;1931;DH055712-1;DH172241-1;1050;s493;ENP-China Project: https://www.enpchina.eu/;
邢臺;Xingtai;Hebei;河北;37.066357;114.494263;邢臺縣;縣;1931;11703867;N0415635;1338;s374;ENP-China Project: https://www.enpchina.eu/;
行唐;Xingtang;Hebei;河北;38.4218875383614;114.533294482445;行唐縣;縣;1931;D3312537;N0387147;1068;s464;ENP-China Project: https://www.enpchina.eu/;
興文;Xingwen;Sichuan;四川;28.3782128413774;105.001373197048;興文縣;縣;1931;D2895669;N0286180;353;s1047;ENP-China Project: https://www.enpchina.eu/;
興縣;Xingxian;Shanxi;山西;38.4547335888101;111.03407694405;興縣;縣;1931;D3314973;N0286110;240;s1686;ENP-China Project: https://www.enpchina.eu/;
興業;Xingye;Guangxi;廣西;22.8212767614596;109.92226158493;興業縣;縣;1931;DH055612-1;DH055612-1;54;s1608;ENP-China Project: https://www.enpchina.eu/;
興義;Xingyi;Guizhou;貴州;25.0632651088304;105.019749342967;興義縣;縣;1931;DH026219-1;DH142748-1;332;s1109;ENP-China Project: https://www.enpchina.eu/;
星子;Xingzi;Jiangxi;江西;29.4085917181994;116.061872491094;星子縣;縣;1931;D2867363;N0336030;1819;s1931;ENP-China Project: https://www.enpchina.eu/;
新河;Xinhe;Hebei;河北;37.543577611638;115.24637207476;新河縣;縣;1931;11703670;N0415438;1595;s222;ENP-China Project: https://www.enpchina.eu/;
新化;Xinhua;Hunan;湖南;27.7315721304142;111.377674161589;新化縣;縣;1931;DH055103-1;DH171632-1;1060;s459;ENP-China Project: https://www.enpchina.eu/;
新會;Xinhui;Guangdong;廣東;22.5135671604014;113.056293029448;新會縣;縣;1931;D2869383;N0332803;2161;s1540;ENP-China Project: https://www.enpchina.eu/;
西寧;Xining;Qinghai;青海;36.6181364914381;101.80647333635;西寧縣;縣;1931;11703845;N0415613;7;s1623;ENP-China Project: https://www.enpchina.eu/;
新建;Xinjian;Jiangxi;江西;28.6753727153695;115.861475251077;新建縣;縣;1931;D3360041;N0333711;2637;s825;ENP-China Project: https://www.enpchina.eu/;
新絳;Xinjiang;Shanxi;山西;35.6408503804373;111.206549000833;新絳縣;縣;1931;D2867778;N0334345;649;s1025;ENP-China Project: https://www.enpchina.eu/;
新津;Xinjin;Sichuan;四川;30.4222813688597;103.817969957825;新津縣;縣;1931;D2868769;N0334073;680;s994;ENP-China Project: https://www.enpchina.eu/;
新樂;Xinle;Hebei;河北;38.395042;114.787605;新樂縣;縣;1931;D3041131;N0332770;1551;s228;ENP-China Project: https://www.enpchina.eu/;
新民;Xinmin;Liaoning;遼寧;41.9811101315562;122.795679891755;新民縣;縣;1931;D3279511;N0333994;1008;s682;ENP-China Project: https://www.enpchina.eu/;
新寧;Xinning;Hunan;湖南;26.527249346659;110.75759388594;新寧縣;縣;1931;11703668;N0415436;1783;s257;ENP-China Project: https://www.enpchina.eu/;
新平;Xinping;Yunnan;雲南;24.0717567008459;101.966583720445;新平縣;縣;1931;11703669;N0415437;894;s605;ENP-China Project: https://www.enpchina.eu/;
新泰;Xintai;Shandong;山東;35.9279623560889;117.815364657289;新泰縣;縣;1931;D3046721;N0334059;2253;s1731;ENP-China Project: https://www.enpchina.eu/;
新田;Xintian;Hunan;湖南;25.9447168204075;112.185892327309;新田縣;縣;1931;D3282085;N0334217;1767;s241;ENP-China Project: https://www.enpchina.eu/;
忻縣;Xinxian;Shanxi;山西;38.381265237781;112.753460775497;忻縣;縣;1931;11703646;N0415414;615;s776;ENP-China Project: https://www.enpchina.eu/;
新鄉;Xinxiang;Henan;河南;35.3146351239799;113.881159590945;新鄉縣;縣;1931;DH009462-1;DH184255-1;1956;s66;ENP-China Project: https://www.enpchina.eu/;
新興;Xinxing;Guangdong;廣東;22.808652446739;112.207187970552;新興縣;縣;1931;D2897069;N0332842;2207;s1855;ENP-China Project: https://www.enpchina.eu/;
信陽;Xinyang;Henan;河南;32.1545946198995;114.134975735719;信陽縣;縣;1931;D3400308;N0283676;1944;s125;ENP-China Project: https://www.enpchina.eu/;
新野;Xinye;Henan;河南;32.6610305954173;112.223444185578;新野縣;縣;1931;DH041915-1;DH158444-1;1923;s102;ENP-China Project: https://www.enpchina.eu/;
信宜;Xinyi;Guangdong;廣東;22.1414700719616;110.85269393928;信宜縣;縣;1931;D2895290;N0283663;2571;s930;ENP-China Project: https://www.enpchina.eu/;
新喻;Xinyu;Jiangxi;江西;27.8104373473192;114.926365239511;新喻縣;縣;1931;DH032537-1;DH149066-1;1390;s318;ENP-China Project: https://www.enpchina.eu/;
新鎮;Xinzhen;Hebei;河北;38.9908495784461;116.361464019992;新鎮縣;縣;1931;11703672;N0415440;1668;s285;ENP-China Project: https://www.enpchina.eu/;
新鄭;Xinzheng;Henan;河南;34.39497643801;113.724954904975;新鄭縣;縣;1931;DH046611-1;DH221404-1;1917;s1871;ENP-China Project: https://www.enpchina.eu/;
雄縣;Xiongxian;Hebei;河北;38.97588;116.092705;雄縣縣;縣;1931;D3045451;N0403224;1269;s14;ENP-China Project: https://www.enpchina.eu/;
西平;Xiping;Henan;河南;33.3804822139595;114.055179915401;西平縣;縣;1931;D3279470;N0388474;2001;s1953;ENP-China Project: https://www.enpchina.eu/;
浠水;Xishui;Hubei;湖北;30.4400041964785;115.302491369508;浠水縣;縣;1931;D3230069;N0356134;1239;s15;ENP-China Project: https://www.enpchina.eu/;
鰼水;Xishui;Guizhou;貴州;28.5214767788561;105.98405399417;鰼水縣;縣;1931;11703938;N0415706;457;s1352;ENP-China Project: https://www.enpchina.eu/;
休寧;Xiuning;Anhui;安徽;29.7904710842397;118.17809402106;休寧縣;縣;1931;DH012447-1;DH187240-1;1516;s398;ENP-China Project: https://www.enpchina.eu/;
修仁;Xiuren;Guangxi;廣西;24.3502445534261;109.994243279549;修仁縣;縣;1931;DH037714-1;DH037714-1;227;s1657;ENP-China Project: https://www.enpchina.eu/;
秀山;Xiushan;Sichuan;四川;28.419682118967;108.993566400246;秀山縣;縣;1931;DH019663-1;DH136192-1;371;s1073;ENP-China Project: https://www.enpchina.eu/;
修水;Xiushui;Jiangxi;江西;29.0762297854652;114.587633423125;修水縣;縣;1931;D3047694;N0283696;1817;s1929;ENP-China Project: https://www.enpchina.eu/;
修文;Xiuwen;Guizhou;貴州;26.8208169918982;106.601584298407;修文縣;縣;1931;DH053263-1;DH228056-1;97;s1501;ENP-China Project: https://www.enpchina.eu/;
修武;Xiuwu;Henan;河南;35.2400003574623;113.433663219005;修武縣;縣;1931;DH053269-1;DH228062-1;1910;s1867;ENP-China Project: https://www.enpchina.eu/;
岫巖;Xiuyan;Liaoning;遼寧;40.2784761156458;123.27710266702;岫巖縣;縣;1931;D3019264;N0322130;1646;s139;ENP-China Project: https://www.enpchina.eu/;
息縣;Xixian;Henan;河南;32.3870336778091;114.788950830744;息縣;縣;1931;D3045215;N0329435;1900;s1859;ENP-China Project: https://www.enpchina.eu/;
膝縣;Xixian;Shandong;山東;35.1337976769377;117.22779773811;膝縣;縣;1931;11703814;N0415582;2342;s1162;ENP-China Project: https://www.enpchina.eu/;
隰縣;Xixian;Shanxi;山西;36.6366841947179;110.980427337741;隰縣;縣;1931;D3139387;N0403150;633;s799;ENP-China Project: https://www.enpchina.eu/;
西鄉;Xixiang;Shaanxi;陝西;33.0156800825191;107.655751601392;西鄉縣;縣;1931;D3108294;N0388480;216;s1761;ENP-China Project: https://www.enpchina.eu/;
西延;Xiyan;Guangxi;廣西;26.2474530862699;110.604191566626;西延縣;縣;1931;11703846;N0415614;441;s1427;ENP-China Project: https://www.enpchina.eu/;
昔陽;Xiyang;Shanxi;山西;37.6579754147771;113.648962461121;昔陽縣;縣;1931;D3134742;N0336003;617;s785;ENP-China Project: https://www.enpchina.eu/;
西陽;Xiyang;Sichuan;四川;28.8137976790653;108.768892840148;西陽縣;縣;1931;11703847;N0415615;401;s1474;ENP-China Project: https://www.enpchina.eu/;
宣城;Xuancheng;Anhui;安徽;30.9376609157603;118.716979768341;宣城縣;縣;1931;DH033775-1;DH150304-1;1376;s312;ENP-China Project: https://www.enpchina.eu/;
宣恩;Xuanen;Hubei;湖北;29.9942447008804;109.474625958944;宣恩縣;縣;1931;DH043765-1;DH218558-1;1258;s13;ENP-China Project: https://www.enpchina.eu/;
宣漢;Xuanhan;Sichuan;四川;31.387334881033;107.739027040885;宣漢縣;縣;1931;11703586;N0415354;145;s1836;ENP-China Project: https://www.enpchina.eu/;
宣化;Xuanhua;Chahaer;察哈爾;40.6364041463675;115.01095971775;宣化縣;縣;1931;D3043747;N0316677;305;s1184;ENP-China Project: https://www.enpchina.eu/;
宣平;Xuanping;Zhejiang;浙江;28.6371635297585;119.591490395564;宣平縣;縣;1931;DH013062-1;DH187855-1;2450;s1491;ENP-China Project: https://www.enpchina.eu/;
宣威;Xuanwei;Yunnan;雲南;26.2366518610039;103.996807855361;宣威縣;縣;1931;DH013062-1;DH013062-1;397;s1451;ENP-China Project: https://www.enpchina.eu/;
許昌;Xuchang;Henan;河南;34.0336475468807;113.861861279212;許昌縣;縣;1931;D3045508;N0390345;1999;s1943;ENP-China Project: https://www.enpchina.eu/;
徐溝;Xugou;Shanxi;山西;37.5336833747992;112.509369178914;徐溝縣;縣;1931;11703640;N0415408;620;s782;ENP-China Project: https://www.enpchina.eu/;
尋甸;Xundian;Yunnan;雲南;25.5786438716959;103.207135363528;尋甸縣;縣;1931;DH018710-1;DH135239-1;377;s1084;ENP-China Project: https://www.enpchina.eu/;
遜河;Xunhe;Heilongjiang;黑龍江;49.438303078249;127.483344088364;遜河縣;縣;1931;11703863;N0415631;536;s46;ENP-China Project: https://www.enpchina.eu/;
循化;Xunhua;Qinghai;青海;35.8871021439346;102.418569941129;循化縣;縣;1931;11703642;N0415410;945;s735;ENP-China Project: https://www.enpchina.eu/;
尋鄔;Xunwu;Jiangxi;江西;24.9507735841013;115.47064119821;尋鄔縣;縣;1931;11703610;N0415378;1840;s1913;ENP-China Project: https://www.enpchina.eu/;
旬陽;Xunyang;Shaanxi;陝西;32.8210683168426;109.478440396803;旬陽縣;縣;1931;D3315918;N0335432;595;s838;ENP-China Project: https://www.enpchina.eu/;
"栒邑
";"Xunyi
";Shaanxi;陝西;35.1210034657342;108.346031808392;栒邑縣;縣;1931;11703699;N0415467;349;s1138;ENP-China Project: https://www.enpchina.eu/;
溆浦;Xupu;Hunan;湖南;27.8921208198478;110.577361068301;溆浦縣;縣;1931;DH047443-1;DH222236-1;1205;s550;ENP-China Project: https://www.enpchina.eu/;
徐水;Xushui;Hebei;河北;39.0178465413306;115.645457613056;徐水縣;縣;1931;D3284326;N0328819;1661;s152;ENP-China Project: https://www.enpchina.eu/;
徐聞;Xuwen;Guangdong;廣東;20.4207728771905;110.115605831455;徐聞縣;縣;1931;DH054416-1;DH054416-1;2151;s1506;ENP-China Project: https://www.enpchina.eu/;
盱眙;Xuyi;Anhui;安徽;33.0518563369587;118.553338526498;盱眙縣;縣;1931;DH057294-1;DH173823-1;1026;s477;ENP-China Project: https://www.enpchina.eu/;
敘永;Xuyong;Sichuan;四川;28.2811670970566;105.30668636399;敘永縣;縣;1931;D3149187;N0296023;711;s965;ENP-China Project: https://www.enpchina.eu/;
雅安;Yaan;Sichuan;四川;29.9981008004919;103.035893641869;雅安縣;縣;1931;D2929530;N0403298;655;s1023;ENP-China Project: https://www.enpchina.eu/;
雅江;Yajiang;Xikang;西康;30.0308489154733;101.045349760442;雅江縣;縣;1931;D2867492;N0403329;721;s976;ENP-China Project: https://www.enpchina.eu/;
雅魯;Yalu;Heilongjiang;黑龍江;48.0130052801929;122.728280649502;雅魯縣;縣;1931;11703913;N0415681;560;s876;ENP-China Project: https://www.enpchina.eu/;
鹽邊;Yanbian;Sichuan;四川;26.8514441149126;101.533420694286;鹽邊縣;縣;1931;D3314256;N0368571;713;s974;ENP-China Project: https://www.enpchina.eu/;
延長;Yanchang;Shaanxi;陝西;36.4940299440503;110.073007973431;延長縣;縣;1931;D3108019;N0326499;221;s1751;ENP-China Project: https://www.enpchina.eu/;
郾城;Yancheng;Henan;河南;33.597441780995;114.038520020794;郾城縣;縣;1931;DH040026-1;DH214819-1;1925;s96;ENP-China Project: https://www.enpchina.eu/;
鹽城;Yancheng;Jiangsu;江蘇;33.371270296555;120.145296419537;鹽城縣;縣;1931;DH057720-1;DH174249-1;2348;s1173;ENP-China Project: https://www.enpchina.eu/;
鹽池;Yanchi;Ningxia;寧夏;37.8161185785699;107.407496981358;鹽池縣;縣;1931;D2867767;N0368544;602;s846;ENP-China Project: https://www.enpchina.eu/;
延川;Yanchuan;Shaanxi;陝西;36.8542389174809;110.176066862937;延川縣;縣;1931;D3276358;N0326482;33;s1593;ENP-China Project: https://www.enpchina.eu/;
鹽豐;Yanfeng;Yunnan;雲南;25.8635148441072;101.072097928863;鹽豐縣;縣;1931;11703943;N0415711;499;s1309;ENP-China Project: https://www.enpchina.eu/;
漾濞;Yangbi;Yunnan;雲南;25.644769876384;99.9769798101981;漾濞縣;縣;1931;11703751;N0415519;876;s590;ENP-China Project: https://www.enpchina.eu/;
陽城;Yangcheng;Shanxi;山西;35.5025492741266;112.494220247557;陽城縣;縣;1931;DH039791-1;DH156320-1;217;s1759;ENP-China Project: https://www.enpchina.eu/;
陽春;Yangchun;Guangdong;廣東;22.1417456710535;111.69632966291;陽春縣;縣;1931;D3313016;N0401150;2148;s1505;ENP-China Project: https://www.enpchina.eu/;
陽高;Yanggao;Shanxi;山西;40.3968927776633;113.756782062066;陽高縣;縣;1931;D3141456;N0401239;523;s920;ENP-China Project: https://www.enpchina.eu/;
陽榖;Yanggu;Shandong;山東;36.129798609416;115.809641237987;陽榖縣;縣;1931;11703909;N0415677;2332;s1268;ENP-China Project: https://www.enpchina.eu/;
陽江;Yangjiang;Guangdong;廣東;21.8564826653979;111.876803360708;陽江縣;縣;1931;D3334218;N0401165;2572;s921;ENP-China Project: https://www.enpchina.eu/;
養利;Yangli;Guangxi;廣西;22.8047716192702;107.370003958992;養利縣;縣;1931;DH056948-1;DH173477-1;29;s1642;ENP-China Project: https://www.enpchina.eu/;
陽明;Yangming;Hunan;湖南;26.1709542928481;111.887522605543;陽明縣;縣;1931;11703908;N0415676;1785;s266;ENP-China Project: https://www.enpchina.eu/;
陽曲;Yangqu;Shanxi;山西;37.8393787118859;112.587245013987;陽曲縣;縣;1931;DH024250-1;DH199043-1;343;s1126;ENP-China Project: https://www.enpchina.eu/;
陽山;Yangshan;Guangdong;廣東;24.3709359768833;112.579034180305;陽山縣;縣;1931;D3038957;N0401085;2160;s1542;ENP-China Project: https://www.enpchina.eu/;
陽朔;Yangshuo;Guangxi;廣西;24.6992569513259;110.296161809136;陽朔縣;縣;1931;D3131113;N0401158;344;s1148;ENP-China Project: https://www.enpchina.eu/;
陽武;Yangwu;Henan;河南;35.0509163261815;113.991920694761;陽武縣;縣;1931;11703910;N0415678;1973;s80;ENP-China Project: https://www.enpchina.eu/;
洋縣;Yangxian;Shaanxi;陝西;33.2928256447598;107.478954560835;洋縣;縣;1931;D3160276;N0354933;446;s1425;ENP-China Project: https://www.enpchina.eu/;
陽信;Yangxin;Shandong;山東;37.6696202984293;117.551311227458;陽信縣;縣;1931;D3043029;N0401010;2307;s1231;ENP-China Project: https://www.enpchina.eu/;
陽新;Yangxin;Hubei;湖北;29.856680943847;115.137791428504;陽新縣;縣;1931;D2864926;N0401137;1764;s240;ENP-China Project: https://www.enpchina.eu/;
陽原;Yangyuan;Chahaer;察哈爾;40.1069402877198;114.198554855275;陽原縣;縣;1931;D3308900;N0401020;926;s770;ENP-China Project: https://www.enpchina.eu/;
揚中;Yangzhong;Jiangsu;江蘇;32.2241006329709;119.815465054363;揚中縣;縣;1931;D3037882;N0330516;2595;s863;ENP-China Project: https://www.enpchina.eu/;
沿河;Yanhe;Guizhou;貴州;28.4796787669584;108.777968785559;沿河縣;縣;1931;11703728;N0415496;460;s1346;ENP-China Project: https://www.enpchina.eu/;
延吉;Yanji;Jilin;吉林;42.909634;129.509284;延吉縣;縣;1931;D3312542;N0326470;1844;s1909;ENP-China Project: https://www.enpchina.eu/;
延津;Yanjin;Henan;河南;35.1511175594772;114.212846305521;延津縣;縣;1931;D3113478;N0326491;1972;s81;ENP-China Project: https://www.enpchina.eu/;
鹽津;Yanjin;Yunnan;雲南;28.0565376415359;104.2000116393;鹽津縣;縣;1931;D2868075;N0368549;504;s1322;ENP-China Project: https://www.enpchina.eu/;
鹽井;Yanjing;Xikang;西康;29.0775888397339;98.5521213606779;鹽井縣;縣;1931;D3141393;N0368489;252;s1694;ENP-China Project: https://www.enpchina.eu/;
鄢陵;Yanling;Henan;河南;34.1532104588041;114.182431409055;鄢陵縣;縣;1931;DH050478-1;DH167007-1;1911;s1866;ENP-China Project: https://www.enpchina.eu/;
焉耆;Yanqi;Xinjiang;新疆;42.0467834263963;86.5908228447;焉耆縣;縣;1931;D3233682;N0360727;816;s631;ENP-China Project: https://www.enpchina.eu/;
延慶;Yanqing;Chahaer;察哈爾;40.5507393725188;115.983760678426;延慶縣;縣;1931;D2866759;N0326483;209;s1744;ENP-China Project: https://www.enpchina.eu/;
鹽山;Yanshan;Hebei;河北;38.0669318322498;117.185571244473;鹽山縣;縣;1931;D3299618;N0368528;1036;s479;ENP-China Project: https://www.enpchina.eu/;
偃師;Yanshi;Henan;河南;34.7721682687539;112.78647450408;偃師縣;縣;1931;DH037750-1;DH212543-1;1943;s114;ENP-China Project: https://www.enpchina.eu/;
延壽;Yanshou;Jilin;吉林;45.4693876116982;128.342942630168;延壽縣;縣;1931;11703637;N0415405;1861;s1879;ENP-China Project: https://www.enpchina.eu/;
鹽亭;Yanting;Sichuan;四川;31.234949400246;105.384480960344;鹽亭縣;縣;1931;DH050117-1;DH050117-1;129;s1804;ENP-China Project: https://www.enpchina.eu/;
鹽興;Yanxing;Yunnan;雲南;25.3661138665456;101.740872352476;鹽興縣;縣;1931;11703942;N0415710;870;s584;ENP-China Project: https://www.enpchina.eu/;
鹽源;Yanyuan;Sichuan;四川;27.457771400246;101.605282318475;鹽源縣;縣;1931;DH050736-1;DH050736-1;120;s1548;ENP-China Project: https://www.enpchina.eu/;
姚安;Yaoan;Yunnan;雲南;25.5165881118583;101.233718414569;姚安縣;縣;1931;D2868778;N0313448;878;s592;ENP-China Project: https://www.enpchina.eu/;
堯山;Yaoshan;Hebei;河北;37.3452086234865;114.695868788114;堯山縣;縣;1931;11703555;N0415323;1588;s209;ENP-China Project: https://www.enpchina.eu/;
耀縣;Yaoxian;Shaanxi;陝西;34.8516708013005;109.023202081703;耀縣;縣;1931;11703809;N0415577;579;s810;ENP-China Project: https://www.enpchina.eu/;
崕縣;Yaxian;Guangdong;廣東;18.3905027316146;109.171473267466;崕縣;縣;1931;11703619;N0415387;2587;s955;ENP-China Project: https://www.enpchina.eu/;
葉城;Yecheng;Xinjiang;新疆;37.8957192759293;77.4275902759293;葉城縣;縣;1931;D2894493-1;D2894492-1;792;s662;ENP-China Project: https://www.enpchina.eu/;
葉爾羌;Yeerqiang;Xinjiang;新疆;38.4359928568484;77.3544016135154;葉爾羌縣;縣;1931;11703833;N0415601;765;s959;ENP-China Project: https://www.enpchina.eu/;
掖縣;Yexian;Shandong;山東;37.17543;119.938004;掖縣;縣;1931;D3410315;N0331572;2250;s1745;ENP-China Project: https://www.enpchina.eu/;
葉縣;Yexian;Henan;河南;33.6514727438794;113.228149900502;葉縣;縣;1931;D2947413;N0296911;1921;s100;ENP-China Project: https://www.enpchina.eu/;
依安;Yian;Heilongjiang;黑龍江;47.4486115142038;125.457934724331;依安縣;縣;1931;D2867757;N0283219;556;s859;ENP-China Project: https://www.enpchina.eu/;
宜北;Yibei;Guangxi;廣西;25.1882747578905;108.335862757176;宜北縣;縣;1931;11703585;N0415353;976;s706;ENP-China Project: https://www.enpchina.eu/;
宜賓;Yibin;Sichuan;四川;28.7511255192129;104.56343363818;宜賓縣;縣;1931;D3138062;N0316405;182;s1789;ENP-China Project: https://www.enpchina.eu/;
宜昌;Yichang;Hubei;湖北;30.7032319178871;111.284722;宜昌縣;縣;1931;D3019322;N0316418;1259;s504;ENP-China Project: https://www.enpchina.eu/;
宜城;Yicheng;Hubei;湖北;31.7309975363823;112.251687302578;宜城縣;縣;1931;D2984131;N0316400;1753;s280;ENP-China Project: https://www.enpchina.eu/;
翼城;Yicheng;Shanxi;山西;35.7626745482533;111.759257165038;翼城縣;縣;1931;DH021013-1;DH195806-1;359;s1045;ENP-China Project: https://www.enpchina.eu/;
宜川;Yichuan;Shaanxi;陝西;36.0436794657342;110.046810793;宜川縣;縣;1931;D3043705;N0316412;39;s1591;ENP-China Project: https://www.enpchina.eu/;
宜春;Yichun;Jiangxi;江西;27.7767695448723;114.366341479021;宜春縣;縣;1931;D3221329;N0316423;1248;s498;ENP-China Project: https://www.enpchina.eu/;
宜都;Yidu;Hubei;湖北;30.402200854148;111.496148831168;宜都縣;縣;1931;D2864929;N0316445;1756;s277;ENP-China Project: https://www.enpchina.eu/;
益都;Yidu;Shandong;山東;36.7001175707259;118.466070429274;益都縣;縣;1931;11703777;N0415545;2266;s1775;ENP-China Project: https://www.enpchina.eu/;
義敦;Yidun;Xikang;西康;29.7090630269836;99.4528837820561;義敦縣;縣;1931;11703808;N0415576;265;s1232;ENP-China Project: https://www.enpchina.eu/;
宜豐;Yifeng;Jiangxi;江西;28.3869496526808;114.726410634617;宜豐縣;縣;1931;D2866161;N0316385;1303;s384;ENP-China Project: https://www.enpchina.eu/;
宜黃;Yihuang;Jiangxi;江西;27.5956991917236;116.13224324534;宜黃縣;縣;1931;DH046207-1;DH221000-1;1221;s515;ENP-China Project: https://www.enpchina.eu/;
宜君;Yijun;Shaanxi;陝西;35.3479583692276;109.087698917481;宜君縣;縣;1931;D3059070;N0316394;40;s1602;ENP-China Project: https://www.enpchina.eu/;
依蘭;Yilan;Jilin;吉林;46.3262907943131;129.55587;依蘭縣;縣;1931;DH027157-1;DH027157-4;1443;s422;ENP-China Project: https://www.enpchina.eu/;
宜良;Yiliang;Yunnan;雲南;24.8987360962281;103.143344989308;宜良縣;縣;1931;D3333836;N0316439;299;s1172;ENP-China Project: https://www.enpchina.eu/;
彝良;Yiliang;Yunnan;雲南;27.5883955450073;103.921355629461;彝良縣;縣;1931;D2865944;N0328129;865;s585;ENP-China Project: https://www.enpchina.eu/;
儀隴;Yilong;Sichuan;四川;31.5603770012298;106.374445399016;儀隴縣;縣;1931;DH037789-1;DH037789-1;226;s1659;ENP-China Project: https://www.enpchina.eu/;
易門;Yimen;Yunnan;雲南;24.6534411496881;102.155244957232;易門縣;縣;1931;D2969175;N0335994;854;s609;ENP-China Project: https://www.enpchina.eu/;
應城;Yingcheng;Hubei;湖北;30.9104980733091;113.560335598239;應城縣;縣;1931;DH024576-1;DH024576-1;1450;s424;ENP-China Project: https://www.enpchina.eu/;
英德;Yingde;Guangdong;廣東;24.1937781773002;113.342844180305;英德縣;縣;1931;DH024050-1;DH198843-1;2183;s1809;ENP-China Project: https://www.enpchina.eu/;
英吉沙;Yingjisha;Xinjiang;新疆;38.9022681744908;76.148909328879;英吉沙縣;縣;1931;D3242857;N0382570;763;s962;ENP-China Project: https://www.enpchina.eu/;
營口;Yingkou;Liaoning;遼寧;40.6762517709421;122.211852073115;營口縣;縣;1931;D2908077;N0384771;1645;s136;ENP-China Project: https://www.enpchina.eu/;
應山;Yingshan;Hubei;湖北;31.6052392375349;113.8619716481;應山縣;縣;1931;D2983470;N0325436;1254;s497;ENP-China Project: https://www.enpchina.eu/;
營山;Yingshan;Sichuan;四川;31.0828396802952;106.54695463941;營山縣;縣;1931;D2905587;N0384791;283;s1267;ENP-China Project: https://www.enpchina.eu/;
英山;Yingshan;Anhui;安徽;30.6516571786632;115.701929294839;英山縣;縣;1931;DH051485-1;DH168014-1;1134;s439;ENP-China Project: https://www.enpchina.eu/;
潁上;Yingshang;Anhui;安徽;32.6872894422583;116.291950358019;潁上縣;縣;1931;DH055082-1;DH055082-1;1061;s458;ENP-China Project: https://www.enpchina.eu/;
應縣;Yingxian;Shanxi;山西;39.5508084091392;113.195221640479;應縣;縣;1931;D3330170;N0325412;612;s775;ENP-China Project: https://www.enpchina.eu/;
伊寧;Yining;Xinjiang;新疆;43.9118846969659;81.2769901088849;伊寧縣;縣;1931;11703516;N0415284;807;s617;ENP-China Project: https://www.enpchina.eu/;
義寧;Yining;Guangxi;廣西;25.4234389551588;109.988314923655;義寧縣;縣;1931;DH052586-1;DH052586-1;105;s1515;ENP-China Project: https://www.enpchina.eu/;
印江;Yinjiang;Guizhou;貴州;28.0206368182779;108.582085127874;印江縣;縣;1931;DH053607-1;DH228400-1;459;s1356;ENP-China Project: https://www.enpchina.eu/;
鄞縣;Yinxian;Zhejiang;浙江;29.8940729848398;121.531751470242;鄞縣;縣;1931;DH042504-1;DH217297-1;2426;s1100;ENP-China Project: https://www.enpchina.eu/;
宜山;Yishan;Guangxi;廣西;24.5375962977159;108.62776422137;宜山縣;縣;1931;DH027213-1;DH202006-1;327;s1095;ENP-China Project: https://www.enpchina.eu/;
猗氏;Yishi;Shanxi;山西;35.2350293824372;110.689913412973;猗氏縣;縣;1931;D3134331;N0362363;573;s881;ENP-China Project: https://www.enpchina.eu/;
沂水;Yishui;Shandong;山東;35.8017033743852;118.669702890222;沂水縣;縣;1931;D3044837;N0352218;2282;s1685;ENP-China Project: https://www.enpchina.eu/;
伊通;Yitong;Jilin;吉林;43.357286945024;125.294376301422;伊通縣;縣;1931;D3137614;N0282017;1535;s406;ENP-China Project: https://www.enpchina.eu/;
義烏;Yiwu;Zhejiang;浙江;29.3080175670971;120.062703112016;義烏縣;縣;1931;D3334279;N0277290;2424;s1096;ENP-China Project: https://www.enpchina.eu/;
嶧縣;Yixian;Shandong;山東;34.8031091231555;117.652787442652;嶧縣;縣;1931;11703621;N0415389;2300;s1705;ENP-China Project: https://www.enpchina.eu/;
易縣;Yixian;Hebei;河北;39.3523741248989;115.494039864704;易縣;縣;1931;D3284353;N0335941;1660;s153;ENP-China Project: https://www.enpchina.eu/;
義縣;Yixian;Liaoning;遼寧;41.5333782603732;121.237732743891;義縣;縣;1931;D3041628;N0277316;1641;s140;ENP-China Project: https://www.enpchina.eu/;
黟縣;Yixian;Anhui;安徽;29.8997400379065;117.968574206748;黟縣;縣;1931;D2892543;N0413348;1691;s308;ENP-China Project: https://www.enpchina.eu/;
宜興;Yixing;Jiangsu;江蘇;31.368268567815;119.818436746838;宜興縣;縣;1931;DH045478-1;DH162007-1;2361;s1211;ENP-China Project: https://www.enpchina.eu/;
伊陽;Yiyang;Henan;河南;34.1862683058694;112.321681404583;伊陽縣;縣;1931;DH004602-1;DH121131-1;1959;s67;ENP-China Project: https://www.enpchina.eu/;
宜陽;Yiyang;Henan;河南;34.6171845085529;112.154657971045;宜陽縣;縣;1931;DH044192-1;DH044192-1;1919;s1873;ENP-China Project: https://www.enpchina.eu/;
益陽;Yiyang;Hunan;湖南;28.7265674597805;112.32786062732;益陽縣;縣;1931;DH055742-1;DH055742-1;1048;s492;ENP-China Project: https://www.enpchina.eu/;
宜章;Yizhang;Hunan;湖南;25.401428;112.942116;宜章縣;縣;1931;DH046201-1;DH220994-1;1222;s517;ENP-China Project: https://www.enpchina.eu/;
儀征;Yizheng;Jiangsu;江蘇;32.2681810331093;119.194859420834;儀征縣;縣;1931;D3236560;N0281752;2594;s864;ENP-China Project: https://www.enpchina.eu/;
永安;Yongan;Fujian;福建;25.944279721455;117.299426957255;永安縣;縣;1931;D3148272;N0350665;2534;s1287;ENP-China Project: https://www.enpchina.eu/;
永北;Yongbei;Yunnan;雲南;26.681113064152;100.739819064152;永北縣;縣;1931;D3139515;N0350566;390;s1441;ENP-China Project: https://www.enpchina.eu/;
永昌;Yongchang;Gansu;甘肅;38.2877463192259;102.104354018098;永昌縣;縣;1931;DH042818-1;DH042818-1;188;s1795;ENP-China Project: https://www.enpchina.eu/;
永城;Yongcheng;Henan;河南;33.9936111429363;116.320096481397;永城縣;縣;1931;D3084540;N0350624;2005;s1949;ENP-China Project: https://www.enpchina.eu/;
永川;Yongchuan;Sichuan;四川;29.3673401393165;105.870015726695;永川縣;縣;1931;D3022874;N0350720;694;s1000;ENP-China Project: https://www.enpchina.eu/;
永春;Yongchun;Fujian;福建;25.2798152365455;118.220397129268;永春縣;縣;1931;DH051811-1;DH226604-1;2501;s1339;ENP-China Project: https://www.enpchina.eu/;
永淳;Yongchun;Guangxi;廣西;22.7905821106852;108.880228934156;永淳縣;縣;1931;DH027504-1;DH144033-1;318;s1198;ENP-China Project: https://www.enpchina.eu/;
永從;Yongcong;Guizhou;貴州;26.0706919880839;109.035807597983;永從縣;縣;1931;11703721;N0415489;483;s1283;ENP-China Project: https://www.enpchina.eu/;
永登;Yongdeng;Gansu;甘肅;36.7409733534735;103.379260388695;永登縣;縣;1931;D3313219;N0350815;38;s1592;ENP-China Project: https://www.enpchina.eu/;
永定;Yongding;Fujian;福建;24.71719139211;116.725837051299;永定縣;縣;1931;D2865801;N0350704;2537;s1303;ENP-China Project: https://www.enpchina.eu/;
永豐;Yongfeng;Jiangxi;江西;27.3077997185319;115.372273700468;永豐縣;縣;1931;D3198887;N0350462;1173;s570;ENP-China Project: https://www.enpchina.eu/;
永福;Yongfu;Guangxi;廣西;24.9910992595432;109.819607930323;永福縣;縣;1931;D3131108;N0350828;316;s1194;ENP-China Project: https://www.enpchina.eu/;
永和;Yonghe;Shanxi;山西;36.732523840002;110.650978557076;永和縣;縣;1931;11703719;N0415487;632;s800;ENP-China Project: https://www.enpchina.eu/;
永吉;Yongji;Jilin;吉林;43.8471401841712;126.523487534389;永吉縣;縣;1931;D3107920;N0350579;1868;s1888;ENP-China Project: https://www.enpchina.eu/;
永濟;Yongji;Shanxi;山西;34.8560524797216;110.114103997189;永濟縣;縣;1931;D3059130;N0350799;282;s1269;ENP-China Project: https://www.enpchina.eu/;
永嘉;Yongjia;Zhejiang;浙江;28.0369970968556;120.641919470241;永嘉縣;縣;1931;DH041711-1;DH216504-1;2433;s1454;ENP-China Project: https://www.enpchina.eu/;
永靖;Yongjing;Gansu;甘肅;35.8421451557353;103.041444108708;永靖縣;縣;1931;D2867682;N0350906;946;s737;ENP-China Project: https://www.enpchina.eu/;
永康;Yongkang;Zhejiang;浙江;28.9022246044357;120.027235641774;永康縣;縣;1931;DH027370-1;DH143899-1;2446;s1467;ENP-China Project: https://www.enpchina.eu/;
永明;Yongming;Hunan;湖南;25.3300420340125;111.25608883421;永明縣;縣;1931;D2857118;N0350773;1165;s565;ENP-China Project: https://www.enpchina.eu/;
永年;Yongnian;Hebei;河北;36.698455295253;114.707606598064;永年縣;縣;1931;D3108135;N0350741;1578;s207;ENP-China Project: https://www.enpchina.eu/;
永寧;Yongning;Yunnan;雲南;27.7319033900741;100.64714751386;永寧縣;縣;1931;11703720;N0415488;492;s1288;ENP-China Project: https://www.enpchina.eu/;
邕寧;Yongning;Guangxi;廣西;22.8086384913657;108.292511431789;邕寧縣;縣;1931;D3386560;N0394806;992;s670;ENP-China Project: https://www.enpchina.eu/;
永平;Yongping;Yunnan;雲南;25.4009458677754;99.5603890754896;永平縣;縣;1931;D2865959;N0350733;883;s600;ENP-China Project: https://www.enpchina.eu/;
永清;Yongqing;Hebei;河北;39.3218558190295;116.496448834414;永清縣;縣;1931;D3083306;N0350803;1666;s291;ENP-China Project: https://www.enpchina.eu/;
永仁;Yongren;Yunnan;雲南;26.5030303866865;101.700467231049;永仁縣;縣;1931;D2865960;N0350503;500;s1302;ENP-China Project: https://www.enpchina.eu/;
永善;Yongshan;Yunnan;雲南;27.809489021384;103.591336967924;永善縣;縣;1931;DH020085-1;DH020085-1;368;s1070;ENP-China Project: https://www.enpchina.eu/;
永壽;Yongshou;Shaanxi;陝西;34.7634283692276;107.925899793;永壽縣;縣;1931;D2950163;N0350714;223;s1755;ENP-China Project: https://www.enpchina.eu/;
永順;Yongshun;Hunan;湖南;29.019519683246;109.842703503094;永順縣;縣;1931;DH046916-1;DH163445-1;1213;s555;ENP-China Project: https://www.enpchina.eu/;
永綏;Yongsui;Hunan;湖南;28.6298851118513;109.421885707996;永綏縣;縣;1931;DH051992-1;DH168521-1;1118;s455;ENP-China Project: https://www.enpchina.eu/;
永泰;Yongtai;Fujian;福建;25.792160215394;118.87228264974;永泰縣;縣;1931;D2868133;N0350794;2508;s1357;ENP-China Project: https://www.enpchina.eu/;
永新;Yongxin;Jiangxi;江西;26.9678322156171;114.432512180065;永新縣;縣;1931;DH032883-1;DH207676-1;1388;s316;ENP-China Project: https://www.enpchina.eu/;
永興;Yongxing;Hunan;湖南;26.1566774431482;113.083103179592;永興縣;縣;1931;DH054436-1;DH054436-1;1069;s463;ENP-China Project: https://www.enpchina.eu/;
永修;Yongxiu;Jiangxi;江西;29.1486254539816;115.799712418739;永修縣;縣;1931;D2868796;N0350504;1820;s1926;ENP-China Project: https://www.enpchina.eu/;
尤溪;Youxi;Fujian;福建;26.2200120379047;118.103376119792;尤溪縣;縣;1931;D3192546;N0320299;2507;s1367;ENP-China Project: https://www.enpchina.eu/;
攸縣;Youxian;Hunan;湖南;27.1040486820242;113.353813788534;悠縣;縣;1931;D2865151;N0331879;1781;s255;ENP-China Project: https://www.enpchina.eu/;
右玉;Youyu;Shanxi;山西;40.1572936644529;112.382082150021;右玉縣;縣;1931;D2866946;N0296897;614;s777;ENP-China Project: https://www.enpchina.eu/;
遠安;Yuanan;Hubei;湖北;31.0960922052823;111.559540064505;遠安縣;縣;1931;DH054670-1;DH054670-1;1066;s466;ENP-China Project: https://www.enpchina.eu/;
元江;Yuanjiang;Yunnan;雲南;23.6190778823879;101.977654224532;元江縣;縣;1931;DH034043-1;DH034043-1;274;s1254;ENP-China Project: https://www.enpchina.eu/;
沅江;Yuanjiang;Hunan;湖南;28.9306896584955;112.331689577582;沅江縣;縣;1931;D2886004;N0352265;1194;s549;ENP-China Project: https://www.enpchina.eu/;
沅陵;Yuanling;Hunan;湖南;28.4680954969062;110.243445297954;沅陵縣;縣;1931;D3131510;N0352270;1210;s559;ENP-China Project: https://www.enpchina.eu/;
元謀;Yuanmou;Yunnan;雲南;25.6656690771219;101.944291239658;元謀縣;縣;1931;DH039911-1;DH039911-1;868;s582;ENP-China Project: https://www.enpchina.eu/;
元氏;Yuanshi;Hebei;河北;37.7466417237694;114.511585171903;元氏縣;縣;1931;D3300145;N0284217;1584;s213;ENP-China Project: https://www.enpchina.eu/;
原武;Yuanwu;Henan;河南;34.997797600097;113.772202327775;原武縣;縣;1931;11703538;N0415306;1974;s83;ENP-China Project: https://www.enpchina.eu/;
禹城;Yucheng;Shandong;山東;36.9479961056274;116.63304059046;禹城縣;縣;1931;D3062343;N0372823;2346;s1185;ENP-China Project: https://www.enpchina.eu/;
虞城;Yucheng;Henan;河南;34.5825057416185;115.985080166703;虞城縣;縣;1931;D3062347;N0386694;1970;s87;ENP-China Project: https://www.enpchina.eu/;
榆次;Yuci;Shanxi;山西;37.6560489860126;112.734220260139;榆次縣;縣;1931;D3278162;N0347372;354;s1049;ENP-China Project: https://www.enpchina.eu/;
雩都;Yudu;Jiangxi;江西;25.9286366107233;115.261438424829;雩都縣;縣;1931;DH045376-1;DH045376-1;1233;s16;ENP-China Project: https://www.enpchina.eu/;
岳池;Yuechi;Sichuan;四川;30.5554302403935;106.418320799262;岳池縣;縣;1931;T0257524-1;T0257499-2;520;s918;ENP-China Project: https://www.enpchina.eu/;
越巂;Yuegui;Sichuan;四川;28.6559488496575;102.567540715352;越巂縣;縣;1931;11703855;N0415623;700;s1006;ENP-China Project: https://www.enpchina.eu/;
岳陽;Yueyang;Hunan;湖南;29.4635690733451;113.189369917545;岳陽縣;縣;1931;11703612;N0415380;1772;s248;ENP-China Project: https://www.enpchina.eu/;
餘干;Yugan;Jiangxi;江西;28.690119553378;116.673944961278;餘干縣;縣;1931;11703929;N0415697;1825;s1897;ENP-China Project: https://www.enpchina.eu/;
余杭;Yuhang;Zhejiang;浙江;30.308447872824;119.943563962661;余杭縣;縣;1931;D3366596;N0283001;2437;s1446;ENP-China Project: https://www.enpchina.eu/;
玉環;Yuhuan;Zhejiang;浙江;28.1652986511971;121.214944311463;玉環縣;縣;1931;D3108056;N0362705;2627;s821;ENP-China Project: https://www.enpchina.eu/;
餘江;Yujiang;Jiangxi;江西;28.3775018938755;116.828608434926;餘江縣;縣;1931;11703930;N0415698;1828;s1894;ENP-China Project: https://www.enpchina.eu/;
榆林;Yulin;Shaanxi;陝西;38.2767735888101;109.740417191608;榆林縣;縣;1931;D2946282;N0347321;31;s1644;ENP-China Project: https://www.enpchina.eu/;
鬱林;Yulin;Guangxi;廣西;22.6422631344742;110.123812015038;鬱林縣;縣;1931;11703935;N0415703;983;s703;ENP-China Project: https://www.enpchina.eu/;
玉門;Yumen;Gansu;甘肅;40.2648425337393;97.230775227227;玉門縣;縣;1931;D3026835;N0362780;931;s723;ENP-China Project: https://www.enpchina.eu/;
鬱南;Yunan;Guangdong;廣東;23.0722922487954;111.522106804338;鬱南縣;縣;1931;11703934;N0415702;2565;s903;ENP-China Project: https://www.enpchina.eu/;
鄆城;Yuncheng;Shandong;山東;35.6325145341333;116.006697228015;鄆城縣;縣;1931;11703873;N0415641;2285;s1671;ENP-China Project: https://www.enpchina.eu/;
雲浮;Yunfu;Guangdong;廣東;22.9349242182935;112.056201908006;雲浮縣;縣;1931;D3322079;N0279513;2566;s909;ENP-China Project: https://www.enpchina.eu/;
雲和;Yunhe;Zhejiang;浙江;28.1269863483184;119.554379640975;雲和縣;縣;1931;D2927812;N0279409;2625;s817;ENP-China Project: https://www.enpchina.eu/;
筠連;Yunlian;Sichuan;四川;28.1788313605903;104.378276115278;筠連縣;縣;1931;DH030998-1;DH030998-1;288;s1156;ENP-China Project: https://www.enpchina.eu/;
雲龍;Yunlong;Yunnan;雲南;25.8274135132163;99.3598161176121;雲龍縣;縣;1931;D2913464;N0279607;350;s1144;ENP-China Project: https://www.enpchina.eu/;
雲夢;Yunmeng;Hubei;湖北;31.007159979857;113.723138101792;雲夢縣;縣;1931;D2865460;N0279488;1759;s278;ENP-China Project: https://www.enpchina.eu/;
鄖西;Yunxi;Hubei;湖北;33.0715990009876;110.36647695014;鄖西縣;縣;1931;DH045243-1;DH220036-1;1236;s527;ENP-China Project: https://www.enpchina.eu/;
鄖縣;Yunxian;Hubei;湖北;32.8113158357741;110.797792770281;鄖縣;縣;1931;D2865463;N0395945;1247;s531;ENP-China Project: https://www.enpchina.eu/;
雲縣;Yunxian;Yunnan;雲南;24.4186834330948;100.105161574724;雲縣;縣;1931;D2866477;N0279395;891;s606;ENP-China Project: https://www.enpchina.eu/;
雲霄;Yunxiao;Fujian;福建;24.0089611074657;117.243600458774;雲霄縣;縣;1931;D3326709;N0279593;2546;s1321;ENP-China Project: https://www.enpchina.eu/;
雲陽;Yunyang;Sichuan;四川;30.9571953197048;108.915267040885;雲陽縣;縣;1931;DH039847-1;DH156376-1;215;s1740;ENP-China Project: https://www.enpchina.eu/;
玉屏;Yuping;Guizhou;貴州;27.2992976130172;108.860364274101;玉屏縣;縣;1931;DH054497-1;DH229290-1;75;s1572;ENP-China Project: https://www.enpchina.eu/;
於潛;Yuqian;Zhejiang;浙江;30.2098587759685;119.400730925323;於潛縣;縣;1931;D3365835;N0334913;2455;s1481;ENP-China Project: https://www.enpchina.eu/;
余慶;Yuqing;Guizhou;貴州;27.2216246580322;107.867436554248;余慶縣;縣;1931;D3416690-1;D3416691-1;466;s1373;ENP-China Project: https://www.enpchina.eu/;
玉山;Yushan;Jiangxi;江西;28.7114137365959;118.227456305362;玉山縣;縣;1931;DH036903-1;DH153432-1;1346;s340;ENP-China Project: https://www.enpchina.eu/;
榆社;Yushe;Shanxi;山西;36.9917316839111;113.042871316089;榆社縣;縣;1931;DH020019-1;DH194812-1;369;s51;ENP-China Project: https://www.enpchina.eu/;
榆樹;Yushu;Jilin;吉林;44.8324442464457;126.574729739337;榆樹縣;縣;1931;D3342481;N0347335;1158;s562;ENP-China Project: https://www.enpchina.eu/;
玉樹;Yushu;Qinghai;青海;33.0766698461416;96.87588968355;玉樹縣;縣;1931;D2868268;N0362655;528;s44;ENP-China Project: https://www.enpchina.eu/;
魚臺;Yutai;Shandong;山東;34.9764531048592;116.511118890222;魚臺縣;縣;1931;11703936;N0415704;2299;s1714;ENP-China Project: https://www.enpchina.eu/;
于闐;Yutian;Xinjiang;新疆;36.8210880981845;81.6911411532138;于闐縣;縣;1931;11703510;N0415278;771;s641;ENP-China Project: https://www.enpchina.eu/;
玉田;Yutian;Hebei;河北;39.8914068881665;117.748329426528;玉田縣;縣;1931;11703769;N0415537;1096;s448;ENP-China Project: https://www.enpchina.eu/;
豫旺;Yuwang;Ningxia;寧夏;37.1439458415526;106.365430371307;豫旺縣;縣;1931;11703852;N0415620;201;s1728;ENP-China Project: https://www.enpchina.eu/;
玉溪;Yuxi;Yunnan;雲南;24.3768850316191;102.482097338646;玉溪縣;縣;1931;D3337361;N0362697;892;s603;ENP-China Project: https://www.enpchina.eu/;
盂縣;Yuxian;Shanxi;山西;38.0967412908436;113.379413458759;盂縣;縣;1931;D2866966;N0368401;616;s786;ENP-China Project: https://www.enpchina.eu/;
禹縣;Yuxian;Henan;河南;34.2155036341258;113.307413474536;禹縣;縣;1931;11703790;N0415558;1990;s1936;ENP-China Project: https://www.enpchina.eu/;
虞鄉;Yuxiang;Shanxi;山西;34.929652110494;110.472576176215;虞鄉縣;縣;1931;DH041800-1;DH041800-1;207;s63;ENP-China Project: https://www.enpchina.eu/;
餘姚;Yuyao;Zhejiang;浙江;30.0442434480934;121.153097308244;餘姚縣;縣;1931;11703927;N0415695;2617;s896;ENP-China Project: https://www.enpchina.eu/;
榆中;Yuzhong;Gansu;甘肅;35.8658895920761;104.012162899502;榆中縣;縣;1931;D2867685;N0347297;947;s736;ENP-China Project: https://www.enpchina.eu/;
贊皇;Zanhuang;Hebei;河北;37.6304374052664;114.417682692304;贊皇縣;縣;1931;D3047470;N0391909;1583;s202;ENP-China Project: https://www.enpchina.eu/;
棗強;Zaoqiang;Hebei;河北;37.5118855247735;115.706494224792;棗強縣;縣;1931;D3283550;N0342881;1599;s218;ENP-China Project: https://www.enpchina.eu/;
棗陽;Zaoyang;Hubei;湖北;32.1637905659866;112.737912196478;棗陽縣;縣;1931;DH033482-1;DH150011-1;1381;s309;ENP-China Project: https://www.enpchina.eu/;
增城;Zengcheng;Guangdong;廣東;23.2762917005017;113.82752827005;增城縣;縣;1931;DH023232-1;DH198025-1;2188;s1823;ENP-China Project: https://www.enpchina.eu/;
澤普;Zepu;Xinjiang;新疆;38.1706329199788;77.2672119199725;澤普縣;縣;1931;D3046402;N0354865;767;s960;ENP-China Project: https://www.enpchina.eu/;
盞達;Zhanda;Yunnan;雲南;24.7279916040155;97.9079589371475;盞達縣;縣;1931;11703778;N0415546;885;s17;ENP-China Project: https://www.enpchina.eu/;
張北;Zhangbei;Chahaer;察哈爾;41.1182442716978;114.851280141333;張北縣;縣;1931;D3062333;N0326866;303;s1165;ENP-China Project: https://www.enpchina.eu/;
彰明;Zhangming;Sichuan;四川;31.7189799635064;104.728319461828;彰明縣;縣;1931;D2917491;N0328401;663;s1030;ENP-China Project: https://www.enpchina.eu/;
漳平;Zhangping;Fujian;福建;25.3004093722511;117.372285520472;漳平縣;縣;1931;DH051998-1;DH226791-1;2498;s1353;ENP-China Project: https://www.enpchina.eu/;
漳浦;Zhangpu;Fujian;福建;24.1149067255498;117.571326059896;漳浦縣;縣;1931;DH056637-1;DH173166-1;2485;s1416;ENP-China Project: https://www.enpchina.eu/;
章丘;Zhangqiu;Shandong;山東;36.8391508908974;117.472382316825;章丘縣;縣;1931;D3044312;N0405020;2311;s1223;ENP-China Project: https://www.enpchina.eu/;
彰武;Zhangwu;Liaoning;遼寧;42.3893683713577;122.47841853788;彰武縣;縣;1931;11703639;N0415407;1524;s403;ENP-China Project: https://www.enpchina.eu/;
漳縣;Zhangxian;Gansu;甘肅;34.8437097493931;104.388685694991;漳縣;縣;1931;D2892500;N0359169;956;s739;ENP-China Project: https://www.enpchina.eu/;
張掖;Zhangye;Gansu;甘肅;38.9278098620354;100.626250337324;張掖縣;縣;1931;DH048688-1;DH165217-1;150;s1834;ENP-China Project: https://www.enpchina.eu/;
瞻化;Zhanhua;Xikang;西康;30.9483128673068;100.268573592414;瞻化縣;縣;1931;11703782;N0415550;260;s1210;ENP-China Project: https://www.enpchina.eu/;
霑化;Zhanhua;Shandong;山東;37.68322;117.783455643911;霑化縣;縣;1931;11703919;N0415687;2296;s1712;ENP-China Project: https://www.enpchina.eu/;
沾益;Zhanyi;Yunnan;雲南;25.6345878075439;103.812523074844;沾益縣;縣;1931;D3147274-1;D3147275-1;859;s613;ENP-China Project: https://www.enpchina.eu/;
瞻榆;Zhanyu;Liaoning;遼寧;44.6355357702539;122.608396224835;瞻榆縣;縣;1931;11703783;N0415551;1625;s188;ENP-China Project: https://www.enpchina.eu/;
詔安;Zhao'an;Fujian;福建;23.726153107277;117.200080656177;詔安縣;縣;1931;DH033490-1;DH033490-1;2519;s1374;ENP-China Project: https://www.enpchina.eu/;
趙城;Zhaocheng;Shanxi;山西;36.4173126167849;111.705137685317;趙城縣;縣;1931;DH036907-1;DH036907-1;235;s1672;ENP-China Project: https://www.enpchina.eu/;
肇東;Zhaodong;Heilongjiang;黑龍江;45.9749896338107;125.5331784721;肇東縣;縣;1931;D3024934;N0379442;567;s873;ENP-China Project: https://www.enpchina.eu/;
昭化;Zhaohua;Sichuan;四川;32.3332225600984;105.719127800492;昭化縣;縣;1931;D3124586;N0336176;277;s1240;ENP-China Project: https://www.enpchina.eu/;
昭覺;Zhaojue;Sichuan;四川;28.2395246801009;102.930755129909;昭覺縣;縣;1931;D3313003;N0336182;712;s975;ENP-China Project: https://www.enpchina.eu/;
昭平;Zhaoping;Guangxi;廣西;24.1023385257548;110.734484210869;昭平縣;縣;1931;D3136761;N0336178;323;s1103;ENP-China Project: https://www.enpchina.eu/;
昭通;Zhaotong;Yunnan;雲南;27.3323150855361;103.645386545292;昭通縣;縣;1931;D2866491;N0257677;428;s1404;ENP-China Project: https://www.enpchina.eu/;
趙縣;Zhaoxian;Hebei;河北;37.7501630667543;114.774512114778;趙縣;縣;1931;D3049946;N0392241;1590;s211;ENP-China Project: https://www.enpchina.eu/;
招遠;Zhaoyuan;Shandong;山東;37.358250785363;120.397533178044;招遠縣;縣;1931;D3310063;N0331245;2241;s1724;ENP-China Project: https://www.enpchina.eu/;
肇州;Zhaozhou;Heilongjiang;黑龍江;45.4843030997638;125.060520077594;肇州縣;縣;1931;DH049564-1;DH166093-4;134;s1803;ENP-China Project: https://www.enpchina.eu/;
柞水;Zhashui;Shaanxi;陝西;33.697102574518;109.075614387718;柞水縣;縣;1931;D3107834;N0343546;589;s814;ENP-China Project: https://www.enpchina.eu/;
柘城;Zhecheng;Henan;河南;34.0851229233806;115.339776533388;柘城縣;縣;1931;D3083372;N0343483;2003;s1955;ENP-China Project: https://www.enpchina.eu/;
鎮安;Zhenan;Shaanxi;陝西;33.4348320685317;109.177202548253;鎮安縣;縣;1931;D3057102;N0399444;62;s1616;ENP-China Project: https://www.enpchina.eu/;
鎮巴;Zhenba;Shaanxi;陝西;32.5605042812263;107.877618821666;鎮巴縣;縣;1931;D3108972;N0399451;600;s844;ENP-China Project: https://www.enpchina.eu/;
鎮邊;Zhenbian;Guangxi;廣西;23.4091820276713;105.8318863979;鎮邊縣;縣;1931;DH055165-1;DH055165-1;61;s1613;ENP-China Project: https://www.enpchina.eu/;
鎮東;Zhendong;Liaoning;遼寧;45.8202422111055;123.23892605614;鎮東縣;縣;1931;D3331058;N0399412;1620;s177;ENP-China Project: https://www.enpchina.eu/;
貞豐;Zhenfeng;Guizhou;貴州;25.2990722014573;105.794818290577;貞豐縣;縣;1931;DH054791-1;DH229584-1;67;s1564;ENP-China Project: https://www.enpchina.eu/;
正安;Zhengan;Guizhou;貴州;28.4307589513894;107.604470532543;正安縣;縣;1931;DH054270-1;DH229063-1;80;s1578;ENP-China Project: https://www.enpchina.eu/;
正定;Zhengding;Hebei;河北;38.1388206853056;114.555909111833;正定縣;縣;1931;D2888988;N0348543;1074;s472;ENP-China Project: https://www.enpchina.eu/;
政和;Zhenghe;Fujian;福建;27.4016602050779;118.817063971571;政和縣;縣;1931;D2958661;N0331914;2503;s1342;ENP-China Project: https://www.enpchina.eu/;
正寧;Zhengning;Gansu;甘肅;35.359606612279;108.36958792343;正寧縣;縣;1931;DH035729-1;DH210522-1;928;s722;ENP-China Project: https://www.enpchina.eu/;
鄭縣;Zhengxian;Henan;河南;34.7454836511958;113.66958660693;鄭縣;縣;1931;11703879;N0415647;1986;s1940;ENP-China Project: https://www.enpchina.eu/;
正陽;Zhengyang;Henan;河南;32.6020763140301;114.457505764673;正陽縣;縣;1931;DH038915-1;DH213708-1;1933;s104;ENP-China Project: https://www.enpchina.eu/;
鎮海;Zhenhai;Zhejiang;浙江;29.9709027540112;121.690564185772;鎮海縣;縣;1931;D3181525;N0399479;2620;s891;ENP-China Project: https://www.enpchina.eu/;
鎮江;Zhenjiang;Jiangsu;江蘇;32.1960712224163;119.454708777584;鎮江縣;縣;1931;D3418762;N0399465;2363;s1215;ENP-China Project: https://www.enpchina.eu/;
鎮結;Zhenjie;Guangxi;廣西;23.1120977690761;107.126712276106;鎮結縣;縣;1931;11703892;N0415660;989;s709;ENP-China Project: https://www.enpchina.eu/;
鎮康;Zhenkang;Yunnan;雲南;24.1038021419774;99.4099148301768;鎮康縣;縣;1931;D2867533;N0399456;890;s607;ENP-China Project: https://www.enpchina.eu/;
鎮南;Zhennan;Yunnan;雲南;25.196549;101.289291903772;鎮南縣;縣;1931;DH054443-1;DH054443-1;77;s1566;ENP-China Project: https://www.enpchina.eu/;
鎮寧;Zhenning;Guizhou;貴州;26.1201213791528;105.767113354847;鎮寧縣;縣;1931;DH055148-1;DH229941-1;63;s1615;ENP-China Project: https://www.enpchina.eu/;
鎮坪;Zhenping;Shaanxi;陝西;31.8402094471376;109.786924255061;鎮坪縣;縣;1931;D3046184;N0399431;601;s843;ENP-China Project: https://www.enpchina.eu/;
鎮平;Zhenping;Henan;河南;33.139500165568;112.205473475126;鎮平縣;縣;1931;D2903598;N0399452;1902;s1861;ENP-China Project: https://www.enpchina.eu/;
鎮西;Zhenxi;Xinjiang;新疆;43.592571;92.9181005166366;鎮西縣;縣;1931;DH057746-1;DH174275-1;10;s1635;ENP-China Project: https://www.enpchina.eu/;
鎮雄;Zhenxiong;Yunnan;雲南;27.4889176257797;104.710878240273;鎮雄縣;縣;1931;DH055186-1;DH171715-1;60;s1614;ENP-China Project: https://www.enpchina.eu/;
鎮原;Zhenyuan;Gansu;甘肅;35.7024489828762;106.992637188362;鎮原縣;縣;1931;DH053557-1;DH053557-1;93;s1581;ENP-China Project: https://www.enpchina.eu/;
鎮沅;Zhenyuan;Yunnan;雲南;23.8265783528362;100.937229593704;鎮沅縣;縣;1931;DH030430-1;DH205223-1;289;s1155;ENP-China Project: https://www.enpchina.eu/;
鎮遠;Zhenyuan;Guizhou;貴州;27.0613521209831;108.439108596814;鎮遠縣;縣;1931;DH054413-1;DH054413-1;78;s1569;ENP-China Project: https://www.enpchina.eu/;
鎮越;Zhenyue;Yunnan;雲南;21.9679038265656;101.458036502489;鎮越縣;縣;1931;11703893;N0415661;922;s773;ENP-China Project: https://www.enpchina.eu/;
枝江;Zhijiang;Hubei;湖北;30.2899267805993;111.533133231867;枝江縣;縣;1931;D2865469;N0342837;1757;s276;ENP-China Project: https://www.enpchina.eu/;
芷江;Zhijiang;Hunan;湖南;27.4572064969062;109.609798273204;芷江縣;縣;1931;D3131967;N0381914;1193;s546;ENP-China Project: https://www.enpchina.eu/;
織金;Zhijin;Guizhou;貴州;26.7171574163341;105.76735811103;織金縣;縣;1931;D2865133;N0376338;471;s1364;ENP-China Project: https://www.enpchina.eu/;
知子蘿;Zhiziluo;Yunnan;雲南;26.6618643122944;98.9710316146813;知子蘿縣;縣;1931;11703784;N0415552;493;s54;ENP-China Project: https://www.enpchina.eu/;
中部;Zhongbu;Shaanxi;陝西;35.5704681409317;109.180438999748;中部縣;縣;1931;11703507;N0415275;577;s807;ENP-China Project: https://www.enpchina.eu/;
中甸;Zhongdian;Yunnan;雲南;27.7904211521401;99.6983238003596;中甸縣;縣;1931;11703506;N0415274;861;s610;ENP-China Project: https://www.enpchina.eu/;
中渡;Zhongdu;Guangxi;廣西;24.6816399446574;109.530005957994;中渡縣;縣;1931;DH049851-1;DH166380-1;133;s1800;ENP-China Project: https://www.enpchina.eu/;
中江;Zhongjiang;Sichuan;四川;31.0610546406395;104.680435560098;中江縣;縣;1931;DH051385-1;DH051385-1;116;s1524;ENP-China Project: https://www.enpchina.eu/;
中牟;Zhongmou;Henan;河南;34.7238775330352;114.03094812398;中牟縣;縣;1931;DH049284-1;DH049284-1;1915;s1877;ENP-China Project: https://www.enpchina.eu/;
中山;Zhongshan;Guangdong;廣東;22.3598237323863;113.606205356654;中山縣;縣;1931;D2895700;N0276337;2568;s928;ENP-China Project: https://www.enpchina.eu/;
鐘山;Zhongshan;Guangxi;廣西;24.5415198494111;111.145497305245;鐘山縣;縣;1931;11703894;N0415662;973;s693;ENP-China Project: https://www.enpchina.eu/;
中衛;Zhongwei;Ningxia;寧夏;37.4893878791592;105.158765525686;中衛縣;縣;1931;D2866751;N0276075;189;s1794;ENP-China Project: https://www.enpchina.eu/;
忠縣;Zhongxian;Sichuan;四川;30.3297426645138;108.02501080415;忠縣;縣;1931;11703645;N0415413;688;s1002;ENP-China Project: https://www.enpchina.eu/;
中陽;Zhongyang;Shanxi;山西;37.2446669444892;111.214036473121;中陽縣;縣;1931;D3150944;N0276900;627;s795;ENP-China Project: https://www.enpchina.eu/;
盩厔;Zhouzhi;Shaanxi;陝西;34.180106205595;108.084954587405;盩厔縣;縣;1931;11703780;N0415548;152;s1853;ENP-China Project: https://www.enpchina.eu/;
莊河;Zhuanghe;Liaoning;遼寧;39.6864471315562;123.039222210663;莊河縣;縣;1931;D2872997;N0325217;1614;s171;ENP-China Project: https://www.enpchina.eu/;
莊浪;Zhuanglang;Gansu;甘肅;35.3262953041747;105.744963229445;莊浪縣;縣;1931;DH056574-1;DH056574-1;952;s743;ENP-China Project: https://www.enpchina.eu/;
諸城;Zhucheng;Shandong;山東;35.9903046073185;119.436013123155;諸城縣;縣;1931;D3064162;N0390439;2258;s1760;ENP-China Project: https://www.enpchina.eu/;
珠河;Zhuhe;Jilin;吉林;45.2378829576642;127.93995304722;珠河縣;縣;1931;11703770;N0415538;1862;s1882;ENP-China Project: https://www.enpchina.eu/;
諸暨;Zhuji;Zhejiang;浙江;29.7240415297585;120.217747791129;諸暨縣;縣;1931;D3252238;N0390450;2429;s1085;ENP-China Project: https://www.enpchina.eu/;
涿鹿;Zhuolu;Chahaer;察哈爾;40.3646687268499;115.170639294168;涿鹿縣;縣;1931;D3041268;N0356873;925;s767;ENP-China Project: https://www.enpchina.eu/;
涿縣;Zhuoxian;Hebei;河北;39.4885327203162;115.9623784817;涿縣;縣;1931;11703738;N0415506;1664;s289;ENP-China Project: https://www.enpchina.eu/;
竹山;Zhushan;Hubei;湖北;32.2336027214086;110.346325862186;竹山縣;縣;1931;D3390737;N0374364;1242;s535;ENP-China Project: https://www.enpchina.eu/;
竹谿;Zhuxi;Hubei;湖北;32.353127990987;109.867514328987;竹谿縣;縣;1931;11703798;N0415566;1748;s271;ENP-China Project: https://www.enpchina.eu/;
淄川;Zichuan;Shandong;山東;36.6751229085185;117.946861036593;淄川縣;縣;1931;11703739;N0415507;2289;s1695;ENP-China Project: https://www.enpchina.eu/;
秭歸;Zigui;Hubei;湖北;30.9939512653219;110.681171144351;秭歸縣;縣;1931;D2864905;N0373380;1754;s283;ENP-China Project: https://www.enpchina.eu/;
紫湖;Zihu;Ningxia;寧夏;38.8966329388639;104.423156091761;紫湖縣;縣;1931;11703802;N0415570;192;s1716;ENP-China Project: https://www.enpchina.eu/;
紫金;Zijin;Guangdong;廣東;23.6145884289112;115.226943089666;紫金縣;縣;1931;11703803;N0415571;2561;s911;ENP-China Project: https://www.enpchina.eu/;
梓潼;Zitong;Sichuan;四川;31.637121;105.175740920689;梓潼縣;縣;1931;D3087559;N0346521;285;s1256;ENP-China Project: https://www.enpchina.eu/;
資溪;Zixi;Jiangxi;江西;27.7127780284072;117.144516806634;資溪縣;縣;1931;D3314230;N0391759;1832;s1906;ENP-China Project: https://www.enpchina.eu/;
資興;Zixing;Hunan;湖南;25.9835459677161;113.333220661223;資興縣;縣;1931;D2869596;N0391749;1445;s419;ENP-China Project: https://www.enpchina.eu/;
滋陽;Ziyang;Shandong;山東;35.5902523194962;116.895384228015;滋陽縣;縣;1931;11703747;N0415515;2262;s1752;ENP-China Project: https://www.enpchina.eu/;
紫陽;Ziyang;Shaanxi;陝西;32.7719688797351;108.662261344064;紫陽縣;縣;1931;D3282003;N0375425;21;s1636;ENP-China Project: https://www.enpchina.eu/;
資陽;Ziyang;Sichuan;四川;30.1338435204427;104.646018439902;資陽縣;縣;1931;DH034488-1;DH034488-1;271;s1228;ENP-China Project: https://www.enpchina.eu/;
自由;Ziyou;Henan;河南;34.4074553942947;112.415260325072;自由縣;縣;1931;11703824;N0415592;1988;s1934;ENP-China Project: https://www.enpchina.eu/;
紫雲;Ziyun;Guizhou;貴州;25.7044861385549;106.220755829495;紫雲縣;縣;1931;11703804;N0415572;488;s1296;ENP-China Project: https://www.enpchina.eu/;
資中;Zizhong;Sichuan;四川;29.7941749131119;104.841679374652;資中縣;縣;1931;D2865113;N0391748;698;s1012;ENP-China Project: https://www.enpchina.eu/;
鄒平;Zouping;Shandong;山東;36.9222977121777;117.728042196341;鄒平縣;縣;1931;D2890067;N0395497;2279;s1660;ENP-China Project: https://www.enpchina.eu/;
鄒縣;Zouxian;Shandong;山東;35.4602522646073;117.038596031674;鄒縣;縣;1931;11703874;N0415642;2244;s1719;ENP-China Project: https://www.enpchina.eu/;
遵化;Zunhua;Hebei;河北;40.2145162657092;117.956045501667;遵化縣;縣;1931;D3046829;N0394599;1680;s304;ENP-China Project: https://www.enpchina.eu/;
遵義;Zunyi;Guizhou;貴州;27.6978457661356;106.902262459627;遵義縣;縣;1931;DH037009-1;DH211802-1;233;s1669;ENP-China Project: https://www.enpchina.eu/;
左縣;Zuoxian;Guangxi;廣西;22.632889874931;107.507500945048;左縣;縣;1931;11703623;N0415391;996;s666;ENP-China Project: https://www.enpchina.eu/;
左雲;Zuoyun;Shanxi;山西;39.9955642630359;112.699550975025;左雲縣;縣;1931;D3320885;N0323266;524;s910;ENP-China Project: https://www.enpchina.eu/;