ID,City_ZhT,City_Py,Prov_Py,Prov_ZhT,Lat,Long,Level,Level_Eng,City_ZhS,Source
56,濉溪,Suixi,Anhui,安徽,33.8907,116.7747,,,濉溪,https://en.wikipedia.org/wiki/List_of_cities_in_China; https://github.com/boyan01/ChinaRegionDistrict
72,枞陽,Zongyang,Anhui,安徽,30.6989,117.2042,,,枞阳,https://en.wikipedia.org/wiki/List_of_cities_in_China; https://github.com/boyan01/ChinaRegionDistrict
80,豐台,Fengtai,Beijing,北京,39.8476,116.2723,,,丰台,https://en.wikipedia.org/wiki/List_of_cities_in_China; https://github.com/boyan01/ChinaRegionDistrict
84,海澱,Haidian,Beijing,北京,39.9906,116.2887,,,海淀,https://en.wikipedia.org/wiki/List_of_cities_in_China; https://github.com/boyan01/ChinaRegionDistrict
131,光澤,Guangze,Fujian,福建,27.5435,117.3316,,,光泽,https://en.wikipedia.org/wiki/List_of_cities_in_China; https://github.com/boyan01/ChinaRegionDistrict
136,涵江,Hanjiang,Fujian,福建,25.4705,119.1035,,,涵江,https://en.wikipedia.org/wiki/List_of_cities_in_China; https://github.com/boyan01/ChinaRegionDistrict
140,將樂,Jiangle,Fujian,福建,26.7423,117.4646,,,将乐,https://en.wikipedia.org/wiki/List_of_cities_in_China; https://github.com/boyan01/ChinaRegionDistrict
142,建甯,Jianning,Fujian,福建,26.8345,116.8385,,,建宁,https://en.wikipedia.org/wiki/List_of_cities_in_China; https://github.com/boyan01/ChinaRegionDistrict
150,閩清,Minqing,Fujian,福建,26.2248,118.8597,,,闽清,https://en.wikipedia.org/wiki/List_of_cities_in_China; https://github.com/boyan01/ChinaRegionDistrict
180,漳平,Zhangping,Fujian,福建,25.2938,117.4148,,,漳平,https://en.wikipedia.org/wiki/List_of_cities_in_China; https://github.com/boyan01/ChinaRegionDistrict
183,柘榮,Zherong,Fujian,福建,27.24,119.8944,,,柘荣,https://en.wikipedia.org/wiki/List_of_cities_in_China; https://github.com/boyan01/ChinaRegionDistrict
185,周甯,Zhouning,Fujian,福建,27.1067,119.335,,,周宁,https://en.wikipedia.org/wiki/List_of_cities_in_China; https://github.com/boyan01/ChinaRegionDistrict
211,合作,Hezuo,Gansu,甘肅,34.9984,102.91,,,合作,https://en.wikipedia.org/wiki/List_of_cities_in_China; https://github.com/boyan01/ChinaRegionDistrict
296,東莞,Dongguan,Guangdong,廣東,23.0475,113.7493,,,东莞,https://en.wikipedia.org/wiki/List_of_cities_in_China; https://github.com/boyan01/ChinaRegionDistrict
342,麻章,Mazhang,Guangdong,廣東,21.2757,110.3221,,,麻章,https://en.wikipedia.org/wiki/List_of_cities_in_China; https://github.com/boyan01/ChinaRegionDistrict
357,仁化,Renhua,Guangdong,廣東,25.0913,113.7445,,,仁化,https://en.wikipedia.org/wiki/List_of_cities_in_China; https://github.com/boyan01/ChinaRegionDistrict
408,博白,Bobai,Guangxi,廣西,22.2708,109.9743,,,博白,https://en.wikipedia.org/wiki/List_of_cities_in_China; https://github.com/boyan01/ChinaRegionDistrict
416,大化,Dahua,Guangxi,廣西,23.768,107.9841,,,大化,https://en.wikipedia.org/wiki/List_of_cities_in_China; https://github.com/boyan01/ChinaRegionDistrict
423,扶綏,Fusui,Guangxi,廣西,22.6394,107.9075,,,扶绥,https://en.wikipedia.org/wiki/List_of_cities_in_China; https://github.com/boyan01/ChinaRegionDistrict
427,灌陽,Guanyang,Guangxi,廣西,25.4952,111.1349,,,灌阳,https://en.wikipedia.org/wiki/List_of_cities_in_China; https://github.com/boyan01/ChinaRegionDistrict
430,桂林,Guilin,Guangxi,廣西,25.2401892074905,110.180853086495,市,Municipality,桂林,https://en.wikipedia.org/wiki/List_of_cities_in_China; https://github.com/boyan01/ChinaRegionDistrict
453,鹿寨,Luzhai,Guangxi,廣西,24.4975,109.7331,,,鹿寨,https://en.wikipedia.org/wiki/List_of_cities_in_China; https://github.com/boyan01/ChinaRegionDistrict
463,平南,Pingnan,Guangxi,廣西,23.5422,110.3895,,,平南,https://en.wikipedia.org/wiki/List_of_cities_in_China; https://github.com/boyan01/ChinaRegionDistrict
468,全州,Quanzhou,Guangxi,廣西,25.9446,111.0364,市,,全州,https://en.wikipedia.org/wiki/List_of_cities_in_China; https://github.com/boyan01/ChinaRegionDistrict
471,融水,Rongshui,Guangxi,廣西,25.0667,109.25,,,融水,https://en.wikipedia.org/wiki/List_of_cities_in_China; https://github.com/boyan01/ChinaRegionDistrict
480,天等,Tiandeng,Guangxi,廣西,23.1266,107.0937,,,天等,https://en.wikipedia.org/wiki/List_of_cities_in_China; https://github.com/boyan01/ChinaRegionDistrict
484,武宣,Wuxuan,Guangxi,廣西,23.6247,109.652,,,武宣,https://en.wikipedia.org/wiki/List_of_cities_in_China; https://github.com/boyan01/ChinaRegionDistrict
487,象州,Xiangzhou,Guangxi,廣西,23.9728,109.6668,,,象州,https://en.wikipedia.org/wiki/List_of_cities_in_China; https://github.com/boyan01/ChinaRegionDistrict
490,西林,Xilin,Guangxi,廣西,24.4988,105.0938,,,西林,https://en.wikipedia.org/wiki/List_of_cities_in_China; https://github.com/boyan01/ChinaRegionDistrict
499,鍾山,Zhongshan,Guangxi,廣西,24.5333,111.3,,,钟山,https://en.wikipedia.org/wiki/List_of_cities_in_China; https://github.com/boyan01/ChinaRegionDistrict
501,資源,Ziyuan,Guangxi,廣西,26.0367,110.6406,,,资源,https://en.wikipedia.org/wiki/List_of_cities_in_China; https://github.com/boyan01/ChinaRegionDistrict
511,赫章,Hezhang,Guizhou,貴州,27.1222,104.7239,,,赫章,https://en.wikipedia.org/wiki/List_of_cities_in_China; https://github.com/boyan01/ChinaRegionDistrict
524,織金,Zhijin,Guizhou,貴州,26.6668,105.768,,,织金,https://en.wikipedia.org/wiki/List_of_cities_in_China; https://github.com/boyan01/ChinaRegionDistrict
750,大名,Daming,Hebei,河北,36.2861,115.1436,,,大名,https://en.wikipedia.org/wiki/List_of_cities_in_China; https://github.com/boyan01/ChinaRegionDistrict
752,東光,Dongguang,Hebei,河北,37.8851,116.5328,,,东光,https://en.wikipedia.org/wiki/List_of_cities_in_China; https://github.com/boyan01/ChinaRegionDistrict
757,豐甯,Fengning,Hebei,河北,41.2108,116.6404,,,丰宁,https://en.wikipedia.org/wiki/List_of_cities_in_China; https://github.com/boyan01/ChinaRegionDistrict
759,阜城,Fucheng,Hebei,河北,37.8691,116.1506,,,阜城,https://en.wikipedia.org/wiki/List_of_cities_in_China; https://github.com/boyan01/ChinaRegionDistrict
761,館陶,Guantao,Hebei,河北,36.541,115.2829,,,馆陶,https://en.wikipedia.org/wiki/List_of_cities_in_China; https://github.com/boyan01/ChinaRegionDistrict
770,康保,Kangbao,Hebei,河北,41.8464,114.6139,,,康保,https://en.wikipedia.org/wiki/List_of_cities_in_China; https://github.com/boyan01/ChinaRegionDistrict
775,臨西,Linxi,Hebei,河北,36.8627,115.4925,,,临西,https://en.wikipedia.org/wiki/List_of_cities_in_China; https://github.com/boyan01/ChinaRegionDistrict
777,隆化,Longhua,Hebei,河北,41.3246,117.7344,,,隆化,https://en.wikipedia.org/wiki/List_of_cities_in_China; https://github.com/boyan01/ChinaRegionDistrict
793,魏縣,Weixian,Hebei,河北,36.3565,114.9337,,,魏县,https://en.wikipedia.org/wiki/List_of_cities_in_China; https://github.com/boyan01/ChinaRegionDistrict
801,玉田,Yutian,Hebei,河北,39.8786,117.7392,,,玉田,https://en.wikipedia.org/wiki/List_of_cities_in_China; https://github.com/boyan01/ChinaRegionDistrict
806,涿鹿,Zhuolu,Hebei,河北,40.3694,115.2161,,,涿鹿,https://en.wikipedia.org/wiki/List_of_cities_in_China; https://github.com/boyan01/ChinaRegionDistrict
808,遵化,Zunhua,Hebei,河北,40.1881,117.9593,,,遵化,https://en.wikipedia.org/wiki/List_of_cities_in_China; https://github.com/boyan01/ChinaRegionDistrict
812,拜泉,Baiquan,Heilongjiang,黑龍江,47.6018,126.0819,35585,,拜泉,https://en.wikipedia.org/wiki/List_of_cities_in_China; https://github.com/boyan01/ChinaRegionDistrict
827,東甯,Dongning,Heilongjiang,黑龍江,44.0608,131.1187,,,东宁,https://en.wikipedia.org/wiki/List_of_cities_in_China; https://github.com/boyan01/ChinaRegionDistrict
836,富裕,Fuyu,Heilongjiang,黑龍江,47.7976,124.4573,,,富裕,https://en.wikipedia.org/wiki/List_of_cities_in_China; https://github.com/boyan01/ChinaRegionDistrict
851,桦南,Huanan,Heilongjiang,黑龍江,46.2207,130.525,,,桦南,https://en.wikipedia.org/wiki/List_of_cities_in_China; https://github.com/boyan01/ChinaRegionDistrict
853,呼中,Huzhong,Heilongjiang,黑龍江,51.95,123.6667,,,呼中,https://en.wikipedia.org/wiki/List_of_cities_in_China; https://github.com/boyan01/ChinaRegionDistrict
859,蘭西,Lanxi,Heilongjiang,黑龍江,46.2664,126.276,11034,,兰西,https://en.wikipedia.org/wiki/List_of_cities_in_China; https://github.com/boyan01/ChinaRegionDistrict
872,木蘭,Mulan,Heilongjiang,黑龍江,45.9471,128.0371,,,木兰,https://en.wikipedia.org/wiki/List_of_cities_in_China; https://github.com/boyan01/ChinaRegionDistrict
879,青岡,Qinggang,Heilongjiang,黑龍江,46.69,126.1,6454,,青冈,https://en.wikipedia.org/wiki/List_of_cities_in_China; https://github.com/boyan01/ChinaRegionDistrict
887,孫吳,Sunwu,Heilongjiang,黑龍江,49.4175,127.3155,,,孙吴,https://en.wikipedia.org/wiki/List_of_cities_in_China; https://github.com/boyan01/ChinaRegionDistrict
894,通河,Tonghe,Heilongjiang,黑龍江,45.9761,128.7429,,,通河,https://en.wikipedia.org/wiki/List_of_cities_in_China; https://github.com/boyan01/ChinaRegionDistrict
896,望奎,Wangkui,Heilongjiang,黑龍江,46.8328,126.4777,,,望奎,https://en.wikipedia.org/wiki/List_of_cities_in_China; https://github.com/boyan01/ChinaRegionDistrict
898,五常,Wuchang,Heilongjiang,黑龍江,44.9143,127.15,,,五常,https://en.wikipedia.org/wiki/List_of_cities_in_China; https://github.com/boyan01/ChinaRegionDistrict
915,依蘭,Yilan,Heilongjiang,黑龍江,46.3162,129.5545,市,,依兰,https://en.wikipedia.org/wiki/List_of_cities_in_China; https://github.com/boyan01/ChinaRegionDistrict
918,友誼,Youyi,Heilongjiang,黑龍江,46.8048,130.3192,,,友谊,https://en.wikipedia.org/wiki/List_of_cities_in_China; https://github.com/boyan01/ChinaRegionDistrict
922,肇東,Zhaodong,Heilongjiang,黑龍江,46.0635,125.9773,,,肇东,https://en.wikipedia.org/wiki/List_of_cities_in_China; https://github.com/boyan01/ChinaRegionDistrict
1199,洞口,Dongkou,Hunan,湖南,27.0527,110.5361,,,洞口,https://en.wikipedia.org/wiki/List_of_cities_in_China; https://github.com/boyan01/ChinaRegionDistrict
1220,花垣,Huayuan,Hunan,湖南,28.5881,109.4758,,,花垣,https://en.wikipedia.org/wiki/List_of_cities_in_China; https://github.com/boyan01/ChinaRegionDistrict
1223,津市,Jinshi,Hunan,湖南,26.418,110.8002,,,津市,https://en.wikipedia.org/wiki/List_of_cities_in_China; https://github.com/boyan01/ChinaRegionDistrict
1229,臨澧,Linli,Hunan,湖南,29.45,111.65,,,临澧,https://en.wikipedia.org/wiki/List_of_cities_in_China; https://github.com/boyan01/ChinaRegionDistrict
1285,芷江,Zhijiang,Hunan,湖南,27.4409,109.678,,,芷江,https://en.wikipedia.org/wiki/List_of_cities_in_China; https://github.com/boyan01/ChinaRegionDistrict
1296,豐縣,Fengxian,Jiangsu,江蘇,34.7039,116.5872,,,丰县,https://en.wikipedia.org/wiki/List_of_cities_in_China; https://github.com/boyan01/ChinaRegionDistrict
1342,銅山,Tongshan,Jiangsu,江蘇,34.261,117.1859,,,铜山,https://en.wikipedia.org/wiki/List_of_cities_in_China; https://github.com/boyan01/ChinaRegionDistrict
1369,都昌,Duchang,Jiangxi,江西,29.266,116.1863,,,都昌,https://en.wikipedia.org/wiki/List_of_cities_in_China; https://github.com/boyan01/ChinaRegionDistrict
1375,分宜,Fenyi,Jiangxi,江西,27.8112,114.668,,,分宜,https://en.wikipedia.org/wiki/List_of_cities_in_China; https://github.com/boyan01/ChinaRegionDistrict
1432,宜春,Yichun,Jiangxi,江西,27.8041,114.383,,,宜春,https://en.wikipedia.org/wiki/List_of_cities_in_China; https://github.com/boyan01/ChinaRegionDistrict
1446,東豐,Dongfeng,Jilin,吉林,42.6403,125.5118,,,东丰,https://en.wikipedia.org/wiki/List_of_cities_in_China; https://github.com/boyan01/ChinaRegionDistrict
1454,靖宇,Jingyu,Jilin,吉林,42.3727,126.8011,,,靖宇,https://en.wikipedia.org/wiki/List_of_cities_in_China; https://github.com/boyan01/ChinaRegionDistrict
1459,梨樹,Lishu,Jilin,吉林,43.3047,124.3278,,,梨树,https://en.wikipedia.org/wiki/List_of_cities_in_China; https://github.com/boyan01/ChinaRegionDistrict
1461,柳河,Liuhe,Jilin,吉林,42.2789,125.7173,1963,,柳河,https://en.wikipedia.org/wiki/List_of_cities_in_China; https://github.com/boyan01/ChinaRegionDistrict
1476,通榆,Tongyu,Jilin,吉林,44.8216,123.0747,,,通榆,https://en.wikipedia.org/wiki/List_of_cities_in_China; https://github.com/boyan01/ChinaRegionDistrict
1478,汪清,Wangqing,Jilin,吉林,43.3248,129.7343,17814,,汪清,https://en.wikipedia.org/wiki/List_of_cities_in_China; https://github.com/boyan01/ChinaRegionDistrict
1482,鎮赉,Zhenlai,Jilin,吉林,45.8495,123.2973,,,镇赉,https://en.wikipedia.org/wiki/List_of_cities_in_China; https://github.com/boyan01/ChinaRegionDistrict
1495,大窪,Dawa,Liaoning,遼甯,40.9937,122.068,,,大洼,https://en.wikipedia.org/wiki/List_of_cities_in_China; https://github.com/boyan01/ChinaRegionDistrict
1723,巨野,Juye,Shandong,山東,35.3947,116.0883,,,巨野,https://en.wikipedia.org/wiki/List_of_cities_in_China; https://github.com/boyan01/ChinaRegionDistrict
1732,臨邑,Linyi,Shandong,山東,35.0606,118.3425,,,临邑,https://en.wikipedia.org/wiki/List_of_cities_in_China; https://github.com/boyan01/ChinaRegionDistrict
1740,甯津,Ningjin,Shandong,山東,37.6498,116.7933,,,宁津,https://en.wikipedia.org/wiki/List_of_cities_in_China; https://github.com/boyan01/ChinaRegionDistrict
1742,甯陽,Ningyang,Shandong,山東,35.7701,116.8056,,,宁阳,https://en.wikipedia.org/wiki/List_of_cities_in_China; https://github.com/boyan01/ChinaRegionDistrict
1752,郯城,Tancheng,Shandong,山東,34.6152,118.338,,,郯城,https://en.wikipedia.org/wiki/List_of_cities_in_China; https://github.com/boyan01/ChinaRegionDistrict
1759,汶上,Wenshang,Shandong,山東,35.7284,116.4912,,,汶上,https://en.wikipedia.org/wiki/List_of_cities_in_China; https://github.com/boyan01/ChinaRegionDistrict
1765,陽信,Yangxin,Shandong,山東,37.6447,117.5767,,,阳信,https://en.wikipedia.org/wiki/List_of_cities_in_China; https://github.com/boyan01/ChinaRegionDistrict
1771,郓城,Yuncheng,Shandong,山東,35.5983,115.9347,,,郓城,https://en.wikipedia.org/wiki/List_of_cities_in_China; https://github.com/boyan01/ChinaRegionDistrict
1849,婁煩,Loufan,Shanxi,山西,38.0918,111.8072,,,娄烦,https://en.wikipedia.org/wiki/List_of_cities_in_China; https://github.com/boyan01/ChinaRegionDistrict
1856,蒲城,Pucheng,Shanxi,山西,36.4136,111.095,,,蒲城,https://en.wikipedia.org/wiki/List_of_cities_in_China; https://github.com/boyan01/ChinaRegionDistrict
1908,巴塘,Batang,Sichuan,四川,30.0066,99.1072,,,巴塘,https://en.wikipedia.org/wiki/List_of_cities_in_China; https://github.com/boyan01/ChinaRegionDistrict
1912,長甯,Changning,Sichuan,四川,28.5777,104.9209,,,长宁,https://en.wikipedia.org/wiki/List_of_cities_in_China; https://github.com/boyan01/ChinaRegionDistrict
1931,甘孜,Ganzi,Sichuan,四川,31.6274,99.9941,,,甘孜,https://en.wikipedia.org/wiki/List_of_cities_in_China; https://github.com/boyan01/ChinaRegionDistrict
1945,會東,Huidong,Sichuan,四川,26.6374,102.5757,,,会东,https://en.wikipedia.org/wiki/List_of_cities_in_China; https://github.com/boyan01/ChinaRegionDistrict
1961,筠連,Junlian,Sichuan,四川,28.1711,104.5116,,,筠连,https://en.wikipedia.org/wiki/List_of_cities_in_China; https://github.com/boyan01/ChinaRegionDistrict
1980,綿陽,Mianyang,Sichuan,四川,31.4669,104.7385,,,绵阳,https://en.wikipedia.org/wiki/List_of_cities_in_China; https://github.com/boyan01/ChinaRegionDistrict
1990,納溪,Naxi,Sichuan,四川,28.7742,105.3649,,,纳溪,https://en.wikipedia.org/wiki/List_of_cities_in_China; https://github.com/boyan01/ChinaRegionDistrict
2006,仁和,Renhe,Sichuan,四川,26.4993,101.7386,,,仁和,https://en.wikipedia.org/wiki/List_of_cities_in_China; https://github.com/boyan01/ChinaRegionDistrict
2045,敘永,Xuyong,Sichuan,四川,28.1699,105.4345,,,叙永,https://en.wikipedia.org/wiki/List_of_cities_in_China; https://github.com/boyan01/ChinaRegionDistrict
2096,拜城,Baicheng,Xinjiang,新疆,41.7739,81.8689,,,拜城,https://en.wikipedia.org/wiki/List_of_cities_in_China; https://github.com/boyan01/ChinaRegionDistrict
2106,達坂城,Dabancheng,Xinjiang,新疆,43.3583,88.32,,,达坂城,https://en.wikipedia.org/wiki/List_of_cities_in_China; https://github.com/boyan01/ChinaRegionDistrict
2108,額敏,Emin,Xinjiang,新疆,46.5257,83.6332,,,额敏,https://en.wikipedia.org/wiki/List_of_cities_in_China; https://github.com/boyan01/ChinaRegionDistrict
2110,阜康,Fukang,Xinjiang,新疆,44.1523,87.9793,,,阜康,https://en.wikipedia.org/wiki/List_of_cities_in_China; https://github.com/boyan01/ChinaRegionDistrict
2134,輪台,Luntai,Xinjiang,新疆,41.778,84.2465,,,轮台,https://en.wikipedia.org/wiki/List_of_cities_in_China; https://github.com/boyan01/ChinaRegionDistrict
2144,若羌,Ruoqiang,Xinjiang,新疆,39.02,88.1647,,,若羌,https://en.wikipedia.org/wiki/List_of_cities_in_China; https://github.com/boyan01/ChinaRegionDistrict
2169,新源,Xinyuan,Xinjiang,新疆,43.4511,83.1478,,,新源,https://en.wikipedia.org/wiki/List_of_cities_in_China; https://github.com/boyan01/ChinaRegionDistrict
2172,焉耆,Yanqi,Xinjiang,新疆,42.062,86.5663,,,焉耆,https://en.wikipedia.org/wiki/List_of_cities_in_China; https://github.com/boyan01/ChinaRegionDistrict
2349,隴川,Longchuan,Yunnan,雲南,25.1615,101.2942,,,陇川,https://en.wikipedia.org/wiki/List_of_cities_in_China; https://github.com/boyan01/ChinaRegionDistrict
2466,北侖,Beilun,Zhejiang,浙江,29.9192,121.8378,市,,北仑,https://en.wikipedia.org/wiki/List_of_cities_in_China; https://github.com/boyan01/ChinaRegionDistrict
2475,奉化,Fenghua,Zhejiang,浙江,29.6563,121.4064,,,奉化,https://en.wikipedia.org/wiki/List_of_cities_in_China; https://github.com/boyan01/ChinaRegionDistrict
2496,甯海,Ninghai,Zhejiang,浙江,29.2892,121.4247,,,宁海,https://en.wikipedia.org/wiki/List_of_cities_in_China; https://github.com/boyan01/ChinaRegionDistrict
2518,義烏,Yiwu,Zhejiang,浙江,29.3081,120.0698,,,义乌,https://en.wikipedia.org/wiki/List_of_cities_in_China; https://github.com/boyan01/ChinaRegionDistrict
1,安慶,Anqing,Anhui,安徽,30.531919,117.115101,市,Municipality,安庆,https://github.com/boyan01/ChinaRegionDistrict
2,蚌埠,Bangbu,Anhui,安徽,32.91663,117.388512,市,Municipality,蚌埠,https://github.com/boyan01/ChinaRegionDistrict
3,碧陽,Biyang,Anhui,安徽,29.9289,117.9464,,,碧阳,https://en.wikipedia.org/wiki/List_of_cities_in_China
4,亳州,Bozhou,Anhui,安徽,33.844592,115.77867,市,Municipality,亳州,https://github.com/boyan01/ChinaRegionDistrict
5,池州,Chizhou,Anhui,安徽,30.664779,117.491592,市,Municipality,池州,https://github.com/boyan01/ChinaRegionDistrict
6,滁州,Chuzhou,Anhui,安徽,32.255636,118.327944,市,Municipality,滁州,https://github.com/boyan01/ChinaRegionDistrict
7,盪城,Dangcheng,Anhui,安徽,34.4279,116.3766,,,盪城,https://en.wikipedia.org/wiki/List_of_cities_in_China
8,點布,Dianbu,Anhui,安徽,31.8731,117.458,,,点布,https://en.wikipedia.org/wiki/List_of_cities_in_China
9,定城,Dingcheng,Anhui,安徽,32.5161,117.6595,,,定城,https://en.wikipedia.org/wiki/List_of_cities_in_China
10,杜吉,Duji,Anhui,安徽,33.9977,116.8284,,,杜吉,https://en.wikipedia.org/wiki/List_of_cities_in_China
11,丰台城關鎮,Fengtai Chengguanzhen,Anhui,安徽,32.7082,116.7296,,,丰台城关镇,https://en.wikipedia.org/wiki/List_of_cities_in_China
12,鳳陽府城鎮,Fengyang Fuchengzhen,Anhui,安徽,32.8797,117.5447,,,凤阳府城镇,https://en.wikipedia.org/wiki/List_of_cities_in_China
13,阜南,Funan,Anhui,安徽,32.6584375081302,115.595459425729,,,阜南,https://en.wikipedia.org/wiki/List_of_cities_in_China
14,阜陽,Fuyang,Anhui,安徽,32.890479,115.814504,市,Municipality,阜阳,https://github.com/boyan01/ChinaRegionDistrict
15,富陽,Fuyang,Anhui,安徽,32.8986,115.8045,,,富阳,https://github.com/boyan01/ChinaRegionDistrict
16,扶餘,Fuyu,Anhui,安徽,30.15,116.1167,,,扶餘,https://en.wikipedia.org/wiki/List_of_cities_in_China
17,甘棠,Gantang,Anhui,安徽,30.2969,118.1306,,,甘棠,https://en.wikipedia.org/wiki/List_of_cities_in_China
18,高河,Gaohe,Anhui,安徽,30.7417,116.8426,,,高河,https://en.wikipedia.org/wiki/List_of_cities_in_China
19,國陽城關鎮,Guoyang Chengguanzhen,Anhui,安徽,33.5055,116.2308,,,国阳城关镇,https://en.wikipedia.org/wiki/List_of_cities_in_China
20,古樹,Gushu,Anhui,安徽,31.5605,118.4815,,,古树,https://en.wikipedia.org/wiki/List_of_cities_in_China
21,古鎮城關鎮,Guzhen Chengguanzhen,Anhui,安徽,33.3106,117.3106,,,古镇城关镇,https://en.wikipedia.org/wiki/List_of_cities_in_China
22,海陽,Haiyang,Anhui,安徽,29.7861,118.177,,,海阳,https://en.wikipedia.org/wiki/List_of_cities_in_China
23,合肥,Hefei,Anhui,安徽,31.820591,117.227219,市,Municipality,合肥,https://github.com/boyan01/ChinaRegionDistrict
24,螺旋線,Helixi,Anhui,安徽,30.6267,118.9861,,,螺旋线,https://github.com/boyan01/ChinaRegionDistrict
25,淮北,Huaibei,Anhui,安徽,33.955844,116.798265,市,Municipality,淮北,https://github.com/boyan01/ChinaRegionDistrict
26,淮南,Huainan,Anhui,安徽,32.587117,117.018399,市,Municipality,淮南,https://github.com/boyan01/ChinaRegionDistrict
27,懷遠城關鎮,Huaiyuan Chengguanzhen,Anhui,安徽,32.9589,117.1657,,,怀远城关镇,https://en.wikipedia.org/wiki/List_of_cities_in_China
28,歡峰,Huanfeng,Anhui,安徽,31.7167,118.1,,,欢峰,https://en.wikipedia.org/wiki/List_of_cities_in_China
29,黃山,Huangshan,Anhui,安徽,29.715185,118.338272,市,Municipality,黄山,https://github.com/boyan01/ChinaRegionDistrict
30,匯成,Huicheng,Anhui,安徽,29.8693,118.4336,,,匯成,https://en.wikipedia.org/wiki/List_of_cities_in_China
31,霍丘城關鎮,Huoqiu Chengguanzhen,Anhui,安徽,32.3547,116.2939,,,霍丘城关镇,https://en.wikipedia.org/wiki/List_of_cities_in_China
32,京川,Jingchuan,Anhui,安徽,30.6892,118.4043,,,京川,https://en.wikipedia.org/wiki/List_of_cities_in_China
33,景陽,Jingyang,Anhui,安徽,30.2919,118.5425,,,景阳,https://en.wikipedia.org/wiki/List_of_cities_in_China
34,金家莊,Jinjiazhuang,Anhui,安徽,31.7201,118.4895,,,金家庄,https://en.wikipedia.org/wiki/List_of_cities_in_China
35,金溪,Jinxi,Anhui,安徽,30.4323,116.2922,,,金溪,https://en.wikipedia.org/wiki/List_of_cities_in_China
36,吉山,Jishan,Anhui,安徽,30.9215,118.3302,,,吉山,https://en.wikipedia.org/wiki/List_of_cities_in_China
37,利民路,Liminlu,Anhui,安徽,31.3188,118.3629,,,利民路,https://en.wikipedia.org/wiki/List_of_cities_in_China
38,靈城,Lingcheng,Anhui,安徽,33.5377,117.5336,,,灵城,https://en.wikipedia.org/wiki/List_of_cities_in_China
39,臨泉城關鎮,Linquan Chengguanzhen,Anhui,安徽,33.0851,115.2902,,,临泉城关镇,https://en.wikipedia.org/wiki/List_of_cities_in_China
40,六安,Liu'an,Anhui,安徽,31.735456,116.520139,市,Municipality,六安,https://github.com/boyan01/ChinaRegionDistrict
41,立信城關鎮,Lixin Chengguanzhen,Anhui,安徽,33.1433,116.2272,,,立信城关镇,https://en.wikipedia.org/wiki/List_of_cities_in_China
42,龍城,Longcheng,Anhui,安徽,34.1845,116.9508,,,龙城,https://en.wikipedia.org/wiki/List_of_cities_in_China
43,鹿城,Lucheng,Anhui,安徽,31.2336,117.2806,,,鹿城,https://en.wikipedia.org/wiki/List_of_cities_in_China
44,馬鞍山,Maanshan,Anhui,安徽,31.67044,118.507011,市,Municipality,马鞍山,https://github.com/boyan01/ChinaRegionDistrict
45,美城,Meicheng,Anhui,安徽,30.6412,116.5689,,,美城,https://github.com/boyan01/ChinaRegionDistrict
46,眉山,Meishan,Anhui,安徽,31.7291,115.9124,,,眉山,https://en.wikipedia.org/wiki/List_of_cities_in_China
47,蒙城城關鎮,Mengcheng Chengguanzhen,Anhui,安徽,33.2661,116.5661,,,蒙城城关镇,https://en.wikipedia.org/wiki/List_of_cities_in_China
48,七里,Qili,Anhui,安徽,30.1991,117.478,,,七里,https://en.wikipedia.org/wiki/List_of_cities_in_China
49,岐山,Qishan,Anhui,安徽,29.8443,117.7194,,,岐山,https://en.wikipedia.org/wiki/List_of_cities_in_China
50,榮成,Rongcheng,Anhui,安徽,30.6428,117.8352,,,荣成,https://en.wikipedia.org/wiki/List_of_cities_in_China
51,三江,Sanjiang,Anhui,安徽,31.3481,118.3613,,,三江,https://en.wikipedia.org/wiki/List_of_cities_in_China
52,上派,Shangpai,Anhui,安徽,31.7456,117.1611,,,上派,https://en.wikipedia.org/wiki/List_of_cities_in_China
53,壽春,Shouchun,Anhui,安徽,32.5816,116.7929,,,寿春,https://en.wikipedia.org/wiki/List_of_cities_in_China
54,蜀城城關鎮,Shucheng Chengguanzhen,Anhui,安徽,31.4745,116.9521,,,蜀城城关镇,https://en.wikipedia.org/wiki/List_of_cities_in_China
55,四成,Sicheng,Anhui,安徽,33.4894,117.8568,,,四成,https://en.wikipedia.org/wiki/List_of_cities_in_China
57,遂溪,Suixi,Anhui,安徽,33.8907,116.7747,,,遂溪,https://en.wikipedia.org/wiki/List_of_cities_in_China
59,宿州,Suzhou,Anhui,安徽,33.647309,116.964195,市,Municipality,宿州,https://github.com/boyan01/ChinaRegionDistrict
61,太和城關鎮,Taihe Chengguanzhen,Anhui,安徽,33.1655,115.6489,,,太和城关镇,https://en.wikipedia.org/wiki/List_of_cities_in_China
62,桃州,Taozhou,Anhui,安徽,30.8956,119.411,,,桃州,https://github.com/boyan01/ChinaRegionDistrict
63,天長,Tianchang,Anhui,安徽,32.6853,119.0041,,,天长,https://github.com/boyan01/ChinaRegionDistrict
64,天堂,Tiantang,Anhui,安徽,30.85,116.35,,,天堂,https://en.wikipedia.org/wiki/List_of_cities_in_China
65,銅陵,Tongling,Anhui,安徽,30.945515,117.81154,市,Municipality,铜陵,https://github.com/boyan01/ChinaRegionDistrict
66,萬智,Wanzhi,Anhui,安徽,31.1469,118.5671,,,万智,https://en.wikipedia.org/wiki/List_of_cities_in_China
67,五河城關鎮,Wuhe Chengguanzhen,Anhui,安徽,33.1386,117.8658,,,五河城关镇,https://en.wikipedia.org/wiki/List_of_cities_in_China
68,蕪湖,Wuhu,Anhui,安徽,31.352859,118.432941,市,Municipality,芜湖,https://github.com/boyan01/ChinaRegionDistrict
69,新安,Xin’an,Anhui,安徽,32.438,118.4089,,,新安,https://en.wikipedia.org/wiki/List_of_cities_in_China
70,宣城,Xuancheng,Anhui,安徽,30.940195,118.75868,市,Municipality,宣城,https://github.com/boyan01/ChinaRegionDistrict
71,耀都,Yaodu,Anhui,安徽,30.1,117.0167,,,耀都,https://en.wikipedia.org/wiki/List_of_cities_in_China
73,宗陽,Zongyang,Anhui,安徽,30.6989,117.2042,,,宗阳,https://en.wikipedia.org/wiki/List_of_cities_in_China
74,北京,Beijing,Beijing,北京,39.904211,116.407394,市,Municipality,北京,https://github.com/boyan01/ChinaRegionDistrict
75,北苑,Beiyuan,Beijing,北京,39.9036,116.6467,,,北苑,https://en.wikipedia.org/wiki/List_of_cities_in_China
76,濱河,Binhe,Beijing,北京,40.1335,117.1085,,,滨河,https://en.wikipedia.org/wiki/List_of_cities_in_China
77,朝外,Chaowai,Beijing,北京,39.9181,116.4324,,,朝外,https://en.wikipedia.org/wiki/List_of_cities_in_China
78,城北,Chengbei,Beijing,北京,40.223,116.2458,,,城北,https://en.wikipedia.org/wiki/List_of_cities_in_China
79,大禹,Dayu,Beijing,北京,39.9375,116.0967,,,大禹,https://en.wikipedia.org/wiki/List_of_cities_in_China
81,丰台區,Fengtai,Beijing,北京,39.8476,116.2723,,,丰台区,https://en.wikipedia.org/wiki/List_of_cities_in_China
82,龔辰,Gongchen,Beijing,北京,39.728,116.1376,,,龚辰,https://en.wikipedia.org/wiki/List_of_cities_in_China
83,鼓樓,Gulou,Beijing,北京,40.37,116.8335,,,鼓楼,https://en.wikipedia.org/wiki/List_of_cities_in_China
85,海淀,Haidian,Beijing,北京,39.9906,116.2887,,,海淀,https://en.wikipedia.org/wiki/List_of_cities_in_China
86,景山,Jingshan,Beijing,北京,39.9253,116.4041,,,景山,https://en.wikipedia.org/wiki/List_of_cities_in_China
87,金榮傑,Jinrongjie,Beijing,北京,39.9122,116.3562,,,金荣杰,https://en.wikipedia.org/wiki/List_of_cities_in_China
88,龍山,Longshan,Beijing,北京,40.3202,116.6291,,,龙山,https://en.wikipedia.org/wiki/List_of_cities_in_China
89,鹿谷,Lugu,Beijing,北京,39.8967,116.2204,,,鹿谷,https://en.wikipedia.org/wiki/List_of_cities_in_China
90,勝利裡,Shengli,Beijing,北京,40.1182,116.6429,市,,胜利裡,https://en.wikipedia.org/wiki/List_of_cities_in_China
91,興豐,Xingfeng,Beijing,北京,39.7297,116.3366,,,兴丰,https://en.wikipedia.org/wiki/List_of_cities_in_China
92,延慶,Yanqing,Beijing,北京,40.4609,115.9715,,,延庆,https://en.wikipedia.org/wiki/List_of_cities_in_China
93,城西,Chengxi,Chongqing,重慶,29.5329,108.7651,,,城西,https://en.wikipedia.org/wiki/List_of_cities_in_China
94,成祥,Chengxiang,Chongqing,重慶,31.3986,109.6228,,,成祥,https://en.wikipedia.org/wiki/List_of_cities_in_China
95,重慶,Chongqing,Chongqing,重慶,29.562849,106.551643,市,Municipality,重庆,https://github.com/boyan01/ChinaRegionDistrict
96,重慶市,Chongqing,Chongqing,重慶,29.55,106.5069,,,重庆市,https://github.com/boyan01/ChinaRegionDistrict
97,寸丹,Cuntan,Chongqing,重慶,29.6025,106.5705,,,寸丹,https://en.wikipedia.org/wiki/List_of_cities_in_China
98,東城,Dongcheng,Chongqing,重慶,29.152,107.1034,,,东城,https://en.wikipedia.org/wiki/List_of_cities_in_China
99,葛城,Gecheng,Chongqing,重慶,31.9486,108.6607,,,葛城,https://en.wikipedia.org/wiki/List_of_cities_in_China
100,貴溪,Guixi,Chongqing,重慶,30.3336,107.3454,,,贵溪,https://en.wikipedia.org/wiki/List_of_cities_in_China
101,古南,Gunan,Chongqing,重慶,29.0231,106.648,,,古南,https://en.wikipedia.org/wiki/List_of_cities_in_China
102,漢風,Hanfeng,Chongqing,重慶,31.1695,108.4031,,,汉风,https://en.wikipedia.org/wiki/List_of_cities_in_China
103,濟江,Jijiang,Chongqing,重慶,29.2899,106.25,,,济江,https://en.wikipedia.org/wiki/List_of_cities_in_China
104,涼山,Liangshan,Chongqing,重慶,30.6741,107.7938,,,凉山,https://en.wikipedia.org/wiki/List_of_cities_in_China
105,立志,Lizhi,Chongqing,重慶,29.7032,107.3952,,,立志,https://en.wikipedia.org/wiki/List_of_cities_in_China
106,龍洲灣,Longzhouwan,Chongqing,重慶,29.3786,106.54,,,龙洲湾,https://en.wikipedia.org/wiki/List_of_cities_in_China
107,南津,Nanjin,Chongqing,重慶,29.985,106.2653,,,南津,https://en.wikipedia.org/wiki/List_of_cities_in_China
108,三河,Sanhe,Chongqing,重慶,29.8686,107.7303,市,,三河,https://en.wikipedia.org/wiki/List_of_cities_in_China
109,雙鳳橋,Shuangfengqiao,Chongqing,重慶,29.7186,106.6271,,,双凤桥,https://en.wikipedia.org/wiki/List_of_cities_in_China
110,湯香,Tangxiang,Chongqing,重慶,29.7023,105.7236,,,汤香,https://en.wikipedia.org/wiki/List_of_cities_in_China
111,萬勝,Wansheng,Chongqing,重慶,28.9629,106.9284,,,万胜,https://en.wikipedia.org/wiki/List_of_cities_in_China
112,香口,Xiangkou,Chongqing,重慶,29.3305,107.737,,,香口,https://en.wikipedia.org/wiki/List_of_cities_in_China
113,新山村,Xinshancun,Chongqing,重慶,29.486,106.4786,,,新山村,https://en.wikipedia.org/wiki/List_of_cities_in_China
114,楊家坪,Yangjiaping,Chongqing,重慶,29.5051,106.5013,,,杨家坪,https://en.wikipedia.org/wiki/List_of_cities_in_China
115,永安,Yong’an,Chongqing,重慶,31.0504,109.5167,,,永安,https://github.com/boyan01/ChinaRegionDistrict
116,中和,Zhonghe,Chongqing,重慶,28.4505,108.989,,,中和,https://en.wikipedia.org/wiki/List_of_cities_in_China
117,中州,Zhongzhou,Chongqing,重慶,30.294,108.033,市,,中州,https://en.wikipedia.org/wiki/List_of_cities_in_China
118,自通,Zitong,Chongqing,重慶,30.1782,105.8299,,,自通,https://en.wikipedia.org/wiki/List_of_cities_in_China
119,安溪,Anxi,Fujian,福建,25.0571,118.182,,,安溪,https://en.wikipedia.org/wiki/List_of_cities_in_China
120,奧陽,Aoyang,Fujian,福建,27.4589,119.5014,,,奥阳,https://en.wikipedia.org/wiki/List_of_cities_in_China
121,翠江,Cuijiang,Fujian,福建,26.2632,116.6499,,,翠江,https://en.wikipedia.org/wiki/List_of_cities_in_China
122,大田,Datian,Fujian,福建,25.7013,117.8363,,,大田,https://en.wikipedia.org/wiki/List_of_cities_in_China
123,東杰,Dongjie,Fujian,福建,26.0882,119.2945,,,东杰,https://en.wikipedia.org/wiki/List_of_cities_in_China
124,鳳城,Fengcheng,Fujian,福建,26.1972,119.5392,,,凤城,https://en.wikipedia.org/wiki/List_of_cities_in_China
126,鳳山,Fengshan,Fujian,福建,26.4856,119.5492,,,凤山,https://en.wikipedia.org/wiki/List_of_cities_in_China
127,福安,Fu’an,Fujian,福建,27.1,119.6333,,,福安,https://github.com/boyan01/ChinaRegionDistrict
128,福鼎,Fuding,Fujian,福建,27.2,120.2,,,福鼎,https://github.com/boyan01/ChinaRegionDistrict
129,福清,Fuqing,Fujian,福建,25.7232,119.3735,,,福清,https://github.com/boyan01/ChinaRegionDistrict
130,福州,Fuzhou,Fujian,福建,26.074268,119.296389,市,Municipality,福州,https://github.com/boyan01/ChinaRegionDistrict
132,廣澤,Guangze,Fujian,福建,27.5435,117.3316,,,广泽,https://en.wikipedia.org/wiki/List_of_cities_in_China
133,古峰,Gufeng,Fujian,福建,26.9083,118.9819,,,古峰,https://en.wikipedia.org/wiki/List_of_cities_in_China
134,鼓樓,Gulou,Fujian,福建,26.0865,119.298,,,鼓楼,https://en.wikipedia.org/wiki/List_of_cities_in_China
135,古田,Gutian,Fujian,福建,26.587,118.7358,,,古田,https://en.wikipedia.org/wiki/List_of_cities_in_China
137,漢江,Hanjiang,Fujian,福建,25.4705,119.1035,,,汉江,https://en.wikipedia.org/wiki/List_of_cities_in_China
138,華豐,Huafeng,Fujian,福建,25.0017,117.5275,,,华丰,https://en.wikipedia.org/wiki/List_of_cities_in_China
139,建’,Jian’ou,Fujian,福建,27.0387,118.3215,,,建’,https://github.com/boyan01/ChinaRegionDistrict
141,江樂,Jiangle,Fujian,福建,26.7423,117.4646,,,江乐,https://en.wikipedia.org/wiki/List_of_cities_in_China
143,建寧,Jianning,Fujian,福建,26.8345,116.8385,,,建寧,https://en.wikipedia.org/wiki/List_of_cities_in_China
144,連峰,Lianfeng,Fujian,福建,25.7044,116.7216,,,连峰,https://en.wikipedia.org/wiki/List_of_cities_in_China
145,臨江,Linjiang,Fujian,福建,25.0517,116.4203,,,临江,https://en.wikipedia.org/wiki/List_of_cities_in_China
147,龍岩,Longyan,Fujian,福建,25.075119,117.017295,市,Municipality,龙岩,https://github.com/boyan01/ChinaRegionDistrict
148,龍巖,Longyan,Fujian,福建,25.0881,117.0244,,,龙巖,https://github.com/boyan01/ChinaRegionDistrict
149,羅城,Luocheng,Fujian,福建,25.0323,118.795,,,罗城,https://en.wikipedia.org/wiki/List_of_cities_in_China
151,民慶,Minqing,Fujian,福建,26.2248,118.8597,,,民庆,https://en.wikipedia.org/wiki/List_of_cities_in_China
152,南坑仔,Nankengzai,Fujian,福建,26.2833,117.8833,,,南坑仔,https://en.wikipedia.org/wiki/List_of_cities_in_China
153,南平,Nanping,Fujian,福建,26.641774,118.17771,市,Municipality,南平,https://github.com/boyan01/ChinaRegionDistrict
154,甯德,Ningde,Fujian,福建,26.665617,119.547932,市,Municipality,宁德,https://github.com/boyan01/ChinaRegionDistrict
155,寧德,Ningde,Fujian,福建,26.6667,119.5167,,,寧德,https://github.com/boyan01/ChinaRegionDistrict
156,平川,Pingchuan,Fujian,福建,25.0945,116.096,,,平川,https://en.wikipedia.org/wiki/List_of_cities_in_China
157,浦城,Pucheng,Fujian,福建,27.9233,118.5333,,,浦城,https://en.wikipedia.org/wiki/List_of_cities_in_China
158,莆田,Putian,Fujian,福建,25.454084,119.007777,市,Municipality,莆田,https://github.com/boyan01/ChinaRegionDistrict
159,慶陽,Qingyang,Fujian,福建,24.8141,118.5792,,,庆阳,https://github.com/boyan01/ChinaRegionDistrict
160,泉州,Quanzhou,Fujian,福建,24.874132,118.675676,市,Municipality,泉州,https://github.com/boyan01/ChinaRegionDistrict
161,三明,Sanming,Fujian,福建,26.263406,117.638678,市,Municipality,三明,https://github.com/boyan01/ChinaRegionDistrict
162,廈門,Shamen,Fujian,福建,24.479664,118.089204,市,Municipality,厦门,https://github.com/boyan01/ChinaRegionDistrict
163,山城,Shancheng,Fujian,福建,26.9005,117.1631,,,山城,https://en.wikipedia.org/wiki/List_of_cities_in_China
164,邵武,Shaowu,Fujian,福建,27.3417,117.4869,,,邵武,https://github.com/boyan01/ChinaRegionDistrict
165,志摩,Shima,Fujian,福建,24.4475,117.8118,,,志摩,https://github.com/boyan01/ChinaRegionDistrict
166,石獅,Shishi,Fujian,福建,24.7355,118.6434,,,石狮,https://github.com/boyan01/ChinaRegionDistrict
167,松原,Songyuan,Fujian,福建,27.5273,118.7766,,,松原,https://en.wikipedia.org/wiki/List_of_cities_in_China
168,隨安,Sui’an,Fujian,福建,24.087,117.6091,,,随安,https://en.wikipedia.org/wiki/List_of_cities_in_China
169,桃城,Taocheng,Fujian,福建,25.3123,118.3006,,,桃城,https://en.wikipedia.org/wiki/List_of_cities_in_China
170,武夷山,Wuyishan,Fujian,福建,27.7562,118.0267,,,武夷山,https://github.com/boyan01/ChinaRegionDistrict
171,小溪,Xiaoxi,Fujian,福建,24.3525,117.2907,,,小溪,https://en.wikipedia.org/wiki/List_of_cities_in_China
172,新砦,Xinzhai,Fujian,福建,23.7205,117.1487,,,新砦,https://en.wikipedia.org/wiki/List_of_cities_in_China
173,西浦,Xipu,Fujian,福建,23.6991,117.4251,,,西浦,https://en.wikipedia.org/wiki/List_of_cities_in_China
174,雪峰,Xuefeng,Fujian,福建,26.3572,117.1978,,,雪峰,https://en.wikipedia.org/wiki/List_of_cities_in_China
175,延平,Yanping,Fujian,福建,26.6381,118.1682,,,延平,https://en.wikipedia.org/wiki/List_of_cities_in_China
176,永安,Yong’an,Fujian,福建,25.9733,117.3593,,,永安,https://github.com/boyan01/ChinaRegionDistrict
177,尤溪,Youxi,Fujian,福建,26.1736,118.1789,,,尤溪,https://en.wikipedia.org/wiki/List_of_cities_in_China
178,雲嶺,Yunling,Fujian,福建,23.9538,117.336,,,云岭,https://en.wikipedia.org/wiki/List_of_cities_in_China
179,張城,Zhangcheng,Fujian,福建,25.8468,118.9369,,,张城,https://en.wikipedia.org/wiki/List_of_cities_in_China
181,張平,Zhangping,Fujian,福建,25.2938,117.4148,,,张平,https://github.com/boyan01/ChinaRegionDistrict
182,漳州,Zhangzhou,Fujian,福建,24.513025,117.647093,市,Municipality,漳州,https://github.com/boyan01/ChinaRegionDistrict
184,哲榮,Zherong,Fujian,福建,27.24,119.8944,,,哲荣,https://en.wikipedia.org/wiki/List_of_cities_in_China
186,周寧,Zhouning,Fujian,福建,27.1067,119.335,,,周寧,https://en.wikipedia.org/wiki/List_of_cities_in_China
187,白銀,Baiyin,Gansu,甘肅,36.545261,104.138771,市,Municipality,白银,https://github.com/boyan01/ChinaRegionDistrict
188,北島,Beidao,Gansu,甘肅,34.6,105.92,,,北岛,https://github.com/boyan01/ChinaRegionDistrict
189,城郊城關鎮,Chengjiao Chengguanzhen,Gansu,甘肅,34.4362,104.0306,,,城郊城关镇,https://github.com/boyan01/ChinaRegionDistrict
190,城縣城關鎮,Chengxian Chengguanzhen,Gansu,甘肅,33.7411,105.7206,,,城县城关镇,https://en.wikipedia.org/wiki/List_of_cities_in_China
191,垂馬丹,Chuimatan,Gansu,甘肅,35.7181,102.8741,,,垂马丹,https://en.wikipedia.org/wiki/List_of_cities_in_China
192,當昌城關鎮,Dangchang Chengguanzhen,Gansu,甘肅,34.0446,104.3946,,,当昌城关镇,https://en.wikipedia.org/wiki/List_of_cities_in_China
193,盪城灣,Dangchengwan,Gansu,甘肅,39.5001,95.0408,,,盪城湾,https://en.wikipedia.org/wiki/List_of_cities_in_China
194,迪安加,Dianga,Gansu,甘肅,34.0636,103.2136,,,迪安加,https://en.wikipedia.org/wiki/List_of_cities_in_China
195,定西,Dingxi,Gansu,甘肅,35.606978,104.592225,市,Municipality,定西,https://github.com/boyan01/ChinaRegionDistrict
196,東大街,Dongdajie,Gansu,甘肅,37.9269,102.6343,,,东大街,https://en.wikipedia.org/wiki/List_of_cities_in_China
197,東華,Donghua,Gansu,甘肅,35.2175,106.6545,,,东华,https://github.com/boyan01/ChinaRegionDistrict
198,福城,Fucheng,Gansu,甘肅,35.3725,103.7056,,,福城,https://en.wikipedia.org/wiki/List_of_cities_in_China
199,富力路,Fulilu,Gansu,甘肅,36.1017,103.6157,,,富力路,https://en.wikipedia.org/wiki/List_of_cities_in_China
200,甘谷城關鎮,Gangu Chengguanzhen,Gansu,甘肅,34.7356,105.3263,,,甘谷城关镇,https://en.wikipedia.org/wiki/List_of_cities_in_China
201,甘南藏族,Gannancangzu,Gansu,甘肅,34.983409,102.910995,自治州,Municipality,甘南藏族,https://github.com/boyan01/ChinaRegionDistrict
202,高欄城關鎮,Gaolan Chengguanzhen,Gansu,甘肅,36.3347,103.9456,,,高栏城关镇,https://en.wikipedia.org/wiki/List_of_cities_in_China
203,高台城關鎮,Gaotai Chengguanzhen,Gansu,甘肅,39.3446,99.8002,,,高台城关镇,https://en.wikipedia.org/wiki/List_of_cities_in_China
204,廣河城關鎮,Guanghe Chengguanzhen,Gansu,甘肅,35.4815,103.576,,,广河城关镇,https://en.wikipedia.org/wiki/List_of_cities_in_China
205,廣州路,Guangzhoulu,Gansu,甘肅,38.4991,102.1681,,,广州路,https://en.wikipedia.org/wiki/List_of_cities_in_China
206,古浪,Gulang,Gansu,甘肅,37.4666,102.8943,,,古浪,https://en.wikipedia.org/wiki/List_of_cities_in_China
207,海石灣,Haishiwan,Gansu,甘肅,36.3463,102.858,,,海石湾,https://en.wikipedia.org/wiki/List_of_cities_in_China
208,漢治,Hanji,Gansu,甘肅,35.4954,102.9926,,,汉治,https://en.wikipedia.org/wiki/List_of_cities_in_China
209,漢源,Hanyuan,Gansu,甘肅,34.0108,105.2919,,,汉源,https://en.wikipedia.org/wiki/List_of_cities_in_China
210,和政城關鎮,Hezheng Chengguanzhen,Gansu,甘肅,35.43,103.3573,,,和政城关镇,https://en.wikipedia.org/wiki/List_of_cities_in_China
212,和左,Hezuo,Gansu,甘肅,34.9984,102.91,,,和左,https://github.com/boyan01/ChinaRegionDistrict
213,紅柳灣,Hongliuwan,Gansu,甘肅,39.6319,94.3369,,,红柳湾,https://en.wikipedia.org/wiki/List_of_cities_in_China
214,紅水,Hongshui,Gansu,甘肅,38.4246,100.7926,,,红水,https://en.wikipedia.org/wiki/List_of_cities_in_China
215,紅灣寺,Hongwansi,Gansu,甘肅,38.8351,99.5986,,,红湾寺,https://en.wikipedia.org/wiki/List_of_cities_in_China
216,華藏寺,Huazangsi,Gansu,甘肅,36.9765,103.1352,,,华藏寺,https://en.wikipedia.org/wiki/List_of_cities_in_China
217,惠氏,Huishi,Gansu,甘肅,35.692,105.0486,,,惠氏,https://en.wikipedia.org/wiki/List_of_cities_in_China
218,匯縣城關鎮,Huixian Chengguanzhen,Gansu,甘肅,33.7683,106.0808,,,匯县城关镇,https://en.wikipedia.org/wiki/List_of_cities_in_China
219,嘉峪關,Jiayuguan,Gansu,甘肅,39.772554,98.289419,市,Municipality,嘉峪关,https://github.com/boyan01/ChinaRegionDistrict
221,金昌,Jinchang,Gansu,甘肅,38.520717,102.188117,市,Municipality,金昌,https://github.com/boyan01/ChinaRegionDistrict
222,景川城關鎮,Jingchuan Chengguanzhen,Gansu,甘肅,35.3319,107.3611,,,景川城关镇,https://en.wikipedia.org/wiki/List_of_cities_in_China
223,靜寧城關鎮,Jingning Chengguanzhen,Gansu,甘肅,35.5204,105.723,,,静寧城关镇,https://en.wikipedia.org/wiki/List_of_cities_in_China
224,金平,Jinping,Gansu,甘肅,35.3144,107.0292,,,金平,https://en.wikipedia.org/wiki/List_of_cities_in_China
225,金塔,Jinta,Gansu,甘肅,39.9833,98.8667,,,金塔,https://en.wikipedia.org/wiki/List_of_cities_in_China
226,酒泉,Jiuquan,Gansu,甘肅,39.732795,98.493927,市,Municipality,酒泉,https://github.com/boyan01/ChinaRegionDistrict
227,拉布倫,Labuleng,Gansu,甘肅,35.2012,102.5212,,,拉布伦,https://en.wikipedia.org/wiki/List_of_cities_in_China
228,蘭州,Lanzhou,Gansu,甘肅,36.061089,103.834303,市,Municipality,兰州,https://github.com/boyan01/ChinaRegionDistrict
229,梁當城關鎮,Liangdang Chengguanzhen,Gansu,甘肅,33.9097,106.3022,,,梁当城关镇,https://en.wikipedia.org/wiki/List_of_cities_in_China
230,臨潭城關鎮,Lintan Chengguanzhen,Gansu,甘肅,34.6889,103.3524,,,临潭城关镇,https://en.wikipedia.org/wiki/List_of_cities_in_China
231,臨夏城關鎮,Linxia Chengguanzhen,Gansu,甘肅,35.6,103.2167,,,临夏城关镇,https://github.com/boyan01/ChinaRegionDistrict
232,臨夏回族,Linxiahuizu,Gansu,甘肅,35.601352,103.210655,自治州,Municipality,临夏回族,https://github.com/boyan01/ChinaRegionDistrict
233,劉家峽,Liujiaxia,Gansu,甘肅,35.934,103.3183,,,刘家峡,https://en.wikipedia.org/wiki/List_of_cities_in_China
234,柳林,Liulin,Gansu,甘肅,34.5897,103.5042,,,柳林,https://en.wikipedia.org/wiki/List_of_cities_in_China
235,隴南,Longnan,Gansu,甘肅,33.37068,104.960851,市,Municipality,陇南,https://github.com/boyan01/ChinaRegionDistrict
236,南街,Nanjie,Gansu,甘肅,35.7296876196009,107.64784789177,,,南街,https://en.wikipedia.org/wiki/List_of_cities_in_China
238,寧瑪,Nyinma,Gansu,甘肅,34.0007,102.0713,,,寧玛,https://en.wikipedia.org/wiki/List_of_cities_in_China
239,平涼,Pingliang,Gansu,甘肅,35.542606,106.665061,市,Municipality,平凉,https://github.com/boyan01/ChinaRegionDistrict
240,萍鄉,Pingxiang,Gansu,甘肅,35.2079,105.2506,,,萍乡,https://en.wikipedia.org/wiki/List_of_cities_in_China
241,清泉,Qingquan,Gansu,甘肅,38.7931,101.0887,,,清泉,https://en.wikipedia.org/wiki/List_of_cities_in_China
242,慶陽,Qingyang,Gansu,甘肅,35.70898,107.643571,市,Municipality,庆阳,https://github.com/boyan01/ChinaRegionDistrict
243,清遠,Qingyuan,Gansu,甘肅,35.1367,104.2221,,,清远,https://en.wikipedia.org/wiki/List_of_cities_in_China
244,人民路,Renminlu,Gansu,甘肅,36.5512,104.1695,,,人民路,https://en.wikipedia.org/wiki/List_of_cities_in_China
245,三蕾,Sanlei,Gansu,甘肅,38.6264,103.0883,,,三蕾,https://en.wikipedia.org/wiki/List_of_cities_in_China
246,沙河,Shahe,Gansu,甘肅,39.1416,100.1784,,,沙河,https://en.wikipedia.org/wiki/List_of_cities_in_China
247,山河,Shanhe,Gansu,甘肅,35.4844,108.364,,,山河,https://en.wikipedia.org/wiki/List_of_cities_in_China
248,沙洲,Shazhou,Gansu,甘肅,40.138,94.6623,,,沙洲,https://en.wikipedia.org/wiki/List_of_cities_in_China
249,索南,Suonan,Gansu,甘肅,35.6665,103.3979,,,索南,https://en.wikipedia.org/wiki/List_of_cities_in_China
250,陽,Taoyang,Gansu,甘肅,35.4013,103.8533,,,阳,https://en.wikipedia.org/wiki/List_of_cities_in_China
251,天水,Tianshui,Gansu,甘肅,34.580885,105.724979,市,Municipality,天水,https://github.com/boyan01/ChinaRegionDistrict
252,文殊,Wenshu,Gansu,甘肅,39.693957,98.378358,鎮,Town,文殊,https://github.com/boyan01/ChinaRegionDistrict
253,溫縣城關鎮,Wenxian Chengguanzhen,Gansu,甘肅,32.9471,104.6814,,,温县城关镇,https://en.wikipedia.org/wiki/List_of_cities_in_China
254,烏蘭,Wulan,Gansu,甘肅,36.5654,104.684,,,乌兰,https://en.wikipedia.org/wiki/List_of_cities_in_China
255,武威,Wuwei,Gansu,甘肅,37.928267,102.638201,市,Municipality,武威,https://github.com/boyan01/ChinaRegionDistrict
256,無為,Wuwei,Gansu,甘肅,37.9278,102.6329,,,无为,https://github.com/boyan01/ChinaRegionDistrict
257,西北街,Xibeijie,Gansu,甘肅,39.737,98.5049,,,西北街,https://github.com/boyan01/ChinaRegionDistrict
258,西湖,Xihu,Gansu,甘肅,36.0673,103.7765,,,西湖,https://en.wikipedia.org/wiki/List_of_cities_in_China
259,西花池,Xihuachi,Gansu,甘肅,35.8164,108.0125,,,西花池,https://en.wikipedia.org/wiki/List_of_cities_in_China
260,新城,Xincheng,Gansu,甘肅,39.875401,98.451709,鎮,Town,新城,https://github.com/boyan01/ChinaRegionDistrict
261,興國,Xingguo,Gansu,甘肅,34.8586,105.6686,,,兴国,https://en.wikipedia.org/wiki/List_of_cities_in_China
262,興坪路,Xingpinglu,Gansu,甘肅,36.7275,104.8138,,,兴坪路,https://en.wikipedia.org/wiki/List_of_cities_in_China
263,新寧,Xinning,Gansu,甘肅,35.4951,107.9204,,,新寧,https://en.wikipedia.org/wiki/List_of_cities_in_China
264,一跳山,Yitiaoshan,Gansu,甘肅,37.1533,104.062,,,一跳山,https://en.wikipedia.org/wiki/List_of_cities_in_China
265,永昌城關鎮,Yongchang Chengguanzhen,Gansu,甘肅,38.2705,102.0202,,,永昌城关镇,https://en.wikipedia.org/wiki/List_of_cities_in_China
266,永登城關鎮,Yongdeng Chengguanzhen,Gansu,甘肅,36.7336,103.2593,,,永登城关镇,https://en.wikipedia.org/wiki/List_of_cities_in_China
267,永慶,Yongqing,Gansu,甘肅,34.7481,106.1269,,,永庆,https://en.wikipedia.org/wiki/List_of_cities_in_China
268,元泉,Yuanquan,Gansu,甘肅,40.5004,95.8,,,元泉,https://github.com/boyan01/ChinaRegionDistrict
269,玉門,Yumen,Gansu,甘肅,40.2833,97.2,,,玉门,https://en.wikipedia.org/wiki/List_of_cities_in_China
270,峪泉,Yuquan,Gansu,甘肅,39.807959,98.231491,鎮,Town,峪泉,https://github.com/boyan01/ChinaRegionDistrict
271,榆中城關鎮,Yuzhong Chengguanzhen,Gansu,甘肅,35.8428,104.1125,,,榆中城关镇,https://en.wikipedia.org/wiki/List_of_cities_in_China
272,張家川,Zhangjiachuan,Gansu,甘肅,34.9876,106.209,,,张家川,https://en.wikipedia.org/wiki/List_of_cities_in_China
273,張掖,Zhangye,Gansu,甘肅,38.925548,100.449913,市,Municipality,张掖,https://github.com/boyan01/ChinaRegionDistrict
274,張ye,Zhangye,Gansu,甘肅,38.9355,100.4553,,,张ye,https://github.com/boyan01/ChinaRegionDistrict
275,張業路,Zhangyelu,Gansu,甘肅,36.0575,103.8227,,,张业路,https://en.wikipedia.org/wiki/List_of_cities_in_China
276,鎮遠城關鎮,Zhenyuan Chengguanzhen,Gansu,甘肅,35.6775,107.1964,,,镇远城关镇,https://en.wikipedia.org/wiki/List_of_cities_in_China
277,中華路,Zhonghualu,Gansu,甘肅,35.6052,104.5967,,,中华路,https://en.wikipedia.org/wiki/List_of_cities_in_China
278,舟曲城關鎮,Zhouqu Chengguanzhen,Gansu,甘肅,33.7842,104.3628,,,舟曲城关镇,https://en.wikipedia.org/wiki/List_of_cities_in_China
279,瑞泰,Zuitai,Gansu,甘肅,33.3308,105.6047,,,瑞泰,https://en.wikipedia.org/wiki/List_of_cities_in_China
280,板芙,Banfu,Guangdong,廣東,22.416782,113.322644,鎮,Town,板芙,https://github.com/boyan01/ChinaRegionDistrict
281,常平,Changping,Guangdong,廣東,22.974855,113.993116,鎮,Town,常平,https://github.com/boyan01/ChinaRegionDistrict
282,長沙,Changsha,Guangdong,廣東,22.3762,112.6877,,,长沙,https://github.com/boyan01/ChinaRegionDistrict
283,潮州,Chaozhou,Guangdong,廣東,23.657262,116.622444,市,Municipality,潮州,https://github.com/boyan01/ChinaRegionDistrict
284,茶山,Chashan,Guangdong,廣東,23.076755,113.869636,鎮,Town,茶山,https://github.com/boyan01/ChinaRegionDistrict
285,成化,Chenghua,Guangdong,廣東,23.4613,116.7701,,,成化,https://en.wikipedia.org/wiki/List_of_cities_in_China
286,城南,Chengnan,Guangdong,廣東,23.2722,116.605,,,城南,https://en.wikipedia.org/wiki/List_of_cities_in_China
287,赤坎,Chikan,Guangdong,廣東,21.2712,110.3591,,,赤坎,https://en.wikipedia.org/wiki/List_of_cities_in_China
288,大朗,Dalang,Guangdong,廣東,22.940016,113.943978,鎮,Town,大朗,https://github.com/boyan01/ChinaRegionDistrict
289,大嶺山,Dalingshan,Guangdong,廣東,22.899965,113.842223,鎮,Town,大岭山,https://github.com/boyan01/ChinaRegionDistrict
290,道滘,Daojiao,Guangdong,廣東,23.004366,113.675231,鎮,Town,道滘,https://github.com/boyan01/ChinaRegionDistrict
291,大湧,Dayong,Guangdong,廣東,22.46497,113.300876,鎮,Town,大涌,https://github.com/boyan01/ChinaRegionDistrict
292,大哲,Dazhe,Guangdong,廣東,24.5756,115.8918,,,大哲,https://en.wikipedia.org/wiki/List_of_cities_in_China
293,德城,Decheng,Guangdong,廣東,23.1426,111.7774,,,德城,https://en.wikipedia.org/wiki/List_of_cities_in_China
294,東城,Dongcheng,Guangdong,廣東,21.882,112.0102,,,东城,https://en.wikipedia.org/wiki/List_of_cities_in_China
295,東鳳,Dongfeng,Guangdong,廣東,22.702452,113.256963,鎮,Town,东凤,https://github.com/boyan01/ChinaRegionDistrict
297,東坑,Dongkeng,Guangdong,廣東,22.995838,113.933872,鎮,Town,东坑,https://github.com/boyan01/ChinaRegionDistrict
298,東沙群島,Dongshaqundao,Guangdong,廣東,20.617825,116.887613,區,Municipality,东沙群岛,https://github.com/boyan01/ChinaRegionDistrict
299,東升,Dongsheng,Guangdong,廣東,22.62273,113.291662,鎮,Town,东升,https://github.com/boyan01/ChinaRegionDistrict
300,東鎮,Dongzhen,Guangdong,廣東,22.3797,110.9389,,,东镇,https://en.wikipedia.org/wiki/List_of_cities_in_China
301,都城,Ducheng,Guangdong,廣東,23.2421,111.5284,,,都城,https://en.wikipedia.org/wiki/List_of_cities_in_China
302,恩城,Encheng,Guangdong,廣東,22.1879,112.3131,,,恩城,https://github.com/boyan01/ChinaRegionDistrict
303,鳳崗,Fenggang,Guangdong,廣東,22.74695,114.136944,鎮,Town,凤岗,https://github.com/boyan01/ChinaRegionDistrict
304,佛山市,Foshan,Guangdong,廣東,23.0292,113.1056,,,佛山市,https://github.com/boyan01/ChinaRegionDistrict
305,阜沙,Fusha,Guangdong,廣東,22.667171,113.349872,鎮,Town,阜沙,https://github.com/boyan01/ChinaRegionDistrict
306,佛山,Fushan,Guangdong,廣東,23.021478,113.121435,市,Municipality,佛山,https://github.com/boyan01/ChinaRegionDistrict
307,港口,Gangkou,Guangdong,廣東,22.585266,113.385893,鎮,Town,港口,https://github.com/boyan01/ChinaRegionDistrict
308,高埗,Gaobu,Guangdong,廣東,23.090824,113.745951,鎮,Town,高埗,https://github.com/boyan01/ChinaRegionDistrict
309,高要,Gaoyao,Guangdong,廣東,23.0243,112.4455,,,高要,https://en.wikipedia.org/wiki/List_of_cities_in_China
310,廣州,Guangzhou,Guangdong,廣東,23.12911,113.264385,市,Municipality,广州,https://github.com/boyan01/ChinaRegionDistrict
311,古鎮,Guzhen,Guangdong,廣東,22.613406,113.190869,鎮,Town,古镇,https://github.com/boyan01/ChinaRegionDistrict
312,海城,Haicheng,Guangdong,廣東,22.9753,115.3318,,,海城,https://en.wikipedia.org/wiki/List_of_cities_in_China
313,橫欄,Henglan,Guangdong,廣東,22.534847,113.249104,鎮,Town,横栏,https://github.com/boyan01/ChinaRegionDistrict
314,橫瀝,Hengli,Guangdong,廣東,23.018472,113.965588,鎮,Town,横沥,https://github.com/boyan01/ChinaRegionDistrict
315,河西,Hexi,Guangdong,廣東,21.6865,110.6342,,,河西,https://en.wikipedia.org/wiki/List_of_cities_in_China
316,河源,Heyuan,Guangdong,廣東,23.743686,114.700961,市,Municipality,河源,https://github.com/boyan01/ChinaRegionDistrict
317,洪梅,Hongmei,Guangdong,廣東,22.994717,113.608903,鎮,Town,洪梅,https://github.com/boyan01/ChinaRegionDistrict
318,厚街,Houjie,Guangdong,廣東,22.936585,113.67114,鎮,Town,厚街,https://github.com/boyan01/ChinaRegionDistrict
319,懷城,Huaicheng,Guangdong,廣東,23.9195,112.1763,,,怀城,https://en.wikipedia.org/wiki/List_of_cities_in_China
320,黃江,Huangjiang,Guangdong,廣東,22.915278,114.003561,鎮,Town,黄江,https://github.com/boyan01/ChinaRegionDistrict
321,黃圃,Huangpu,Guangdong,廣東,22.710864,113.33915,鎮,Town,黄圃,https://github.com/boyan01/ChinaRegionDistrict
322,惠州,Huizhou,Guangdong,廣東,23.112381,114.415612,市,Municipality,惠州,https://github.com/boyan01/ChinaRegionDistrict
323,虎門,Humen,Guangdong,廣東,22.814835,113.672553,鎮,Town,虎门,https://github.com/boyan01/ChinaRegionDistrict
324,江海,Jianghai,Guangdong,廣東,22.5752,113.119,,,江海,https://en.wikipedia.org/wiki/List_of_cities_in_China
325,江口,Jiangkou,Guangdong,廣東,23.4392,111.4974,,,江口,https://en.wikipedia.org/wiki/List_of_cities_in_China
326,江門,Jiangmen,Guangdong,廣東,22.57899,113.081542,市,Municipality,江门,https://github.com/boyan01/ChinaRegionDistrict
327,交城,Jiaocheng,Guangdong,廣東,24.6573,116.1671,,,交城,https://en.wikipedia.org/wiki/List_of_cities_in_China
328,界口,Jiekou,Guangdong,廣東,23.5499,113.581,,,界口,https://en.wikipedia.org/wiki/List_of_cities_in_China
329,揭陽,Jieyang,Guangdong,廣東,23.549701,116.372708,市,Municipality,揭阳,https://github.com/boyan01/ChinaRegionDistrict
330,靜安,Jing’an,Guangdong,廣東,22.2107,113.2922,,,静安,https://en.wikipedia.org/wiki/List_of_cities_in_China
331,樂成,Lecheng,Guangdong,廣東,25.1307,113.3472,,,乐成,https://github.com/boyan01/ChinaRegionDistrict
332,雷城,Leicheng,Guangdong,廣東,20.9156,110.0837,,,雷城,https://en.wikipedia.org/wiki/List_of_cities_in_China
333,連江,Lianjiang,Guangdong,廣東,22.5902,113.0764,,,连江,https://en.wikipedia.org/wiki/List_of_cities_in_China
334,連州,Lianzhou,Guangdong,廣東,24.7868,112.3735,,,连州,https://github.com/boyan01/ChinaRegionDistrict
335,寮步,Liaobu,Guangdong,廣東,22.997358,113.874871,鎮,Town,寮步,https://github.com/boyan01/ChinaRegionDistrict
336,立城,Licheng,Guangdong,廣東,23.2955,113.8246,,,立城,https://en.wikipedia.org/wiki/List_of_cities_in_China
337,羅城,Luocheng,Guangdong,廣東,22.7645,111.5745,,,罗城,https://github.com/boyan01/ChinaRegionDistrict
338,羅崗,Luogang,Guangdong,廣東,23.1779,113.501,,,罗岗,https://en.wikipedia.org/wiki/List_of_cities_in_China
339,羅州,Luozhou,Guangdong,廣東,21.6059,110.277,,,罗州,https://en.wikipedia.org/wiki/List_of_cities_in_China
340,茂名,Maoming,Guangdong,廣東,21.662991,110.925439,市,Municipality,茂名,https://github.com/boyan01/ChinaRegionDistrict
341,麻湧,Mayong,Guangdong,廣東,23.051137,113.581134,鎮,Town,麻涌,https://github.com/boyan01/ChinaRegionDistrict
343,馬章,Mazhang,Guangdong,廣東,21.2757,110.3221,,,马章,https://en.wikipedia.org/wiki/List_of_cities_in_China
344,美露,Meilu,Guangdong,廣東,21.4341,110.7755,,,美露,https://en.wikipedia.org/wiki/List_of_cities_in_China
345,梅縣,Meixian,Guangdong,廣東,24.2838,116.0695,,,梅县,https://en.wikipedia.org/wiki/List_of_cities_in_China
346,梅州,Meizhou,Guangdong,廣東,24.288578,116.122523,市,Municipality,梅州,https://github.com/boyan01/ChinaRegionDistrict
347,民衆,Minzhong,Guangdong,廣東,22.621554,113.493839,鎮,Town,民众,https://github.com/boyan01/ChinaRegionDistrict
348,南安,Nan’an,Guangdong,廣東,23.0314,112.4511,,,南安,https://en.wikipedia.org/wiki/List_of_cities_in_China
349,南海,Nanhai,Guangdong,廣東,21.4725,111.0268,,,南海,https://en.wikipedia.org/wiki/List_of_cities_in_China
350,南街,Nanjie,Guangdong,廣東,23.6341,112.4348,,,南街,https://en.wikipedia.org/wiki/List_of_cities_in_China
351,南朗,Nanlang,Guangdong,廣東,22.498612,113.530998,鎮,Town,南朗,https://github.com/boyan01/ChinaRegionDistrict
352,南頭,Nantou,Guangdong,廣東,22.717679,113.291867,鎮,Town,南头,https://github.com/boyan01/ChinaRegionDistrict
353,橋頭,Qiaotou,Guangdong,廣東,23.024132,114.10316,鎮,Town,桥头,https://github.com/boyan01/ChinaRegionDistrict
354,清溪,Qingxi,Guangdong,廣東,22.843847,114.164185,鎮,Town,清溪,https://github.com/boyan01/ChinaRegionDistrict
355,清遠,Qingyuan,Guangdong,廣東,23.681774,113.056042,市,Municipality,清远,https://github.com/boyan01/ChinaRegionDistrict
356,企石,Qishi,Guangdong,廣東,23.072874,114.022023,鎮,Town,企石,https://github.com/boyan01/ChinaRegionDistrict
358,人化,Renhua,Guangdong,廣東,25.0913,113.7445,,,人化,https://en.wikipedia.org/wiki/List_of_cities_in_China
359,三江,Sanjiang,Guangdong,廣東,24.7206,112.2944,,,三江,https://en.wikipedia.org/wiki/List_of_cities_in_China
360,三角,Sanjiao,Guangdong,廣東,22.67658,113.418173,鎮,Town,三角,https://github.com/boyan01/ChinaRegionDistrict
361,三鄉,Sanxiang,Guangdong,廣東,22.357768,113.441608,鎮,Town,三乡,https://github.com/boyan01/ChinaRegionDistrict
362,汕頭,Shantou,Guangdong,廣東,23.354091,116.681972,市,Municipality,汕头,https://github.com/boyan01/ChinaRegionDistrict
363,汕尾,Shanwei,Guangdong,廣東,22.78705,115.375431,市,Municipality,汕尾,https://github.com/boyan01/ChinaRegionDistrict
364,韶關,Shaoguan,Guangdong,廣東,24.810879,113.59762,市,Municipality,韶关,https://github.com/boyan01/ChinaRegionDistrict
365,成型,Shaping,Guangdong,廣東,22.7702,112.9578,,,成型,https://en.wikipedia.org/wiki/List_of_cities_in_China
366,沙田,Shatian,Guangdong,廣東,22.919615,113.61818,鎮,Town,沙田,https://github.com/boyan01/ChinaRegionDistrict
367,沙溪,Shaxi,Guangdong,廣東,22.508984,113.321321,鎮,Town,沙溪,https://github.com/boyan01/ChinaRegionDistrict
368,神灣,Shenwan,Guangdong,廣東,22.302496,113.363816,鎮,Town,神湾,https://github.com/boyan01/ChinaRegionDistrict
369,深圳,Shenzhen,Guangdong,廣東,22.543527,114.057939,市,Municipality,深圳,https://github.com/boyan01/ChinaRegionDistrict
370,石角,Shijiao,Guangdong,廣東,23.8695,113.5284,,,石角,https://en.wikipedia.org/wiki/List_of_cities_in_China
371,石碣,Shijie,Guangdong,廣東,23.099651,113.813068,鎮,Town,石碣,https://github.com/boyan01/ChinaRegionDistrict
372,石龍,Shilong,Guangdong,廣東,23.10591,113.874378,鎮,Town,石龙,https://github.com/boyan01/ChinaRegionDistrict
373,石排,Shipai,Guangdong,廣東,23.090292,113.9403,鎮,Town,石排,https://github.com/boyan01/ChinaRegionDistrict
374,石橋,Shiqiao,Guangdong,廣東,22.9464,113.3577,,,石桥,https://en.wikipedia.org/wiki/List_of_cities_in_China
375,水東,Shuidong,Guangdong,廣東,21.5134,111.0018,,,水东,https://en.wikipedia.org/wiki/List_of_cities_in_China
376,順德,Shunde,Guangdong,廣東,22.8009,113.2921,,,顺德,https://en.wikipedia.org/wiki/List_of_cities_in_China
377,隨城,Suicheng,Guangdong,廣東,21.3795,110.2505,,,随城,https://en.wikipedia.org/wiki/List_of_cities_in_China
378,太和,Taihe,Guangdong,廣東,23.7354,112.9778,,,太和,https://en.wikipedia.org/wiki/List_of_cities_in_China
379,塘廈,Tangsha,Guangdong,廣東,22.806965,114.072575,鎮,Town,塘厦,https://github.com/boyan01/ChinaRegionDistrict
380,坦洲,Tanzhou,Guangdong,廣東,22.254504,113.468002,鎮,Town,坦洲,https://github.com/boyan01/ChinaRegionDistrict
381,望牛墩,Wangniudun,Guangdong,廣東,23.055334,113.656231,鎮,Town,望牛墩,https://github.com/boyan01/ChinaRegionDistrict
382,小榄,Xiaolan,Guangdong,廣東,22.672099,113.250897,鎮,Town,小榄,https://github.com/boyan01/ChinaRegionDistrict
383,謝崗,Xiegang,Guangdong,廣東,22.961616,114.148739,鎮,Town,谢岗,https://github.com/boyan01/ChinaRegionDistrict
384,新安,Xinan,Guangdong,廣東,23.1545,112.8934,,,新安,https://en.wikipedia.org/wiki/List_of_cities_in_China
385,新城,Xincheng,Guangdong,廣東,22.7016,112.2246,,,新城,https://en.wikipedia.org/wiki/List_of_cities_in_China
386,興城,Xingcheng,Guangdong,廣東,24.1681,115.6669,,,兴城,https://github.com/boyan01/ChinaRegionDistrict
387,徐城,Xucheng,Guangdong,廣東,20.3292,110.1671,,,徐城,https://en.wikipedia.org/wiki/List_of_cities_in_China
388,陽江,Yangjiang,Guangdong,廣東,21.857887,111.982589,市,Municipality,阳江,https://github.com/boyan01/ChinaRegionDistrict
389,營城,Yingcheng,Guangdong,廣東,24.1876,113.4042,,,营城,https://github.com/boyan01/ChinaRegionDistrict
390,元山,Yuanshan,Guangdong,廣東,24.3696,114.4896,,,元山,https://en.wikipedia.org/wiki/List_of_cities_in_China
391,雲浮,Yunfu,Guangdong,廣東,22.915094,112.044491,市,Municipality,云浮,https://github.com/boyan01/ChinaRegionDistrict
392,長安,Changan,Guangdong,廣東,22.814768,113.802516,鎮,Town,长安,https://github.com/boyan01/ChinaRegionDistrict
393,樟木頭,Zhangmutou,Guangdong,廣東,22.914909,114.083278,鎮,Town,樟木头,https://github.com/boyan01/ChinaRegionDistrict
394,湛江,Zhanjiang,Guangdong,廣東,21.270145,110.356639,市,Municipality,湛江,https://github.com/boyan01/ChinaRegionDistrict
395,肇慶,Zhaoqing,Guangdong,廣東,23.047191,112.465091,市,Municipality,肇庆,https://github.com/boyan01/ChinaRegionDistrict
396,肇慶市,Zhaoqing,Guangdong,廣東,23.047,112.465,,,肇庆市,https://github.com/boyan01/ChinaRegionDistrict
397,智澤,Zhize,Guangdong,廣東,21.7554,111.6143,,,智泽,https://en.wikipedia.org/wiki/List_of_cities_in_China
398,中山,Zhongshan,Guangdong,廣東,22.517585,113.39277,市,Municipality,中山,https://github.com/boyan01/ChinaRegionDistrict
400,中堂,Zhongtang,Guangdong,廣東,23.092609,113.656917,鎮,Town,中堂,https://github.com/boyan01/ChinaRegionDistrict
401,珠海,Zhuhai,Guangdong,廣東,22.270978,113.576677,市,Municipality,珠海,https://github.com/boyan01/ChinaRegionDistrict
402,安陽,Anyang,Guangxi,廣西,23.938,108.0977,,,安阳,https://en.wikipedia.org/wiki/List_of_cities_in_China
403,白城,Baicheng,Guangxi,廣西,23.901,106.6194,,,白城,https://github.com/boyan01/ChinaRegionDistrict
404,百色,Baise,Guangxi,廣西,23.90233,106.618202,市,Municipality,百色,https://github.com/boyan01/ChinaRegionDistrict
405,白山,Baishan,Guangxi,廣西,23.7135,108.1709,,,白山,https://en.wikipedia.org/wiki/List_of_cities_in_China
406,巴馬,Bama,Guangxi,廣西,24.1705,107.2489,,,巴马,https://en.wikipedia.org/wiki/List_of_cities_in_China
407,北海,Beihai,Guangxi,廣西,21.481291,109.120161,市,Municipality,北海,https://github.com/boyan01/ChinaRegionDistrict
409,博拜,Bobai,Guangxi,廣西,22.2708,109.9743,,,博拜,https://en.wikipedia.org/wiki/List_of_cities_in_China
410,長安,Chang’an,Guangxi,廣西,25.2333,109.3833,,,长安,https://en.wikipedia.org/wiki/List_of_cities_in_China
411,成祥,Chengxiang,Guangxi,廣西,23.161,108.2776,,,成祥,https://en.wikipedia.org/wiki/List_of_cities_in_China
412,誠中,Chengzhong,Guangxi,廣西,22.1355,107.0647,,,诚中,https://en.wikipedia.org/wiki/List_of_cities_in_China
413,崇左,Chongzuo,Guangxi,廣西,22.377253,107.365094,市,Municipality,崇左,https://github.com/boyan01/ChinaRegionDistrict
414,大埠,Dabu,Guangxi,廣西,24.6674,109.2355,,,大埠,https://en.wikipedia.org/wiki/List_of_cities_in_China
415,大豐,Dafeng,Guangxi,廣西,23.4342,108.5983,,,大丰,https://en.wikipedia.org/wiki/List_of_cities_in_China
417,大華,Dahua,Guangxi,廣西,23.768,107.9841,,,大华,https://en.wikipedia.org/wiki/List_of_cities_in_China
418,德寶城關鎮,Debao Chengguanzhen,Guangxi,廣西,23.3847,106.5735,,,德宝城关镇,https://en.wikipedia.org/wiki/List_of_cities_in_China
419,東蘭,Donglan,Guangxi,廣西,24.5502,107.3829,,,东兰,https://en.wikipedia.org/wiki/List_of_cities_in_China
420,東門,Dongmen,Guangxi,廣西,24.792,108.9,,,东门,https://en.wikipedia.org/wiki/List_of_cities_in_China
421,防城港,Fangchenggang,Guangxi,廣西,21.68686,108.353846,市,Municipality,防城港,https://github.com/boyan01/ChinaRegionDistrict
422,鳳城,Fengcheng,Guangxi,廣西,24.5712,107.0424,,,凤城,https://en.wikipedia.org/wiki/List_of_cities_in_China
424,扶穗,Fusui,Guangxi,廣西,22.6394,107.9075,,,扶穗,https://en.wikipedia.org/wiki/List_of_cities_in_China
425,富陽,Fuyang,Guangxi,廣西,24.8344,111.258,,,富阳,https://en.wikipedia.org/wiki/List_of_cities_in_China
426,恭城,Gongcheng,Guangxi,廣西,24.8333,110.8167,,,恭城,https://en.wikipedia.org/wiki/List_of_cities_in_China
428,關陽,Guanyang,Guangxi,廣西,25.4952,111.1349,,,关阳,https://en.wikipedia.org/wiki/List_of_cities_in_China
429,貴港,Guigang,Guangxi,廣西,23.11153,109.598926,市,Municipality,贵港,https://github.com/boyan01/ChinaRegionDistrict
432,桂林市,Guilin,Guangxi,廣西,25.2667,110.2833,,,桂林市,https://github.com/boyan01/ChinaRegionDistrict
433,桂平,Guiping,Guangxi,廣西,23.4,110.0833,,,桂平,https://github.com/boyan01/ChinaRegionDistrict
434,古伊,Guyi,Guangxi,廣西,25.7778,109.6003,,,古伊,https://en.wikipedia.org/wiki/List_of_cities_in_China
435,河池,Hechi,Guangxi,廣西,24.692931,108.085261,市,Municipality,河池,https://github.com/boyan01/ChinaRegionDistrict
436,橫州,Hengzhou,Guangxi,廣西,22.6886,109.2659,,,横州,https://en.wikipedia.org/wiki/List_of_cities_in_China
437,賀州,Hezhou,Guangxi,廣西,24.403528,111.566871,市,Municipality,贺州,https://github.com/boyan01/ChinaRegionDistrict
438,江州,Jiangzhou,Guangxi,廣西,22.4116,107.3421,,,江州,https://en.wikipedia.org/wiki/List_of_cities_in_China
439,金秀,Jinxiu,Guangxi,廣西,24.1372,110.1801,,,金秀,https://en.wikipedia.org/wiki/List_of_cities_in_China
440,拉布,Labu,Guangxi,廣西,24.2599,109.3341,,,拉布,https://en.wikipedia.org/wiki/List_of_cities_in_China
441,來賓,Laibin,Guangxi,廣西,23.750306,109.221465,市,Municipality,来宾,https://github.com/boyan01/ChinaRegionDistrict
442,力力,Leli,Guangxi,廣西,24.3541,106.2437,,,力力,https://en.wikipedia.org/wiki/List_of_cities_in_China
443,連州,Lianzhou,Guangxi,廣西,21.6662,109.2012,,,连州,https://en.wikipedia.org/wiki/List_of_cities_in_China
444,立城,Licheng,Guangxi,廣西,24.4935,110.3902,,,立城,https://github.com/boyan01/ChinaRegionDistrict
445,靈城,Lingcheng,Guangxi,廣西,22.4232,109.293,,,灵城,https://en.wikipedia.org/wiki/List_of_cities_in_China
446,靈川,Lingchuan,Guangxi,廣西,25.4095,110.3228,,,灵川,https://en.wikipedia.org/wiki/List_of_cities_in_China
447,流派,Liupai,Guangxi,廣西,25.04,107.1732,,,流派,https://en.wikipedia.org/wiki/List_of_cities_in_China
448,柳州,Liuzhou,Guangxi,廣西,24.326291,109.428608,市,Municipality,柳州,https://github.com/boyan01/ChinaRegionDistrict
449,隆安城鄉鎮,Long’an Chengxiangzhen,Guangxi,廣西,23.2071,107.6509,,,隆安城乡镇,https://en.wikipedia.org/wiki/List_of_cities_in_China
450,龍勝,Longsheng,Guangxi,廣西,25.7936,110.0092,,,龙胜,https://en.wikipedia.org/wiki/List_of_cities_in_China
451,龍州,Longzhou,Guangxi,廣西,22.3997,106.7897,,,龙州,https://en.wikipedia.org/wiki/List_of_cities_in_China
452,鹿城,Lucheng,Guangxi,廣西,22.3149,110.2563,,,鹿城,https://en.wikipedia.org/wiki/List_of_cities_in_China
454,鹿砦,Luzhai,Guangxi,廣西,24.4975,109.7331,,,鹿砦,https://en.wikipedia.org/wiki/List_of_cities_in_China
455,馬頭,Matou,Guangxi,廣西,23.3553,107.5564,,,马头,https://en.wikipedia.org/wiki/List_of_cities_in_China
456,蒙山,Mengshan,Guangxi,廣西,24.2141,110.5178,,,蒙山,https://en.wikipedia.org/wiki/List_of_cities_in_China
457,南丹城關鎮,Nandan Chengguanzhen,Guangxi,廣西,25.0104,107.5571,,,南丹城关镇,https://en.wikipedia.org/wiki/List_of_cities_in_China
458,南甯,Nanning,Guangxi,廣西,22.817002,108.366543,,Municipality,南宁,https://github.com/boyan01/ChinaRegionDistrict
459,南寧,Nanning,Guangxi,廣西,22.8192,108.315,,,南寧,https://github.com/boyan01/ChinaRegionDistrict
460,那坡城鄉鎮,Napo Chengxiangzhen,Guangxi,廣西,23.4794,105.7916,,,那坡城乡镇,https://en.wikipedia.org/wiki/List_of_cities_in_China
461,平樂,Pingle,Guangxi,廣西,24.6452,110.6431,,,平乐,https://en.wikipedia.org/wiki/List_of_cities_in_China
462,平馬,Pingma,Guangxi,廣西,23.6374,107.1014,,,平马,https://en.wikipedia.org/wiki/List_of_cities_in_China
464,屏南,Pingnan,Guangxi,廣西,23.5422,110.3895,,,屏南,https://en.wikipedia.org/wiki/List_of_cities_in_China
465,普廟,Pumiao,Guangxi,廣西,22.7587,108.4811,,,普庙,https://en.wikipedia.org/wiki/List_of_cities_in_China
466,喬旭,Qiaoxu,Guangxi,廣西,22.9562,109.7607,,,乔旭,https://en.wikipedia.org/wiki/List_of_cities_in_China
467,欽州,Qinzhou,Guangxi,廣西,21.979933,108.654146,市,Municipality,钦州,https://github.com/boyan01/ChinaRegionDistrict
469,泉州,Quanzhou,Guangxi,廣西,25.9446,111.0364,,,泉州,https://en.wikipedia.org/wiki/List_of_cities_in_China
470,榮成,Rongcheng,Guangxi,廣西,22.8584,110.5464,,,荣成,https://en.wikipedia.org/wiki/List_of_cities_in_China
472,榮水,Rongshui,Guangxi,廣西,25.0667,109.25,,,荣水,https://en.wikipedia.org/wiki/List_of_cities_in_China
473,市南,Shinan,Guangxi,廣西,22.7439,109.8743,,,市南,https://en.wikipedia.org/wiki/List_of_cities_in_China
474,思恩,Si’en,Guangxi,廣西,24.842,108.2716,,,思恩,https://en.wikipedia.org/wiki/List_of_cities_in_China
475,四成,Sicheng,Guangxi,廣西,24.4054,106.5815,,,四成,https://en.wikipedia.org/wiki/List_of_cities_in_China
476,泗陽,Siyang,Guangxi,廣西,22.1684,107.9431,,,泗阳,https://en.wikipedia.org/wiki/List_of_cities_in_China
477,潭塘,Tantang,Guangxi,廣西,23.1368,109.4131,,,潭塘,https://en.wikipedia.org/wiki/List_of_cities_in_China
478,桃城,Taocheng,Guangxi,廣西,22.8794,107.1565,,,桃城,https://en.wikipedia.org/wiki/List_of_cities_in_China
479,滕州,Tengzhou,Guangxi,廣西,23.3881,110.8912,,,滕州,https://en.wikipedia.org/wiki/List_of_cities_in_China
481,天登,Tiandeng,Guangxi,廣西,23.1266,107.0937,,,天登,https://en.wikipedia.org/wiki/List_of_cities_in_China
482,天州,Tianzhou,Guangxi,廣西,23.7786,106.8972,,,天州,https://en.wikipedia.org/wiki/List_of_cities_in_China
483,同樂,Tongle,Guangxi,廣西,24.8476,106.5764,,,同乐,https://en.wikipedia.org/wiki/List_of_cities_in_China
485,武軒,Wuxuan,Guangxi,廣西,23.6247,109.652,,,武轩,https://en.wikipedia.org/wiki/List_of_cities_in_China
486,梧州,Wuzhou,Guangxi,廣西,23.476962,111.279115,市,Municipality,梧州,https://github.com/boyan01/ChinaRegionDistrict
488,香洲,Xiangzhou,Guangxi,廣西,23.9728,109.6668,,,香洲,https://en.wikipedia.org/wiki/List_of_cities_in_China
489,小江,Xiaojiang,Guangxi,廣西,22.273,109.5518,,,小江,https://en.wikipedia.org/wiki/List_of_cities_in_China
491,錫林,Xilin,Guangxi,廣西,24.4988,105.0938,,,锡林,https://en.wikipedia.org/wiki/List_of_cities_in_China
492,新城城關鎮,Xincheng Chengguanzhen,Guangxi,廣西,24.0861,108.6526,,,新城城关镇,https://en.wikipedia.org/wiki/List_of_cities_in_China
493,興安,Xing’an,Guangxi,廣西,25.6196,110.6425,,,兴安,https://en.wikipedia.org/wiki/List_of_cities_in_China
494,新京,Xinjing,Guangxi,廣西,23.2025,106.3821,,,新京,https://en.wikipedia.org/wiki/List_of_cities_in_China
495,陽朔,Yangshuo,Guangxi,廣西,24.7844,110.4751,,,阳朔,https://en.wikipedia.org/wiki/List_of_cities_in_China
496,永福,Yongfu,Guangxi,廣西,25.004,109.9818,,,永福,https://en.wikipedia.org/wiki/List_of_cities_in_China
497,玉林,Yulin,Guangxi,廣西,22.654032,110.18122,市,Municipality,玉林,https://github.com/boyan01/ChinaRegionDistrict
498,昭平,Zhaoping,Guangxi,廣西,24.1724,110.787,,,昭平,https://en.wikipedia.org/wiki/List_of_cities_in_China
500,中山,Zhongshan,Guangxi,廣西,24.5333,111.3,,,中山,https://en.wikipedia.org/wiki/List_of_cities_in_China
502,紫苑,Ziyuan,Guangxi,廣西,26.0367,110.6406,,,紫苑,https://en.wikipedia.org/wiki/List_of_cities_in_China
503,安順,Anshun,Guizhou,貴州,26.253088,105.947594,市,Municipality,安顺,https://github.com/boyan01/ChinaRegionDistrict
504,畢節,Bijie,Guizhou,貴州,27.283908,105.291702,市,Municipality,毕节,https://github.com/boyan01/ChinaRegionDistrict
505,東皇,Donghuang,Guizhou,貴州,28.333,106.2156,,,东皇,https://en.wikipedia.org/wiki/List_of_cities_in_China
506,杜魯,Duru,Guizhou,貴州,28.5255,107.887,,,杜鲁,https://en.wikipedia.org/wiki/List_of_cities_in_China
507,鳳儀,Fengyi,Guizhou,貴州,28.5537,107.439,,,凤仪,https://en.wikipedia.org/wiki/List_of_cities_in_China
508,貴陽,Guiyang,Guizhou,貴州,26.647661,106.630153,市,Municipality,贵阳,https://github.com/boyan01/ChinaRegionDistrict
509,貴陽市,Guiyang,Guizhou,貴州,26.5794,106.7078,,,贵阳市,https://github.com/boyan01/ChinaRegionDistrict
510,和平,Heping,Guizhou,貴州,28.5579,108.49,,,和平,https://en.wikipedia.org/wiki/List_of_cities_in_China
512,和章,Hezhang,Guizhou,貴州,27.1222,104.7239,,,和章,https://en.wikipedia.org/wiki/List_of_cities_in_China
513,遼高,Liaogao,Guizhou,貴州,28.17,109.195,,,辽高,https://en.wikipedia.org/wiki/List_of_cities_in_China
514,六盤水,Liupanshui,Guizhou,貴州,26.592707,104.830458,市,Municipality,六盘水,https://github.com/boyan01/ChinaRegionDistrict
515,樓山關,Loushanguan,Guizhou,貴州,28.1368,106.822,,,楼山关,https://en.wikipedia.org/wiki/List_of_cities_in_China
519,三江,Sanjiang,Guizhou,貴州,26.6749,109.196,,,三江,https://en.wikipedia.org/wiki/List_of_cities_in_China
520,泗陽,Siyang,Guizhou,貴州,27.2116,108.745,,,泗阳,https://en.wikipedia.org/wiki/List_of_cities_in_China
521,銅仁,Tongren,Guizhou,貴州,27.731514,109.189598,市,Municipality,铜仁,https://github.com/boyan01/ChinaRegionDistrict
522,萬山,Wanshan,Guizhou,貴州,27.5232,109.206,,,万山,https://en.wikipedia.org/wiki/List_of_cities_in_China
523,玉溪,Yuxi,Guizhou,貴州,28.889,107.594,,,玉溪,https://en.wikipedia.org/wiki/List_of_cities_in_China
525,志金,Zhijin,Guizhou,貴州,26.6668,105.768,,,志金,https://en.wikipedia.org/wiki/List_of_cities_in_China
526,遵義,Zunyi,Guizhou,貴州,27.725654,106.927389,市,Municipality,遵义,https://github.com/boyan01/ChinaRegionDistrict
527,白馬井,Baimajing,Hainan,海南,19.696407,109.218734,鎮,Town,白马井,https://github.com/boyan01/ChinaRegionDistrict
528,白沙黎族,Baishalizu,Hainan,海南,19.224823,109.451484,自治縣,Municipality,白沙黎族,https://github.com/boyan01/ChinaRegionDistrict
529,邦溪,Bangxi,Hainan,海南,19.369531,109.103544,鎮,Town,邦溪,https://github.com/boyan01/ChinaRegionDistrict
530,板橋,Banqiao,Hainan,海南,18.794859,108.688613,鎮,Town,板桥,https://github.com/boyan01/ChinaRegionDistrict
531,保城,Baocheng,Hainan,海南,18.641565,109.703534,鎮,Town,保城,https://github.com/boyan01/ChinaRegionDistrict
532,寶城,Baocheng,Hainan,海南,18.6403,109.6994,,,宝城,https://en.wikipedia.org/wiki/List_of_cities_in_China
533,抱羅,Baoluo,Hainan,海南,19.843477,110.748935,鎮,Town,抱罗,https://github.com/boyan01/ChinaRegionDistrict
534,保亭黎族苗族,Baotinglizumiaozu,Hainan,海南,18.63913,109.70259,自治縣,Municipality,保亭黎族苗族,https://github.com/boyan01/ChinaRegionDistrict
535,抱由,Baoyou,Hainan,海南,18.74478,109.179533,鎮,Town,抱由,https://github.com/boyan01/ChinaRegionDistrict
536,寶友,Baoyou,Hainan,海南,18.7493,109.1717,,,宝友,https://en.wikipedia.org/wiki/List_of_cities_in_China
537,八所,Basuo,Hainan,海南,19.091445,108.670497,鎮,Town,八所,https://github.com/boyan01/ChinaRegionDistrict
538,北大,Beida,Hainan,海南,18.920125,110.336053,鎮,Town,北大,https://github.com/boyan01/ChinaRegionDistrict
539,本號,Benhao,Hainan,海南,18.608901,109.96248,鎮,Town,本号,https://github.com/boyan01/ChinaRegionDistrict
540,博鳌,Boao,Hainan,海南,19.159714,110.586606,鎮,Town,博鳌,https://github.com/boyan01/ChinaRegionDistrict
541,博厚,Bohou,Hainan,海南,19.883726,109.745761,鎮,Town,博厚,https://github.com/boyan01/ChinaRegionDistrict
542,波蓮,Bolian,Hainan,海南,19.868223,109.648489,鎮,Town,波莲,https://github.com/boyan01/ChinaRegionDistrict
543,叉河,Chahe,Hainan,海南,19.238934,108.957345,鎮,Town,叉河,https://github.com/boyan01/ChinaRegionDistrict
544,暢好,Changhao,Hainan,海南,18.734951,109.48221,鄉,Township,畅好,https://github.com/boyan01/ChinaRegionDistrict
545,昌化,Changhua,Hainan,海南,19.329235,108.685071,鎮,Town,昌化,https://github.com/boyan01/ChinaRegionDistrict
546,昌江黎族,Changjianglizu,Hainan,海南,19.298184,109.055739,自治縣,Municipality,昌江黎族,https://github.com/boyan01/ChinaRegionDistrict
547,昌灑,Changsa,Hainan,海南,19.76179,110.900498,鎮,Town,昌洒,https://github.com/boyan01/ChinaRegionDistrict
548,朝陽,Chaoyang,Hainan,海南,19.152241,110.530134,鄉,Township,朝阳,https://github.com/boyan01/ChinaRegionDistrict
549,澄邁,Chengmai,Hainan,海南,19.738521,110.006754,縣,Municipality,澄迈,https://github.com/boyan01/ChinaRegionDistrict
550,沖坡,Chongpo,Hainan,海南,18.473897,108.881852,鎮,Town,冲坡,https://github.com/boyan01/ChinaRegionDistrict
551,沖山,Chongshan,Hainan,海南,18.780681,109.516626,鎮,Town,冲山,https://github.com/boyan01/ChinaRegionDistrict
552,崇山,Chongshan,Hainan,海南,18.7787,109.5117,,,崇山,https://github.com/boyan01/ChinaRegionDistrict
553,大安,Daan,Hainan,海南,18.691329,109.214756,鎮,Town,大安,https://github.com/boyan01/ChinaRegionDistrict
554,打安,Daan,Hainan,海南,19.283887,109.373668,鎮,Town,打安,https://github.com/boyan01/ChinaRegionDistrict
555,大成,Dacheng,Hainan,海南,19.507964,109.399661,鎮,Town,大成,https://github.com/boyan01/ChinaRegionDistrict
556,大豐,Dafeng,Hainan,海南,19.855536,110.038147,鎮,Town,大丰,https://github.com/boyan01/ChinaRegionDistrict
557,大裏,Dali,Hainan,海南,18.750483,109.95142,鄉,Township,大里,https://github.com/boyan01/ChinaRegionDistrict
558,大路,Dalu,Hainan,海南,19.381023,110.476468,鎮,Town,大路,https://github.com/boyan01/ChinaRegionDistrict
559,大茂,Damao,Hainan,海南,18.849039,110.396556,鎮,Town,大茂,https://github.com/boyan01/ChinaRegionDistrict
560,儋州,Danzhou,Hainan,海南,19.521134,109.580811,市,Municipality,儋州,https://github.com/boyan01/ChinaRegionDistrict
561,大田,Datian,Hainan,海南,19.16498,108.874903,鎮,Town,大田,https://github.com/boyan01/ChinaRegionDistrict
562,調樓,Diaolou,Hainan,海南,19.928661,109.546479,鎮,Town,调楼,https://github.com/boyan01/ChinaRegionDistrict
563,吊羅山,Diaoluoshan,Hainan,海南,18.792633,109.878143,鄉,Township,吊罗山,https://github.com/boyan01/ChinaRegionDistrict
564,定安,Dingan,Hainan,海南,19.681404,110.359339,縣,Municipality,定安,https://github.com/boyan01/ChinaRegionDistrict
565,定城,Dingcheng,Hainan,海南,19.680292,110.368432,鎮,Town,定城,https://github.com/boyan01/ChinaRegionDistrict
567,東澳,Dongao,Hainan,海南,18.714928,110.401814,鎮,Town,东澳,https://github.com/boyan01/ChinaRegionDistrict
568,東成,Dongcheng,Hainan,海南,19.703706,109.461375,鎮,Town,东成,https://github.com/boyan01/ChinaRegionDistrict
569,東方,Dongfang,Hainan,海南,19.095351,108.651815,市,Municipality,东方,https://github.com/boyan01/ChinaRegionDistrict
570,東閣,Dongge,Hainan,海南,19.656873,110.849213,鎮,Town,东阁,https://github.com/boyan01/ChinaRegionDistrict
571,東河,Donghe,Hainan,海南,19.048051,108.93808,鎮,Town,东河,https://github.com/boyan01/ChinaRegionDistrict
572,東郊,Dongjiao,Hainan,海南,19.573201,110.851831,鎮,Town,东郊,https://github.com/boyan01/ChinaRegionDistrict
573,東路,Donglu,Hainan,海南,19.791949,110.706497,鎮,Town,东路,https://github.com/boyan01/ChinaRegionDistrict
574,東英,Dongying,Hainan,海南,19.959022,109.648634,鎮,Town,东英,https://github.com/boyan01/ChinaRegionDistrict
575,多文,Duowen,Hainan,海南,19.773837,109.771058,鎮,Town,多文,https://github.com/boyan01/ChinaRegionDistrict
576,峨蔓,Eman,Hainan,海南,19.854773,109.266778,鎮,Town,峨蔓,https://github.com/boyan01/ChinaRegionDistrict
577,番陽,Fanyang,Hainan,海南,18.874421,109.39785,鎮,Town,番阳,https://github.com/boyan01/ChinaRegionDistrict
578,楓木,Fengmu,Hainan,海南,19.214452,110.019489,鎮,Town,枫木,https://github.com/boyan01/ChinaRegionDistrict
579,馮坡,Fengpo,Hainan,海南,19.964651,110.783953,鎮,Town,冯坡,https://github.com/boyan01/ChinaRegionDistrict
580,阜龍,Fulong,Hainan,海南,19.32259,109.460782,鄉,Township,阜龙,https://github.com/boyan01/ChinaRegionDistrict
581,佛羅,Fuluo,Hainan,海南,18.578636,108.736344,鎮,Town,佛罗,https://github.com/boyan01/ChinaRegionDistrict
582,福山,Fushan,Hainan,海南,19.83004,109.92986,鎮,Town,福山,https://github.com/boyan01/ChinaRegionDistrict
583,富文,Fuwen,Hainan,海南,19.551585,110.26279,鎮,Town,富文,https://github.com/boyan01/ChinaRegionDistrict
584,感城,Gancheng,Hainan,海南,18.84991,108.64791,鎮,Town,感城,https://github.com/boyan01/ChinaRegionDistrict
585,公坡,Gongpo,Hainan,海南,19.789147,110.808679,鎮,Town,公坡,https://github.com/boyan01/ChinaRegionDistrict
586,光村,Guangcun,Hainan,海南,19.818101,109.48132,鎮,Town,光村,https://github.com/boyan01/ChinaRegionDistrict
587,光坡,Guangpo,Hainan,海南,18.54339,110.048782,鎮,Town,光坡,https://github.com/boyan01/ChinaRegionDistrict
588,海口,Haikou,Hainan,海南,20.044412,110.198286,市,Municipality,海口,https://github.com/boyan01/ChinaRegionDistrict
589,海頭,Haitou,Hainan,海南,19.503315,108.953392,鎮,Town,海头,https://github.com/boyan01/ChinaRegionDistrict
590,海尾,Haiwei,Hainan,海南,19.422,108.8183,鎮,Town,海尾,https://github.com/boyan01/ChinaRegionDistrict
591,翰林,Hanlin,Hainan,海南,19.333758,110.26473,鎮,Town,翰林,https://github.com/boyan01/ChinaRegionDistrict
592,和樂,Hele,Hainan,海南,18.903521,110.477641,鎮,Town,和乐,https://github.com/boyan01/ChinaRegionDistrict
593,和平,Heping,Hainan,海南,18.897423,110.029212,鎮,Town,和平,https://github.com/boyan01/ChinaRegionDistrict
594,和慶,Heqing,Hainan,海南,19.525401,109.640854,鎮,Town,和庆,https://github.com/boyan01/ChinaRegionDistrict
595,和舍,Heshe,Hainan,海南,19.596205,109.727565,鎮,Town,和舍,https://github.com/boyan01/ChinaRegionDistrict
596,紅毛,Hongmao,Hainan,海南,19.030684,109.689932,鎮,Town,红毛,https://github.com/boyan01/ChinaRegionDistrict
597,後安,Houan,Hainan,海南,18.867778,110.443872,鎮,Town,后安,https://github.com/boyan01/ChinaRegionDistrict
598,黃流,Huangliu,Hainan,海南,18.506684,108.794872,鎮,Town,黄流,https://github.com/boyan01/ChinaRegionDistrict
599,皇桐,Huangtong,Hainan,海南,19.832893,109.849709,鎮,Town,皇桐,https://github.com/boyan01/ChinaRegionDistrict
600,黃竹,Huangzhu,Hainan,海南,19.472782,110.446721,鎮,Town,黄竹,https://github.com/boyan01/ChinaRegionDistrict
601,會山,Huishan,Hainan,海南,19.067147,110.269379,鎮,Town,会山,https://github.com/boyan01/ChinaRegionDistrict
602,會文,Huiwen,Hainan,海南,19.462573,110.731756,鎮,Town,会文,https://github.com/boyan01/ChinaRegionDistrict
603,嘉積,Jiaji,Hainan,海南,19.242966,110.485992,鎮,Town,嘉积,https://github.com/boyan01/ChinaRegionDistrict
604,佳吉,Jiaji,Hainan,海南,19.2431,110.4642,,,佳吉,https://github.com/boyan01/ChinaRegionDistrict
605,加來,Jialai,Hainan,海南,19.709883,109.699231,鎮,Town,加来,https://github.com/boyan01/ChinaRegionDistrict
606,加樂,Jiale,Hainan,海南,19.584999,110.00106,鎮,Town,加乐,https://github.com/boyan01/ChinaRegionDistrict
607,加茂,Jiamao,Hainan,海南,18.55223,109.707284,鎮,Town,加茂,https://github.com/boyan01/ChinaRegionDistrict
608,尖峰,Jianfeng,Hainan,海南,18.690415,108.792488,鎮,Town,尖峰,https://github.com/boyan01/ChinaRegionDistrict
609,江邊,Jiangbian,Hainan,海南,18.894428,108.976837,鄉,Township,江边,https://github.com/boyan01/ChinaRegionDistrict
610,金波,Jinbo,Hainan,海南,19.236611,109.178467,鄉,Township,金波,https://github.com/boyan01/ChinaRegionDistrict
611,金江,Jinjiang,Hainan,海南,19.736764,110.010187,鎮,Town,金江,https://github.com/boyan01/ChinaRegionDistrict
612,晉江,Jinjiang,Hainan,海南,19.7288,110.0085,,,晋江,https://en.wikipedia.org/wiki/List_of_cities_in_China
613,錦山,Jinshan,Hainan,海南,19.99583,110.69748,鎮,Town,锦山,https://github.com/boyan01/ChinaRegionDistrict
614,九所,Jiusuo,Hainan,海南,18.453504,108.953913,鎮,Town,九所,https://github.com/boyan01/ChinaRegionDistrict
615,居丁,Juding,Hainan,海南,19.574772,110.404932,鎮,Town,居丁,https://github.com/boyan01/ChinaRegionDistrict
616,蘭訓,Lanxun,Hainan,海南,19.859648,109.361149,鄉,Township,兰训,https://github.com/boyan01/ChinaRegionDistrict
617,蘭洋,Lanyang,Hainan,海南,19.460398,109.664393,鎮,Town,兰洋,https://github.com/boyan01/ChinaRegionDistrict
618,老城,Laocheng,Hainan,海南,19.953144,110.126498,鎮,Town,老城,https://github.com/boyan01/ChinaRegionDistrict
619,樂東黎族,Ledonglizu,Hainan,海南,18.750259,109.173054,自治縣,Municipality,乐东黎族,https://github.com/boyan01/ChinaRegionDistrict
620,雷鳴,Leiming,Hainan,海南,19.553655,110.326015,鎮,Town,雷鸣,https://github.com/boyan01/ChinaRegionDistrict
621,黎安,Lian,Hainan,海南,18.437315,110.069641,鎮,Town,黎安,https://github.com/boyan01/ChinaRegionDistrict
622,利國,Liguo,Hainan,海南,18.472095,108.897225,鎮,Town,利国,https://github.com/boyan01/ChinaRegionDistrict
623,禮紀,Liji,Hainan,海南,18.75043,110.317655,鎮,Town,礼纪,https://github.com/boyan01/ChinaRegionDistrict
624,黎母山,Limushan,Hainan,海南,19.267691,109.78685,鎮,Town,黎母山,https://github.com/boyan01/ChinaRegionDistrict
625,臨城,Lincheng,Hainan,海南,19.896521,109.696445,鎮,Town,临城,https://github.com/boyan01/ChinaRegionDistrict
626,臨高,Lingao,Hainan,海南,19.912025,109.690508,縣,Municipality,临高,https://github.com/boyan01/ChinaRegionDistrict
627,嶺口,Lingkou,Hainan,海南,19.342639,110.308233,鎮,Town,岭口,https://github.com/boyan01/ChinaRegionDistrict
628,陵水黎族,Lingshuilizu,Hainan,海南,18.506048,110.037503,自治縣,Municipality,陵水黎族,https://github.com/boyan01/ChinaRegionDistrict
629,六弓,Liugong,Hainan,海南,18.53984,109.78506,鄉,Township,六弓,https://github.com/boyan01/ChinaRegionDistrict
630,隆廣,Longguang,Hainan,海南,18.50198,109.89942,鎮,Town,隆广,https://github.com/boyan01/ChinaRegionDistrict
631,龍滾,Longgun,Hainan,海南,19.058665,110.519209,鎮,Town,龙滚,https://github.com/boyan01/ChinaRegionDistrict
632,龍河,Longhe,Hainan,海南,19.381868,110.219091,鎮,Town,龙河,https://github.com/boyan01/ChinaRegionDistrict
633,龍湖,Longhu,Hainan,海南,19.573221,110.401161,鎮,Town,龙湖,https://github.com/boyan01/ChinaRegionDistrict
634,龍江,Longjiang,Hainan,海南,19.146787,110.324964,鎮,Town,龙江,https://github.com/boyan01/ChinaRegionDistrict
635,龍樓,Longlou,Hainan,海南,19.653286,110.968604,鎮,Town,龙楼,https://github.com/boyan01/ChinaRegionDistrict
636,龍門,Longmen,Hainan,海南,19.43916,110.328024,鎮,Town,龙门,https://github.com/boyan01/ChinaRegionDistrict
637,龍州,Longzhou,Hainan,海南,19.663599,110.266105,鄉,Township,龙州,https://github.com/boyan01/ChinaRegionDistrict
638,羅帶,Luodai,Hainan,海南,19.059986,108.674143,鄉,Township,罗带,https://github.com/boyan01/ChinaRegionDistrict
639,毛岸,Maoan,Hainan,海南,18.683945,109.581045,鎮,Town,毛岸,https://github.com/boyan01/ChinaRegionDistrict
640,毛道,Maodao,Hainan,海南,18.791255,109.410699,鄉,Township,毛道,https://github.com/boyan01/ChinaRegionDistrict
641,毛感,Maogan,Hainan,海南,18.613029,109.50901,鄉,Township,毛感,https://github.com/boyan01/ChinaRegionDistrict
642,毛陽,Maoyang,Hainan,海南,18.936964,109.50804,鎮,Town,毛阳,https://github.com/boyan01/ChinaRegionDistrict
643,木棠,Mutang,Hainan,海南,19.80393,109.35023,鎮,Town,木棠,https://github.com/boyan01/ChinaRegionDistrict
644,那大,Nada,Hainan,海南,19.514878,109.546409,鎮,Town,那大,https://github.com/boyan01/ChinaRegionDistrict
645,那田,Nada,Hainan,海南,19.5,109.5833,,,那田,https://github.com/boyan01/ChinaRegionDistrict
646,南寶,Nanbao,Hainan,海南,19.680461,109.599545,鎮,Town,南宝,https://github.com/boyan01/ChinaRegionDistrict
647,南開,Nankai,Hainan,海南,19.07781,109.41468,鄉,Township,南开,https://github.com/boyan01/ChinaRegionDistrict
648,南坤,Nankun,Hainan,海南,19.318366,109.948275,鎮,Town,南坤,https://github.com/boyan01/ChinaRegionDistrict
649,南林,Nanlin,Hainan,海南,18.405241,109.617455,鄉,Township,南林,https://github.com/boyan01/ChinaRegionDistrict
650,南呂,Nanlü,Hainan,海南,19.2507,110.08253,鎮,Town,南吕,https://github.com/boyan01/ChinaRegionDistrict
651,南橋,Nanqiao,Hainan,海南,18.680116,110.152697,鎮,Town,南桥,https://github.com/boyan01/ChinaRegionDistrict
652,南聖,Nansheng,Hainan,海南,18.738439,109.592708,鎮,Town,南圣,https://github.com/boyan01/ChinaRegionDistrict
653,排浦,Paipu,Hainan,海南,19.638809,109.163254,鎮,Town,排浦,https://github.com/boyan01/ChinaRegionDistrict
654,蓬萊,Penglai,Hainan,海南,19.536767,110.541209,鎮,Town,蓬莱,https://github.com/boyan01/ChinaRegionDistrict
655,坡心,Poxin,Hainan,海南,19.307033,110.089942,鎮,Town,坡心,https://github.com/boyan01/ChinaRegionDistrict
656,鋪前,Puqian,Hainan,海南,20.023731,110.580002,鎮,Town,铺前,https://github.com/boyan01/ChinaRegionDistrict
657,千家,Qianjia,Hainan,海南,18.565577,109.086133,鎮,Town,千家,https://github.com/boyan01/ChinaRegionDistrict
658,橋頭,Qiaotou,Hainan,海南,19.954138,109.933531,鎮,Town,桥头,https://github.com/boyan01/ChinaRegionDistrict
659,七叉,Qicha,Hainan,海南,19.11481,109.05128,鎮,Town,七叉,https://github.com/boyan01/ChinaRegionDistrict
660,七坊,Qifang,Hainan,海南,19.29558,109.24007,鎮,Town,七坊,https://github.com/boyan01/ChinaRegionDistrict
661,青松,Qingsong,Hainan,海南,19.155189,109.270939,鄉,Township,青松,https://github.com/boyan01/ChinaRegionDistrict
662,瓊海,Qionghai,Hainan,海南,19.259134,110.474497,市,Municipality,琼海,https://github.com/boyan01/ChinaRegionDistrict
663,瓊中黎族苗族,Qiongzhonglizumiaozu,Hainan,海南,19.033369,109.838389,自治縣,Municipality,琼中黎族苗族,https://github.com/boyan01/ChinaRegionDistrict
664,群英,Qunying,Hainan,海南,18.58299,109.87883,鄉,Township,群英,https://github.com/boyan01/ChinaRegionDistrict
665,仁興,Renxing,Hainan,海南,19.492539,109.88194,鎮,Town,仁兴,https://github.com/boyan01/ChinaRegionDistrict
666,榮邦,Rongbang,Hainan,海南,19.41395,109.170727,鄉,Township,荣邦,https://github.com/boyan01/ChinaRegionDistrict
667,瑞溪,Ruixi,Hainan,海南,19.73183,110.12908,鎮,Town,瑞溪,https://github.com/boyan01/ChinaRegionDistrict
668,三都,Sandu,Hainan,海南,19.786922,109.21922,鎮,Town,三都,https://github.com/boyan01/ChinaRegionDistrict
669,三才,Sancai,Hainan,海南,18.474578,110.003299,鎮,Town,三才,https://github.com/boyan01/ChinaRegionDistrict
670,三道,Sandao,Hainan,海南,18.464576,109.668672,鎮,Town,三道,https://github.com/boyan01/ChinaRegionDistrict
671,三更羅,Sangengluo,Hainan,海南,18.860493,110.186521,鎮,Town,三更罗,https://github.com/boyan01/ChinaRegionDistrict
672,三家,Sanjia,Hainan,海南,19.241239,108.758458,鎮,Town,三家,https://github.com/boyan01/ChinaRegionDistrict
673,三沙,Sansha,Hainan,海南,16.831839,112.338695,市,Municipality,三沙,https://github.com/boyan01/ChinaRegionDistrict
674,三亞,Sanya,Hainan,海南,18.253135,109.511772,市,Municipality,三亚,https://github.com/boyan01/ChinaRegionDistrict
675,上安,Shangan,Hainan,海南,18.876829,109.837283,鄉,Township,上安,https://github.com/boyan01/ChinaRegionDistrict
676,山根,Shangen,Hainan,海南,18.967334,110.486591,鎮,Town,山根,https://github.com/boyan01/ChinaRegionDistrict
677,什玲,Shenling,Hainan,海南,18.663921,109.78174,鎮,Town,什玲,https://github.com/boyan01/ChinaRegionDistrict
678,什運,Shenyun,Hainan,海南,18.992017,109.607969,鄉,Township,什运,https://github.com/boyan01/ChinaRegionDistrict
679,石壁,Shibi,Hainan,海南,19.163306,110.308524,鎮,Town,石壁,https://github.com/boyan01/ChinaRegionDistrict
680,石碌,Shilu,Hainan,海南,19.27755,109.055809,鎮,Town,石碌,https://github.com/boyan01/ChinaRegionDistrict
681,士路,Shilu,Hainan,海南,19.2598,109.0488,,,士路,https://en.wikipedia.org/wiki/List_of_cities_in_China
682,十月田,Shiyuetian,Hainan,海南,19.328109,108.952224,鎮,Town,十月田,https://github.com/boyan01/ChinaRegionDistrict
683,水滿,Shuiman,Hainan,海南,18.881007,109.667012,鄉,Township,水满,https://github.com/boyan01/ChinaRegionDistrict
684,四更,Sigeng,Hainan,海南,19.225616,108.682117,鎮,Town,四更,https://github.com/boyan01/ChinaRegionDistrict
685,潭門,Tanmen,Hainan,海南,19.24169,110.61694,鎮,Town,潭门,https://github.com/boyan01/ChinaRegionDistrict
686,潭牛,Tanniu,Hainan,海南,19.710084,110.735357,鎮,Town,潭牛,https://github.com/boyan01/ChinaRegionDistrict
687,塔洋,Tayang,Hainan,海南,19.288196,110.508274,鎮,Town,塔洋,https://github.com/boyan01/ChinaRegionDistrict
688,天安,Tianan,Hainan,海南,19.017418,108.912763,鄉,Township,天安,https://github.com/boyan01/ChinaRegionDistrict
689,提蒙,Timeng,Hainan,海南,18.564805,110.013034,鄉,Township,提蒙,https://github.com/boyan01/ChinaRegionDistrict
690,通什,Tongshen,Hainan,海南,18.780692,109.517189,鎮,Town,通什,https://github.com/boyan01/ChinaRegionDistrict
691,屯昌,Tunchang,Hainan,海南,19.351765,110.103415,縣,Municipality,屯昌,https://github.com/boyan01/ChinaRegionDistrict
692,屯城,Tuncheng,Hainan,海南,19.371561,110.104886,鎮,Town,屯城,https://github.com/boyan01/ChinaRegionDistrict
693,萬城,Wancheng,Hainan,海南,18.794435,110.397028,鎮,Town,万城,https://github.com/boyan01/ChinaRegionDistrict
694,萬沖,Wanchong,Hainan,海南,18.844711,109.32287,鎮,Town,万冲,https://github.com/boyan01/ChinaRegionDistrict
695,王五,Wangwu,Hainan,海南,19.653711,109.29572,鎮,Town,王五,https://github.com/boyan01/ChinaRegionDistrict
696,王下,Wangxia,Hainan,海南,19.003399,109.150473,鄉,Township,王下,https://github.com/boyan01/ChinaRegionDistrict
697,灣嶺,Wanling,Hainan,海南,19.141306,109.900496,鎮,Town,湾岭,https://github.com/boyan01/ChinaRegionDistrict
698,萬甯,Wanning,Hainan,海南,18.795143,110.391073,市,Municipality,万宁,https://github.com/boyan01/ChinaRegionDistrict
699,萬泉,Wanquan,Hainan,海南,19.243071,110.409657,鎮,Town,万泉,https://github.com/boyan01/ChinaRegionDistrict
700,文昌,Wenchang,Hainan,海南,19.543422,110.797717,市,Municipality,文昌,https://github.com/boyan01/ChinaRegionDistrict
701,文城,Wencheng,Hainan,海南,19.613781,110.753868,鎮,Town,文城,https://github.com/boyan01/ChinaRegionDistrict
702,文成,Wencheng,Hainan,海南,19.6167,110.75,,,文成,https://github.com/boyan01/ChinaRegionDistrict
703,翁田,Wengtian,Hainan,海南,19.931473,110.880179,鎮,Town,翁田,https://github.com/boyan01/ChinaRegionDistrict
704,文教,Wenjiao,Hainan,海南,19.66768,110.90782,鎮,Town,文教,https://github.com/boyan01/ChinaRegionDistrict
705,文羅,Wenluo,Hainan,海南,18.515697,109.957227,鎮,Town,文罗,https://github.com/boyan01/ChinaRegionDistrict
706,文儒,Wenru,Hainan,海南,19.53708,110.053169,鎮,Town,文儒,https://github.com/boyan01/ChinaRegionDistrict
707,烏烈,Wulie,Hainan,海南,19.288577,108.792324,鎮,Town,乌烈,https://github.com/boyan01/ChinaRegionDistrict
708,烏坡,Wupo,Hainan,海南,19.180023,110.075965,鎮,Town,乌坡,https://github.com/boyan01/ChinaRegionDistrict
709,五指山,Wuzhishan,Hainan,海南,18.775146,109.516925,市,Municipality,五指山,https://github.com/boyan01/ChinaRegionDistrict
710,響水,Xiangshui,Hainan,海南,18.592227,109.61628,鎮,Town,响水,https://github.com/boyan01/ChinaRegionDistrict
711,西昌,Xichang,Hainan,海南,19.433661,110.0455,鎮,Town,西昌,https://github.com/boyan01/ChinaRegionDistrict
712,新村,Xincun,Hainan,海南,18.412445,109.971328,鎮,Town,新村,https://github.com/boyan01/ChinaRegionDistrict
713,新龍,Xinlong,Hainan,海南,18.952023,108.684538,鎮,Town,新龙,https://github.com/boyan01/ChinaRegionDistrict
714,新興,Xinxing,Hainan,海南,19.506743,110.182802,鎮,Town,新兴,https://github.com/boyan01/ChinaRegionDistrict
715,新盈,Xinying,Hainan,海南,19.89513,109.536349,鎮,Town,新盈,https://github.com/boyan01/ChinaRegionDistrict
716,新政,Xinzheng,Hainan,海南,18.541645,109.628914,鎮,Town,新政,https://github.com/boyan01/ChinaRegionDistrict
717,新州,Xinzhou,Hainan,海南,19.71431,109.316166,鎮,Town,新州,https://github.com/boyan01/ChinaRegionDistrict
718,新竹,Xinzhu,Hainan,海南,19.617783,110.208962,鎮,Town,新竹,https://github.com/boyan01/ChinaRegionDistrict
719,細水,Xishui,Hainan,海南,19.206414,109.568501,鄉,Township,细水,https://github.com/boyan01/ChinaRegionDistrict
720,牙叉,Yacha,Hainan,海南,19.212209,109.445359,鎮,Town,牙叉,https://github.com/boyan01/ChinaRegionDistrict
721,矢茶,Yacha,Hainan,海南,19.2306,109.4475,,,矢茶,https://en.wikipedia.org/wiki/List_of_cities_in_China
722,陽江,Yangjiang,Hainan,海南,19.099221,110.349228,鎮,Town,阳江,https://github.com/boyan01/ChinaRegionDistrict
723,雅星,Yaxing,Hainan,海南,19.444076,109.269115,鎮,Town,雅星,https://github.com/boyan01/ChinaRegionDistrict
724,椰林,Yelin,Hainan,海南,18.506138,110.036325,鎮,Town,椰林,https://github.com/boyan01/ChinaRegionDistrict
725,野林,Yelin,Hainan,海南,18.521,110.0397,,,野林,https://en.wikipedia.org/wiki/List_of_cities_in_China
726,莺歌海,Yinggehai,Hainan,海南,18.510154,108.697349,鎮,Town,莺歌海,https://github.com/boyan01/ChinaRegionDistrict
727,營根,Yinggen,Hainan,海南,19.032547,109.83431,鎮,Town,营根,https://github.com/boyan01/ChinaRegionDistrict
728,迎根,Yinggen,Hainan,海南,19.0383,109.84,,,迎根,https://en.wikipedia.org/wiki/List_of_cities_in_China
729,英州,Yingzhou,Hainan,海南,18.427366,109.858895,鎮,Town,英州,https://github.com/boyan01/ChinaRegionDistrict
730,永發,Yongfa,Hainan,海南,19.747359,110.19532,鎮,Town,永发,https://github.com/boyan01/ChinaRegionDistrict
731,元門,Yuanmen,Hainan,海南,19.158071,109.486456,鄉,Township,元门,https://github.com/boyan01/ChinaRegionDistrict
732,長豐,Changfeng,Hainan,海南,18.800665,110.327657,鎮,Town,长丰,https://github.com/boyan01/ChinaRegionDistrict
733,長坡,Changpo,Hainan,海南,19.33564,110.606781,鎮,Town,长坡,https://github.com/boyan01/ChinaRegionDistrict
734,志仲,Zhizhong,Hainan,海南,18.629241,109.265117,鎮,Town,志仲,https://github.com/boyan01/ChinaRegionDistrict
735,中和,Zhonghe,Hainan,海南,19.743857,109.349583,鎮,Town,中和,https://github.com/boyan01/ChinaRegionDistrict
736,中平,Zhongping,Hainan,海南,19.061179,110.06023,鎮,Town,中平,https://github.com/boyan01/ChinaRegionDistrict
737,中興,Zhongxing,Hainan,海南,19.564772,109.861281,鎮,Town,中兴,https://github.com/boyan01/ChinaRegionDistrict
738,重興,Zhongxing,Hainan,海南,19.411589,110.59675,鎮,Town,重兴,https://github.com/boyan01/ChinaRegionDistrict
739,中原,Zhongyuan,Hainan,海南,19.151912,110.468478,鎮,Town,中原,https://github.com/boyan01/ChinaRegionDistrict
740,保定,Baoding,Hebei,河北,38.874434,115.464589,市,Municipality,保定,https://github.com/boyan01/ChinaRegionDistrict
741,北戴河,Beidaihe,Hebei,河北,39.8614,119.4177,,,北戴河,https://en.wikipedia.org/wiki/List_of_cities_in_China
742,北街,Beijie,Hebei,河北,36.7162,115.1595,,,北街,https://en.wikipedia.org/wiki/List_of_cities_in_China
743,本城,Bencheng,Hebei,河北,39.5,118.7,,,本城,https://en.wikipedia.org/wiki/List_of_cities_in_China
744,滄州,Cangzhou,Hebei,河北,38.304477,116.838834,市,Municipality,沧州,https://github.com/boyan01/ChinaRegionDistrict
745,柴狗埠,Chaigoubu,Hebei,河北,40.6678,114.4114,,,柴狗埠,https://en.wikipedia.org/wiki/List_of_cities_in_China
746,承德,Chengde,Hebei,河北,40.952942,117.962749,市,Municipality,承德,https://github.com/boyan01/ChinaRegionDistrict
747,成珍,Chengzhen,Hebei,河北,40.4797,115.2678,,,成珍,https://en.wikipedia.org/wiki/List_of_cities_in_China
748,陳三,Chensan,Hebei,河北,36.7367,115.1343,,,陈三,https://en.wikipedia.org/wiki/List_of_cities_in_China
749,赤城,Chicheng,Hebei,河北,40.8667,115.8333,,,赤城,https://en.wikipedia.org/wiki/List_of_cities_in_China
751,大明,Daming,Hebei,河北,36.2861,115.1436,,,大明,https://en.wikipedia.org/wiki/List_of_cities_in_China
753,東莞,Dongguang,Hebei,河北,37.8851,116.5328,,,东莞,https://en.wikipedia.org/wiki/List_of_cities_in_China
754,東河谷廟,Donghegumiao,Hebei,河北,36.9786,115.109,,,东河谷庙,https://en.wikipedia.org/wiki/List_of_cities_in_China
755,東良二莊,Dongliang’erzhuang,Hebei,河北,36.7271,115.2557,,,东良二庄,https://en.wikipedia.org/wiki/List_of_cities_in_China
756,東路橋,Dongluqiao,Hebei,河北,36.6815,115.3409,,,东路桥,https://en.wikipedia.org/wiki/List_of_cities_in_China
758,豐寧,Fengning,Hebei,河北,41.2108,116.6404,,,丰寧,https://en.wikipedia.org/wiki/List_of_cities_in_China
760,福城,Fucheng,Hebei,河北,37.8691,116.1506,,,福城,https://en.wikipedia.org/wiki/List_of_cities_in_China
762,冠陶,Guantao,Hebei,河北,36.541,115.2829,,,冠陶,https://en.wikipedia.org/wiki/List_of_cities_in_China
763,居伊,Guye,Hebei,河北,39.7305,118.4408,,,居伊,https://en.wikipedia.org/wiki/List_of_cities_in_China
764,邯鄲,Handan,Hebei,河北,36.625594,114.538959,市,Municipality,邯郸,https://github.com/boyan01/ChinaRegionDistrict
766,衡水,Hengshui,Hebei,河北,37.73892,115.670177,市,Municipality,衡水,https://github.com/boyan01/ChinaRegionDistrict
767,火爐,Huolu,Hebei,河北,38.0806,114.2961,,,火炉,https://en.wikipedia.org/wiki/List_of_cities_in_China
768,荊州,Jingzhou,Hebei,河北,37.6887,116.2596,,,荆州,https://en.wikipedia.org/wiki/List_of_cities_in_China
769,開平,Kaiping,Hebei,河北,39.678,118.2522,,,开平,https://en.wikipedia.org/wiki/List_of_cities_in_China
771,康寶,Kangbao,Hebei,河北,41.8464,114.6139,,,康宝,https://en.wikipedia.org/wiki/List_of_cities_in_China
772,孔家莊,Kongjiazhuang,Hebei,河北,40.7525,114.7261,,,孔家庄,https://en.wikipedia.org/wiki/List_of_cities_in_China
773,寬城,Kuancheng,Hebei,河北,40.6056,118.4825,,,宽城,https://en.wikipedia.org/wiki/List_of_cities_in_China
774,廊坊,Langfang,Hebei,河北,39.538047,116.683752,市,Municipality,廊坊,https://github.com/boyan01/ChinaRegionDistrict
776,林西,Linxi,Hebei,河北,36.8627,115.4925,,,林西,https://en.wikipedia.org/wiki/List_of_cities_in_China
778,龍華,Longhua,Hebei,河北,41.3246,117.7344,,,龙华,https://en.wikipedia.org/wiki/List_of_cities_in_China
779,明州,Mingzhou,Hebei,河北,36.9761,115.2566,,,明州,https://en.wikipedia.org/wiki/List_of_cities_in_China
780,南皮,Nanpi,Hebei,河北,38.0333,116.7,,,南皮,https://en.wikipedia.org/wiki/List_of_cities_in_China
781,尼榮,Nierong,Hebei,河北,32.1131,92.2957,,,尼荣,https://en.wikipedia.org/wiki/List_of_cities_in_China
782,平泉,Pingquan,Hebei,河北,41.0042,118.6848,,,平泉,https://github.com/boyan01/ChinaRegionDistrict
783,前葛寨,Qiangezhai,Hebei,河北,36.9637,115.3782,,,前葛寨,https://en.wikipedia.org/wiki/List_of_cities_in_China
784,青龍,Qinglong,Hebei,河北,40.4056,118.9439,,,青龙,https://en.wikipedia.org/wiki/List_of_cities_in_China
785,秦皇島,Qinhuangdao,Hebei,河北,39.888701,119.518197,市,Municipality,秦皇岛,https://github.com/boyan01/ChinaRegionDistrict
786,桑園,Sangyuan,Hebei,河北,37.6256,116.3826,,,桑园,https://en.wikipedia.org/wiki/List_of_cities_in_China
787,沙城,Shacheng,Hebei,河北,40.3914,115.5114,,,沙城,https://en.wikipedia.org/wiki/List_of_cities_in_China
788,山海關,Shanhaiguan,Hebei,河北,40.0025,119.7489,,,山海关,https://en.wikipedia.org/wiki/List_of_cities_in_China
789,舍縣,She Xian,Hebei,河北,36.5566,113.6687,,,舍县,https://en.wikipedia.org/wiki/List_of_cities_in_China
790,石家莊,Shijiazhuang,Hebei,河北,38.042228,114.514793,市,Municipality,石家庄,https://github.com/boyan01/ChinaRegionDistrict
791,唐山,Tangshan,Hebei,河北,39.630867,118.180193,市,Municipality,唐山,https://github.com/boyan01/ChinaRegionDistrict
792,圍場,Weichang,Hebei,河北,41.9476,117.7578,,,围场,https://en.wikipedia.org/wiki/List_of_cities_in_China
794,威縣,Weixian,Hebei,河北,36.3565,114.9337,,,威县,https://en.wikipedia.org/wiki/List_of_cities_in_China
795,西城,Xicheng,Hebei,河北,40.1106,114.1589,,,西城,https://en.wikipedia.org/wiki/List_of_cities_in_China
796,興隆,Xinglong,Hebei,河北,40.4203,117.5075,,,兴隆,https://en.wikipedia.org/wiki/List_of_cities_in_China
797,邢台,Xingtai,Hebei,河北,37.070834,114.504677,市,Municipality,邢台,https://github.com/boyan01/ChinaRegionDistrict
798,新馬頭,Xinmatou,Hebei,河北,36.818,115.1705,,,新马头,https://en.wikipedia.org/wiki/List_of_cities_in_China
799,西灣子,Xiwanzi,Hebei,河北,40.9714,115.2725,,,西湾子,https://en.wikipedia.org/wiki/List_of_cities_in_China
800,營手營子,Yingshouyingzi,Hebei,河北,40.5515,117.6616,,,营手营子,https://en.wikipedia.org/wiki/List_of_cities_in_China
802,於田,Yutian,Hebei,河北,39.8786,117.7392,,,於田,https://en.wikipedia.org/wiki/List_of_cities_in_China
803,張北,Zhangbei,Hebei,河北,41.1525,114.7078,,,张北,https://en.wikipedia.org/wiki/List_of_cities_in_China
804,張家口,Zhangjiakou,Hebei,河北,40.768493,114.886252,市,Municipality,张家口,https://github.com/boyan01/ChinaRegionDistrict
805,張家口市宣化區,Zhangjiakou Shi Xuanhua Qu,Hebei,河北,40.5944,115.0243,,,张家口市宣化区,https://github.com/boyan01/ChinaRegionDistrict
807,卓路,Zhuolu,Hebei,河北,40.3694,115.2161,,,卓路,https://en.wikipedia.org/wiki/List_of_cities_in_China
809,遵化市,Zunhua,Hebei,河北,40.1881,117.9593,,,遵化市,https://github.com/boyan01/ChinaRegionDistrict
810,阿城,Acheng,Heilongjiang,黑龍江,45.5455,126.977,,,阿城,https://en.wikipedia.org/wiki/List_of_cities_in_China
811,安達,Anda,Heilongjiang,黑龍江,46.4078,125.3252,,,安达,https://github.com/boyan01/ChinaRegionDistrict
813,巴米通,Bamiantong,Heilongjiang,黑龍江,44.9164,130.5212,,,巴米通,https://github.com/boyan01/ChinaRegionDistrict
814,巴彥,Bayan,Heilongjiang,黑龍江,46.0756,127.3984,,,巴彦,https://en.wikipedia.org/wiki/List_of_cities_in_China
815,北山,Beishan,Heilongjiang,黑龍江,45.8162,130.9283,,,北山,https://en.wikipedia.org/wiki/List_of_cities_in_China
816,邊江,Bianjiang,Heilongjiang,黑龍江,49.5578,128.4731,,,边江,https://en.wikipedia.org/wiki/List_of_cities_in_China
817,濱州,Binzhou,Heilongjiang,黑龍江,45.7528,127.4799,,,滨州,https://en.wikipedia.org/wiki/List_of_cities_in_China
818,玻利,Boli,Heilongjiang,黑龍江,45.7564,130.5759,,,玻利,https://github.com/boyan01/ChinaRegionDistrict
819,布井,Bukui,Heilongjiang,黑龍江,47.355,123.9517,,,布井,https://en.wikipedia.org/wiki/List_of_cities_in_China
820,朝陽,Chaoyang,Heilongjiang,黑龍江,48.8864,130.4032,,,朝阳,https://en.wikipedia.org/wiki/List_of_cities_in_China
821,戴嶺,Dailing,Heilongjiang,黑龍江,47.0239,129.019,,,戴岭,https://en.wikipedia.org/wiki/List_of_cities_in_China
822,大慶,Daqing,Heilongjiang,黑龍江,46.589309,125.103784,市,Municipality,大庆,https://github.com/boyan01/ChinaRegionDistrict
823,大同,Datong,Heilongjiang,黑龍江,46.0338,124.8106,,,大同,https://en.wikipedia.org/wiki/List_of_cities_in_China
824,大興安嶺地區,Daxinganlingdiqu,Heilongjiang,黑龍江,52.335262,124.711526,地區,Municipality,大兴安岭地区,https://github.com/boyan01/ChinaRegionDistrict
825,大有,Dayou,Heilongjiang,黑龍江,46.6362,126.9875,,,大有,https://en.wikipedia.org/wiki/List_of_cities_in_China
826,東安,Dong’an,Heilongjiang,黑龍江,46.594,125.0788,,,东安,https://en.wikipedia.org/wiki/List_of_cities_in_China
828,東寧,Dongning,Heilongjiang,黑龍江,44.0608,131.1187,,,东寧,https://github.com/boyan01/ChinaRegionDistrict
829,東山,Dongshan,Heilongjiang,黑龍江,47.3428,130.3122,,,东山,https://en.wikipedia.org/wiki/List_of_cities_in_China
830,東興,Dongxing,Heilongjiang,黑龍江,45.3609,130.7868,,,东兴,https://en.wikipedia.org/wiki/List_of_cities_in_China
831,方正,Fangzheng,Heilongjiang,黑龍江,45.8388,128.8276,,,方正,https://en.wikipedia.org/wiki/List_of_cities_in_China
835,鳳翔,Fengxiang,Heilongjiang,黑龍江,47.5755,130.8231,,,凤翔,https://en.wikipedia.org/wiki/List_of_cities_in_China
837,扶餘,Fuyu,Heilongjiang,黑龍江,47.7976,124.4573,,,扶餘,https://en.wikipedia.org/wiki/List_of_cities_in_China
838,甘南,Gannan,Heilongjiang,黑龍江,47.9204,123.51,,,甘南,https://github.com/boyan01/ChinaRegionDistrict
839,古南,Gunan,Heilongjiang,黑龍江,47.3594,130.2975,,,古南,https://en.wikipedia.org/wiki/List_of_cities_in_China
840,光明,Guangming,Heilongjiang,黑龍江,47.3397,130.2868,,,光明,https://en.wikipedia.org/wiki/List_of_cities_in_China
841,海林,Hailin,Heilongjiang,黑龍江,44.5735,129.3825,,,海林,https://github.com/boyan01/ChinaRegionDistrict
842,海倫,Hailun,Heilongjiang,黑龍江,47.4585,126.9632,,,海伦,https://github.com/boyan01/ChinaRegionDistrict
843,哈爾濱,Harbin,Heilongjiang,黑龍江,45.803775,126.534967,市,Municipality,哈尔滨,https://github.com/boyan01/ChinaRegionDistrict
844,鶴崗,Hegang,Heilongjiang,黑龍江,47.350189,130.297943,市,Municipality,鹤岗,https://github.com/boyan01/ChinaRegionDistrict
845,黑河,Heihe,Heilongjiang,黑龍江,50.245129,127.528293,市,Municipality,黑河,https://github.com/boyan01/ChinaRegionDistrict
846,洪安,Hong’an,Heilongjiang,黑龍江,47.21,123.61,,,洪安,https://github.com/boyan01/ChinaRegionDistrict
847,紅崗,Honggang,Heilongjiang,黑龍江,46.4012,124.8832,,,红岗,https://en.wikipedia.org/wiki/List_of_cities_in_China
848,紅軍路,Hongjunlu,Heilongjiang,黑龍江,45.3035,130.976,,,红军路,https://en.wikipedia.org/wiki/List_of_cities_in_China
849,紅旗,Hongqi,Heilongjiang,黑龍江,47.318,130.2679,,,红旗,https://en.wikipedia.org/wiki/List_of_cities_in_China
850,紅山,Hongshan,Heilongjiang,黑龍江,47.9758,129.022,,,红山,https://en.wikipedia.org/wiki/List_of_cities_in_China
852,華南,Huanan,Heilongjiang,黑龍江,46.2207,130.525,,,华南,https://en.wikipedia.org/wiki/List_of_cities_in_China
854,胡中,Huzhong,Heilongjiang,黑龍江,51.95,123.6667,,,胡中,https://en.wikipedia.org/wiki/List_of_cities_in_China
855,佳木斯,Jiamusi,Heilongjiang,黑龍江,46.799777,130.318878,市,Municipality,佳木斯,https://github.com/boyan01/ChinaRegionDistrict
856,建國,Jianguo,Heilongjiang,黑龍江,46.8177,130.3961,,,建国,https://en.wikipedia.org/wiki/List_of_cities_in_China
857,雞西,Jixi,Heilongjiang,黑龍江,45.295075,130.969333,市,Municipality,鸡西,https://github.com/boyan01/ChinaRegionDistrict
858,胡馬,Khuma,Heilongjiang,黑龍江,51.7167,126.6333,,,胡马,https://en.wikipedia.org/wiki/List_of_cities_in_China
860,蘭溪,Lanxi,Heilongjiang,黑龍江,46.2664,126.276,,,兰溪,https://github.com/boyan01/ChinaRegionDistrict
861,聯和,Lianhe,Heilongjiang,黑龍江,47.1364,129.2859,,,联和,https://github.com/boyan01/ChinaRegionDistrict
862,林甸,Lindian,Heilongjiang,黑龍江,47.1826,124.8677,,,林甸,https://en.wikipedia.org/wiki/List_of_cities_in_China
863,林口,Linkou,Heilongjiang,黑龍江,45.2819,130.2519,,,林口,https://github.com/boyan01/ChinaRegionDistrict
864,麗樹,Lishu,Heilongjiang,黑龍江,45.0898,130.6914,,,丽树,https://en.wikipedia.org/wiki/List_of_cities_in_China
865,龍華,Longhua,Heilongjiang,黑龍江,47.3385,123.9792,,,龙华,https://en.wikipedia.org/wiki/List_of_cities_in_China
866,龍江,Longjiang,Heilongjiang,黑龍江,47.3404,123.18,,,龙江,https://github.com/boyan01/ChinaRegionDistrict
867,馬山,Mashan,Heilongjiang,黑龍江,45.2051,130.5261,,,马山,https://en.wikipedia.org/wiki/List_of_cities_in_China
868,梅里西,Meilisi,Heilongjiang,黑龍江,47.315,123.7544,,,梅里西,https://en.wikipedia.org/wiki/List_of_cities_in_China
869,梅溪,Meixi,Heilongjiang,黑龍江,47.6317,129.1306,,,梅溪,https://en.wikipedia.org/wiki/List_of_cities_in_China
870,明水,Mingshui,Heilongjiang,黑龍江,47.1815,125.9003,,,明水,https://en.wikipedia.org/wiki/List_of_cities_in_China
871,牡丹江,Mudanjiang,Heilongjiang,黑龍江,44.551653,129.633168,市,Municipality,牡丹江,https://github.com/boyan01/ChinaRegionDistrict
873,花木蘭,Mulan,Heilongjiang,黑龍江,45.9471,128.0371,,,花木兰,https://en.wikipedia.org/wiki/List_of_cities_in_China
874,南航,Nanhang,Heilongjiang,黑龍江,47.3147,123.948,,,南航,https://en.wikipedia.org/wiki/List_of_cities_in_China
875,嫩江,Nenjiang,Heilongjiang,黑龍江,49.1745,125.216,,,嫩江,https://github.com/boyan01/ChinaRegionDistrict
876,寧安,Ning’an,Heilongjiang,黑龍江,44.3429,129.4621,,,寧安,https://github.com/boyan01/ChinaRegionDistrict
877,巧南,Qiaonan,Heilongjiang,黑龍江,46.8036,130.358,,,巧南,https://en.wikipedia.org/wiki/List_of_cities_in_China
878,青安,Qing’an,Heilongjiang,黑龍江,46.8719,127.5118,,,青安,https://github.com/boyan01/ChinaRegionDistrict
880,青崗,Qinggang,Heilongjiang,黑龍江,46.69,126.1,,,青岗,https://github.com/boyan01/ChinaRegionDistrict
881,齊齊哈爾,Qiqihaer,Heilongjiang,黑龍江,47.354348,123.918186,市,Municipality,齐齐哈尔,https://github.com/boyan01/ChinaRegionDistrict
882,七台河,Qitaihe,Heilongjiang,黑龍江,45.771396,131.003082,市,Municipality,七台河,https://github.com/boyan01/ChinaRegionDistrict
883,尚志,Shangzhi,Heilongjiang,黑龍江,45.2116,127.962,,,尚志,https://github.com/boyan01/ChinaRegionDistrict
884,雙鴨山,Shuangyashan,Heilongjiang,黑龍江,46.676418,131.141195,市,Municipality,双鸭山,https://github.com/boyan01/ChinaRegionDistrict
885,曙光,Shuguang,Heilongjiang,黑龍江,47.7241,128.674,,,曙光,https://en.wikipedia.org/wiki/List_of_cities_in_China
886,綏化,Suihua,Heilongjiang,黑龍江,46.653845,126.968887,市,Municipality,绥化,https://github.com/boyan01/ChinaRegionDistrict
888,孫武,Sunwu,Heilongjiang,黑龍江,49.4175,127.3155,,,孙武,https://en.wikipedia.org/wiki/List_of_cities_in_China
889,太康,Taikang,Heilongjiang,黑龍江,46.8613,124.442,,,太康,https://en.wikipedia.org/wiki/List_of_cities_in_China
890,泰來,Tailai,Heilongjiang,黑龍江,46.3904,123.41,,,泰来,https://github.com/boyan01/ChinaRegionDistrict
891,湯原,Tangyuan,Heilongjiang,黑龍江,46.7264,129.8997,,,汤原,https://en.wikipedia.org/wiki/List_of_cities_in_China
892,鐵力,Tieli,Heilongjiang,黑龍江,46.9804,128.045,,,铁力,https://github.com/boyan01/ChinaRegionDistrict
893,鐵西,Tiexi,Heilongjiang,黑龍江,47.3119,130.2803,,,铁西,https://en.wikipedia.org/wiki/List_of_cities_in_China
895,同和,Tonghe,Heilongjiang,黑龍江,45.9761,128.7429,,,同和,https://en.wikipedia.org/wiki/List_of_cities_in_China
897,旺奎,Wangkui,Heilongjiang,黑龍江,46.8328,126.4777,,,旺奎,https://en.wikipedia.org/wiki/List_of_cities_in_China
899,武昌,Wuchang,Heilongjiang,黑龍江,44.9143,127.15,,,武昌,https://en.wikipedia.org/wiki/List_of_cities_in_China
900,五馬河,Wumahe,Heilongjiang,黑龍江,47.7235,128.7928,,,五马河,https://en.wikipedia.org/wiki/List_of_cities_in_China
901,咸豐,Xianfeng,Heilongjiang,黑龍江,44.575,129.6026,,,咸丰,https://en.wikipedia.org/wiki/List_of_cities_in_China
902,襄陽市,Xiangyang,Heilongjiang,黑龍江,44.588,129.5798,,,襄阳市,https://en.wikipedia.org/wiki/List_of_cities_in_China
903,錫林,Xilin,Heilongjiang,黑龍江,47.4761,129.3037,,,锡林,https://en.wikipedia.org/wiki/List_of_cities_in_China
904,西林集,Xilinji,Heilongjiang,黑龍江,52.9906,123.2352,,,西林集,https://en.wikipedia.org/wiki/List_of_cities_in_China
905,新安,Xin’an,Heilongjiang,黑龍江,44.5803,129.6257,,,新安,https://en.wikipedia.org/wiki/List_of_cities_in_China
908,新林,Xinlin,Heilongjiang,黑龍江,51.7,124.3333,,,新林,https://en.wikipedia.org/wiki/List_of_cities_in_China
909,新興,Xinxing,Heilongjiang,黑龍江,47.1601,123.8,,,新兴,https://github.com/boyan01/ChinaRegionDistrict
910,許裡,Xuri,Heilongjiang,黑龍江,47.7268,128.8999,,,许裡,https://en.wikipedia.org/wiki/List_of_cities_in_China
911,陽明,Yangming,Heilongjiang,黑龍江,44.5963,129.6208,,,阳明,https://en.wikipedia.org/wiki/List_of_cities_in_China
912,延壽,Yanshou,Heilongjiang,黑龍江,45.4532,128.3268,,,延寿,https://en.wikipedia.org/wiki/List_of_cities_in_China
913,義安,Yi’an,Heilongjiang,黑龍江,47.8804,125.3,,,义安,https://github.com/boyan01/ChinaRegionDistrict
914,伊春,Yichun,Heilongjiang,黑龍江,47.727535,128.841125,市,Municipality,伊春,https://github.com/boyan01/ChinaRegionDistrict
916,宜蘭,Yilan,Heilongjiang,黑龍江,46.3162,129.5545,,,宜兰,https://en.wikipedia.org/wiki/List_of_cities_in_China
917,有好,Youhao,Heilongjiang,黑龍江,47.8531,128.8357,,,有好,https://en.wikipedia.org/wiki/List_of_cities_in_China
919,友義,Youyi,Heilongjiang,黑龍江,46.8048,130.3192,,,友义,https://en.wikipedia.org/wiki/List_of_cities_in_China
920,月來,Yuelai,Heilongjiang,黑龍江,47.0232,130.713,,,月来,https://en.wikipedia.org/wiki/List_of_cities_in_China
921,展前,Zhanqian,Heilongjiang,黑龍江,46.8001,130.3755,,,展前,https://en.wikipedia.org/wiki/List_of_cities_in_China
923,昭東,Zhaodong,Heilongjiang,黑龍江,46.0635,125.9773,,,昭东,https://github.com/boyan01/ChinaRegionDistrict
924,安嶺,Anling,Henan,河南,34.1089,114.1698,,,安岭,https://en.wikipedia.org/wiki/List_of_cities_in_China
925,安陽,Anyang,Henan,河南,36.097577,114.392392,市,Municipality,安阳,https://github.com/boyan01/ChinaRegionDistrict
926,白城,Baicheng,Henan,河南,33.3864,114.0158,,,白城,https://en.wikipedia.org/wiki/List_of_cities_in_China
927,寶豐城關鎮,Baofeng Chengguanzhen,Henan,河南,33.8703,113.0653,,,宝丰城关镇,https://en.wikipedia.org/wiki/List_of_cities_in_China
928,濱河,Binhe,Henan,河南,32.6883,112.8275,,,滨河,https://en.wikipedia.org/wiki/List_of_cities_in_China
929,碧水,Bishui,Henan,河南,32.7179,113.3117,,,碧水,https://en.wikipedia.org/wiki/List_of_cities_in_China
930,朝歌,Chaoge,Henan,河南,35.605,114.1886,,,朝歌,https://en.wikipedia.org/wiki/List_of_cities_in_China
931,城關,Chengguan,Henan,河南,35.4599,113.7975,,,城关,https://github.com/boyan01/ChinaRegionDistrict
932,城郊,Chengjiao,Henan,河南,35.4043,114.0593,,,城郊,https://github.com/boyan01/ChinaRegionDistrict
933,承留,Chengliu,Henan,河南,35.077712,112.499266,鎮,Town,承留,https://github.com/boyan01/ChinaRegionDistrict
934,重陽,Chongyang,Henan,河南,33.2592,114.242,,,重阳,https://en.wikipedia.org/wiki/List_of_cities_in_China
935,稻口,Daokou,Henan,河南,35.5639,114.5058,,,稻口,https://en.wikipedia.org/wiki/List_of_cities_in_China
936,大慶路,Daqinglu,Henan,河南,34.8993,112.5831,,,大庆路,https://en.wikipedia.org/wiki/List_of_cities_in_China
937,大營,Daying,Henan,河南,34.7218,111.1029,,,大营,https://en.wikipedia.org/wiki/List_of_cities_in_China
938,大峪,Dayu,Henan,河南,34.937623,112.396154,鎮,Town,大峪,https://github.com/boyan01/ChinaRegionDistrict
939,登塔魯,Dengtalu,Henan,河南,36.08,114.35,,,登塔鲁,https://github.com/boyan01/ChinaRegionDistrict
940,定城,Dingcheng,Henan,河南,32.1272,115.0394,,,定城,https://en.wikipedia.org/wiki/List_of_cities_in_China
941,地莊,Dizhuang,Henan,河南,33.5645,114.0697,,,地庄,https://en.wikipedia.org/wiki/List_of_cities_in_China
942,東城,Dongcheng,Henan,河南,33.4123,115.0809,,,东城,https://en.wikipedia.org/wiki/List_of_cities_in_China
943,範縣城關鎮,Fan Xian Chengguanzhen,Henan,河南,35.8581,115.5006,,,范县城关镇,https://en.wikipedia.org/wiki/List_of_cities_in_China
944,防城,Fangcheng,Henan,河南,33.2532,113.0012,,,防城,https://en.wikipedia.org/wiki/List_of_cities_in_China
945,鳳丘城關鎮,Fengqiu Chengguanzhen,Henan,河南,35.0292,114.4131,,,凤丘城关镇,https://en.wikipedia.org/wiki/List_of_cities_in_China
946,扶溝城關鎮,Fugou Chengguanzhen,Henan,河南,34.0667,114.3833,,,扶沟城关镇,https://en.wikipedia.org/wiki/List_of_cities_in_China
947,甘河chen,Ganhechen,Henan,河南,33.5582,114.02,,,甘河chen,https://en.wikipedia.org/wiki/List_of_cities_in_China
948,古槐,Guhuai,Henan,河南,32.9586,114.6255,,,古槐,https://en.wikipedia.org/wiki/List_of_cities_in_China
949,古魯,Gulü,Henan,河南,32.7439,114.9761,,,古鲁,https://en.wikipedia.org/wiki/List_of_cities_in_China
950,固始城關鎮,Gushi Chengguanzhen,Henan,河南,32.1621,115.6699,,,固始城关镇,https://en.wikipedia.org/wiki/List_of_cities_in_China
951,韓城,Hancheng,Henan,河南,32.5186,112.3522,,,韩城,https://en.wikipedia.org/wiki/List_of_cities_in_China
952,鶴壁,Hebi,Henan,河南,35.748325,114.297309,市,Municipality,鹤壁,https://github.com/boyan01/ChinaRegionDistrict
953,淮濱城關鎮,Huaibin Chengguanzhen,Henan,河南,32.464,115.4081,,,淮滨城关镇,https://en.wikipedia.org/wiki/List_of_cities_in_China
954,淮河路,Huaihelu,Henan,河南,34.7164,113.6414,,,淮河路,https://en.wikipedia.org/wiki/List_of_cities_in_China
955,淮陽市城關鎮,Huaiyang Chengguanzhen,Henan,河南,33.7333,114.8833,,,淮阳市城关镇,https://en.wikipedia.org/wiki/List_of_cities_in_China
956,黃龍寺,Huanglongsi,Henan,河南,34.7936,114.3403,,,黄龙寺,https://github.com/boyan01/ChinaRegionDistrict
957,華遠,Huayuan,Henan,河南,33.4688,114.8731,,,华远,https://en.wikipedia.org/wiki/List_of_cities_in_China
958,華州,Huazhou,Henan,河南,32.6832,112.079,,,华州,https://github.com/boyan01/ChinaRegionDistrict
959,匯昌,Huichang,Henan,河南,34.9136,112.7852,,,匯昌,https://github.com/boyan01/ChinaRegionDistrict
960,霍家城關鎮,Huojia Chengguanzhen,Henan,河南,35.2656,113.6506,,,霍家城关镇,https://en.wikipedia.org/wiki/List_of_cities_in_China
961,佳縣城關鎮,Jia Xian Chengguanzhen,Henan,河南,33.9683,113.2081,,,佳县城关镇,https://en.wikipedia.org/wiki/List_of_cities_in_China
962,江官池,Jiangguanchi,Henan,河南,34.0244,113.8201,,,江官池,https://github.com/boyan01/ChinaRegionDistrict
963,建設社,Jianshe,Henan,河南,34.2189,113.7693,,,建设社,https://github.com/boyan01/ChinaRegionDistrict
964,建設路,Jianshelu,Henan,河南,34.7534,113.606,,,建设路,https://en.wikipedia.org/wiki/List_of_cities_in_China
965,焦作,Jiaozuo,Henan,河南,35.215893,113.241823,市,Municipality,焦作,https://github.com/boyan01/ChinaRegionDistrict
966,濟源,Jiyuan,Henan,河南,35.067199,112.602256,市,Municipality,济源,https://github.com/boyan01/ChinaRegionDistrict
967,開封,Kaifeng,Henan,河南,34.797966,114.307677,市,Municipality,开封,https://github.com/boyan01/ChinaRegionDistrict
969,開元,Kaiyuan,Henan,河南,36.0656,113.8153,,,开元,https://github.com/boyan01/ChinaRegionDistrict
970,克井,Kejing,Henan,河南,35.160298,112.543028,鎮,Town,克井,https://github.com/boyan01/ChinaRegionDistrict
971,昆陽,Kunyang,Henan,河南,33.62,113.345,,,昆阳,https://en.wikipedia.org/wiki/List_of_cities_in_China
972,蘭考城關鎮,Lankao Chengguanzhen,Henan,河南,34.8329,114.8072,,,兰考城关镇,https://en.wikipedia.org/wiki/List_of_cities_in_China
973,梨林,Lilin,Henan,河南,35.077678,112.713491,鎮,Town,梨林,https://github.com/boyan01/ChinaRegionDistrict
974,靈寶城關鎮,Lingbao Chengguanzhen,Henan,河南,34.5221,110.8786,,,灵宝城关镇,https://github.com/boyan01/ChinaRegionDistrict
975,欒川城關鎮,Luanchuan Chengguanzhen,Henan,河南,33.7808,111.613,,,欒川城关镇,https://en.wikipedia.org/wiki/List_of_cities_in_China
976,漯河,Luohe,Henan,河南,33.580873,114.016536,市,Municipality,漯河,https://github.com/boyan01/ChinaRegionDistrict
977,洛寧城關鎮,Luoning Chengguanzhen,Henan,河南,34.3878,111.6558,,,洛寧城关镇,https://en.wikipedia.org/wiki/List_of_cities_in_China
978,羅山城關鎮,Luoshan Chengguanzhen,Henan,河南,32.2032,114.5094,,,罗山城关镇,https://en.wikipedia.org/wiki/List_of_cities_in_China
979,洛陽,Luoyang,Henan,河南,34.620202,112.453926,市,Municipality,洛阳,https://github.com/boyan01/ChinaRegionDistrict
980,盧氏城關鎮,Lushi Chengguanzhen,Henan,河南,34.0486,111.0328,,,卢氏城关镇,https://en.wikipedia.org/wiki/List_of_cities_in_China
981,鹿陽,Luyang,Henan,河南,33.7356,112.9051,,,鹿阳,https://en.wikipedia.org/wiki/List_of_cities_in_China
982,眉山,Meishan,Henan,河南,34.1736,112.839,,,眉山,https://github.com/boyan01/ChinaRegionDistrict
983,孟津城關鎮,Mengjin Chengguanzhen,Henan,河南,34.8269,112.4313,,,孟津城关镇,https://en.wikipedia.org/wiki/List_of_cities_in_China
984,民權城關鎮,Minquan Chengguanzhen,Henan,河南,34.6645,115.133,,,民权城关镇,https://en.wikipedia.org/wiki/List_of_cities_in_China
985,木城,Mucheng,Henan,河南,35.0956,113.39,,,木城,https://en.wikipedia.org/wiki/List_of_cities_in_China
986,南幹島,Nangandao,Henan,河南,35.2992,113.8851,,,南干岛,https://github.com/boyan01/ChinaRegionDistrict
987,南樂城關鎮,Nanle Chengguanzhen,Henan,河南,36.0762,115.1991,,,南乐城关镇,https://en.wikipedia.org/wiki/List_of_cities_in_China
988,南陽,Nanyang,Henan,河南,32.990664,112.528308,市,Municipality,南阳,https://github.com/boyan01/ChinaRegionDistrict
989,內黃城關鎮,Neihuang Chengguanzhen,Henan,河南,35.9508,114.9022,,,内黄城关镇,https://en.wikipedia.org/wiki/List_of_cities_in_China
990,內鄉城關鎮,Neixiang Chengguanzhen,Henan,河南,33.0467,111.8436,,,内乡城关镇,https://en.wikipedia.org/wiki/List_of_cities_in_China
991,寧陵城關鎮,Ningling Chengguanzhen,Henan,河南,34.45,115.3167,,,寧陵城关镇,https://en.wikipedia.org/wiki/List_of_cities_in_China
992,盤龍,Panlong,Henan,河南,32.8022,114.0192,,,盘龙,https://en.wikipedia.org/wiki/List_of_cities_in_China
993,平頂山,Pingdingshan,Henan,河南,33.766169,113.192661,市,Municipality,平顶山,https://github.com/boyan01/ChinaRegionDistrict
994,坡頭,Potou,Henan,河南,34.928431,112.524757,鎮,Town,坡头,https://github.com/boyan01/ChinaRegionDistrict
995,浦西,Puxi,Henan,河南,35.2125,114.735,,,浦西,https://github.com/boyan01/ChinaRegionDistrict
996,濮陽,Puyang,Henan,河南,35.761829,115.029216,市,Municipality,濮阳,https://github.com/boyan01/ChinaRegionDistrict
997,祁縣城關鎮,Qi Xian Chengguanzhen,Henan,河南,34.55,114.7833,,,祁县城关镇,https://en.wikipedia.org/wiki/List_of_cities_in_China
998,慶豐城關鎮,Qingfeng Chengguanzhen,Henan,河南,35.9036,115.1053,,,庆丰城关镇,https://en.wikipedia.org/wiki/List_of_cities_in_China
999,清華,Qinghua,Henan,河南,35.165,113.0617,,,清华,https://en.wikipedia.org/wiki/List_of_cities_in_China
1000,清平,Qingping,Henan,河南,34.538,113.3796,,,清平,https://github.com/boyan01/ChinaRegionDistrict
1001,曲陽,Quyang,Henan,河南,33.1447,113.9903,,,曲阳,https://en.wikipedia.org/wiki/List_of_cities_in_China
1002,汝陽城關鎮,Ruyang Chengguanzhen,Henan,河南,34.1503,112.4583,,,汝阳城关镇,https://en.wikipedia.org/wiki/List_of_cities_in_China
1003,三門峽,Sanmenxia,Henan,河南,34.772792,111.200367,市,Municipality,三门峡,https://github.com/boyan01/ChinaRegionDistrict
1004,上城城關鎮,Shangcheng Chengguanzhen,Henan,河南,31.7953,115.4011,,,上城城关镇,https://en.wikipedia.org/wiki/List_of_cities_in_China
1005,商丘,Shangqiu,Henan,河南,34.414961,115.656339,市,Municipality,商丘,https://github.com/boyan01/ChinaRegionDistrict
1006,邵原,Shaoyuan,Henan,河南,35.160959,112.133528,鎮,Town,邵原,https://github.com/boyan01/ChinaRegionDistrict
1007,蛇店,Shedian,Henan,河南,33.0613,112.9426,,,蛇店,https://en.wikipedia.org/wiki/List_of_cities_in_China
1008,雙橋,Shuangqiao,Henan,河南,35.0833,112.5833,,,双桥,https://github.com/boyan01/ChinaRegionDistrict
1009,思禮,Sili,Henan,河南,35.101133,112.507286,鎮,Town,思礼,https://github.com/boyan01/ChinaRegionDistrict
1010,松縣城關鎮,Song Xian Chengguanzhen,Henan,河南,34.1347,112.0825,,,松县城关镇,https://en.wikipedia.org/wiki/List_of_cities_in_China
1011,松陽,Songyang,Henan,河南,34.4161,113.0424,,,松阳,https://github.com/boyan01/ChinaRegionDistrict
1012,遂縣城關鎮,Sui Xian Chengguanzhen,Henan,河南,34.448,115.0444,,,遂县城关镇,https://en.wikipedia.org/wiki/List_of_cities_in_China
1013,太康市城關鎮,Taikang Chengguanzhen,Henan,河南,34.0667,114.8667,,,太康市城关镇,https://en.wikipedia.org/wiki/List_of_cities_in_China
1014,太遷城關鎮,Taiqian Chengguanzhen,Henan,河南,35.991,115.8532,,,太迁城关镇,https://en.wikipedia.org/wiki/List_of_cities_in_China
1015,坦貝,Tanbei,Henan,河南,35.0907,112.9317,,,坦贝,https://github.com/boyan01/ChinaRegionDistrict
1016,唐陽城關鎮,Tangyang Chengguanzhen,Henan,河南,35.9145,114.3551,,,唐阳城关镇,https://en.wikipedia.org/wiki/List_of_cities_in_China
1017,桐柏城關鎮,Tongbai Chengguanzhen,Henan,河南,32.3642,113.3964,,,桐柏城关镇,https://en.wikipedia.org/wiki/List_of_cities_in_China
1018,通徐城關鎮,Tongxu Chengguanzhen,Henan,河南,34.4772,114.4583,,,通徐城关镇,https://en.wikipedia.org/wiki/List_of_cities_in_China
1019,瓦城,Wacheng,Henan,河南,33.7833,114.5167,,,瓦城,https://en.wikipedia.org/wiki/List_of_cities_in_China
1020,王屋,Wangwu,Henan,河南,35.113906,112.272468,鎮,Town,王屋,https://github.com/boyan01/ChinaRegionDistrict
1021,圍市城關鎮,Weishi Chengguanzhen,Henan,河南,34.4136,114.1872,,,围市城关镇,https://en.wikipedia.org/wiki/List_of_cities_in_China
1022,文泉,Wenquan,Henan,河南,34.9353,113.0733,,,文泉,https://en.wikipedia.org/wiki/List_of_cities_in_China
1023,五龍口,Wulongkou,Henan,河南,35.135041,112.68937,鎮,Town,五龙口,https://github.com/boyan01/ChinaRegionDistrict
1024,五泉,Wuquan,Henan,河南,33.4441,113.5709,,,五泉,https://en.wikipedia.org/wiki/List_of_cities_in_China
1025,西縣城關鎮,Xi Xian Chengguanzhen,Henan,河南,32.3436,114.7294,,,西县城关镇,https://en.wikipedia.org/wiki/List_of_cities_in_China
1026,相城城關鎮,Xiangcheng Chengguanzhen,Henan,河南,33.847,113.4778,,,相城城关镇,https://en.wikipedia.org/wiki/List_of_cities_in_China
1027,下冶,Xiaye,Henan,河南,35.03283,112.200224,鎮,Town,下冶,https://github.com/boyan01/ChinaRegionDistrict
1028,夏邑城關鎮,Xiayi Chengguanzhen,Henan,河南,34.2368,116.1161,,,夏邑城关镇,https://en.wikipedia.org/wiki/List_of_cities_in_China
1029,西關,Xiguan,Henan,河南,33.8667,115.4667,,,西关,https://en.wikipedia.org/wiki/List_of_cities_in_China
1030,新安城關鎮,Xin’an Chengguanzhen,Henan,河南,34.7175,112.1356,,,新安城关镇,https://en.wikipedia.org/wiki/List_of_cities_in_China
1031,新城,Xincheng,Henan,河南,33.6333,115.1833,,,新城,https://en.wikipedia.org/wiki/List_of_cities_in_China
1032,辛集,Xinji,Henan,河南,31.6232,114.874,,,辛集,https://en.wikipedia.org/wiki/List_of_cities_in_China
1033,新鄉,Xinxiang,Henan,河南,35.303704,113.926763,市,Municipality,新乡,https://github.com/boyan01/ChinaRegionDistrict
1034,信陽,Xinyang,Henan,河南,32.147679,114.091193,市,Municipality,信阳,https://github.com/boyan01/ChinaRegionDistrict
1035,修武城關鎮,Xiuwu Chengguanzhen,Henan,河南,35.2311,113.4381,,,修武城关镇,https://en.wikipedia.org/wiki/List_of_cities_in_China
1036,許昌,Xuchang,Henan,河南,34.035771,113.852454,市,Municipality,许昌,https://github.com/boyan01/ChinaRegionDistrict
1037,雅口,Yakou,Henan,河南,33.2937,113.5203,,,雅口,https://github.com/boyan01/ChinaRegionDistrict
1038,延吉,Yanji,Henan,河南,33.9653,116.451,,,延吉,https://en.wikipedia.org/wiki/List_of_cities_in_China
1039,鹽津城關,Yanjin Chengguan,Henan,河南,35.1408,114.1878,,,盐津城关,https://en.wikipedia.org/wiki/List_of_cities_in_China
1040,宜川城關鎮,Yichuan Chengguanzhen,Henan,河南,34.4197,112.4192,,,宜川城关镇,https://en.wikipedia.org/wiki/List_of_cities_in_China
1041,鷹川,Yingchuan,Henan,河南,34.1511,113.4733,,,鹰川,https://github.com/boyan01/ChinaRegionDistrict
1042,益陽城關鎮,Yiyang Chengguanzhen,Henan,河南,34.5108,112.1622,,,益阳城关镇,https://en.wikipedia.org/wiki/List_of_cities_in_China
1043,浙城城關鎮,Zhecheng Chengguanzhen,Henan,河南,34.1046,115.3176,,,浙城城关镇,https://en.wikipedia.org/wiki/List_of_cities_in_China
1044,鄭州,Zhengzhou,Henan,河南,34.7492,113.6605,,,郑州,https://github.com/boyan01/ChinaRegionDistrict
1045,鎮坪城關鎮,Zhenping Chengguanzhen,Henan,河南,33.0331,112.2332,,,镇坪城关镇,https://en.wikipedia.org/wiki/List_of_cities_in_China
1046,振陽,Zhenyang,Henan,河南,32.6036,114.3831,,,振阳,https://en.wikipedia.org/wiki/List_of_cities_in_China
1047,轵城,Zhicheng,Henan,河南,35.04613,112.600987,鎮,Town,轵城,https://github.com/boyan01/ChinaRegionDistrict
1048,中牟城關鎮,Zhongmu Chengguanzhen,Henan,河南,34.7115,113.9656,,,中牟城关镇,https://en.wikipedia.org/wiki/List_of_cities_in_China
1050,中展,Zhongzhan,Henan,河南,35.2414,113.1603,,,中展,https://en.wikipedia.org/wiki/List_of_cities_in_China
1051,周口,Zhoukou,Henan,河南,33.626149,114.69695,市,Municipality,周口,https://github.com/boyan01/ChinaRegionDistrict
1052,駐馬店,Zhumadian,Henan,河南,33.012885,114.022247,市,Municipality,驻马店,https://github.com/boyan01/ChinaRegionDistrict
1053,紫金,Zijin,Henan,河南,33.2892,111.4744,,,紫金,https://en.wikipedia.org/wiki/List_of_cities_in_China
1054,紫荊路,Zijinglu,Henan,河南,34.7513,112.9854,,,紫荆路,https://github.com/boyan01/ChinaRegionDistrict
1055,紫水,Zishui,Henan,河南,32.0077,114.9011,,,紫水,https://en.wikipedia.org/wiki/List_of_cities_in_China
1056,香港,Hong Kong,Hong Kong,香港,22.3217957689331,114.169266503513,,,香港,
1057,安陸,Anlu,Hubei,湖北,31.2575,113.6783,,,安陆,https://github.com/boyan01/ChinaRegionDistrict
1058,保康市城關鎮,Baokang Chengguanzhen,Hubei,湖北,31.8781,111.2564,,,保康市城关镇,https://en.wikipedia.org/wiki/List_of_cities_in_China
1059,蔡甸,Caidian,Hubei,湖北,30.5833,114.0333,,,蔡甸,https://en.wikipedia.org/wiki/List_of_cities_in_China
1060,陳場,Chenchang,Hubei,湖北,30.235173,113.087722,鎮,Town,陈场,https://github.com/boyan01/ChinaRegionDistrict
1061,大悟城關鎮,Dawu Chengguanzhen,Hubei,湖北,31.6096,114.1181,,,大悟城关镇,https://en.wikipedia.org/wiki/List_of_cities_in_China
1062,殿軍,Dianjun,Hubei,湖北,30.7015,111.2599,,,殿军,https://en.wikipedia.org/wiki/List_of_cities_in_China
1063,杜胡迪,Douhudi,Hubei,湖北,30.0606,112.2242,,,杜胡迪,https://en.wikipedia.org/wiki/List_of_cities_in_China
1064,多寶,Duobao,Hubei,湖北,30.668163,112.697695,鎮,Town,多宝,https://github.com/boyan01/ChinaRegionDistrict
1065,多祥,Duoxiang,Hubei,湖北,30.427415,113.367061,鎮,Town,多祥,https://github.com/boyan01/ChinaRegionDistrict
1066,恩施土家族苗族,Enshitujiazumiaozu,Hubei,湖北,30.272156,109.488172,自治州,Municipality,恩施土家族苗族,https://github.com/boyan01/ChinaRegionDistrict
1067,鄂州,Ezhou,Hubei,湖北,30.391141,114.894935,市,Municipality,鄂州,https://github.com/boyan01/ChinaRegionDistrict
1068,房縣城關鎮,Fangxian Chengguanzhen,Hubei,湖北,32.055,110.7342,,,房县城关镇,https://en.wikipedia.org/wiki/List_of_cities_in_China
1069,鳳山,Fengshan,Hubei,湖北,30.8871,115.4209,,,凤山,https://en.wikipedia.org/wiki/List_of_cities_in_China
1070,佛子山,Fuzishan,Hubei,湖北,30.752449,113.011283,鎮,Town,佛子山,https://github.com/boyan01/ChinaRegionDistrict
1071,幹驿,Ganyi,Hubei,湖北,30.543403,113.386195,鎮,Town,干驿,https://github.com/boyan01/ChinaRegionDistrict
1072,高樂山,Gaoleshan,Hubei,湖北,29.6783,109.1445,,,高乐山,https://en.wikipedia.org/wiki/List_of_cities_in_China
1073,高石碑,Gaoshibei,Hubei,湖北,30.547511,112.673268,鎮,Town,高石碑,https://github.com/boyan01/ChinaRegionDistrict
1074,古城城關鎮,Gucheng Chengguanzhen,Hubei,湖北,32.266,111.6348,,,古城城关镇,https://en.wikipedia.org/wiki/List_of_cities_in_China
1075,古夫,Gufu,Hubei,湖北,31.3621,110.7292,,,古夫,https://en.wikipedia.org/wiki/List_of_cities_in_China
1076,古勞貝,Gulaobei,Hubei,湖北,30.5194,111.4266,,,古劳贝,https://en.wikipedia.org/wiki/List_of_cities_in_China
1077,郭河,Guohe,Hubei,湖北,30.240359,113.293617,鎮,Town,郭河,https://github.com/boyan01/ChinaRegionDistrict
1078,浩口,Haokou,Hubei,湖北,30.378737,112.649998,鎮,Town,浩口,https://github.com/boyan01/ChinaRegionDistrict
1079,好學,Haoxue,Hubei,湖北,30.0476,112.4676,,,好学,https://en.wikipedia.org/wiki/List_of_cities_in_China
1080,橫林,Henglin,Hubei,湖北,30.536738,113.188343,鎮,Town,横林,https://github.com/boyan01/ChinaRegionDistrict
1081,洪安城關鎮,Hong’an Chengguanzhen,Hubei,湖北,31.3621,114.6369,,,洪安城关镇,https://en.wikipedia.org/wiki/List_of_cities_in_China
1082,紅坪,Hongping,Hubei,湖北,31.672835,110.429295,鎮,Town,红坪,https://github.com/boyan01/ChinaRegionDistrict
1083,黃岡,Huanggang,Hubei,湖北,30.453667,114.872199,市,Municipality,黄冈,https://github.com/boyan01/ChinaRegionDistrict
1084,黃梅,Huangmei,Hubei,湖北,30.1923,116.025,,,黄梅,https://en.wikipedia.org/wiki/List_of_cities_in_China
1085,黃石,Huangshi,Hubei,湖北,30.201038,115.038962,市,Municipality,黄石,https://github.com/boyan01/ChinaRegionDistrict
1086,黃潭,Huangtan,Hubei,湖北,30.659423,113.090808,鎮,Town,黄潭,https://github.com/boyan01/ChinaRegionDistrict
1087,華榮,Huarong,Hubei,湖北,30.5333,114.7333,,,华荣,https://en.wikipedia.org/wiki/List_of_cities_in_China
1088,華遠,Huayuan,Hubei,湖北,31.3142,114.0178,,,华远,https://en.wikipedia.org/wiki/List_of_cities_in_China
1089,胡場,Huchang,Hubei,湖北,30.377514,113.308093,鎮,Town,胡场,https://github.com/boyan01/ChinaRegionDistrict
1090,胡市,Hushi,Hubei,湖北,30.779595,113.389611,鎮,Town,胡市,https://github.com/boyan01/ChinaRegionDistrict
1091,蔣場,Jiangchang,Hubei,湖北,30.605892,112.945059,鎮,Town,蒋场,https://github.com/boyan01/ChinaRegionDistrict
1092,荊門,Jingmen,Hubei,湖北,31.035395,112.199427,市,Municipality,荆门,https://github.com/boyan01/ChinaRegionDistrict
1093,淨潭,Jingtan,Hubei,湖北,30.655127,113.400546,鄉,Township,净潭,https://github.com/boyan01/ChinaRegionDistrict
1094,荊州,Jingzhou,Hubei,湖北,30.335184,112.239746,市,Municipality,荆州,https://github.com/boyan01/ChinaRegionDistrict
1095,九湖,Jiuhu,Hubei,湖北,31.459682,110.11101,鄉,Township,九湖,https://github.com/boyan01/ChinaRegionDistrict
1096,九真,Jiuzhen,Hubei,湖北,30.741711,113.220017,鎮,Town,九真,https://github.com/boyan01/ChinaRegionDistrict
1097,積玉口,Jiyukou,Hubei,湖北,30.445452,112.602848,鎮,Town,积玉口,https://github.com/boyan01/ChinaRegionDistrict
1098,水,Juanshui,Hubei,湖北,29.3031,113.8868,,,水,https://en.wikipedia.org/wiki/List_of_cities_in_China
1099,老新,Laoxin,Hubei,湖北,30.188774,112.85718,鎮,Town,老新,https://github.com/boyan01/ChinaRegionDistrict
1100,歷山,Lishan,Hubei,湖北,31.8576,113.2951,,,历山,https://en.wikipedia.org/wiki/List_of_cities_in_China
1101,龍灣,Longwan,Hubei,湖北,30.229497,112.716783,鎮,Town,龙湾,https://github.com/boyan01/ChinaRegionDistrict
1102,剅河,Louhe,Hubei,湖北,30.33957,113.085477,鎮,Town,剅河,https://github.com/boyan01/ChinaRegionDistrict
1103,盧市,Lushi,Hubei,湖北,30.666241,113.343274,鎮,Town,卢市,https://github.com/boyan01/ChinaRegionDistrict
1104,茂坪,Maoping,Hubei,湖北,30.8297,110.9778,,,茂坪,https://en.wikipedia.org/wiki/List_of_cities_in_China
1105,毛嘴,Maozui,Hubei,湖北,30.417299,113.035343,鎮,Town,毛嘴,https://github.com/boyan01/ChinaRegionDistrict
1106,馬灣,Mawan,Hubei,湖北,30.573309,113.334657,鎮,Town,马湾,https://github.com/boyan01/ChinaRegionDistrict
1107,麻洋,Mayang,Hubei,湖北,30.435305,113.267873,鎮,Town,麻洋,https://github.com/boyan01/ChinaRegionDistrict
1108,沔城回族,Mianchenghuizu,Hubei,湖北,30.19298,113.230882,鎮,Town,沔城回族,https://github.com/boyan01/ChinaRegionDistrict
1109,明鳳,Mingfeng,Hubei,湖北,31.0617,111.6428,,,明凤,https://en.wikipedia.org/wiki/List_of_cities_in_China
1110,木魚,Muyu,Hubei,湖北,31.40142,110.482912,鎮,Town,木鱼,https://github.com/boyan01/ChinaRegionDistrict
1111,南漳城關鎮,Nanzhang Chengguanzhen,Hubei,湖北,31.7839,111.8275,,,南漳城关镇,https://en.wikipedia.org/wiki/List_of_cities_in_China
1112,彭場,Pengchang,Hubei,湖北,30.263346,113.506437,鎮,Town,彭场,https://github.com/boyan01/ChinaRegionDistrict
1113,彭市,Pengshi,Hubei,湖北,30.456585,113.187885,鎮,Town,彭市,https://github.com/boyan01/ChinaRegionDistrict
1114,潛江,Qianjiang,Hubei,湖北,30.402167,112.899762,市,Municipality,潜江,https://github.com/boyan01/ChinaRegionDistrict
1115,千泉,Qianquan,Hubei,湖北,30.8713,114.3726,,,千泉,https://en.wikipedia.org/wiki/List_of_cities_in_China
1116,清泉,Qingquan,Hubei,湖北,30.4511,115.2559,,,清泉,https://en.wikipedia.org/wiki/List_of_cities_in_China
1117,榮成,Rongcheng,Hubei,湖北,29.8239,112.9019,,,荣成,https://github.com/boyan01/ChinaRegionDistrict
1118,榮美,Rongmei,Hubei,湖北,29.8933,110.0261,,,荣美,https://en.wikipedia.org/wiki/List_of_cities_in_China
1119,三伏潭,Sanfutan,Hubei,湖北,30.375224,113.201557,鎮,Town,三伏潭,https://github.com/boyan01/ChinaRegionDistrict
1120,沙湖,Shahu,Hubei,湖北,30.169374,113.67514,鎮,Town,沙湖,https://github.com/boyan01/ChinaRegionDistrict
1121,沙洋,Shayang,Hubei,湖北,30.7178,112.6058,,,沙洋,https://en.wikipedia.org/wiki/List_of_cities_in_China
1122,神農架林區,Shennongjialinqu,Hubei,湖北,31.744915,110.675743,區,Municipality,神农架林区,https://github.com/boyan01/ChinaRegionDistrict
1123,石河,Shihe,Hubei,湖北,30.75847,113.086015,鎮,Town,石河,https://github.com/boyan01/ChinaRegionDistrict
1124,十堰,Shiyan,Hubei,湖北,32.629462,110.799291,市,Municipality,十堰,https://github.com/boyan01/ChinaRegionDistrict
1125,松柏,Songbai,Hubei,湖北,31.746937,110.661631,鎮,Town,松柏,https://github.com/boyan01/ChinaRegionDistrict
1126,宋洛,Songluo,Hubei,湖北,31.660861,110.607962,鄉,Township,宋洛,https://github.com/boyan01/ChinaRegionDistrict
1127,隨州,Suizhou,Hubei,湖北,31.690191,113.382515,市,Municipality,随州,https://github.com/boyan01/ChinaRegionDistrict
1128,天成,Tiancheng,Hubei,湖北,29.5402,114.0415,,,天成,https://en.wikipedia.org/wiki/List_of_cities_in_China
1129,天門,Tianmen,Hubei,湖北,30.663337,113.166078,市,Municipality,天门,https://github.com/boyan01/ChinaRegionDistrict
1130,通海口,Tonghaikou,Hubei,湖北,30.198244,113.153309,鎮,Town,通海口,https://github.com/boyan01/ChinaRegionDistrict
1131,通陽,Tongyang,Hubei,湖北,29.6705,114.5969,,,通阳,https://en.wikipedia.org/wiki/List_of_cities_in_China
1132,團風,Tuanfeng,Hubei,湖北,30.7136,114.9161,,,团风,https://en.wikipedia.org/wiki/List_of_cities_in_China
1133,拖市,Tuoshi,Hubei,湖北,30.727032,112.83882,鎮,Town,拖市,https://github.com/boyan01/ChinaRegionDistrict
1134,汪場,Wangchang,Hubei,湖北,30.613778,113.041017,鎮,Town,汪场,https://github.com/boyan01/ChinaRegionDistrict
1135,王場,Wangchang,Hubei,湖北,30.504891,112.774326,鎮,Town,王场,https://github.com/boyan01/ChinaRegionDistrict
1136,文泉,Wenquan,Hubei,湖北,30.8493,115.6991,,,文泉,https://en.wikipedia.org/wiki/List_of_cities_in_China
1137,五峰,Wufeng,Hubei,湖北,30.2,110.6908,,,五峰,https://en.wikipedia.org/wiki/List_of_cities_in_China
1138,武漢,Wuhan,Hubei,湖北,30.593175,114.305469,市,Municipality,武汉,https://github.com/boyan01/ChinaRegionDistrict
1139,武漢市,Wuhan,Hubei,湖北,30.5872,114.2881,,,武汉市,https://github.com/boyan01/ChinaRegionDistrict
1140,吳家山,Wujiashan,Hubei,湖北,30.617,114.1317,,,吴家山,https://en.wikipedia.org/wiki/List_of_cities_in_China
1141,武穴,Wuxue,Hubei,湖北,29.8518,115.5539,,,武穴,https://github.com/boyan01/ChinaRegionDistrict
1142,武穴市,Wuxue Shi,Hubei,湖北,29.9153,115.4143,,,武穴市,https://en.wikipedia.org/wiki/List_of_cities_in_China
1143,下谷坪土家族,Xiagupingtujiazu,Hubei,湖北,31.365767,110.245252,鄉,Township,下谷坪土家族,https://github.com/boyan01/ChinaRegionDistrict
1144,香鳳,Xiangfeng,Hubei,湖北,29.5076,109.4027,,,香凤,https://en.wikipedia.org/wiki/List_of_cities_in_China
1145,襄陽,Xiangyang,Hubei,湖北,32.009016,112.122426,市,Municipality,襄阳,https://github.com/boyan01/ChinaRegionDistrict
1146,襄陽市,Xiangyang,Hubei,湖北,32.0654,112.1531,,,襄阳市,https://github.com/boyan01/ChinaRegionDistrict
1147,鹹甯,Xianning,Hubei,湖北,29.841362,114.322616,市,Municipality,咸宁,https://github.com/boyan01/ChinaRegionDistrict
1148,仙桃,Xiantao,Hubei,湖北,30.361438,113.423583,市,Municipality,仙桃,https://github.com/boyan01/ChinaRegionDistrict
1149,小板,Xiaoban,Hubei,湖北,30.608035,113.224975,鎮,Town,小板,https://github.com/boyan01/ChinaRegionDistrict
1150,小渡川,Xiaoduchuan,Hubei,湖北,30.2911,109.4762,,,小渡川,https://en.wikipedia.org/wiki/List_of_cities_in_China
1151,孝感,Xiaogan,Hubei,湖北,30.917766,113.957037,市,Municipality,孝感,https://github.com/boyan01/ChinaRegionDistrict
1152,小幹站,Xiaoganzhan,Hubei,湖北,30.9273,113.911,,,小干站,https://github.com/boyan01/ChinaRegionDistrict
1153,小西塔,Xiaoxita,Hubei,湖北,30.7083,111.2803,,,小西塔,https://github.com/boyan01/ChinaRegionDistrict
1154,西陵,Xiling,Hubei,湖北,30.7161,111.2839,,,西陵,https://en.wikipedia.org/wiki/List_of_cities_in_China
1155,西流河,Xiliuhe,Hubei,湖北,30.314502,113.677656,鎮,Town,西流河,https://github.com/boyan01/ChinaRegionDistrict
1156,興國,Xingguo,Hubei,湖北,29.9225,115.3021,,,兴国,https://en.wikipedia.org/wiki/List_of_cities_in_China
1157,興隆,Xinglong,Hubei,湖北,30.61437,112.669031,鎮,Town,兴隆,https://github.com/boyan01/ChinaRegionDistrict
1158,新華,Xinhua,Hubei,湖北,31.592996,110.891544,鎮,Town,新华,https://github.com/boyan01/ChinaRegionDistrict
1159,新嶺,Xinling,Hubei,湖北,31.0253,110.3182,,,新岭,https://en.wikipedia.org/wiki/List_of_cities_in_China
1160,新市,Xinshi,Hubei,湖北,31.0236,113.1079,,,新市,https://github.com/boyan01/ChinaRegionDistrict
1161,熊口,Xiongkou,Hubei,湖北,30.306017,112.781307,鎮,Town,熊口,https://github.com/boyan01/ChinaRegionDistrict
1162,楊林尾,Yanglinwei,Hubei,湖北,30.137065,113.509285,鎮,Town,杨林尾,https://github.com/boyan01/ChinaRegionDistrict
1163,陽日,Yangri,Hubei,湖北,31.737393,110.819531,鎮,Town,阳日,https://github.com/boyan01/ChinaRegionDistrict
1164,葉州,Yezhou,Hubei,湖北,30.6037,109.7233,,,叶州,https://en.wikipedia.org/wiki/List_of_cities_in_China
1165,宜昌,Yichang,Hubei,湖北,30.691865,111.286445,市,Municipality,宜昌,https://github.com/boyan01/ChinaRegionDistrict
1166,宜城,Yicheng,Hubei,湖北,31.7117,112.2551,,,宜城,https://github.com/boyan01/ChinaRegionDistrict
1167,嶽口,Yuekou,Hubei,湖北,30.507143,113.093585,鎮,Town,岳口,https://github.com/boyan01/ChinaRegionDistrict
1168,雲夢城關鎮,Yunmeng Chengguanzhen,Hubei,湖北,31.0625,113.7654,,,云梦城关镇,https://en.wikipedia.org/wiki/List_of_cities_in_China
1169,雲仙縣城關鎮,Yunxixian Chengguanzhen,Hubei,湖北,32.9828,110.4231,,,云仙县城关镇,https://en.wikipedia.org/wiki/List_of_cities_in_China
1170,漁薪,Yuxin,Hubei,湖北,30.675337,112.990563,鎮,Town,渔薪,https://github.com/boyan01/ChinaRegionDistrict
1171,漁洋,Yuyang,Hubei,湖北,30.172423,112.908916,鎮,Town,渔洋,https://github.com/boyan01/ChinaRegionDistrict
1172,雨月,Yuyue,Hubei,湖北,30.0182,113.9632,,,雨月,https://en.wikipedia.org/wiki/List_of_cities_in_China
1173,皂市,Zaoshi,Hubei,湖北,30.856178,113.349357,鎮,Town,皂市,https://github.com/boyan01/ChinaRegionDistrict
1174,長埫口,Changchongkou,Hubei,湖北,30.400802,113.564459,鎮,Town,长埫口,https://github.com/boyan01/ChinaRegionDistrict
1175,張港,Zhanggang,Hubei,湖北,30.567657,112.881476,鎮,Town,张港,https://github.com/boyan01/ChinaRegionDistrict
1176,張溝,Zhanggou,Hubei,湖北,30.250066,113.38053,鎮,Town,张沟,https://github.com/boyan01/ChinaRegionDistrict
1177,張金,Zhangjin,Hubei,湖北,30.191927,112.596542,鎮,Town,张金,https://github.com/boyan01/ChinaRegionDistrict
1178,張灣,Zhangwan,Hubei,湖北,32.0833,112.1667,,,张湾,https://en.wikipedia.org/wiki/List_of_cities_in_China
1179,鄭場,Zhengchang,Hubei,湖北,30.487221,113.033681,鎮,Town,郑场,https://github.com/boyan01/ChinaRegionDistrict
1180,志芳,Zhifang,Hubei,湖北,30.35,114.3167,,,志芳,https://en.wikipedia.org/wiki/List_of_cities_in_China
1181,竹根灘,Zhugentan,Hubei,湖北,30.493505,112.906645,鎮,Town,竹根滩,https://github.com/boyan01/ChinaRegionDistrict
1182,竹山,Zhushan,Hubei,湖北,29.9945,109.4791,,,竹山,https://en.wikipedia.org/wiki/List_of_cities_in_China
1183,竹山城關鎮,Zhushan Chengguanzhen,Hubei,湖北,32.2218,110.2361,,,竹山城关镇,https://en.wikipedia.org/wiki/List_of_cities_in_China
1184,竹溪城關鎮,Zhuxi Chengguanzhen,Hubei,湖北,32.3257,109.7234,,,竹溪城关镇,https://en.wikipedia.org/wiki/List_of_cities_in_China
1185,安仁城關鎮,Anren Chengguanzhen,Hunan,湖南,26.7141,113.2673,,,安仁城关镇,https://en.wikipedia.org/wiki/List_of_cities_in_China
1186,安鄉,Anxiang,Hunan,湖南,29.4,112.15,,,安乡,https://en.wikipedia.org/wiki/List_of_cities_in_China
1187,拜雅士,Baiyashi,Hunan,湖南,26.3888,111.2621,,,拜雅士,https://en.wikipedia.org/wiki/List_of_cities_in_China
1188,茶陵城關鎮,Chaling Chengguanzhen,Hunan,湖南,26.791,113.5398,,,茶陵城关镇,https://en.wikipedia.org/wiki/List_of_cities_in_China
1189,長安,Chang’an,Hunan,湖南,29.4761,113.448,,,长安,https://github.com/boyan01/ChinaRegionDistrict
1190,常德,Changde,Hunan,湖南,29.031654,111.698784,市,Municipality,常德,https://github.com/boyan01/ChinaRegionDistrict
1191,長浦,Changpu,Hunan,湖南,26.5758,110.1079,,,长浦,https://en.wikipedia.org/wiki/List_of_cities_in_China
1192,晨陽,Chenyang,Hunan,湖南,28.0158,110.173,,,晨阳,https://en.wikipedia.org/wiki/List_of_cities_in_China
1193,郴州,Chenzhou,Hunan,湖南,25.770532,113.014984,市,Municipality,郴州,https://github.com/boyan01/ChinaRegionDistrict
1194,楚江,Chujiang,Hunan,湖南,29.5771,111.363,,,楚江,https://en.wikipedia.org/wiki/List_of_cities_in_China
1195,慈利,Cili,Hunan,湖南,29.4244,111.1201,,,慈利,https://en.wikipedia.org/wiki/List_of_cities_in_China
1196,大馬頭,Damatou,Hunan,湖南,28.6175,112.3369,,,大马头,https://en.wikipedia.org/wiki/List_of_cities_in_China
1197,稻江,Daojiang,Hunan,湖南,25.496,111.5515,,,稻江,https://en.wikipedia.org/wiki/List_of_cities_in_China
1198,定城,Dingcheng,Hunan,湖南,29.0194,111.6798,,,定城,https://en.wikipedia.org/wiki/List_of_cities_in_China
1200,東口,Dongkou,Hunan,湖南,27.0527,110.5361,,,东口,https://en.wikipedia.org/wiki/List_of_cities_in_China
1201,東平,Dongping,Hunan,湖南,28.3802,111.2059,,,东平,https://en.wikipedia.org/wiki/List_of_cities_in_China
1202,東屯渡,Dongtundu,Hunan,湖南,28.1837,113.0321,,,东屯渡,https://en.wikipedia.org/wiki/List_of_cities_in_China
1203,芙蓉北路,Furong Beilu,Hunan,湖南,28.2371,112.9808,,,芙蓉北路,https://en.wikipedia.org/wiki/List_of_cities_in_China
1204,高村,Gaocun,Hunan,湖南,27.8773,109.7848,,,高村,https://en.wikipedia.org/wiki/List_of_cities_in_China
1205,高塘嶺,Gaotangling,Hunan,湖南,28.3667,112.8167,,,高塘岭,https://en.wikipedia.org/wiki/List_of_cities_in_China
1206,關口,Guankou,Hunan,湖南,28.1417,113.625,,,关口,https://github.com/boyan01/ChinaRegionDistrict
1207,桂東城關鎮,Guidong Chengguanzhen,Hunan,湖南,26.079,113.9406,,,桂东城关镇,https://en.wikipedia.org/wiki/List_of_cities_in_China
1208,鬼堂,Guitang,Hunan,湖南,28.14,113.0425,,,鬼堂,https://en.wikipedia.org/wiki/List_of_cities_in_China
1209,貴陽城關鎮,Guiyang Chengguanzhen,Hunan,湖南,25.7333,112.7459,,,贵阳城关镇,https://en.wikipedia.org/wiki/List_of_cities_in_China
1210,古陽,Guyang,Hunan,湖南,28.6139,109.9325,,,古阳,https://en.wikipedia.org/wiki/List_of_cities_in_China
1211,漢昌,Hanchang,Hunan,湖南,28.7,113.5833,,,汉昌,https://en.wikipedia.org/wiki/List_of_cities_in_China
1212,漢壽,Hanshou,Hunan,湖南,28.9058,111.9561,,,汉寿,https://en.wikipedia.org/wiki/List_of_cities_in_China
1213,衡東城關鎮,Hengdong Chengguanzhen,Hunan,湖南,27.0833,112.95,,,衡东城关镇,https://en.wikipedia.org/wiki/List_of_cities_in_China
1214,衡陽,Hengyang,Hunan,湖南,26.893368,112.572018,市,Municipality,衡阳,https://github.com/boyan01/ChinaRegionDistrict
1215,衡陽市,Hengyang,Hunan,湖南,26.8968,112.5857,,,衡阳市,https://github.com/boyan01/ChinaRegionDistrict
1216,鶴山,Heshan,Hunan,湖南,28.5825,112.3503,,,鹤山,https://en.wikipedia.org/wiki/List_of_cities_in_China
1217,虹橋,Hongqiao,Hunan,湖南,26.7684,112.1081,,,虹桥,https://en.wikipedia.org/wiki/List_of_cities_in_China
1218,懷化,Huaihua,Hunan,湖南,27.569517,110.001923,市,Municipality,怀化,https://github.com/boyan01/ChinaRegionDistrict
1219,華榮城關鎮,Huarong Chengguanzhen,Hunan,湖南,29.5189,112.5484,,,华荣城关镇,https://en.wikipedia.org/wiki/List_of_cities_in_China
1221,華遠,Huayuan,Hunan,湖南,28.5881,109.4758,,,华远,https://en.wikipedia.org/wiki/List_of_cities_in_China
1222,嘉禾城關鎮,Jiahe Chengguanzhen,Hunan,湖南,25.5594,112.3635,,,嘉禾城关镇,https://en.wikipedia.org/wiki/List_of_cities_in_China
1224,進士,Jinshi,Hunan,湖南,26.418,110.8002,,,进士,https://github.com/boyan01/ChinaRegionDistrict
1225,開運,Kaiyun,Hunan,湖南,27.2135,112.856,,,开运,https://en.wikipedia.org/wiki/List_of_cities_in_China
1226,漣源,Lianyuan,Hunan,湖南,27.6961,111.6659,,,涟源,https://github.com/boyan01/ChinaRegionDistrict
1227,臨城,Lincheng,Hunan,湖南,26.8693,109.6634,,,临城,https://en.wikipedia.org/wiki/List_of_cities_in_China
1228,靈溪,Lingxi,Hunan,湖南,29.005,109.8447,,,灵溪,https://en.wikipedia.org/wiki/List_of_cities_in_China
1230,林麗,Linli,Hunan,湖南,29.45,111.65,,,林丽,https://en.wikipedia.org/wiki/List_of_cities_in_China
1231,臨武城關鎮,Linwu Chengguanzhen,Hunan,湖南,25.2325,112.5398,,,临武城关镇,https://en.wikipedia.org/wiki/List_of_cities_in_China
1232,柳林洲,Liulinzhou,Hunan,湖南,29.4564,113.0103,,,柳林洲,https://en.wikipedia.org/wiki/List_of_cities_in_China
1233,麗園,Liyuan,Hunan,湖南,29.3954,110.1559,,,丽园,https://en.wikipedia.org/wiki/List_of_cities_in_China
1234,龍波,Longbo,Hunan,湖南,25.9292,111.6222,,,龙波,https://en.wikipedia.org/wiki/List_of_cities_in_China
1235,龍泉,Longquan,Hunan,湖南,25.9014,112.2117,,,龙泉,https://en.wikipedia.org/wiki/List_of_cities_in_China
1236,婁底,Loudi,Hunan,湖南,27.70027,111.994482,市,Municipality,娄底,https://github.com/boyan01/ChinaRegionDistrict
1237,鹿峰,Lufeng,Hunan,湖南,27.9094,110.5858,,,鹿峰,https://en.wikipedia.org/wiki/List_of_cities_in_China
1238,鹿口,Lukou,Hunan,湖南,27.7029,113.152,,,鹿口,https://en.wikipedia.org/wiki/List_of_cities_in_China
1239,民安,Min’an,Hunan,湖南,29.4595,109.437,,,民安,https://en.wikipedia.org/wiki/List_of_cities_in_China
1240,南州,Nanzhou,Hunan,湖南,29.3596,112.4024,,,南州,https://en.wikipedia.org/wiki/List_of_cities_in_China
1241,娘溪,Niangxi,Hunan,湖南,27.3086,111.4319,,,娘溪,https://en.wikipedia.org/wiki/List_of_cities_in_China
1242,前城,Qiancheng,Hunan,湖南,27.185,109.7654,,,前城,https://en.wikipedia.org/wiki/List_of_cities_in_China
1243,乾陵,Qianling,Hunan,湖南,28.7119,109.646,,,乾陵,https://en.wikipedia.org/wiki/List_of_cities_in_China
1244,前州,Qianzhou,Hunan,湖南,28.3185,109.7318,,,前州,https://github.com/boyan01/ChinaRegionDistrict
1245,清遠,Qingyuan,Hunan,湖南,28.1172,112.9985,,,清远,https://en.wikipedia.org/wiki/List_of_cities_in_China
1246,瓊湖,Qionghu,Hunan,湖南,28.8417,112.3595,,,琼湖,https://github.com/boyan01/ChinaRegionDistrict
1247,曲陽,Quyang,Hunan,湖南,26.5751,109.6381,,,曲阳,https://en.wikipedia.org/wiki/List_of_cities_in_China
1248,榮家灣,Rongjiawan,Hunan,湖南,29.3801,113.1,,,荣家湾,https://github.com/boyan01/ChinaRegionDistrict
1249,汝城城關鎮,Rucheng Chengguanzhen,Hunan,湖南,25.5364,113.7155,,,汝城城关镇,https://en.wikipedia.org/wiki/List_of_cities_in_China
1250,魯林,Rulin,Hunan,湖南,26.347,110.2663,,,鲁林,https://en.wikipedia.org/wiki/List_of_cities_in_China
1251,邵陽,Shaoyang,Hunan,湖南,27.23895,111.467674,市,Municipality,邵阳,https://github.com/boyan01/ChinaRegionDistrict
1252,雙江,Shuangjiang,Hunan,湖南,26.1547,109.7138,,,双江,https://en.wikipedia.org/wiki/List_of_cities_in_China
1253,順靈,Shunling,Hunan,湖南,25.5917,111.9303,,,顺灵,https://en.wikipedia.org/wiki/List_of_cities_in_China
1254,塔豐,Tafeng,Hunan,湖南,25.3541,112.1899,,,塔丰,https://en.wikipedia.org/wiki/List_of_cities_in_China
1255,唐東,Tangdong,Hunan,湖南,25.9755,113.2302,,,唐东,https://github.com/boyan01/ChinaRegionDistrict
1256,塘渡口,Tangdukou,Hunan,湖南,27,111.2001,,,塘渡口,https://github.com/boyan01/ChinaRegionDistrict
1257,桃紅,Taohong,Hunan,湖南,27.1011,110.9949,,,桃红,https://en.wikipedia.org/wiki/List_of_cities_in_China
1258,桃花江,Taohuajiang,Hunan,湖南,28.5236,112.1253,,,桃花江,https://en.wikipedia.org/wiki/List_of_cities_in_China
1259,望月,Wangyue,Hunan,湖南,28.2359,112.917,,,望月,https://en.wikipedia.org/wiki/List_of_cities_in_China
1260,文興,Wenxing,Hunan,湖南,28.6667,112.8833,,,文兴,https://en.wikipedia.org/wiki/List_of_cities_in_China
1261,武陵源,Wulingyuan,Hunan,湖南,29.3494,110.5441,,,武陵源,https://en.wikipedia.org/wiki/List_of_cities_in_China
1262,無錫,Wuxi,Hunan,湖南,26.5844,111.859,,,无锡,https://en.wikipedia.org/wiki/List_of_cities_in_China
1263,湘潭,Xiangtan,Hunan,湖南,27.829795,112.944026,市,Municipality,湘潭,https://github.com/boyan01/ChinaRegionDistrict
1264,湘西土家族苗族,Xiangxitujiazumiaozu,Hunan,湖南,28.31195,109.738906,自治州,Municipality,湘西土家族苗族,https://github.com/boyan01/ChinaRegionDistrict
1265,小浦,Xiaopu,Hunan,湖南,25.2392,111.3166,,,小浦,https://en.wikipedia.org/wiki/List_of_cities_in_China
1266,夏陽,Xiayang,Hunan,湖南,26.4889,113.768,,,夏阳,https://en.wikipedia.org/wiki/List_of_cities_in_China
1267,西渡,Xidu,Hunan,湖南,26.9563,112.3683,,,西渡,https://en.wikipedia.org/wiki/List_of_cities_in_China
1268,星沙,Xingsha,Hunan,湖南,28.2397,113.0878,,,星沙,https://en.wikipedia.org/wiki/List_of_cities_in_China
1269,新晃,Xinhuang,Hunan,湖南,27.3736,109.1338,,,新晃,https://en.wikipedia.org/wiki/List_of_cities_in_China
1270,西山,Xishan,Hunan,湖南,27.6609,113.4946,,,西山,https://github.com/boyan01/ChinaRegionDistrict
1271,伊蘇河,Yisuhe,Hunan,湖南,27.7654,112.9268,,,伊苏河,https://en.wikipedia.org/wiki/List_of_cities_in_China
1272,益陽,Yiyang,Hunan,湖南,28.554349,112.355129,市,Municipality,益阳,https://github.com/boyan01/ChinaRegionDistrict
1273,益陽市,Yiyang,Hunan,湖南,28.5833,112.3333,,,益阳市,https://github.com/boyan01/ChinaRegionDistrict
1274,宜章城關鎮,Yizhang Chengguanzhen,Hunan,湖南,25.3832,112.979,,,宜章城关镇,https://en.wikipedia.org/wiki/List_of_cities_in_China
1275,永豐,Yongfeng,Hunan,湖南,27.4283,112.1834,,,永丰,https://en.wikipedia.org/wiki/List_of_cities_in_China
1276,永興城關鎮,Yongxing Chengguanzhen,Hunan,湖南,26.1241,113.1285,,,永兴城关镇,https://en.wikipedia.org/wiki/List_of_cities_in_China
1277,永州,Yongzhou,Hunan,湖南,26.419641,111.613418,市,Municipality,永州,https://github.com/boyan01/ChinaRegionDistrict
1278,攸縣城關鎮,Youxian Chengguanzhen,Hunan,湖南,26.9917,113.3606,,,攸县城关镇,https://en.wikipedia.org/wiki/List_of_cities_in_China
1279,嶽陽,Yueyang,Hunan,湖南,29.356803,113.12873,市,Municipality,岳阳,https://github.com/boyan01/ChinaRegionDistrict
1280,潤治,Yunji,Hunan,湖南,26.6932,112.6675,,,润治,https://en.wikipedia.org/wiki/List_of_cities_in_China
1281,魚潭,Yutan,Hunan,湖南,28.3147,112.554,,,鱼潭,https://github.com/boyan01/ChinaRegionDistrict
1282,張家界,Zhangjiajie,Hunan,湖南,29.117013,110.479148,市,Municipality,张家界,https://github.com/boyan01/ChinaRegionDistrict
1283,張江,Zhangjiang,Hunan,湖南,28.911,111.4799,,,张江,https://en.wikipedia.org/wiki/List_of_cities_in_China
1284,長沙,Changsha,Hunan,湖南,28.22808,112.938884,市,Municipality,长沙,https://github.com/boyan01/ChinaRegionDistrict
1286,枝江,Zhijiang,Hunan,湖南,27.4409,109.678,,,枝江,https://github.com/boyan01/ChinaRegionDistrict
1287,株洲,Zhuzhou,Hunan,湖南,27.827986,113.133853,市,Municipality,株洲,https://github.com/boyan01/ChinaRegionDistrict
1288,北大街,Beidajie,Jiangsu,江蘇,31.5853,120.29,,,北大街,https://en.wikipedia.org/wiki/List_of_cities_in_China
1289,賓湖,Binhu,Jiangsu,江蘇,32.0301,118.7577,,,宾湖,https://en.wikipedia.org/wiki/List_of_cities_in_China
1290,常州,Changzhou,Jiangsu,江蘇,31.811226,119.974061,市,Municipality,常州,https://github.com/boyan01/ChinaRegionDistrict
1291,成祥,Chengxiang,Jiangsu,江蘇,31.4515,121.1043,,,成祥,https://github.com/boyan01/ChinaRegionDistrict
1292,崇安寺,Chong’ansi,Jiangsu,江蘇,31.5799,120.2952,,,崇安寺,https://en.wikipedia.org/wiki/List_of_cities_in_China
1293,春熙,Chunxi,Jiangsu,江蘇,31.3277,118.8749,,,春熙,https://en.wikipedia.org/wiki/List_of_cities_in_China
1294,大中,Dazhong,Jiangsu,江蘇,33.1997,120.4578,,,大中,https://en.wikipedia.org/wiki/List_of_cities_in_China
1295,東台,Dongtai,Jiangsu,江蘇,32.8534,120.3037,,,东台,https://github.com/boyan01/ChinaRegionDistrict
1297,奉賢,Fengxian,Jiangsu,江蘇,34.7039,116.5872,,,奉贤,https://en.wikipedia.org/wiki/List_of_cities_in_China
1298,高郵,Gaoyou,Jiangsu,江蘇,32.7847,119.4432,,,高邮,https://github.com/boyan01/ChinaRegionDistrict
1299,古陽,Guyang,Jiangsu,江蘇,32.1354,119.4421,,,古阳,https://en.wikipedia.org/wiki/List_of_cities_in_China
1300,海安,Hai’an,Jiangsu,江蘇,32.532,120.4604,,,海安,https://github.com/boyan01/ChinaRegionDistrict
1301,海門,Haimen,Jiangsu,江蘇,31.8962,121.1727,,,海门,https://en.wikipedia.org/wiki/List_of_cities_in_China
1302,漢商,Hanshang,Jiangsu,江蘇,32.3774,119.393,,,汉商,https://en.wikipedia.org/wiki/List_of_cities_in_China
1303,合德,Hede,Jiangsu,江蘇,33.7722,120.2618,,,合德,https://en.wikipedia.org/wiki/List_of_cities_in_China
1304,河海,Hehai,Jiangsu,江蘇,31.8292,119.9778,,,河海,https://en.wikipedia.org/wiki/List_of_cities_in_China
1305,赫莉,Helie,Jiangsu,江蘇,31.5214,120.2896,,,赫莉,https://en.wikipedia.org/wiki/List_of_cities_in_China
1306,紅廟,Hongmiao,Jiangsu,江蘇,32.2248,118.9197,,,红庙,https://en.wikipedia.org/wiki/List_of_cities_in_China
1307,淮安,Huaian,Jiangsu,江蘇,33.551052,119.113185,市,Municipality,淮安,https://github.com/boyan01/ChinaRegionDistrict
1308,華陽,Huayang,Jiangsu,江蘇,31.9516,119.1628,,,华阳,https://en.wikipedia.org/wiki/List_of_cities_in_China
1309,迴龍,Huilong,Jiangsu,江蘇,31.8131,121.6574,,,迴龙,https://github.com/boyan01/ChinaRegionDistrict
1310,湖塘,Hutang,Jiangsu,江蘇,31.7158,119.9446,,,湖塘,https://en.wikipedia.org/wiki/List_of_cities_in_China
1311,姜堰,Jiangyan,Jiangsu,江蘇,32.5061,120.1428,,,姜堰,https://en.wikipedia.org/wiki/List_of_cities_in_China
1312,京城,Jingcheng,Jiangsu,江蘇,32.0058,120.2547,,,京城,https://github.com/boyan01/ChinaRegionDistrict
1313,金沙,Jinsha,Jiangsu,江蘇,32.0898,121.0735,,,金沙,https://en.wikipedia.org/wiki/List_of_cities_in_China
1314,覺剛,Juegang,Jiangsu,江蘇,32.3174,121.1855,,,觉刚,https://en.wikipedia.org/wiki/List_of_cities_in_China
1315,連雲港,Lianyungang,Jiangsu,江蘇,34.596653,119.221611,市,Municipality,连云港,https://github.com/boyan01/ChinaRegionDistrict
1316,立城,Licheng,Jiangsu,江蘇,31.4174,119.4786,,,立城,https://github.com/boyan01/ChinaRegionDistrict
1317,梅園新村,Meiyuan Xincun,Jiangsu,江蘇,32.0542,118.7928,,,梅园新村,https://en.wikipedia.org/wiki/List_of_cities_in_China
1318,南昌寺,Nanchansi,Jiangsu,江蘇,31.5624,120.3002,,,南昌寺,https://en.wikipedia.org/wiki/List_of_cities_in_China
1319,南京,Nanjing,Jiangsu,江蘇,32.05957,118.796682,市,Municipality,南京,https://github.com/boyan01/ChinaRegionDistrict
1320,南通,Nantong,Jiangsu,江蘇,31.981143,120.894676,市,Municipality,南通,https://github.com/boyan01/ChinaRegionDistrict
1321,寧南,Ningnan,Jiangsu,江蘇,31.985,118.7815,,,寧南,https://en.wikipedia.org/wiki/List_of_cities_in_China
1322,牛山,Niushan,Jiangsu,江蘇,34.5235,118.765,,,牛山,https://en.wikipedia.org/wiki/List_of_cities_in_China
1323,培城,Peicheng,Jiangsu,江蘇,34.7361,116.9247,,,培城,https://en.wikipedia.org/wiki/List_of_cities_in_China
1324,平江路,Pingjianglu,Jiangsu,江蘇,31.3147,120.6298,,,平江路,https://en.wikipedia.org/wiki/List_of_cities_in_China
1325,青口,Qingkou,Jiangsu,江蘇,34.8483,119.1084,,,青口,https://en.wikipedia.org/wiki/List_of_cities_in_China
1326,秦紅,Qinhong,Jiangsu,江蘇,32.0113,118.7966,,,秦红,https://en.wikipedia.org/wiki/List_of_cities_in_China
1327,汝城,Rucheng,Jiangsu,江蘇,32.3852,120.5634,,,汝城,https://github.com/boyan01/ChinaRegionDistrict
1328,邵陽,Shaoyang,Jiangsu,江蘇,32.9387,119.8404,,,邵阳,https://github.com/boyan01/ChinaRegionDistrict
1329,士路,Shilu,Jiangsu,江蘇,31.3117,120.5941,,,士路,https://en.wikipedia.org/wiki/List_of_cities_in_China
1330,獅山,Shishan,Jiangsu,江蘇,31.2988,120.5652,,,狮山,https://en.wikipedia.org/wiki/List_of_cities_in_China
1331,首湖,Shouxihu,Jiangsu,江蘇,32.4209,119.4044,,,首湖,https://en.wikipedia.org/wiki/List_of_cities_in_China
1332,雙塔,Shuangta,Jiangsu,江蘇,31.3041,120.6297,,,双塔,https://en.wikipedia.org/wiki/List_of_cities_in_China
1333,松齡,Songling,Jiangsu,江蘇,31.1933,120.7176,,,松龄,https://en.wikipedia.org/wiki/List_of_cities_in_China
1334,松龍,Songlong,Jiangsu,江蘇,31.1624,120.6384,,,松龙,https://en.wikipedia.org/wiki/List_of_cities_in_China
1335,隨城,Suicheng,Jiangsu,江蘇,33.8963,117.9331,,,随城,https://en.wikipedia.org/wiki/List_of_cities_in_China
1336,宿遷,Suqian,Jiangsu,江蘇,33.963232,118.275198,市,Municipality,宿迁,https://github.com/boyan01/ChinaRegionDistrict
1337,蘇州,Suzhou,Jiangsu,江蘇,31.2974,120.585728,市,Municipality,苏州,https://github.com/boyan01/ChinaRegionDistrict
1339,泰興,Taixing,Jiangsu,江蘇,32.1724,120.0142,,,泰兴,https://github.com/boyan01/ChinaRegionDistrict
1340,泰州,Taizhou,Jiangsu,江蘇,32.455536,119.922933,市,Municipality,泰州,https://github.com/boyan01/ChinaRegionDistrict
1341,台州,Taizhou,Jiangsu,江蘇,32.4831,119.9,,,台州,https://github.com/boyan01/ChinaRegionDistrict
1343,通山,Tongshan,Jiangsu,江蘇,34.261,117.1859,,,通山,https://github.com/boyan01/ChinaRegionDistrict
1344,文和,Wenhe,Jiangsu,江蘇,32.3952,119.4269,,,文和,https://en.wikipedia.org/wiki/List_of_cities_in_China
1345,五老村,Wulaocun,Jiangsu,江蘇,32.0344,118.7958,,,五老村,https://en.wikipedia.org/wiki/List_of_cities_in_China
1346,無錫,Wuxi,Jiangsu,江蘇,31.491169,120.31191,市,Municipality,无锡,https://github.com/boyan01/ChinaRegionDistrict
1347,新都,Xindu,Jiangsu,江蘇,33.3399,120.1459,,,新都,https://en.wikipedia.org/wiki/List_of_cities_in_China
1348,新浦,Xinpu,Jiangsu,江蘇,34.5906,119.1801,,,新浦,https://github.com/boyan01/ChinaRegionDistrict
1349,雄州,Xiongzhou,Jiangsu,江蘇,32.3436,118.8499,,,雄州,https://en.wikipedia.org/wiki/List_of_cities_in_China
1350,徐州,Xuzhou,Jiangsu,江蘇,34.205768,117.284124,市,Municipality,徐州,https://github.com/boyan01/ChinaRegionDistrict
1351,鹽城,Yancheng,Jiangsu,江蘇,33.347708,120.163107,市,Municipality,盐城,https://github.com/boyan01/ChinaRegionDistrict
1352,楊社,Yangshe,Jiangsu,江蘇,31.8775,120.5512,,,杨社,https://github.com/boyan01/ChinaRegionDistrict
1353,揚州,Yangzhou,Jiangsu,江蘇,32.394209,119.412939,市,Municipality,扬州,https://github.com/boyan01/ChinaRegionDistrict
1354,宜城,Yicheng,Jiangsu,江蘇,31.3697,119.8239,,,宜城,https://github.com/boyan01/ChinaRegionDistrict
1355,宜山,Yishan,Jiangsu,江蘇,34.2994,119.2542,,,宜山,https://en.wikipedia.org/wiki/List_of_cities_in_China
1356,遇龍,Yulong,Jiangsu,江蘇,33.3832,120.1306,,,遇龙,https://en.wikipedia.org/wiki/List_of_cities_in_China
1357,雲陽,Yunyang,Jiangsu,江蘇,31.9956,119.5646,,,云阳,https://en.wikipedia.org/wiki/List_of_cities_in_China
1358,玉山,Yushan,Jiangsu,江蘇,31.6775,120.8013,,,玉山,https://github.com/boyan01/ChinaRegionDistrict
1359,正東路,Zhengdonglu,Jiangsu,江蘇,32.1928,119.4705,,,正东路,https://en.wikipedia.org/wiki/List_of_cities_in_China
1360,鎮江,Zhenjiang,Jiangsu,江蘇,32.187849,119.425836,市,Municipality,镇江,https://github.com/boyan01/ChinaRegionDistrict
1361,鄭州,Zhenzhou,Jiangsu,江蘇,32.2739,119.1619,,,郑州,https://github.com/boyan01/ChinaRegionDistrict
1362,奧西,Aoxi,Jiangxi,江西,27.4259,115.8364,,,奥西,https://en.wikipedia.org/wiki/List_of_cities_in_China
1363,奧陽,Aoyang,Jiangxi,江西,28.239,114.9208,,,奥阳,https://en.wikipedia.org/wiki/List_of_cities_in_China
1364,巴山,Bashan,Jiangxi,江西,27.7682,116.0502,,,巴山,https://en.wikipedia.org/wiki/List_of_cities_in_China
1365,長寧,Changning,Jiangxi,江西,24.9557,115.6424,,,长寧,https://en.wikipedia.org/wiki/List_of_cities_in_China
1366,澄江,Chengjiang,Jiangxi,江西,26.8017,114.8998,,,澄江,https://en.wikipedia.org/wiki/List_of_cities_in_China
1367,陳穎,Chenying,Jiangxi,江西,28.6929,117.0673,,,陈颖,https://en.wikipedia.org/wiki/List_of_cities_in_China
1368,東山,Dongshan,Jiangxi,江西,25.7939,114.5426,,,东山,https://en.wikipedia.org/wiki/List_of_cities_in_China
1370,杜昌,Duchang,Jiangxi,江西,29.266,116.1863,,,杜昌,https://en.wikipedia.org/wiki/List_of_cities_in_China
1371,敦厚,Dunhou,Jiangxi,江西,27.05,114.9,,,敦厚,https://en.wikipedia.org/wiki/List_of_cities_in_China
1372,恩江,Enjiang,Jiangxi,江西,27.3218,115.4292,,,恩江,https://en.wikipedia.org/wiki/List_of_cities_in_China
1373,鳳川,Fengchuan,Jiangxi,江西,28.7,115.3833,,,凤川,https://en.wikipedia.org/wiki/List_of_cities_in_China
1374,鳳崗,Fenggang,Jiangxi,江西,27.5457,116.2146,,,凤岗,https://en.wikipedia.org/wiki/List_of_cities_in_China
1376,奮義,Fenyi,Jiangxi,江西,27.8112,114.668,,,奋义,https://en.wikipedia.org/wiki/List_of_cities_in_China
1377,福良,Fuliang,Jiangxi,江西,29.3764,117.2467,,,福良,https://en.wikipedia.org/wiki/List_of_cities_in_China
1378,芙蓉,Furong,Jiangxi,江西,26.45,114.7667,,,芙蓉,https://en.wikipedia.org/wiki/List_of_cities_in_China
1380,撫州,Fuzhou,Jiangxi,江西,27.949217,116.358181,市,Municipality,抚州,https://github.com/boyan01/ChinaRegionDistrict
1381,福州,Fuzhou,Jiangxi,江西,27.9814,116.3577,市,,福州,https://github.com/boyan01/ChinaRegionDistrict
1382,贛州,Ganzhou,Jiangxi,江西,25.830694,114.933546,市,Municipality,赣州,https://github.com/boyan01/ChinaRegionDistrict
1383,龔江,Gongjiang,Jiangxi,江西,25.9573,115.41,,,龚江,https://en.wikipedia.org/wiki/List_of_cities_in_China
1384,貴溪,Guixi,Jiangxi,江西,28.2861,117.2083,,,贵溪,https://github.com/boyan01/ChinaRegionDistrict
1385,合川,Hechuan,Jiangxi,江西,26.9361,114.2278,,,合川,https://en.wikipedia.org/wiki/List_of_cities_in_China
1386,河口,Hekou,Jiangxi,江西,28.3159,117.7084,,,河口,https://en.wikipedia.org/wiki/List_of_cities_in_China
1387,衡水,Hengshui,Jiangxi,江西,25.7,114.3167,,,衡水,https://en.wikipedia.org/wiki/List_of_cities_in_China
1388,匯昌,Huichang,Jiangxi,江西,25.6007,115.778,,,匯昌,https://en.wikipedia.org/wiki/List_of_cities_in_China
1389,嘉定,Jiading,Jiangxi,江西,25.4295,114.928,,,嘉定,https://en.wikipedia.org/wiki/List_of_cities_in_China
1390,吉安,Jian,Jiangxi,江西,27.090763,114.966567,市,Municipality,吉安,https://github.com/boyan01/ChinaRegionDistrict
1391,建昌,Jianchang,Jiangxi,江西,27.5583,116.6398,,,建昌,https://en.wikipedia.org/wiki/List_of_cities_in_China
1392,金川,Jinchuan,Jiangxi,江西,27.7604,115.3885,,,金川,https://en.wikipedia.org/wiki/List_of_cities_in_China
1393,景德鎮,Jingdezhen,Jiangxi,江西,29.268945,117.178222,市,Municipality,景德镇,https://github.com/boyan01/ChinaRegionDistrict
1394,九江,Jiujiang,Jiangxi,江西,29.662117,115.952914,市,Municipality,九江,https://github.com/boyan01/ChinaRegionDistrict
1395,冀州,Jizhou,Jiangxi,江西,27.1147,114.9795,,,冀州,https://en.wikipedia.org/wiki/List_of_cities_in_China
1396,俊陽,Junyang,Jiangxi,江西,28.4167,115.3667,,,俊阳,https://en.wikipedia.org/wiki/List_of_cities_in_China
1397,康樂,Kangle,Jiangxi,江西,28.0956,114.4501,,,康乐,https://en.wikipedia.org/wiki/List_of_cities_in_China
1398,樂平,Leping,Jiangxi,江西,28.9632,117.1203,,,乐平,https://github.com/boyan01/ChinaRegionDistrict
1399,立實,Lishi,Jiangxi,江西,24.8046,115.0333,,,立实,https://en.wikipedia.org/wiki/List_of_cities_in_China
1400,龍城,Longcheng,Jiangxi,江西,29.8991,116.5511,,,龙城,https://en.wikipedia.org/wiki/List_of_cities_in_China
1401,魯西,Luxi,Jiangxi,江西,27.6362,114.0353,,,鲁西,https://en.wikipedia.org/wiki/List_of_cities_in_China
1402,梅江,Meijiang,Jiangxi,江西,26.4758,116.015,,,梅江,https://en.wikipedia.org/wiki/List_of_cities_in_China
1403,美林,Meilin,Jiangxi,江西,25.8731,115.0108,,,美林,https://en.wikipedia.org/wiki/List_of_cities_in_China
1404,南安,Nan’an,Jiangxi,江西,25.3998,114.3622,,,南安,https://en.wikipedia.org/wiki/List_of_cities_in_China
1405,南昌,Nanchang,Jiangxi,江西,28.682892,115.858198,市,Municipality,南昌,https://github.com/boyan01/ChinaRegionDistrict
1406,南康,Nankang,Jiangxi,江西,29.4465,116.0407,,,南康,https://en.wikipedia.org/wiki/List_of_cities_in_China
1407,平度,Pingdu,Jiangxi,江西,27.3723943108811,114.609460437459,,,平度,https://en.wikipedia.org/wiki/List_of_cities_in_China
1408,萍鄉,Pingxiang,Jiangxi,江西,27.658373,113.887083,市,Municipality,萍乡,https://github.com/boyan01/ChinaRegionDistrict
1409,推桿,Puting,Jiangxi,江西,29.3313,115.7575,,,推桿,https://en.wikipedia.org/wiki/List_of_cities_in_China
1410,秦城,Qincheng,Jiangxi,江西,27.2127,116.5301,,,秦城,https://github.com/boyan01/ChinaRegionDistrict
1411,秦江,Qinjiang,Jiangxi,江西,26.3299,116.3347,,,秦江,https://en.wikipedia.org/wiki/List_of_cities_in_China
1412,青亭,Qinting,Jiangxi,江西,27.1241,113.949,,,青亭,https://en.wikipedia.org/wiki/List_of_cities_in_China
1413,泉江,Quanjiang,Jiangxi,江西,26.3096,114.5129,,,泉江,https://en.wikipedia.org/wiki/List_of_cities_in_China
1414,日豐,Rifeng,Jiangxi,江西,27.2973,116.9111,,,日丰,https://en.wikipedia.org/wiki/List_of_cities_in_China
1415,榕江,Rongjiang,Jiangxi,江西,25.6625,114.7503,,,榕江,https://en.wikipedia.org/wiki/List_of_cities_in_China
1416,上里,Shangli,Jiangxi,江西,27.8771,113.792,,,上里,https://en.wikipedia.org/wiki/List_of_cities_in_China
1417,上饒,Shangrao,Jiangxi,江西,28.454863,117.943433,市,Municipality,上饶,https://github.com/boyan01/ChinaRegionDistrict
1419,雙溪,Shuangxi,Jiangxi,江西,28.863,115.3519,,,双溪,https://en.wikipedia.org/wiki/List_of_cities_in_China
1420,雙中,Shuangzhong,Jiangxi,江西,29.743,116.2243,,,双中,https://en.wikipedia.org/wiki/List_of_cities_in_China
1421,水邊,Shuibian,Jiangxi,江西,27.608,115.3264,,,水边,https://en.wikipedia.org/wiki/List_of_cities_in_China
1422,圖布,Tubu,Jiangxi,江西,29.0453,115.8127,,,图布,https://en.wikipedia.org/wiki/List_of_cities_in_China
1423,文峰,Wenfeng,Jiangxi,江西,27.199,115.1196,,,文峰,https://en.wikipedia.org/wiki/List_of_cities_in_China
1424,向東,Xiangdong,Jiangxi,江西,27.6521,113.7241,,,向东,https://en.wikipedia.org/wiki/List_of_cities_in_China
1425,湘湖,Xianghu,Jiangxi,江西,25.8,116,,,湘湖,https://en.wikipedia.org/wiki/List_of_cities_in_China
1426,下坪,Xiaping,Jiangxi,江西,26.7314,114.2703,,,下坪,https://en.wikipedia.org/wiki/List_of_cities_in_China
1427,興國,Xingguo,Jiangxi,江西,26.3261,115.3472,,,兴国,https://en.wikipedia.org/wiki/List_of_cities_in_China
1428,新余,Xinyu,Jiangxi,江西,27.817808,114.917346,市,Municipality,新余,https://github.com/boyan01/ChinaRegionDistrict
1429,秀姑,Xiugu,Jiangxi,江西,27.9113,116.7764,,,秀姑,https://en.wikipedia.org/wiki/List_of_cities_in_China
1430,徐江,Xujiang,Jiangxi,江西,26.8394,116.3201,,,徐江,https://en.wikipedia.org/wiki/List_of_cities_in_China
1431,許裡,Xuri,Jiangxi,江西,28.4351,117.9198,,,许裡,https://en.wikipedia.org/wiki/List_of_cities_in_China
1433,伊春,Yichun,Jiangxi,江西,27.8041,114.383,,,伊春,https://github.com/boyan01/ChinaRegionDistrict
1434,鷹潭,Yingtan,Jiangxi,江西,28.272537,117.042173,市,Municipality,鹰潭,https://github.com/boyan01/ChinaRegionDistrict
1435,伊寧,Yining,Jiangxi,江西,29.0361,114.5636,,,伊寧,https://en.wikipedia.org/wiki/List_of_cities_in_China
1436,永寧,Yongning,Jiangxi,江西,28.5245,114.3658,,,永寧,https://en.wikipedia.org/wiki/List_of_cities_in_China
1437,昭縣,Zhaoxian,Jiangxi,江西,28.7062,115.7362,,,昭县,https://en.wikipedia.org/wiki/List_of_cities_in_China
1438,紫陽,Ziyang,Jiangxi,江西,29.2497,117.8547,,,紫阳,https://en.wikipedia.org/wiki/List_of_cities_in_China
1439,白城,Baicheng,Jilin,吉林,45.6295358691845,122.838253096222,,,白城,https://en.wikipedia.org/wiki/List_of_cities_in_China; https://github.com/boyan01/ChinaRegionDistrict
1441,百泉,Baiquan,Jilin,吉林,42.8854,124.9583,,,百泉,https://github.com/boyan01/ChinaRegionDistrict
1442,白山,Baishan,Jilin,吉林,41.943972,126.41473,市,Municipality,白山,https://github.com/boyan01/ChinaRegionDistrict
1443,長白,Changbai,Jilin,吉林,41.4167,128.1905,,,长白,https://en.wikipedia.org/wiki/List_of_cities_in_China
1444,長春,Changchun,Jilin,吉林,43.817251,125.323513,市,Municipality,长春,https://github.com/boyan01/ChinaRegionDistrict
1445,長嶺,Changling,Jilin,吉林,44.27,123.99,,,长岭,https://github.com/boyan01/ChinaRegionDistrict
1447,東風,Dongfeng,Jilin,吉林,42.6403,125.5118,,,东风,https://en.wikipedia.org/wiki/List_of_cities_in_China
1448,敦化,Dunhua,Jilin,吉林,43.3667,128.2333,,,敦化,https://github.com/boyan01/ChinaRegionDistrict
1449,撫松,Fusong,Jilin,吉林,42.325,127.2726,,,抚松,https://en.wikipedia.org/wiki/List_of_cities_in_China
1450,光明,Guangming,Jilin,吉林,45.3357,122.7765,,,光明,https://github.com/boyan01/ChinaRegionDistrict
1451,渾江,Hunjiang,Jilin,吉林,41.9346,126.4143,,,浑江,https://en.wikipedia.org/wiki/List_of_cities_in_China
1452,吉安市,Ji’an Shi,Jilin,吉林,41.1231,126.1815,,,吉安市,https://github.com/boyan01/ChinaRegionDistrict
1453,吉林,Jilin,Jilin,吉林,43.837883,126.549572,市,Municipality,吉林,https://github.com/boyan01/ChinaRegionDistrict
1455,寇謙,Kouqian,Jilin,吉林,43.6391,126.4578,,,寇谦,https://en.wikipedia.org/wiki/List_of_cities_in_China
1456,快刀島,Kuaidamao,Jilin,吉林,41.68,125.75,,,快刀岛,https://github.com/boyan01/ChinaRegionDistrict
1457,遼源,Liaoyuan,Jilin,吉林,42.887766,125.14366,市,Municipality,辽源,https://github.com/boyan01/ChinaRegionDistrict
1458,臨江,Linjiang,Jilin,吉林,41.8082,126.9137,,,临江,https://github.com/boyan01/ChinaRegionDistrict
1460,麗樹,Lishu,Jilin,吉林,43.3047,124.3278,,,丽树,https://en.wikipedia.org/wiki/List_of_cities_in_China
1462,六合,Liuhe,Jilin,吉林,42.2789,125.7173,,,六合,https://github.com/boyan01/ChinaRegionDistrict
1463,龍井,Longjing,Jilin,吉林,42.77,129.4197,,,龙井,https://github.com/boyan01/ChinaRegionDistrict
1464,梅河口,Meihekou,Jilin,吉林,42.5279,125.678,,,梅河口,https://github.com/boyan01/ChinaRegionDistrict
1465,明人,Mingren,Jilin,吉林,45.5932,122.8188,,,明人,https://en.wikipedia.org/wiki/List_of_cities_in_China
1466,明月,Mingyue,Jilin,吉林,43.1069,128.9217,,,明月,https://en.wikipedia.org/wiki/List_of_cities_in_China
1467,民珠,Minzhu,Jilin,吉林,43.7192,127.337,,,民珠,https://github.com/boyan01/ChinaRegionDistrict
1468,農安,Nong’an,Jilin,吉林,44.4304,125.1701,,,农安,https://github.com/boyan01/ChinaRegionDistrict
1469,遷安,Qian’an,Jilin,吉林,44.9932,124.0581,,,迁安,https://en.wikipedia.org/wiki/List_of_cities_in_China
1470,前郭,Qianguo,Jilin,吉林,45.1171,124.8568,,,前郭,https://en.wikipedia.org/wiki/List_of_cities_in_China
1471,三岔河,Sanchahe,Jilin,吉林,44.9631,126.0153,,,三岔河,https://en.wikipedia.org/wiki/List_of_cities_in_China
1472,四平,Siping,Jilin,吉林,43.166419,124.350398,市,Municipality,四平,https://github.com/boyan01/ChinaRegionDistrict
1473,松原,Songyuan,Jilin,吉林,45.141548,124.825042,市,Municipality,松原,https://github.com/boyan01/ChinaRegionDistrict
1474,孫家補子,Sunjia Buzi,Jilin,吉林,42.0171,126.5851,,,孙家补子,https://en.wikipedia.org/wiki/List_of_cities_in_China
1475,通化,Tonghua,Jilin,吉林,41.728401,125.939697,市,Municipality,通化,https://github.com/boyan01/ChinaRegionDistrict
1477,通宇,Tongyu,Jilin,吉林,44.8216,123.0747,,,通宇,https://en.wikipedia.org/wiki/List_of_cities_in_China
1479,王慶,Wangqing,Jilin,吉林,43.3248,129.7343,,,王庆,https://github.com/boyan01/ChinaRegionDistrict
1480,延邊朝鮮族,Yanbianchaoxianzu,Jilin,吉林,42.909408,129.471868,自治州,Municipality,延边朝鲜族,https://github.com/boyan01/ChinaRegionDistrict
1481,伊通,Yitong,Jilin,吉林,43.3263,125.2973,,,伊通,https://en.wikipedia.org/wiki/List_of_cities_in_China
1483,振來,Zhenlai,Jilin,吉林,45.8495,123.2973,,,振来,https://en.wikipedia.org/wiki/List_of_cities_in_China
1484,鞍山,Anshan,Liaoning,遼甯,41.108647,122.994329,市,Municipality,鞍山,https://github.com/boyan01/ChinaRegionDistrict
1485,北營子,Beiyingzi,Liaoning,遼甯,40.7607,119.1179,,,北营子,https://en.wikipedia.org/wiki/List_of_cities_in_China
1486,本溪,Benxi,Liaoning,遼甯,41.486981,123.685142,市,Municipality,本溪,https://github.com/boyan01/ChinaRegionDistrict
1487,邊城,Biancheng,Liaoning,遼甯,40.6785,122.3623,,,边城,https://en.wikipedia.org/wiki/List_of_cities_in_China
1488,昌圖,Changtu,Liaoning,遼甯,42.7788,124.0954,,,昌图,https://en.wikipedia.org/wiki/List_of_cities_in_China
1489,朝陽,Chaoyang,Liaoning,遼甯,41.573762,120.450879,市,Municipality,朝阳,https://github.com/boyan01/ChinaRegionDistrict
1490,沈陽,Shenyang,Liaoning,遼甯,41.8264842525899,123.433729690207,市,Municipality,沉阳,https://github.com/boyan01/ChinaRegionDistrict
1491,大連,Dalian,Liaoning,遼甯,38.914086,121.614848,市,Municipality,大连,https://github.com/boyan01/ChinaRegionDistrict
1492,大連市,Dalian,Liaoning,遼甯,38.9131,121.61,,,大连市,https://github.com/boyan01/ChinaRegionDistrict
1493,丹東,Dandong,Liaoning,遼甯,40.000787,124.35445,市,Municipality,丹东,https://github.com/boyan01/ChinaRegionDistrict
1494,大石橋,Dashiqiao,Liaoning,遼甯,40.6328,122.5021,,,大石桥,https://github.com/boyan01/ChinaRegionDistrict
1496,達瓦,Dawa,Liaoning,遼甯,40.9937,122.068,,,达瓦,https://en.wikipedia.org/wiki/List_of_cities_in_China
1497,撫順,Fushun,Liaoning,遼甯,41.880872,123.957208,市,Municipality,抚顺,https://github.com/boyan01/ChinaRegionDistrict
1498,阜新,Fuxin,Liaoning,遼甯,42.021602,121.670273,市,Municipality,阜新,https://github.com/boyan01/ChinaRegionDistrict
1499,蓋州,Gaizhou,Liaoning,遼甯,40.4019,122.3499,,,盖州,https://github.com/boyan01/ChinaRegionDistrict
1500,海城,Haicheng,Liaoning,遼甯,40.8523,122.7474,,,海城,https://github.com/boyan01/ChinaRegionDistrict
1501,葫蘆島,Huludao,Liaoning,遼甯,40.71104,120.836939,市,Municipality,葫芦岛,https://github.com/boyan01/ChinaRegionDistrict
1502,錦州,Jinzhou,Liaoning,遼甯,41.095685,121.126846,市,Municipality,锦州,https://github.com/boyan01/ChinaRegionDistrict
1503,康平,Kangping,Liaoning,遼甯,42.7392,123.3494,,,康平,https://en.wikipedia.org/wiki/List_of_cities_in_China
1504,連山,Lianshan,Liaoning,遼甯,40.7503,120.83,,,连山,https://github.com/boyan01/ChinaRegionDistrict
1505,遼陽,Liaoyang,Liaoning,遼甯,41.267794,123.236974,市,Municipality,辽阳,https://github.com/boyan01/ChinaRegionDistrict
1506,龍崗,Longgang,Liaoning,遼甯,40.7215,120.9256,,,龙岗,https://en.wikipedia.org/wiki/List_of_cities_in_China
1507,苗東,Miaodong,Liaoning,遼甯,41.2807,119.4355,,,苗东,https://en.wikipedia.org/wiki/List_of_cities_in_China
1508,南票,Nanpiao,Liaoning,遼甯,41.0982,120.7479,,,南票,https://en.wikipedia.org/wiki/List_of_cities_in_China
1509,盤錦,Panjin,Liaoning,遼甯,40.719847,122.170584,市,Municipality,盘锦,https://github.com/boyan01/ChinaRegionDistrict
1511,沉陽,Shenyang,Liaoning,遼甯,41.8039,123.4258,,,沉阳,https://github.com/boyan01/ChinaRegionDistrict
1512,鐵嶺,Tieling,Liaoning,遼甯,42.223828,123.726035,市,Municipality,铁岭,https://github.com/boyan01/ChinaRegionDistrict
1513,鐵營子,Tieyingzi,Liaoning,遼甯,41.7786,119.8798,,,铁营子,https://en.wikipedia.org/wiki/List_of_cities_in_China
1514,新興,Xinxing,Liaoning,遼甯,39.8734,124.1453,,,新兴,https://github.com/boyan01/ChinaRegionDistrict
1515,營口,Yingkou,Liaoning,遼甯,40.625364,122.219458,市,Municipality,营口,https://github.com/boyan01/ChinaRegionDistrict
1516,澳門,Macao,Macao,澳門,22.20220322823703. 113.54371647834365,,,,澳门,
1517,阿倫滕西爾,Aletengxire,Inner Mongolia,內蒙古,39.5799,109.7582,,,阿伦滕西尔,https://en.wikipedia.org/wiki/List_of_cities_in_China
1518,百靈廟,Bailingmiao,Inner Mongolia,內蒙古,41.6919,110.4356,,,百灵庙,https://en.wikipedia.org/wiki/List_of_cities_in_China
1519,白銀查幹,Baiyin Chagan,Inner Mongolia,內蒙古,41.4533,113.1833,,,白银查干,https://en.wikipedia.org/wiki/List_of_cities_in_China
1520,巴拉·加爾·高樂,Bala Ga’er Gaole,Inner Mongolia,內蒙古,44.5915,117.6237,,,巴拉·加尔·高乐,https://en.wikipedia.org/wiki/List_of_cities_in_China
1521,包康,Baokang,Inner Mongolia,內蒙古,44.1197,123.3047,,,包康,https://en.wikipedia.org/wiki/List_of_cities_in_China
1522,巴彥熱,Bayan Hot,Inner Mongolia,內蒙古,38.839,105.6686,,,巴彦热,https://github.com/boyan01/ChinaRegionDistrict
1523,巴彥呼緒,Bayan Huxu,Inner Mongolia,內蒙古,45.15,121.4,,,巴彦呼绪,https://en.wikipedia.org/wiki/List_of_cities_in_China
1524,巴音賽,Bayinsai,Inner Mongolia,內蒙古,39.5002,106.7202,,,巴音赛,https://en.wikipedia.org/wiki/List_of_cities_in_China
1525,別里古泰,Bieligutai,Inner Mongolia,內蒙古,44.0303,114.9804,,,别里古泰,https://en.wikipedia.org/wiki/List_of_cities_in_China
1526,長順,Changshun,Inner Mongolia,內蒙古,41.8914,113.9922,,,长顺,https://en.wikipedia.org/wiki/List_of_cities_in_China
1527,城關,Chengguan,Inner Mongolia,內蒙古,39.9072,111.6733,,,城关,https://en.wikipedia.org/wiki/List_of_cities_in_China
1528,大班,Daban,Inner Mongolia,內蒙古,43.5333,118.6667,,,大班,https://en.wikipedia.org/wiki/List_of_cities_in_China
1529,代海,Daihai,Inner Mongolia,內蒙古,40.5211,112.4931,,,代海,https://en.wikipedia.org/wiki/List_of_cities_in_China
1530,達蘭·霍布（Dalain Hob）,Dalain Hob,Inner Mongolia,內蒙古,41.9653,101.0639,,,达兰·霍布（Dalain Hob）,https://en.wikipedia.org/wiki/List_of_cities_in_China
1531,大秦塔爾,Daqin Tal,Inner Mongolia,內蒙古,42.8872,120.6747,,,大秦塔尔,https://en.wikipedia.org/wiki/List_of_cities_in_China
1532,多倫,Duolun,Inner Mongolia,內蒙古,42.1871,116.4891,,,多伦,https://en.wikipedia.org/wiki/List_of_cities_in_China
1533,額爾古納,E’erguna,Inner Mongolia,內蒙古,50.2411,120.172,,,额尔古纳,https://github.com/boyan01/ChinaRegionDistrict
1534,伊恩·哈達格,Ehen Hudag,Inner Mongolia,內蒙古,39.2,101.6667,,,伊恩·哈达格,https://en.wikipedia.org/wiki/List_of_cities_in_China
1535,根河,Genhe,Inner Mongolia,內蒙古,50.7833,121.5167,,,根河,https://github.com/boyan01/ChinaRegionDistrict
1536,哈利特,Haliut,Inner Mongolia,內蒙古,41.5561,108.5197,,,哈利特,https://en.wikipedia.org/wiki/List_of_cities_in_China
1537,和平,Heping,Inner Mongolia,內蒙古,46.0863,122.0771,,,和平,https://en.wikipedia.org/wiki/List_of_cities_in_China
1538,霍博爾,Hobor,Inner Mongolia,內蒙古,41.2715,112.6266,,,霍博尔,https://en.wikipedia.org/wiki/List_of_cities_in_China
1539,呼·埃里格,Hoh Ereg,Inner Mongolia,內蒙古,41.0955,111.4408,,,呼·埃里格,https://github.com/boyan01/ChinaRegionDistrict
1540,呼和浩特市,Hohhot,Inner Mongolia,內蒙古,40.8151,111.6629,,,呼和浩特市,https://github.com/boyan01/ChinaRegionDistrict
1541,內層,Inder,Inner Mongolia,內蒙古,46.7,122.9333,,,内层,https://en.wikipedia.org/wiki/List_of_cities_in_China
1542,景鵬,Jingpeng,Inner Mongolia,內蒙古,43.25,117.5167,,,景鹏,https://en.wikipedia.org/wiki/List_of_cities_in_China
1543,開路,Kailu,Inner Mongolia,內蒙古,43.5837,121.2,,,开路,https://github.com/boyan01/ChinaRegionDistrict
1544,庫倫,Kulun,Inner Mongolia,內蒙古,42.7306,121.7756,,,库伦,https://en.wikipedia.org/wiki/List_of_cities_in_China
1545,林東,Lindong,Inner Mongolia,內蒙古,43.9837,119.1834,,,林东,https://github.com/boyan01/ChinaRegionDistrict
1546,林西,Linxi,Inner Mongolia,內蒙古,43.5171,118.0333,,,林西,https://github.com/boyan01/ChinaRegionDistrict
1547,魯北,Lubei,Inner Mongolia,內蒙古,44.6087,120.9556,,,鲁北,https://en.wikipedia.org/wiki/List_of_cities_in_China
1548,曼達特,Mandalt,Inner Mongolia,內蒙古,43.8403,113.7156,,,曼达特,https://en.wikipedia.org/wiki/List_of_cities_in_China
1549,明安圖,Ming’antu,Inner Mongolia,內蒙古,42.3028,114.9933,,,明安图,https://en.wikipedia.org/wiki/List_of_cities_in_China
1550,莫西泰,Mositai,Inner Mongolia,內蒙古,45.5266,119.6506,,,莫西泰,https://github.com/boyan01/ChinaRegionDistrict
1551,卡斯,Qasq,Inner Mongolia,內蒙古,40.7122,111.1289,,,卡斯,https://en.wikipedia.org/wiki/List_of_cities_in_China
1552,七台,Qitai,Inner Mongolia,內蒙古,41.5494,113.5339,,,七台,https://github.com/boyan01/ChinaRegionDistrict
1553,賽罕塔爾,Saihan Tal,Inner Mongolia,內蒙古,42.7358,112.6514,,,赛罕塔尔,https://en.wikipedia.org/wiki/List_of_cities_in_China
1554,薩拉奇,Salaqi,Inner Mongolia,內蒙古,40.5414,110.5108,,,萨拉奇,https://en.wikipedia.org/wiki/List_of_cities_in_China
1555,上都,Shangdu,Inner Mongolia,內蒙古,42.25,116.008,,,上都,https://en.wikipedia.org/wiki/List_of_cities_in_China
1556,天驕,Tianjiao,Inner Mongolia,內蒙古,39.8255,109.9995,,,天骄,https://en.wikipedia.org/wiki/List_of_cities_in_China
1557,天山,Tianshan,Inner Mongolia,內蒙古,43.8874,120.0934,,,天山,https://en.wikipedia.org/wiki/List_of_cities_in_China
1558,天一,Tianyi,Inner Mongolia,內蒙古,41.5667,119.3333,,,天一,https://en.wikipedia.org/wiki/List_of_cities_in_China
1559,托格羅·烏爾,Togrog Ul,Inner Mongolia,內蒙古,40.7867,113.205,,,托格罗·乌尔,https://en.wikipedia.org/wiki/List_of_cities_in_China
1560,通陽島,Tongyangdao,Inner Mongolia,內蒙古,41.7676,109.9711,,,通阳岛,https://github.com/boyan01/ChinaRegionDistrict
1561,土泉,Tuquan,Inner Mongolia,內蒙古,45.403,121.6046,,,土泉,https://en.wikipedia.org/wiki/List_of_cities_in_China
1562,烏利亞斯泰,Uliastai,Inner Mongolia,內蒙古,45.55,116.8333,,,乌利亚斯泰,https://en.wikipedia.org/wiki/List_of_cities_in_China
1563,烏丹,Wudan,Inner Mongolia,內蒙古,42.9344,119.0239,,,乌丹,https://en.wikipedia.org/wiki/List_of_cities_in_China
1564,辛布拉格,Xin Bulag,Inner Mongolia,內蒙古,42.2375,113.8364,,,辛布拉格,https://en.wikipedia.org/wiki/List_of_cities_in_China
1565,星河城關鎮,Xinghe Chengguanzhen,Inner Mongolia,內蒙古,40.8756,113.8839,,,星河城关镇,https://en.wikipedia.org/wiki/List_of_cities_in_China
1566,新力,Xinli,Inner Mongolia,內蒙古,39.8442,108.7347,,,新力,https://en.wikipedia.org/wiki/List_of_cities_in_China
1567,薛家灣,Xuejiawan,Inner Mongolia,內蒙古,39.8668,111.2208,,,薛家湾,https://en.wikipedia.org/wiki/List_of_cities_in_China
1568,八士,Yakeshi,Inner Mongolia,內蒙古,49.2842,120.7283,,,八士,https://github.com/boyan01/ChinaRegionDistrict
1569,扎蘭屯,Zalantun,Inner Mongolia,內蒙古,48.0033,122.7365,,,扎兰屯,https://github.com/boyan01/ChinaRegionDistrict
1570,阿拉善盟,Alashanmeng,Inner Mongolia,內蒙古,38.851921,105.728957,區,Municipality,阿拉善盟,https://github.com/boyan01/ChinaRegionDistrict
1571,包頭,Baotou,Inner Mongolia,內蒙古,40.621157,109.953504,市,Municipality,包头,https://github.com/boyan01/ChinaRegionDistrict
1572,巴彥淖爾,Bayannaoer,Inner Mongolia,內蒙古,40.743213,107.387657,市,Municipality,巴彦淖尔,https://github.com/boyan01/ChinaRegionDistrict
1573,赤峰,Chifeng,Inner Mongolia,內蒙古,42.257843,118.88694,市,Municipality,赤峰,https://github.com/boyan01/ChinaRegionDistrict
1574,鄂爾多斯,Eerduosi,Inner Mongolia,內蒙古,39.608266,109.781327,市,Municipality,鄂尔多斯,https://github.com/boyan01/ChinaRegionDistrict
1575,呼和浩特,Huhehaote,Inner Mongolia,內蒙古,40.842356,111.749995,市,Municipality,呼和浩特,https://github.com/boyan01/ChinaRegionDistrict
1576,呼倫貝爾,Hulunbeier,Inner Mongolia,內蒙古,49.211576,119.765558,市,Municipality,呼伦贝尔,https://github.com/boyan01/ChinaRegionDistrict
1577,金山,Jinshan,Inner Mongolia,內蒙古,41.9367103740744,118.710838147719,,,金山,https://en.wikipedia.org/wiki/List_of_cities_in_China
1579,通遼,Tongliao,Inner Mongolia,內蒙古,43.652889,122.243444,市,Municipality,通辽,https://github.com/boyan01/ChinaRegionDistrict
1580,烏蘭,Ulan,Inner Mongolia,內蒙古,39.0937,107.9802,,,乌兰,https://en.wikipedia.org/wiki/List_of_cities_in_China
1581,烏蘭華,Ulan Hua,Inner Mongolia,內蒙古,41.5131,111.6964,,,乌兰华,https://en.wikipedia.org/wiki/List_of_cities_in_China
1582,烏海,Wuhai,Inner Mongolia,內蒙古,39.655248,106.794216,市,Municipality,乌海,https://github.com/boyan01/ChinaRegionDistrict
1583,烏蘭察布,Wulanchabu,Inner Mongolia,內蒙古,40.994785,113.132584,市,Municipality,乌兰察布,https://github.com/boyan01/ChinaRegionDistrict
1584,錫林郭勒盟,Xilinguoleimeng,Inner Mongolia,內蒙古,43.933454,116.048222,區,Municipality,锡林郭勒盟,https://github.com/boyan01/ChinaRegionDistrict
1585,興安盟,Xinganmeng,Inner Mongolia,內蒙古,46.082462,122.037657,區,Municipality,兴安盟,https://github.com/boyan01/ChinaRegionDistrict
1586,白洋,Baiyang,Ningxia,甯夏,35.8511,106.639,,,白洋,https://en.wikipedia.org/wiki/List_of_cities_in_China
1587,北街,Beijie,Ningxia,甯夏,39.2226,106.7658,,,北街,https://en.wikipedia.org/wiki/List_of_cities_in_China
1588,濱河,Binhe,Ningxia,甯夏,37.5108,105.1844,,,滨河,https://en.wikipedia.org/wiki/List_of_cities_in_China
1589,東塔,Dongta,Ningxia,甯夏,38.0937,106.3321,,,东塔,https://github.com/boyan01/ChinaRegionDistrict
1590,固原,Guyuan,Ningxia,甯夏,36.015855,106.24261,市,Municipality,固原,https://github.com/boyan01/ChinaRegionDistrict
1591,花町,Huamachi,Ningxia,甯夏,37.7852,107.4032,,,花町,https://en.wikipedia.org/wiki/List_of_cities_in_China
1592,龍德,Longde,Ningxia,甯夏,35.6125,106.1167,,,龙德,https://en.wikipedia.org/wiki/List_of_cities_in_China
1593,寧安,Ning’an,Ningxia,甯夏,37.4975,105.6765,,,寧安,https://en.wikipedia.org/wiki/List_of_cities_in_China
1594,平羅城關鎮,Pingluo Chengguanzhen,Ningxia,甯夏,38.9038,106.5413,,,平罗城关镇,https://en.wikipedia.org/wiki/List_of_cities_in_China
1595,三河,Sanhe,Ningxia,甯夏,36.5641,105.639,,,三河,https://en.wikipedia.org/wiki/List_of_cities_in_China
1596,勝利裡,Shengli,Ningxia,甯夏,37.9843,106.1966,,,胜利裡,https://en.wikipedia.org/wiki/List_of_cities_in_China
1597,石嘴山,Shizuishan,Ningxia,甯夏,38.983236,106.383303,市,Municipality,石嘴山,https://github.com/boyan01/ChinaRegionDistrict
1598,吳忠,Wuzhong,Ningxia,甯夏,37.997428,106.198913,市,Municipality,吴忠,https://github.com/boyan01/ChinaRegionDistrict
1599,響水,Xiangshui,Ningxia,甯夏,35.4769,106.3311,,,响水,https://en.wikipedia.org/wiki/List_of_cities_in_China
1600,西崗,Xigang,Ningxia,甯夏,38.5526,106.348,,,西岗,https://en.wikipedia.org/wiki/List_of_cities_in_China
1601,洋河,Yanghe,Ningxia,甯夏,38.2785,106.2478,,,洋河,https://en.wikipedia.org/wiki/List_of_cities_in_China
1602,銀川,Yinchuan,Ningxia,甯夏,38.487193,106.230909,市,Municipality,银川,https://github.com/boyan01/ChinaRegionDistrict
1603,於海,Yuhai,Ningxia,甯夏,36.9813,105.9061,,,於海,https://en.wikipedia.org/wiki/List_of_cities_in_China
1604,中衛,Zhongwei,Ningxia,甯夏,37.499972,105.196902,市,Municipality,中卫,https://github.com/boyan01/ChinaRegionDistrict
1605,八寶,Babao,Qinghai,青海,38.1806,100.2403,,,八宝,https://en.wikipedia.org/wiki/List_of_cities_in_China
1606,朱重,Chuqung,Qinghai,青海,33.3667,97.1333,,,朱重,https://en.wikipedia.org/wiki/List_of_cities_in_China
1607,大悟,Dawu,Qinghai,青海,34.4662,100.2299,,,大悟,https://en.wikipedia.org/wiki/List_of_cities_in_China
1608,加巴蘇多,Gabasumdo,Qinghai,青海,35.2589,100.5499,,,加巴苏多,https://en.wikipedia.org/wiki/List_of_cities_in_China
1609,格爾木,Golmud,Qinghai,青海,36.4028,94.9042,,,格尔木,https://github.com/boyan01/ChinaRegionDistrict
1610,果洛藏族,Guoluocangzu,Qinghai,青海,34.471431,100.244808,自治州,Municipality,果洛藏族,https://github.com/boyan01/ChinaRegionDistrict
1611,吉古,Gyêgu,Qinghai,青海,33.0166,96.7333,,,吉古,https://github.com/boyan01/ChinaRegionDistrict
1612,海北藏族,Haibeicangzu,Qinghai,青海,36.954413,100.900997,自治州,Municipality,海北藏族,https://github.com/boyan01/ChinaRegionDistrict
1613,海東,Haidong,Qinghai,青海,36.502039,102.104287,市,Municipality,海东,https://github.com/boyan01/ChinaRegionDistrict
1614,海南藏族,Hainancangzu,Qinghai,青海,36.296529,100.622692,自治州,Municipality,海南藏族,https://github.com/boyan01/ChinaRegionDistrict
1615,海西蒙古族藏族,Haiximengguzucangzu,Qinghai,青海,37.377139,97.369751,自治州,Municipality,海西蒙古族藏族,https://github.com/boyan01/ChinaRegionDistrict
1616,豪門,Haomen,Qinghai,青海,37.3619,101.5871,,,豪门,https://en.wikipedia.org/wiki/List_of_cities_in_China
1617,河西,Hexi,Qinghai,青海,37.3672,97.3633,,,河西,https://en.wikipedia.org/wiki/List_of_cities_in_China
1618,和音,Heyin,Qinghai,青海,36.0451,101.4242,,,和音,https://github.com/boyan01/ChinaRegionDistrict
1619,黃南藏族,Huangnancangzu,Qinghai,青海,35.519548,102.015248,自治州,Municipality,黄南藏族,https://github.com/boyan01/ChinaRegionDistrict
1620,吉邁,Jimai,Qinghai,青海,33.7515,99.6482,,,吉迈,https://en.wikipedia.org/wiki/List_of_cities_in_China
1621,吉士,Jishi,Qinghai,青海,35.8461,102.4817,,,吉士,https://en.wikipedia.org/wiki/List_of_cities_in_China
1622,盧沙爾,Lushar,Qinghai,青海,36.4842,101.5633,,,卢沙尔,https://en.wikipedia.org/wiki/List_of_cities_in_China
1623,馬哈里,Machali,Qinghai,青海,34.9333,98.2333,,,马哈里,https://en.wikipedia.org/wiki/List_of_cities_in_China
1624,馬吉堂,Magitang,Qinghai,青海,35.9386,102.0297,,,马吉堂,https://en.wikipedia.org/wiki/List_of_cities_in_China
1625,芒曲,Mangqu,Qinghai,青海,35.5857,100.7524,,,芒曲,https://en.wikipedia.org/wiki/List_of_cities_in_China
1626,卡布,Qabqa,Qinghai,青海,36.2814,100.6131,,,卡布,https://en.wikipedia.org/wiki/List_of_cities_in_China
1627,加根我們,Qagan Us,Qinghai,青海,36.3972,98.0122,,,加根我们,https://en.wikipedia.org/wiki/List_of_cities_in_China
1628,橋頭,Qiaotou,Qinghai,青海,36.935,101.6736,,,桥头,https://en.wikipedia.org/wiki/List_of_cities_in_China
1629,榮沃,Rongwo,Qinghai,青海,35.5165,102.0166,,,荣沃,https://github.com/boyan01/ChinaRegionDistrict
1630,薩胡滕,Sahuteng,Qinghai,青海,32.8942,95.2809,,,萨胡滕,https://en.wikipedia.org/wiki/List_of_cities_in_China
1631,三角城,Sanjiaocheng,Qinghai,青海,36.8908,100.9997,,,三角城,https://en.wikipedia.org/wiki/List_of_cities_in_China
1632,塞賴當,Sêraitang,Qinghai,青海,32.9352,100.7376,,,塞赖当,https://en.wikipedia.org/wiki/List_of_cities_in_China
1633,沙六河,Shaliuhe,Qinghai,青海,37.326,100.1344,,,沙六河,https://en.wikipedia.org/wiki/List_of_cities_in_China
1634,威遠,Weiyuan,Qinghai,青海,36.8532,101.9917,,,威远,https://en.wikipedia.org/wiki/List_of_cities_in_China
1635,西甯,Xining,Qinghai,青海,36.617134,101.778223,市,Municipality,西宁,https://github.com/boyan01/ChinaRegionDistrict
1636,西寧,Xining,Qinghai,青海,36.6239,101.7787,,,西寧,https://github.com/boyan01/ChinaRegionDistrict
1637,鑫源,Xinyuan,Qinghai,青海,37.3,99,,,鑫源,https://en.wikipedia.org/wiki/List_of_cities_in_China
1638,希雷格,Xireg,Qinghai,青海,36.9187,98.4446,,,希雷格,https://en.wikipedia.org/wiki/List_of_cities_in_China
1639,尤甘寧,Youganning,Qinghai,青海,34.7356,101.6114,,,尤甘寧,https://en.wikipedia.org/wiki/List_of_cities_in_China
1640,月蓋,Yuegai,Qinghai,青海,34.1291,95.8001,,,月盖,https://en.wikipedia.org/wiki/List_of_cities_in_China
1641,玉樹藏族,Yushucangzu,Qinghai,青海,33.011674,97.091934,自治州,Municipality,玉树藏族,https://github.com/boyan01/ChinaRegionDistrict
1642,澤克,Zequ,Qinghai,青海,35.0366,101.4662,,,泽克,https://en.wikipedia.org/wiki/List_of_cities_in_China
1643,齊克坦,Ziketan,Qinghai,青海,35.5862,99.9879,,,齐克坦,https://en.wikipedia.org/wiki/List_of_cities_in_China
1644,寶安,Bao’an,Shaanxi,陝西,36.829,108.7581,,,宝安,https://en.wikipedia.org/wiki/List_of_cities_in_China
1645,寶雞石,Baojishi,Shaanxi,陝西,34.3609,107.1751,,,宝鸡石,https://github.com/boyan01/ChinaRegionDistrict
1646,碑林,Beilin,Shaanxi,陝西,34.2285,108.9157,,,碑林,https://en.wikipedia.org/wiki/List_of_cities_in_China
1647,長安,Chang’an,Shaanxi,陝西,34.1511,108.945,,,长安,https://en.wikipedia.org/wiki/List_of_cities_in_China
1648,春華,Chunhua,Shaanxi,陝西,34.7989,108.575,,,春华,https://en.wikipedia.org/wiki/List_of_cities_in_China
1649,大理,Dali,Shaanxi,陝西,34.7953,109.9378,,,大理,https://github.com/boyan01/ChinaRegionDistrict
1650,定邊,Dingbian,Shaanxi,陝西,37.5927,107.5943,,,定边,https://en.wikipedia.org/wiki/List_of_cities_in_China
1651,斗村,Doucun,Shaanxi,陝西,34.7481,109.1797,,,斗村,https://en.wikipedia.org/wiki/List_of_cities_in_China
1652,二曲,Erqu,Shaanxi,陝西,34.1528,108.2064,,,二曲,https://en.wikipedia.org/wiki/List_of_cities_in_China
1653,鳳鳴,Fengming,Shaanxi,陝西,34.4414,107.6178,,,凤鸣,https://en.wikipedia.org/wiki/List_of_cities_in_China
1654,鳳翔城關鎮,Fengxiang Chengguanzhen,Shaanxi,陝西,34.523,107.3913,,,凤翔城关镇,https://en.wikipedia.org/wiki/List_of_cities_in_China
1655,扶風,Fufeng,Shaanxi,陝西,34.3605,107.8735,,,扶风,https://en.wikipedia.org/wiki/List_of_cities_in_China
1656,甘亭,Ganting,Shaanxi,陝西,34.1024,108.6141,,,甘亭,https://en.wikipedia.org/wiki/List_of_cities_in_China
1657,國珍,Guozhen,Shaanxi,陝西,34.3659,107.359,,,国珍,https://en.wikipedia.org/wiki/List_of_cities_in_China
1658,漢賓,Hanbin,Shaanxi,陝西,32.8897,108.9044,,,汉宾,https://en.wikipedia.org/wiki/List_of_cities_in_China
1659,漢陰城關鎮,Hanyin Chengguanzhen,Shaanxi,陝西,32.8914,108.5047,,,汉阴城关镇,https://en.wikipedia.org/wiki/List_of_cities_in_China
1660,漢源,Hanyuan,Shaanxi,陝西,32.834,106.2504,,,汉源,https://en.wikipedia.org/wiki/List_of_cities_in_China
1661,華州,Huazhou,Shaanxi,陝西,34.5152,109.7576,,,华州,https://en.wikipedia.org/wiki/List_of_cities_in_China
1662,建軍,Jianjun,Shaanxi,陝西,34.6914,108.1397,,,建军,https://en.wikipedia.org/wiki/List_of_cities_in_China
1663,靜安,Jinggan,Shaanxi,陝西,34.53,108.8342,,,静安,https://en.wikipedia.org/wiki/List_of_cities_in_China
1664,景陽,Jingyang,Shaanxi,陝西,32.5167,107.8833,,,景阳,https://en.wikipedia.org/wiki/List_of_cities_in_China
1665,金陵,Jinling,Shaanxi,陝西,34.3693,107.15,,,金陵,https://en.wikipedia.org/wiki/List_of_cities_in_China
1666,九成宮,Jiuchenggong,Shaanxi,陝西,34.6787,107.7876,,,九成宫,https://en.wikipedia.org/wiki/List_of_cities_in_China
1667,嵐ao城關鎮,Langao Chengguanzhen,Shaanxi,陝西,32.3003,108.8931,,,嵐ao城关镇,https://en.wikipedia.org/wiki/List_of_cities_in_China
1668,朗關,Languan,Shaanxi,陝西,34.1575,109.3142,,,朗关,https://en.wikipedia.org/wiki/List_of_cities_in_China
1669,蓮湖,Lianhu,Shaanxi,陝西,34.2585,108.9242,,,莲湖,https://en.wikipedia.org/wiki/List_of_cities_in_China
1670,禮泉城關鎮,Liquan Chengguanzhen,Shaanxi,陝西,34.4811,108.4236,,,礼泉城关镇,https://en.wikipedia.org/wiki/List_of_cities_in_China
1671,柳壩,Liuba,Shaanxi,陝西,33.6186,106.9189,,,柳坝,https://en.wikipedia.org/wiki/List_of_cities_in_China
1672,龍縣城,Longxiancheng,Shaanxi,陝西,34.9073,106.8497,,,龙县城,https://en.wikipedia.org/wiki/List_of_cities_in_China
1673,呂陽城關鎮,Lüeyang Chengguanzhen,Shaanxi,陝西,33.332,106.155,,,吕阳城关镇,https://en.wikipedia.org/wiki/List_of_cities_in_China
1674,綠園,Luyuan,Shaanxi,陝西,34.536,109.0851,,,绿园,https://en.wikipedia.org/wiki/List_of_cities_in_China
1675,綿陽,Mianyang,Shaanxi,陝西,33.157,106.6945,,,绵阳,https://en.wikipedia.org/wiki/List_of_cities_in_China
1676,南正城關鎮,Nanzheng Chengguanzhen,Shaanxi,陝西,33.0045,106.9347,,,南正城关镇,https://en.wikipedia.org/wiki/List_of_cities_in_China
1677,寧山城關鎮,Ningshan Chengguanzhen,Shaanxi,陝西,33.3315,108.3069,,,寧山城关镇,https://en.wikipedia.org/wiki/List_of_cities_in_China
1678,農昌八連,Nongchangbalian,Shaanxi,陝西,36.3656,109.6224,,,农昌八连,https://en.wikipedia.org/wiki/List_of_cities_in_China
1679,蒲城城關鎮,Pucheng Chengguanzhen,Shaanxi,陝西,34.9561,109.5841,,,蒲城城关镇,https://en.wikipedia.org/wiki/List_of_cities_in_China
1680,千陽城關鎮,Qianyang Chengguanzhen,Shaanxi,陝西,34.6421,107.1302,,,千阳城关镇,https://en.wikipedia.org/wiki/List_of_cities_in_China
1681,千遊,Qianyou,Shaanxi,陝西,33.6775,109.1233,,,千游,https://en.wikipedia.org/wiki/List_of_cities_in_China
1682,秦都,Qindu,Shaanxi,陝西,34.3419,108.7082,,,秦都,https://en.wikipedia.org/wiki/List_of_cities_in_China
1683,三原城關鎮,Sanyuan Chengguanzhen,Shaanxi,陝西,34.6147,108.9283,,,三原城关镇,https://en.wikipedia.org/wiki/List_of_cities_in_China
1684,壽山,Shoushan,Shaanxi,陝西,34.2777,107.7462,,,寿山,https://en.wikipedia.org/wiki/List_of_cities_in_China
1685,雙石鋪,Shuangshipu,Shaanxi,陝西,33.9171,106.5247,,,双石铺,https://en.wikipedia.org/wiki/List_of_cities_in_China
1686,銅川,Tongchuan,Shaanxi,陝西,34.897887,108.945019,市,Municipality,铜川,https://github.com/boyan01/ChinaRegionDistrict
1687,偉成,Weicheng,Shaanxi,陝西,34.3314,108.7169,,,伟成,https://en.wikipedia.org/wiki/List_of_cities_in_China
1688,渭南,Weinan,Shaanxi,陝西,34.52044,109.471094,市,Municipality,渭南,https://github.com/boyan01/ChinaRegionDistrict
1689,未央,Weiyang,Shaanxi,陝西,34.2906,108.9355,,,未央,https://en.wikipedia.org/wiki/List_of_cities_in_China
1690,吳起,Wuqi,Shaanxi,陝西,36.9263,108.1717,,,吴起,https://en.wikipedia.org/wiki/List_of_cities_in_China
1691,西安,Xi'an,Shaanxi,陝西,34.341574,108.93977,市,Municipality,西安,https://github.com/boyan01/ChinaRegionDistrict
1692,咸陽,Xianyang,Shaanxi,陝西,34.35,108.7167,,,咸阳,https://github.com/boyan01/ChinaRegionDistrict
1693,新城,Xincheng,Shaanxi,陝西,34.2632,108.9495,,,新城,https://en.wikipedia.org/wiki/List_of_cities_in_China
1694,西鄉,Xixiang,Shaanxi,陝西,32.987,107.764,,,西乡,https://en.wikipedia.org/wiki/List_of_cities_in_China
1695,旬邑城關鎮,Xunyi Chengguanzhen,Shaanxi,陝西,35.1173,108.3128,,,旬邑城关镇,https://en.wikipedia.org/wiki/List_of_cities_in_China
1696,顏良,Yanliang,Shaanxi,陝西,34.6592,109.2292,,,顏良,https://en.wikipedia.org/wiki/List_of_cities_in_China
1697,雁塔,Yanta,Shaanxi,陝西,34.2064,108.9524,,,雁塔,https://en.wikipedia.org/wiki/List_of_cities_in_China
1698,耀州,Yaozhou,Shaanxi,陝西,34.9053,108.97,,,耀州,https://en.wikipedia.org/wiki/List_of_cities_in_China
1699,袁家莊,Yuanjiazhuang,Shaanxi,陝西,33.5232,107.983,,,袁家庄,https://en.wikipedia.org/wiki/List_of_cities_in_China
1700,張家pan,Zhangjiapan,Shaanxi,陝西,37.6016,108.797,,,张家pan,https://en.wikipedia.org/wiki/List_of_cities_in_China
1701,昭仁,Zhaoren,Shaanxi,陝西,35.2067,107.7914,,,昭仁,https://en.wikipedia.org/wiki/List_of_cities_in_China
1702,資陽市城關鎮,Ziyang Chengguanzhen,Shaanxi,陝西,32.5192,108.5323,,,资阳市城关镇,https://en.wikipedia.org/wiki/List_of_cities_in_China
1703,嘴頭,Zuitou,Shaanxi,陝西,34.0622,107.3127,,,嘴头,https://en.wikipedia.org/wiki/List_of_cities_in_China
1704,濱州,Binzhou,Shandong,山東,37.38198,117.970699,市,Municipality,滨州,https://github.com/boyan01/ChinaRegionDistrict
1705,成武,Chengwu,Shandong,山東,34.9541,115.8842,,,成武,https://en.wikipedia.org/wiki/List_of_cities_in_China
1706,登州,Dengzhou,Shandong,山東,37.8082,120.7591,,,登州,https://en.wikipedia.org/wiki/List_of_cities_in_China
1707,德州,Dezhou,Shandong,山東,37.436657,116.359381,市,Municipality,德州,https://github.com/boyan01/ChinaRegionDistrict
1708,定陶,Dingtao,Shandong,山東,35.0744,115.5658,,,定陶,https://en.wikipedia.org/wiki/List_of_cities_in_China
1709,東平,Dongping,Shandong,山東,36.499,117.996,,,东平,https://en.wikipedia.org/wiki/List_of_cities_in_China
1710,東營,Dongying,Shandong,山東,37.433963,118.674614,市,Municipality,东营,https://github.com/boyan01/ChinaRegionDistrict
1711,關城,Guancheng,Shandong,山東,36.4803,115.4351,,,关城,https://en.wikipedia.org/wiki/List_of_cities_in_China
1712,廣饒,Guangrao,Shandong,山東,37.0529,118.3991,,,广饶,https://en.wikipedia.org/wiki/List_of_cities_in_China
1713,鼓樓,Gulou,Shandong,山東,36.4441,115.9642,,,鼓楼,https://en.wikipedia.org/wiki/List_of_cities_in_China
1714,河口,Hekou,Shandong,山東,37.8846,118.5266,,,河口,https://en.wikipedia.org/wiki/List_of_cities_in_China
1715,菏澤,Heze,Shandong,山東,35.23375,115.480656,市,Municipality,菏泽,https://github.com/boyan01/ChinaRegionDistrict
1716,環翠樓,Huancuilou,Shandong,山東,37.5004,122.114,,,环翠楼,https://en.wikipedia.org/wiki/List_of_cities_in_China
1717,嘉祥,Jiaxiang,Shandong,山東,35.3961,116.348,,,嘉祥,https://en.wikipedia.org/wiki/List_of_cities_in_China
1718,濟南,Jinan,Shandong,山東,36.6512,117.120098,市,Municipality,济南,https://github.com/boyan01/ChinaRegionDistrict
1720,濟甯,Jining,Shandong,山東,35.414982,116.587282,市,Municipality,济宁,https://github.com/boyan01/ChinaRegionDistrict
1721,濟寧,Jining,Shandong,山東,35.4,116.5667,,,济寧,https://github.com/boyan01/ChinaRegionDistrict
1722,金鄉,Jinxiang,Shandong,山東,35.0704,116.3239,,,金乡,https://en.wikipedia.org/wiki/List_of_cities_in_China
1724,鉅野,Juye,Shandong,山東,35.3947,116.0883,,,鉅野,https://en.wikipedia.org/wiki/List_of_cities_in_China
1725,奎重,Kuiju,Shandong,山東,36.8528,119.3904,,,奎重,https://github.com/boyan01/ChinaRegionDistrict
1726,萊蕪,Laiwu,Shandong,山東,36.213813,117.676723,市,Municipality,莱芜,https://github.com/boyan01/ChinaRegionDistrict
1727,嵐山,Lanshan,Shandong,山東,35.0979,119.344,,,嵐山,https://en.wikipedia.org/wiki/List_of_cities_in_China
1728,樂陵,Leling,Shandong,山東,37.7333,117.2167,,,乐陵,https://github.com/boyan01/ChinaRegionDistrict
1729,聊城,Liaocheng,Shandong,山東,36.456684,115.985389,市,Municipality,聊城,https://github.com/boyan01/ChinaRegionDistrict
1730,靈城,Lingcheng,Shandong,山東,37.3313,116.5695,,,灵城,https://en.wikipedia.org/wiki/List_of_cities_in_China
1733,臨沂,Linyi,Shandong,山東,35.104673,118.356414,市,Municipality,临沂,https://github.com/boyan01/ChinaRegionDistrict
1734,羅峰,Luofeng,Shandong,山東,37.359,120.396,,,罗峰,https://github.com/boyan01/ChinaRegionDistrict
1735,密州,Mizhou,Shandong,山東,36,119.4167,,,密州,https://github.com/boyan01/ChinaRegionDistrict
1736,牡丹,Mudan,Shandong,山東,35.2462,115.4334,,,牡丹,https://en.wikipedia.org/wiki/List_of_cities_in_China
1737,南昌山,Nanchangshan,Shandong,山東,37.9152,120.7325,,,南昌山,https://en.wikipedia.org/wiki/List_of_cities_in_China
1738,南城,Nancheng,Shandong,山東,36.9486,115.9978,,,南城,https://en.wikipedia.org/wiki/List_of_cities_in_China
1739,南馬,Nanma,Shandong,山東,36.1848,118.1549,,,南马,https://en.wikipedia.org/wiki/List_of_cities_in_China
1741,寧津,Ningjin,Shandong,山東,37.6498,116.7933,,,寧津,https://en.wikipedia.org/wiki/List_of_cities_in_China
1743,寧陽,Ningyang,Shandong,山東,35.7701,116.8056,,,寧阳,https://en.wikipedia.org/wiki/List_of_cities_in_China
1744,青島,Qingdao,Shandong,山東,36.067131,120.382621,市,Municipality,青岛,https://github.com/boyan01/ChinaRegionDistrict
1745,青島市,Qingdao,Shandong,山東,36.1167,120.4,,,青岛市,https://github.com/boyan01/ChinaRegionDistrict
1746,青年,Qingnian,Shandong,山東,36.8494,115.7061,,,青年,https://github.com/boyan01/ChinaRegionDistrict
1747,慶陽,Qingyang,Shandong,山東,37.4958,121.2581,,,庆阳,https://en.wikipedia.org/wiki/List_of_cities_in_China
1748,日照,Rizhao,Shandong,山東,35.416734,119.526925,市,Municipality,日照,https://github.com/boyan01/ChinaRegionDistrict
1749,乳山,Rushan,Shandong,山東,36.9052,121.5326,,,乳山,https://en.wikipedia.org/wiki/List_of_cities_in_China
1750,勝利裡,Shengli,Shandong,山東,37.45,118.4667,,,胜利裡,https://github.com/boyan01/ChinaRegionDistrict
1751,泰安,Taian,Shandong,山東,36.200252,117.087614,市,Municipality,泰安,https://github.com/boyan01/ChinaRegionDistrict
1753,城,Tancheng,Shandong,山東,34.6152,118.338,,,城,https://en.wikipedia.org/wiki/List_of_cities_in_China
1754,天府,Tianfu,Shandong,山東,37.2637,122.0523,,,天府,https://en.wikipedia.org/wiki/List_of_cities_in_China
1755,圍場路,Weichanglu,Shandong,山東,37.1792,119.9333,,,围场路,https://github.com/boyan01/ChinaRegionDistrict
1756,濰坊,Weifang,Shandong,山東,36.706962,119.161748,市,Municipality,潍坊,https://github.com/boyan01/ChinaRegionDistrict
1757,威海,Weihai,Shandong,山東,37.513412,122.120282,市,Municipality,威海,https://github.com/boyan01/ChinaRegionDistrict
1758,文華,Wenhua,Shandong,山東,37.3911,121.5896,,,文华,https://en.wikipedia.org/wiki/List_of_cities_in_China
1760,文商,Wenshang,Shandong,山東,35.7284,116.4912,,,文商,https://en.wikipedia.org/wiki/List_of_cities_in_China
1761,襄陽市,Xiangyang,Shandong,山東,37.5316,121.3939,,,襄阳市,https://en.wikipedia.org/wiki/List_of_cities_in_China
1762,新湖,Xinhu,Shandong,山東,37.4464,116.2973,,,新湖,https://en.wikipedia.org/wiki/List_of_cities_in_China
1763,新家,Xinjia,Shandong,山東,37.6574,120.485,,,新家,https://en.wikipedia.org/wiki/List_of_cities_in_China
1764,鹽城,Yancheng,Shandong,山東,36.7994,116.7439,,,盐城,https://en.wikipedia.org/wiki/List_of_cities_in_China
1766,養心,Yangxin,Shandong,山東,37.6447,117.5767,,,养心,https://en.wikipedia.org/wiki/List_of_cities_in_China
1767,楊英,Yangying,Shandong,山東,35.818,115.9481,,,杨英,https://en.wikipedia.org/wiki/List_of_cities_in_China
1768,雁塔,Yanta,Shandong,山東,36.2411,115.6672,,,雁塔,https://en.wikipedia.org/wiki/List_of_cities_in_China
1769,煙台,Yantai,Shandong,山東,37.464539,121.447852,市,Municipality,烟台,https://github.com/boyan01/ChinaRegionDistrict
1770,矢頭,Yatou,Shandong,山東,37.1653,122.4867,,,矢头,https://github.com/boyan01/ChinaRegionDistrict
1772,運城,Yuncheng,Shandong,山東,35.5983,115.9347,,,运城,https://en.wikipedia.org/wiki/List_of_cities_in_China
1773,棗莊,Zaozhuang,Shandong,山東,34.810488,117.323725,市,Municipality,枣庄,https://github.com/boyan01/ChinaRegionDistrict
1774,莊元,Zhuangyuan,Shandong,山東,37.3,120.8333,,,庄元,https://github.com/boyan01/ChinaRegionDistrict
1775,淄博,Zibo,Shandong,山東,36.813546,118.055019,市,Municipality,淄博,https://github.com/boyan01/ChinaRegionDistrict
1776,寶山,Baoshan,Shanghai,上海,31.4084,121.4896,,,宝山,https://en.wikipedia.org/wiki/List_of_cities_in_China
1777,長寧,Changning,Shanghai,上海,31.2174,121.4211,,,长寧,https://en.wikipedia.org/wiki/List_of_cities_in_China
1778,方松,Fangsong,Shanghai,上海,31.0329,121.1894,,,方松,https://en.wikipedia.org/wiki/List_of_cities_in_China
1779,奉賢,Fengxian,Shanghai,上海,30.9187,121.4566,,,奉贤,https://en.wikipedia.org/wiki/List_of_cities_in_China
1780,虹口,Hongkou,Shanghai,上海,31.25,121.4892,,,虹口,https://en.wikipedia.org/wiki/List_of_cities_in_China
1781,盧灣,Luwan,Shanghai,上海,31.2091,121.4634,,,卢湾,https://en.wikipedia.org/wiki/List_of_cities_in_China
1782,浦東,Pudong,Shanghai,上海,31.2231,121.5397,,,浦东,https://github.com/boyan01/ChinaRegionDistrict
1783,上海,Shanghai,Shanghai,上海,31.230372,121.473662,市,Municipality,上海,https://github.com/boyan01/ChinaRegionDistrict
1785,夏陽,Xiayang,Shanghai,上海,31.1497,121.1159,,,夏阳,https://en.wikipedia.org/wiki/List_of_cities_in_China
1786,新城路,Xinchenglu,Shanghai,上海,31.3886,121.2631,,,新城路,https://en.wikipedia.org/wiki/List_of_cities_in_China
1787,徐匯,Xuhui,Shanghai,上海,31.1959,121.4471,,,徐匯,https://en.wikipedia.org/wiki/List_of_cities_in_China
1788,楊浦,Yangpu,Shanghai,上海,31.2619,121.519,,,杨浦,https://en.wikipedia.org/wiki/List_of_cities_in_China
1789,安康,Ankang,Shanxi,山西,32.68481,109.029113,市,Municipality,安康,https://github.com/boyan01/ChinaRegionDistrict
1790,寶雞,Baoji,Shanxi,山西,34.363184,107.237743,市,Municipality,宝鸡,https://github.com/boyan01/ChinaRegionDistrict
1791,柴村,Chaicun,Shanxi,山西,37.9328,112.4764,,,柴村,https://en.wikipedia.org/wiki/List_of_cities_in_China
1792,長寧,Changning,Shanxi,山西,35.9798,110.8221,,,长寧,https://en.wikipedia.org/wiki/List_of_cities_in_China
1793,朝陽,Chaoyang,Shanxi,山西,37.908,113.1504,,,朝阳,https://en.wikipedia.org/wiki/List_of_cities_in_China
1794,崇文,Chongwen,Shanxi,山西,35.7749,113.2508,,,崇文,https://en.wikipedia.org/wiki/List_of_cities_in_China
1795,翠峰,Cuifeng,Shanxi,山西,36.8452,111.7817,,,翠峰,https://en.wikipedia.org/wiki/List_of_cities_in_China
1796,大槐樹,Dahuaishu,Shanxi,山西,36.2656,111.6753,,,大槐树,https://en.wikipedia.org/wiki/List_of_cities_in_China
1797,大月,Daiyue,Shanxi,山西,39.5204,112.8168,,,大月,https://en.wikipedia.org/wiki/List_of_cities_in_China
1798,丹竹,Danzhu,Shanxi,山西,36.1245,112.861,,,丹竹,https://en.wikipedia.org/wiki/List_of_cities_in_China
1799,大同,Datong,Shanxi,山西,40.076763,113.300129,市,Municipality,大同,https://github.com/boyan01/ChinaRegionDistrict
1800,定昌,Dingchang,Shanxi,山西,36.7631,112.6872,,,定昌,https://en.wikipedia.org/wiki/List_of_cities_in_China
1801,東村,Dongcun,Shanxi,山西,38.2944,111.7035,,,东村,https://en.wikipedia.org/wiki/List_of_cities_in_China
1802,東莞,Dongguan,Shanxi,山西,39.0173,111.1267,,,东莞,https://en.wikipedia.org/wiki/List_of_cities_in_China
1803,東渠,Dongqu,Shanxi,山西,37.9202,112.2002,,,东渠,https://en.wikipedia.org/wiki/List_of_cities_in_China
1804,鄂城,Echeng,Shanxi,山西,38.3744,111.9717,,,鄂城,https://en.wikipedia.org/wiki/List_of_cities_in_China
1805,範城,Fancheng,Shanxi,山西,39.1899,113.264,,,范城,https://en.wikipedia.org/wiki/List_of_cities_in_China
1806,鳳城,Fengcheng,Shanxi,山西,37.4321455238932,112.017906240123,,,凤城,https://en.wikipedia.org/wiki/List_of_cities_in_China
1808,鳳凰牌,Fenghuang,Shanxi,山西,38.9978,112.2978,,,凤凰牌,https://en.wikipedia.org/wiki/List_of_cities_in_China
1809,豐州,Fengzhou,Shanxi,山西,36.8428,112.8542,,,丰州,https://en.wikipedia.org/wiki/List_of_cities_in_China
1810,福城,Fucheng,Shanxi,山西,36.1468,112.2335,,,福城,https://en.wikipedia.org/wiki/List_of_cities_in_China
1811,哥東,Gedong,Shanxi,山西,37.8931,111.2554,,,哥东,https://en.wikipedia.org/wiki/List_of_cities_in_China
1812,關山,Guanshan,Shanxi,山西,37.8081,113.597,,,关山,https://en.wikipedia.org/wiki/List_of_cities_in_China
1813,古漢,Guhan,Shanxi,山西,36.5355,113.0253,,,古汉,https://en.wikipedia.org/wiki/List_of_cities_in_China
1814,古江,Gujiang,Shanxi,山西,35.494,111.5533,,,古江,https://en.wikipedia.org/wiki/List_of_cities_in_China
1815,古濤,Gutao,Shanxi,山西,37.2025,112.1781,,,古涛,https://en.wikipedia.org/wiki/List_of_cities_in_China
1816,古維,Guwei,Shanxi,山西,34.7103,110.6571,,,古维,https://en.wikipedia.org/wiki/List_of_cities_in_China
1817,邯鄲,Handian,Shanxi,山西,36.0458,113.0442,,,邯郸,https://en.wikipedia.org/wiki/List_of_cities_in_China
1818,漢中,Hanzhong,Shanxi,山西,33.067225,107.02305,市,Municipality,汉中,https://github.com/boyan01/ChinaRegionDistrict
1819,黃寨,Huangzhai,Shanxi,山西,38.0751,112.6595,,,黄寨,https://en.wikipedia.org/wiki/List_of_cities_in_China
1820,虎泉,Huquan,Shanxi,山西,39.7954,114.183,,,虎泉,https://en.wikipedia.org/wiki/List_of_cities_in_China
1821,吉昌,Jichang,Shanxi,山西,36.1011,110.6733,,,吉昌,https://en.wikipedia.org/wiki/List_of_cities_in_China
1822,吉成,Jicheng,Shanxi,山西,37.0636,112.9577,,,吉成,https://en.wikipedia.org/wiki/List_of_cities_in_China
1823,吉豐,Jifeng,Shanxi,山西,35.6135,110.9585,,,吉丰,https://en.wikipedia.org/wiki/List_of_cities_in_China
1824,金昌,Jinchang,Shanxi,山西,38.4981,112.9236,,,金昌,https://en.wikipedia.org/wiki/List_of_cities_in_China
1826,晉城,Jincheng,Shanxi,山西,35.4930719683491,112.852002283348,市,Municipality,晋城,https://github.com/boyan01/ChinaRegionDistrict
1828,景平,Jingping,Shanxi,山西,39.52,112.2839,,,景平,https://en.wikipedia.org/wiki/List_of_cities_in_China
1829,金源,Jinyuan,Shanxi,山西,37.7269,112.4708,,,金源,https://en.wikipedia.org/wiki/List_of_cities_in_China
1830,晉中,Jinzhong,Shanxi,山西,37.687357,112.752652,市,Municipality,晋中,https://github.com/boyan01/ChinaRegionDistrict
1831,朱倫,Julun,Shanxi,山西,37.9074,112.5577,,,朱伦,https://en.wikipedia.org/wiki/List_of_cities_in_China
1832,藍衣,Lanyi,Shanxi,山西,38.7198,111.5978,,,蓝衣,https://en.wikipedia.org/wiki/List_of_cities_in_China
1833,樂昌市,Lechang,Shanxi,山西,35.642,111.4672,,,乐昌市,https://en.wikipedia.org/wiki/List_of_cities_in_China
1834,樂平,Leping,Shanxi,山西,37.6147,113.665,,,乐平,https://en.wikipedia.org/wiki/List_of_cities_in_China
1835,遼陽,Liaoyang,Shanxi,山西,37.0798,113.3399,,,辽阳,https://en.wikipedia.org/wiki/List_of_cities_in_China
1836,禮侯,Lihou,Shanxi,山西,36.5029,113.3695,,,礼侯,https://en.wikipedia.org/wiki/List_of_cities_in_China
1837,臨汾,Linfen,Shanxi,山西,36.088005,111.518975,市,Municipality,临汾,https://github.com/boyan01/ChinaRegionDistrict
1838,靈泉,Lingquan,Shanxi,山西,36.9995,110.844,,,灵泉,https://en.wikipedia.org/wiki/List_of_cities_in_China
1839,臨江,Linjiang,Shanxi,山西,36.3275,112.8819,,,临江,https://en.wikipedia.org/wiki/List_of_cities_in_China
1840,臨泉,Linquan,Shanxi,山西,37.9796,111.0206,,,临泉,https://en.wikipedia.org/wiki/List_of_cities_in_China
1841,柳林,Liulin,Shanxi,山西,37.4533,110.9019,,,柳林,https://en.wikipedia.org/wiki/List_of_cities_in_China
1842,柳鄉,Liuxiang,Shanxi,山西,37.8714,112.5605,,,柳乡,https://en.wikipedia.org/wiki/List_of_cities_in_China
1843,龍崗,Longgang,Shanxi,山西,35.6894,112.158,,,龙岗,https://en.wikipedia.org/wiki/List_of_cities_in_China
1848,龍興,Longxing,Shanxi,山西,35.613,111.2192,,,龙兴,https://en.wikipedia.org/wiki/List_of_cities_in_China
1850,樓凡,Loufan,Shanxi,山西,38.0918,111.8072,,,楼凡,https://en.wikipedia.org/wiki/List_of_cities_in_China
1851,鹿花,Luhua,Shanxi,山西,36.3314,113.2244,,,鹿花,https://en.wikipedia.org/wiki/List_of_cities_in_China
1852,呂梁,Lüliang,Shanxi,山西,37.519126,111.144699,市,Municipality,吕梁,https://github.com/boyan01/ChinaRegionDistrict
1853,明興,Mingxing,Shanxi,山西,37.4264,112.5442,,,明兴,https://en.wikipedia.org/wiki/List_of_cities_in_China
1854,南村,Nancun,Shanxi,山西,35.4635,112.796,,,南村,https://en.wikipedia.org/wiki/List_of_cities_in_China
1855,寧鄉,Ningxiang,Shanxi,山西,37.34,111.2052,,,寧乡,https://en.wikipedia.org/wiki/List_of_cities_in_China
1857,浦城,Pucheng,Shanxi,山西,36.4136,111.095,,,浦城,https://en.wikipedia.org/wiki/List_of_cities_in_China
1858,千峰,Qianfeng,Shanxi,山西,37.8494,112.5208,,,千峰,https://en.wikipedia.org/wiki/List_of_cities_in_China
1859,慶陽,Qingyang,Shanxi,山西,36.2071,113.4172,,,庆阳,https://en.wikipedia.org/wiki/List_of_cities_in_China
1860,清遠,Qingyuan,Shanxi,山西,37.6175,112.3258,,,清远,https://en.wikipedia.org/wiki/List_of_cities_in_China
1861,沁河,Qinhe,Shanxi,山西,36.5014,112.3247,,,沁河,https://en.wikipedia.org/wiki/List_of_cities_in_China
1862,上官,Shangguan,Shanxi,山西,39.069,112.9291,,,上官,https://en.wikipedia.org/wiki/List_of_cities_in_China
1863,商洛,Shangluo,Shanxi,山西,33.872726,109.91857,市,Municipality,商洛,https://github.com/boyan01/ChinaRegionDistrict
1864,聖人劍,Shengrenjian,Shanxi,山西,34.8442,111.1913,,,圣人剑,https://en.wikipedia.org/wiki/List_of_cities_in_China
1865,水頭,Shuitou,Shanxi,山西,36.9731,111.2091,,,水头,https://en.wikipedia.org/wiki/List_of_cities_in_China
1866,朔州,Shuozhou,Shanxi,山西,39.331855,112.432991,市,Municipality,朔州,https://github.com/boyan01/ChinaRegionDistrict
1867,太成,Taicheng,Shanxi,山西,38.731,113.228,,,太成,https://en.wikipedia.org/wiki/List_of_cities_in_China
1868,太原,Taiyuan,Shanxi,山西,37.87059,112.548879,市,Municipality,太原,https://github.com/boyan01/ChinaRegionDistrict
1869,唐興,Tangxing,Shanxi,山西,35.7452,111.6987,,,唐兴,https://en.wikipedia.org/wiki/List_of_cities_in_China
1870,天寧,Tianning,Shanxi,山西,37.5472,112.1605,,,天寧,https://en.wikipedia.org/wiki/List_of_cities_in_China
1871,天壇,Tiantan,Shanxi,山西,35.9661,111.8417,,,天坛,https://en.wikipedia.org/wiki/List_of_cities_in_China
1872,桐城,Tongcheng,Shanxi,山西,35.3547,111.2161,,,桐城,https://en.wikipedia.org/wiki/List_of_cities_in_China
1873,微芬,Weifen,Shanxi,山西,38.4806,111.1666,,,微芬,https://en.wikipedia.org/wiki/List_of_cities_in_China
1874,文壁,Wenbi,Shanxi,山西,39.3874,111.1912,,,文壁,https://en.wikipedia.org/wiki/List_of_cities_in_China
1875,武陵,Wuling,Shanxi,山西,39.468,114.1484,,,武陵,https://en.wikipedia.org/wiki/List_of_cities_in_China
1876,鹹陽,Xianyang,Shanxi,山西,34.32987,108.709136,市,Municipality,咸阳,https://github.com/boyan01/ChinaRegionDistrict
1877,小店,Xiaodian,Shanxi,山西,37.7364,112.5564,,,小店,https://en.wikipedia.org/wiki/List_of_cities_in_China
1878,下店,Xiedian,Shanxi,山西,35.4282,110.8118,,,下店,https://en.wikipedia.org/wiki/List_of_cities_in_China
1880,新城,Xincheng,Shanxi,山西,39.9900469605686,112.474363893101,,,新城,https://en.wikipedia.org/wiki/List_of_cities_in_China
1882,新館,Xinguan,Shanxi,山西,39.4553,111.53,,,新馆,https://en.wikipedia.org/wiki/List_of_cities_in_China
1883,新水,Xinshui,Shanxi,山西,36.4784,110.7552,,,新水,https://en.wikipedia.org/wiki/List_of_cities_in_China
1884,忻州,Xinzhou,Shanxi,山西,38.416663,112.734174,市,Municipality,忻州,https://github.com/boyan01/ChinaRegionDistrict
1885,西坪,Xiping,Shanxi,山西,40.08,113.3,,,西坪,https://github.com/boyan01/ChinaRegionDistrict
1886,秀水,Xiushui,Shanxi,山西,38.1038,113.3886,,,秀水,https://en.wikipedia.org/wiki/List_of_cities_in_China
1887,延安,Yan'an,Shaanxi,陝西,36.651381,109.494112,市,Municipality,延安,https://github.com/boyan01/ChinaRegionDistrict
1888,鹽城,Yancheng,Shanxi,山西,38.9154,111.8693,,,盐城,https://en.wikipedia.org/wiki/List_of_cities_in_China
1889,陽泉,Yangquan,Shanxi,山西,37.856971,113.580519,市,Municipality,阳泉,https://github.com/boyan01/ChinaRegionDistrict
1890,耀峰,Yaofeng,Shanxi,山西,35.1386,111.2122,,,耀峰,https://en.wikipedia.org/wiki/List_of_cities_in_China
1891,銀鷹,Yinying,Shanxi,山西,37.9369,113.5575,,,银鹰,https://en.wikipedia.org/wiki/List_of_cities_in_China
1892,義士,Yishi,Shanxi,山西,35.165,110.746,,,义士,https://en.wikipedia.org/wiki/List_of_cities_in_China
1893,宜興,Yixing,Shanxi,山西,37.3376,113.5393,,,宜兴,https://en.wikipedia.org/wiki/List_of_cities_in_China
1894,永安,Yong’an,Shanxi,山西,36.6576,111.5664,,,永安,https://en.wikipedia.org/wiki/List_of_cities_in_China
1895,岳陽,Yueyang,Shanxi,山西,36.2896,111.9145,,,岳阳,https://en.wikipedia.org/wiki/List_of_cities_in_China
1896,榆林,Yulin,Shanxi,山西,38.285369,109.734474,市,Municipality,榆林,https://github.com/boyan01/ChinaRegionDistrict
1897,運城,Yuncheng,Shanxi,山西,35.026516,111.00746,市,Municipality,运城,https://github.com/boyan01/ChinaRegionDistrict
1898,雲星,Yunxing,Shanxi,山西,39.9991,112.6979,,,云星,https://en.wikipedia.org/wiki/List_of_cities_in_China
1899,雲中,Yunzhong,Shanxi,山西,39.8143,113.0946,,,云中,https://github.com/boyan01/ChinaRegionDistrict
1900,玉泉,Yuquan,Shanxi,山西,40.4426,113.9744,,,玉泉,https://en.wikipedia.org/wiki/List_of_cities_in_China
1901,長治,Changzhi,Shanxi,山西,36.195409,113.116404,市,Municipality,长治,https://github.com/boyan01/ChinaRegionDistrict
1902,昭玉,Zhaoyu,Shanxi,山西,37.3553,112.3167,,,昭玉,https://en.wikipedia.org/wiki/List_of_cities_in_China
1903,志和,Zhihe,Shanxi,山西,36.78,110.6396,,,志和,https://en.wikipedia.org/wiki/List_of_cities_in_China
1904,阿壩,Aba,Sichuan,四川,32.9059,101.7063,,,阿坝,https://en.wikipedia.org/wiki/List_of_cities_in_China
1905,阿壩藏族羌族,Abacangzuqiangzu,Sichuan,四川,31.899413,102.224653,自治州,Municipality,阿坝藏族羌族,https://github.com/boyan01/ChinaRegionDistrict
1906,安菊,Anju,Sichuan,四川,30.3496,105.4559,,,安菊,https://en.wikipedia.org/wiki/List_of_cities_in_China
1907,白溪,Baixi,Sichuan,四川,28.6997,104.5492,,,白溪,https://en.wikipedia.org/wiki/List_of_cities_in_China
1909,八塘,Batang,Sichuan,四川,30.0066,99.1072,,,八塘,https://en.wikipedia.org/wiki/List_of_cities_in_China
1910,巴中,Bazhong,Sichuan,四川,31.867903,106.747477,市,Municipality,巴中,https://github.com/boyan01/ChinaRegionDistrict
1911,霸州,Bazhou,Sichuan,四川,31.8576,106.7559,,,霸州,https://github.com/boyan01/ChinaRegionDistrict
1914,超天,Chaotian,Sichuan,四川,32.6446,105.885,,,超天,https://en.wikipedia.org/wiki/List_of_cities_in_China
1915,成都,Chengdu,Sichuan,四川,30.572893,104.066794,市,Municipality,成都,https://github.com/boyan01/ChinaRegionDistrict
1916,成祥,Chengxiang,Sichuan,四川,28.5526,102.1682,,,成祥,https://en.wikipedia.org/wiki/List_of_cities_in_China
1917,赤城,Chicheng,Sichuan,四川,30.7794,105.7121,,,赤城,https://en.wikipedia.org/wiki/List_of_cities_in_China
1918,崇龍,Chonglong,Sichuan,四川,29.7806,104.8522,,,崇龙,https://en.wikipedia.org/wiki/List_of_cities_in_China
1919,大渡口,Dadukou,Sichuan,四川,26.5849,101.7149,,,大渡口,https://github.com/boyan01/ChinaRegionDistrict
1920,大扎寺,Dazhasi,Sichuan,四川,33.578,102.9641,,,大扎寺,https://en.wikipedia.org/wiki/List_of_cities_in_China
1921,達州,Dazhou,Sichuan,四川,31.209121,107.467758,市,Municipality,达州,https://github.com/boyan01/ChinaRegionDistrict
1922,德陽,Deyang,Sichuan,四川,31.126855,104.397894,市,Municipality,德阳,https://github.com/boyan01/ChinaRegionDistrict
1923,德州,Dezhou,Sichuan,四川,27.4081,102.18,,,德州,https://en.wikipedia.org/wiki/List_of_cities_in_China
1924,鼎平,Dingping,Sichuan,四川,30.3386,106.927,,,鼎平,https://en.wikipedia.org/wiki/List_of_cities_in_China
1925,東河,Donghe,Sichuan,四川,32.2334,106.3013,,,东河,https://en.wikipedia.org/wiki/List_of_cities_in_China
1926,東昇,Dongsheng,Sichuan,四川,30.5738,103.9213,,,东昇,https://en.wikipedia.org/wiki/List_of_cities_in_China
1927,方廷,Fangting,Sichuan,四川,31.1282,104.1695,,,方廷,https://github.com/boyan01/ChinaRegionDistrict
1928,鳳儀,Fengyi,Sichuan,四川,31.6841,103.8538,,,凤仪,https://en.wikipedia.org/wiki/List_of_cities_in_China
1932,甘子,Ganzi,Sichuan,四川,31.6274,99.9941,,,甘子,https://en.wikipedia.org/wiki/List_of_cities_in_China
1933,甘孜藏族,Ganzicangzu,Sichuan,四川,30.04952,101.96231,自治州,Municipality,甘孜藏族,https://github.com/boyan01/ChinaRegionDistrict
1934,高平,Gaoping,Sichuan,四川,30.7804,106.13,,,高平,https://github.com/boyan01/ChinaRegionDistrict
1935,更慶,Gengqing,Sichuan,四川,31.8165,98.5958,,,更庆,https://en.wikipedia.org/wiki/List_of_cities_in_China
1936,恭敬,Gongjing,Sichuan,四川,29.3475,104.7116,,,恭敬,https://en.wikipedia.org/wiki/List_of_cities_in_China
1937,廣安,Guangan,Sichuan,四川,30.456224,106.633088,市,Municipality,广安,https://github.com/boyan01/ChinaRegionDistrict
1938,光明,Guangming,Sichuan,四川,28.3102,102.4119,,,光明,https://en.wikipedia.org/wiki/List_of_cities_in_China
1939,廣元,Guangyuan,Sichuan,四川,32.435435,105.843357,市,Municipality,广元,https://github.com/boyan01/ChinaRegionDistrict
1940,古林,Gulin,Sichuan,四川,28.0422,105.8104,,,古林,https://en.wikipedia.org/wiki/List_of_cities_in_China
1941,合江,Hejiang,Sichuan,四川,28.8116,105.8336,,,合江,https://en.wikipedia.org/wiki/List_of_cities_in_China
1942,河口,Hekou,Sichuan,四川,30.0323,101.0054,,,河口,https://en.wikipedia.org/wiki/List_of_cities_in_China
1943,和平一水,Hepingyizu,Sichuan,四川,29.2469,103.0825,,,和平一水,https://en.wikipedia.org/wiki/List_of_cities_in_China
1944,花改,Huagai,Sichuan,四川,31.5463,104.5553,,,花改,https://en.wikipedia.org/wiki/List_of_cities_in_China
1946,惠東,Huidong,Sichuan,四川,26.6374,102.5757,,,惠东,https://en.wikipedia.org/wiki/List_of_cities_in_China
1947,匯里城關鎮,Huili Chengguanzhen,Sichuan,四川,26.6626,102.2439,,,匯里城关镇,https://en.wikipedia.org/wiki/List_of_cities_in_China
1948,活化,Huohua,Sichuan,四川,30.759,106.0594,,,活化,https://en.wikipedia.org/wiki/List_of_cities_in_China
1949,建城,Jiancheng,Sichuan,四川,30.391,104.5491,,,建城,https://en.wikipedia.org/wiki/List_of_cities_in_China
1950,江安,Jiang’an,Sichuan,四川,28.7334,105.0683,,,江安,https://en.wikipedia.org/wiki/List_of_cities_in_China
1951,江口,Jiangkou,Sichuan,四川,31.5651,107.0974,,,江口,https://en.wikipedia.org/wiki/List_of_cities_in_China
1952,劍南,Jiannan,Sichuan,四川,31.3446,104.1994,,,剑南,https://github.com/boyan01/ChinaRegionDistrict
1953,建設社,Jianshe,Sichuan,四川,31.2159,98.8287,,,建设社,https://en.wikipedia.org/wiki/List_of_cities_in_China
1954,濟安,Jin’an,Sichuan,四川,32.6394,103.5968,,,济安,https://en.wikipedia.org/wiki/List_of_cities_in_China
1955,珍娥,Jin’e,Sichuan,四川,29.3395,105.2868,,,珍娥,https://github.com/boyan01/ChinaRegionDistrict
1958,金川,Jinchuan,Sichuan,四川,31.4755,102.0588,,,金川,https://en.wikipedia.org/wiki/List_of_cities_in_China
1959,金竹,Jinzhu,Sichuan,四川,29.0419,100.2948,,,金竹,https://en.wikipedia.org/wiki/List_of_cities_in_China
1960,九龍,Jiulong,Sichuan,四川,30.5362,106.4371,,,九龙,https://en.wikipedia.org/wiki/List_of_cities_in_China
1962,俊聯,Junlian,Sichuan,四川,28.1711,104.5116,,,俊联,https://en.wikipedia.org/wiki/List_of_cities_in_China
1963,開江,Kaijiang,Sichuan,四川,31.0396,104.6745,,,开江,https://en.wikipedia.org/wiki/List_of_cities_in_China
1964,郎池,Langchi,Sichuan,四川,31.0795,106.5651,,,郎池,https://en.wikipedia.org/wiki/List_of_cities_in_China
1965,樂山,Leshan,Sichuan,四川,29.552115,103.765678,市,Municipality,乐山,https://github.com/boyan01/ChinaRegionDistrict
1966,涼山彜族,Liangshanyizu,Sichuan,四川,27.88157,102.267712,自治州,Municipality,凉山彝族,https://github.com/boyan01/ChinaRegionDistrict
1967,凌江,Lingjiang,Sichuan,四川,31.7346,105.9316,,,凌江,https://en.wikipedia.org/wiki/List_of_cities_in_China
1968,六成,Liucheng,Sichuan,四川,30.7,103.8377,,,六成,https://en.wikipedia.org/wiki/List_of_cities_in_China
1969,龍安,Long’an,Sichuan,四川,32.4093,104.5287,,,龙安,https://en.wikipedia.org/wiki/List_of_cities_in_China
1970,龍泉,Longquan,Sichuan,四川,30.5613,104.2689,,,龙泉,https://en.wikipedia.org/wiki/List_of_cities_in_China
1971,鹿城,Lucheng,Sichuan,四川,30.05,101.9667,,,鹿城,https://github.com/boyan01/ChinaRegionDistrict
1972,鹿花,Luhua,Sichuan,四川,32.0671,102.9879,,,鹿花,https://en.wikipedia.org/wiki/List_of_cities_in_China
1973,羅城,Luocheng,Sichuan,四川,30.9793,104.28,,,罗城,https://github.com/boyan01/ChinaRegionDistrict
1974,羅江,Luojiang,Sichuan,四川,31.305,104.5048,,,罗江,https://en.wikipedia.org/wiki/List_of_cities_in_China
1975,路橋,Luqiao,Sichuan,四川,29.9325,102.2316,,,路桥,https://en.wikipedia.org/wiki/List_of_cities_in_China
1976,泸州,Luzhou,Sichuan,四川,28.871805,105.442285,市,Municipality,泸州,https://github.com/boyan01/ChinaRegionDistrict
1977,馬爾康,Ma’erkang,Sichuan,四川,31.9046,102.2167,,,马尔康,https://github.com/boyan01/ChinaRegionDistrict
1978,眉山,Meishan,Sichuan,四川,30.076994,103.848403,市,Municipality,眉山,https://github.com/boyan01/ChinaRegionDistrict
1979,美星,Meixing,Sichuan,四川,30.9991,102.3602,,,美星,https://en.wikipedia.org/wiki/List_of_cities_in_China
1982,民建,Minjian,Sichuan,四川,28.8462,103.5458,,,民建,https://en.wikipedia.org/wiki/List_of_cities_in_China
1983,牟平,Muping,Sichuan,四川,30.3704,102.8122,,,牟平,https://en.wikipedia.org/wiki/List_of_cities_in_China
1984,木溪,Muxi,Sichuan,四川,28.9596,103.9009,,,木溪,https://en.wikipedia.org/wiki/List_of_cities_in_China
1985,南充,Nanchong,Sichuan,四川,30.837793,106.110698,市,Municipality,南充,https://github.com/boyan01/ChinaRegionDistrict
1986,南江,Nanjiang,Sichuan,四川,32.3539,106.8324,,,南江,https://en.wikipedia.org/wiki/List_of_cities_in_China
1987,南龍,Nanlong,Sichuan,四川,31.3533,106.0631,,,南龙,https://en.wikipedia.org/wiki/List_of_cities_in_China
1988,南外,Nanwai,Sichuan,四川,31.2047,107.5036,,,南外,https://en.wikipedia.org/wiki/List_of_cities_in_China
1989,南溪,Nanxi,Sichuan,四川,28.8421,104.9796,,,南溪,https://en.wikipedia.org/wiki/List_of_cities_in_China
1991,納西族,Naxi,Sichuan,四川,28.7742,105.3649,,,纳西族,https://en.wikipedia.org/wiki/List_of_cities_in_China
1992,內江,Neijiang,Sichuan,四川,29.580228,105.058432,市,Municipality,内江,https://github.com/boyan01/ChinaRegionDistrict
1993,妮霞,Nixia,Sichuan,四川,32.975,98.0959,,,妮霞,https://en.wikipedia.org/wiki/List_of_cities_in_China
1994,盤蓮,Panlian,Sichuan,四川,26.8878,102.1084,,,盘莲,https://en.wikipedia.org/wiki/List_of_cities_in_China
1995,攀枝花,Panzhihua,Sichuan,四川,26.582347,101.718637,市,Municipality,攀枝花,https://github.com/boyan01/ChinaRegionDistrict
1996,蓬萊,Penglai,Sichuan,四川,30.5822,105.2514,,,蓬莱,https://en.wikipedia.org/wiki/List_of_cities_in_China
1997,皮沙,Pisha,Sichuan,四川,27.0706,102.7577,,,皮沙,https://en.wikipedia.org/wiki/List_of_cities_in_China
1998,皮通,Pitong,Sichuan,四川,30.8099,103.8825,,,皮通,https://en.wikipedia.org/wiki/List_of_cities_in_China
1999,普濟,Puji,Sichuan,四川,27.3802,102.5413,,,普济,https://en.wikipedia.org/wiki/List_of_cities_in_China
2000,巧娃,Qiaowa,Sichuan,四川,27.9308,101.2778,,,巧娃,https://en.wikipedia.org/wiki/List_of_cities_in_China
2001,喬莊,Qiaozhuang,Sichuan,四川,32.5903,105.2334,,,乔庄,https://en.wikipedia.org/wiki/List_of_cities_in_China
2002,慶福,Qingfu,Sichuan,四川,28.437,104.5162,,,庆福,https://en.wikipedia.org/wiki/List_of_cities_in_China
2003,瓊熙,Qiongxi,Sichuan,四川,32.7927,102.5429,,,琼熙,https://en.wikipedia.org/wiki/List_of_cities_in_China
2004,曲江,Qujiang,Sichuan,四川,30.8421,106.9678,,,曲江,https://en.wikipedia.org/wiki/List_of_cities_in_China
2005,朗科,Rangke,Sichuan,四川,32.2678,100.9791,,,朗科,https://en.wikipedia.org/wiki/List_of_cities_in_China
2007,人和,Renhe,Sichuan,四川,26.4993,101.7386,,,人和,https://en.wikipedia.org/wiki/List_of_cities_in_China
2008,如龍,Rulong,Sichuan,四川,30.9412,100.3109,,,如龙,https://en.wikipedia.org/wiki/List_of_cities_in_China
2009,桑皮,Sangpi,Sichuan,四川,28.9339,99.7999,,,桑皮,https://en.wikipedia.org/wiki/List_of_cities_in_China
2010,塞克,Seke,Sichuan,四川,32.2704,100.3317,,,塞克,https://en.wikipedia.org/wiki/List_of_cities_in_China
2011,成型,Shaping,Sichuan,四川,29.2308,103.2659,,,成型,https://en.wikipedia.org/wiki/List_of_cities_in_China
2012,沙灣,Shawan,Sichuan,四川,29.4112,103.5433,,,沙湾,https://en.wikipedia.org/wiki/List_of_cities_in_China
2013,世榮,Shirong,Sichuan,四川,29.3509,102.6525,,,世荣,https://en.wikipedia.org/wiki/List_of_cities_in_China
2014,雙河街島,Shuanghejiedao,Sichuan,四川,30.3866,106.7756,,,双河街岛,https://github.com/boyan01/ChinaRegionDistrict
2015,松麥,Songmai,Sichuan,四川,28.7147,99.2863,,,松麦,https://en.wikipedia.org/wiki/List_of_cities_in_China
2016,遂甯,Suining,Sichuan,四川,30.53292,105.592803,市,Municipality,遂宁,https://github.com/boyan01/ChinaRegionDistrict
2017,遂寧,Suining,Sichuan,四川,30.5098,105.5737,,,遂寧,https://github.com/boyan01/ChinaRegionDistrict
2018,水山,Suishan,Sichuan,四川,29.6083,103.486,,,水山,https://en.wikipedia.org/wiki/List_of_cities_in_China
2019,太和,Taihe,Sichuan,四川,30.8706,105.3784,,,太和,https://github.com/boyan01/ChinaRegionDistrict
2020,特米利,Temuli,Sichuan,四川,27.7079,102.8077,,,特米利,https://en.wikipedia.org/wiki/List_of_cities_in_China
2021,天池,Tianchi,Sichuan,四川,30.2811,105.0235,,,天池,https://en.wikipedia.org/wiki/List_of_cities_in_China
2022,天地壩,Tiandiba,Sichuan,四川,27.7018,103.2481,,,天地坝,https://en.wikipedia.org/wiki/List_of_cities_in_China
2023,天鵬,Tianpeng,Sichuan,四川,30.9866,103.9393,,,天鹏,https://en.wikipedia.org/wiki/List_of_cities_in_China
2024,銅川,Tongchuan,Sichuan,四川,31.0941,105.0873,,,铜川,https://en.wikipedia.org/wiki/List_of_cities_in_China
2025,桐梓林,Tongzilin,Sichuan,四川,26.7004,101.8513,,,桐梓林,https://en.wikipedia.org/wiki/List_of_cities_in_China
2026,文昌,Wenchang,Sichuan,四川,31.6363,105.155,,,文昌,https://en.wikipedia.org/wiki/List_of_cities_in_China
2027,文林,Wenlin,Sichuan,四川,29.9981,104.1399,,,文林,https://en.wikipedia.org/wiki/List_of_cities_in_China
2028,武進,Wujin,Sichuan,四川,30.4113,103.813,,,武进,https://en.wikipedia.org/wiki/List_of_cities_in_China
2029,夏爾,Xia’er,Sichuan,四川,29.0059,101.5144,,,夏尔,https://en.wikipedia.org/wiki/List_of_cities_in_China
2030,鹹水,Xianshui,Sichuan,四川,30.9915,101.127,,,咸水,https://en.wikipedia.org/wiki/List_of_cities_in_China
2031,夏思,Xiasi,Sichuan,四川,32.29,105.5133,,,夏思,https://en.wikipedia.org/wiki/List_of_cities_in_China
2032,西昌,Xichang,Sichuan,四川,27.8983,102.2706,,,西昌,https://github.com/boyan01/ChinaRegionDistrict
2033,新城,Xincheng,Sichuan,四川,28.0151,102.8423,,,新城,https://en.wikipedia.org/wiki/List_of_cities_in_China
2034,新鬥,Xindou,Sichuan,四川,31.3965,100.6785,,,新斗,https://en.wikipedia.org/wiki/List_of_cities_in_China
2035,新都,Xindu,Sichuan,四川,30.8224,104.1574,,,新都,https://en.wikipedia.org/wiki/List_of_cities_in_China
2036,新發,Xinfa,Sichuan,四川,28.8307,104.3208,,,新发,https://en.wikipedia.org/wiki/List_of_cities_in_China
2037,新棉,Xinmian,Sichuan,四川,29.2399,102.3721,,,新棉,https://en.wikipedia.org/wiki/List_of_cities_in_China
2038,新寧,Xinning,Sichuan,四川,31.0851,107.8651,,,新寧,https://en.wikipedia.org/wiki/List_of_cities_in_China
2039,新柴壩,Xinshiba,Sichuan,四川,28.9709,102.7713,,,新柴坝,https://en.wikipedia.org/wiki/List_of_cities_in_China
2040,新政,Xinzheng,Sichuan,四川,31.2749,106.2871,,,新政,https://en.wikipedia.org/wiki/List_of_cities_in_China
2041,西渠,Xiqu,Sichuan,四川,26.6057,101.5983,,,西渠,https://en.wikipedia.org/wiki/List_of_cities_in_China
2042,西外,Xiwai,Sichuan,四川,31.2168,107.4752,,,西外,https://en.wikipedia.org/wiki/List_of_cities_in_China
2043,勳昌,Xunchang,Sichuan,四川,28.4543,104.715,,,勋昌,https://en.wikipedia.org/wiki/List_of_cities_in_China
2044,旭陽,Xuyang,Sichuan,四川,29.4594,104.4195,,,旭阳,https://en.wikipedia.org/wiki/List_of_cities_in_China
2046,許勇,Xuyong,Sichuan,四川,28.1699,105.4345,,,许勇,https://en.wikipedia.org/wiki/List_of_cities_in_China
2047,雅安,Yaan,Sichuan,四川,30.010602,103.042375,市,Municipality,雅安,https://github.com/boyan01/ChinaRegionDistrict
2050,沿江,Yanjiang,Sichuan,四川,30.1256,104.6397,,,沿江,https://github.com/boyan01/ChinaRegionDistrict
2051,燕京,Yanjing,Sichuan,四川,27.427,101.5097,,,燕京,https://en.wikipedia.org/wiki/List_of_cities_in_China
2052,鹽口,Yankou,Sichuan,四川,30.3512,106.2867,,,盐口,https://en.wikipedia.org/wiki/List_of_cities_in_China
2053,燕陵,Yanling,Sichuan,四川,29.5306,104.6611,,,燕陵,https://en.wikipedia.org/wiki/List_of_cities_in_China
2054,雁潭,Yantan,Sichuan,四川,29.274,104.8738,,,雁潭,https://en.wikipedia.org/wiki/List_of_cities_in_China
2055,宜賓,Yibin,Sichuan,四川,28.7596,104.64,,,宜宾,https://github.com/boyan01/ChinaRegionDistrict
2056,永昌,Yongchang,Sichuan,四川,31.6657,104.4373,,,永昌,https://en.wikipedia.org/wiki/List_of_cities_in_China
2057,永樂,Yongle,Sichuan,四川,33.2646,104.2328,,,永乐,https://en.wikipedia.org/wiki/List_of_cities_in_China
2058,元霸,Yuanba,Sichuan,四川,32.3256,105.9618,,,元霸,https://en.wikipedia.org/wiki/List_of_cities_in_China
2059,雨城,Yucheng,Sichuan,四川,29.9888,103.0007,,,雨城,https://github.com/boyan01/ChinaRegionDistrict
2060,月城,Yuecheng,Sichuan,四川,28.6416,102.5087,,,月城,https://en.wikipedia.org/wiki/List_of_cities_in_China
2061,岳陽,Yueyang,Sichuan,四川,30.1023,105.3334,,,岳阳,https://en.wikipedia.org/wiki/List_of_cities_in_China
2062,裕進,Yujin,Sichuan,四川,29.2091,103.9456,,,裕进,https://en.wikipedia.org/wiki/List_of_cities_in_China
2063,雲溪,Yunxi,Sichuan,四川,31.2264,105.3861,,,云溪,https://en.wikipedia.org/wiki/List_of_cities_in_China
2064,扎古瑙,Zagunao,Sichuan,四川,31.4462,103.1766,,,扎古瑙,https://en.wikipedia.org/wiki/List_of_cities_in_China
2065,張谷,Zhanggu,Sichuan,四川,30.9504,101.9167,,,张谷,https://github.com/boyan01/ChinaRegionDistrict
2066,昭鎮,Zhaozhen,Sichuan,四川,30.8563,104.4361,,,昭镇,https://en.wikipedia.org/wiki/List_of_cities_in_China
2067,中巴,Zhongba,Sichuan,四川,31.7761,104.7406,,,中巴,https://github.com/boyan01/ChinaRegionDistrict
2068,中城,Zhongcheng,Sichuan,四川,28.3095,105.2308,,,中城,https://en.wikipedia.org/wiki/List_of_cities_in_China
2069,周口,Zhoukou,Sichuan,四川,31.0347,106.4011,,,周口,https://en.wikipedia.org/wiki/List_of_cities_in_China
2070,竹陽,Zhuyang,Sichuan,四川,30.7367,107.2012,,,竹阳,https://en.wikipedia.org/wiki/List_of_cities_in_China
2071,自貢,Zigong,Sichuan,四川,29.33903,104.778442,市,Municipality,自贡,https://github.com/boyan01/ChinaRegionDistrict
2072,資陽,Ziyang,Sichuan,四川,30.128901,104.627636,市,Municipality,资阳,https://github.com/boyan01/ChinaRegionDistrict
2073,大王莊,Dawangzhuang,Tianjin,天津,39.127,117.2162,,,大王庄,https://en.wikipedia.org/wiki/List_of_cities_in_China
2074,大營門,Dayingmen,Tianjin,天津,39.1073,117.2096,,,大营门,https://en.wikipedia.org/wiki/List_of_cities_in_China
2075,國元新村,Guoyuan Xincun,Tianjin,天津,39.2219,117.1302,,,国元新村,https://en.wikipedia.org/wiki/List_of_cities_in_China
2076,靜海,Jinghai,Tianjin,天津,38.9337,116.927,,,静海,https://en.wikipedia.org/wiki/List_of_cities_in_China
2077,天津,Tianjin,Tianjin,天津,39.084158,117.200983,市,Municipality,天津,https://github.com/boyan01/ChinaRegionDistrict
2078,鹹水谷,Xianshuigu,Tianjin,天津,38.985,117.3828,,,咸水谷,https://en.wikipedia.org/wiki/List_of_cities_in_China
2079,小白樓,Xiaobailou,Tianjin,天津,39.1177,117.2056,,,小白楼,https://en.wikipedia.org/wiki/List_of_cities_in_China
2080,西於莊,Xiyuzhuang,Tianjin,天津,39.1663,117.1568,,,西於庄,https://en.wikipedia.org/wiki/List_of_cities_in_China
2081,張貴莊,Zhangguizhuang,Tianjin,天津,39.0902,117.3072,,,张贵庄,https://en.wikipedia.org/wiki/List_of_cities_in_China
2082,逢吉,Fengji,Xianggang,香港,22.45481,114.063044,鄉,Township,逢吉,https://github.com/boyan01/ChinaRegionDistrict
2083,龍躍頭,Longyuetou,Xianggang,香港,22.500422,114.154061,鄉,Township,龙跃头,https://github.com/boyan01/ChinaRegionDistrict
2084,梅窩,Meiwo,Xianggang,香港,22.264829,114.000813,鄉,Township,梅窝,https://github.com/boyan01/ChinaRegionDistrict
2085,艾蘭·穆巴奇,Ailan Mubage,Xinjiang,新疆,43.9167,81.3167,,,艾兰·穆巴奇,https://github.com/boyan01/ChinaRegionDistrict
2086,阿克蘇地區,Akesu,Xinjiang,新疆,41.168779,80.260605,地區,Municipality,阿克苏地区,https://github.com/boyan01/ChinaRegionDistrict
2087,阿克奇,Akqi,Xinjiang,新疆,40.9415,78.4438,,,阿克奇,https://en.wikipedia.org/wiki/List_of_cities_in_China
2088,阿克蘇,Aksu,Xinjiang,新疆,41.1664,80.25,,,阿克苏,https://github.com/boyan01/ChinaRegionDistrict
2090,阿拉爾,Alaer,Xinjiang,新疆,40.547653,81.280527,市,Municipality,阿拉尔,https://github.com/boyan01/ChinaRegionDistrict
2091,阿拉山口,Alashankou,Xinjiang,新疆,45.1714,82.5731,,,阿拉山口,https://github.com/boyan01/ChinaRegionDistrict
2092,阿勒泰地區,Aleitai,Xinjiang,新疆,47.844924,88.141253,地區,Municipality,阿勒泰地区,https://github.com/boyan01/ChinaRegionDistrict
2093,阿勒泰,Altay,Xinjiang,新疆,47.8666,88.1166,,,阿勒泰,https://github.com/boyan01/ChinaRegionDistrict
2094,鹹味的,Aral,Xinjiang,新疆,40.5418,81.2657,,,咸味的,https://en.wikipedia.org/wiki/List_of_cities_in_China
2095,巴格拉克斯,Bagrax,Xinjiang,新疆,41.9843,86.622,,,巴格拉克斯,https://en.wikipedia.org/wiki/List_of_cities_in_China
2097,白城,Baicheng,Xinjiang,新疆,41.7739,81.8689,,,白城,https://en.wikipedia.org/wiki/List_of_cities_in_China
2098,巴音郭楞蒙古,Bayinguolengmenggu,Xinjiang,新疆,41.764115,86.145297,自治州,Municipality,巴音郭楞蒙古,https://github.com/boyan01/ChinaRegionDistrict
2099,北泉,Beiquan,Xinjiang,新疆,44.333841,86.016731,鎮,Town,北泉,https://github.com/boyan01/ChinaRegionDistrict
2100,北屯,Beitun,Xinjiang,新疆,47.332643,87.837075,市,Municipality,北屯,https://github.com/boyan01/ChinaRegionDistrict
2102,博爾塔拉蒙古,Boertalamenggu,Xinjiang,新疆,44.906039,82.066363,自治州,Municipality,博尔塔拉蒙古,https://github.com/boyan01/ChinaRegionDistrict
2103,布爾津,Burqin,Xinjiang,新疆,47.7059,86.8613,,,布尔津,https://en.wikipedia.org/wiki/List_of_cities_in_China
2104,昌吉回族,Changjihuizu,Xinjiang,新疆,44.011182,87.308224,自治州,Municipality,昌吉回族,https://github.com/boyan01/ChinaRegionDistrict
2105,成吉,Chinggil,Xinjiang,新疆,46.6672,90.3786,,,成吉,https://en.wikipedia.org/wiki/List_of_cities_in_China
2107,大坂城,Dabancheng,Xinjiang,新疆,43.3583,88.32,,,大坂城,https://en.wikipedia.org/wiki/List_of_cities_in_China
2109,埃敏,Emin,Xinjiang,新疆,46.5257,83.6332,,,埃敏,https://en.wikipedia.org/wiki/List_of_cities_in_China
2111,富康,Fukang,Xinjiang,新疆,44.1523,87.9793,,,富康,https://github.com/boyan01/ChinaRegionDistrict
2112,古利亞,Ghulja,Xinjiang,新疆,43.9,81.35,,,古利亚,https://github.com/boyan01/ChinaRegionDistrict
2113,古馬,Guma,Xinjiang,新疆,37.6168,78.2809,,,古马,https://en.wikipedia.org/wiki/List_of_cities_in_China
2114,哈密,Hami,Xinjiang,新疆,42.819541,93.515224,市,Municipality,哈密,https://github.com/boyan01/ChinaRegionDistrict
2115,和靜,Hejing,Xinjiang,新疆,42.3164,86.3828,,,和静,https://en.wikipedia.org/wiki/List_of_cities_in_China
2116,和田地區,Hetian,Xinjiang,新疆,37.114157,79.922211,地區,Municipality,和田地区,https://github.com/boyan01/ChinaRegionDistrict
2117,和田,Hotan,Xinjiang,新疆,37.1012,79.9327,,,和田,https://github.com/boyan01/ChinaRegionDistrict
2118,吉姆薩爾,Jimsar,Xinjiang,新疆,43.9833,89.0667,,,吉姆萨尔,https://en.wikipedia.org/wiki/List_of_cities_in_China
2119,卡爾平,Kalpin,Xinjiang,新疆,40.5275,79.0658,,,卡尔平,https://en.wikipedia.org/wiki/List_of_cities_in_China
2120,卡拉卡克斯,Karakax,Xinjiang,新疆,37.2722,79.7373,,,卡拉卡克斯,https://en.wikipedia.org/wiki/List_of_cities_in_China
2121,克拉瑪依,Karamay,Xinjiang,新疆,45.579888,84.889207,市,Municipality,克拉玛依,https://github.com/boyan01/ChinaRegionDistrict
2122,喀什地區,Kashen,Xinjiang,新疆,39.47046,75.989741,地區,Municipality,喀什地区,https://github.com/boyan01/ChinaRegionDistrict
2123,喀什,Kashgar,Xinjiang,新疆,39.45,75.9833,,,喀什,https://github.com/boyan01/ChinaRegionDistrict
2124,可克達拉,Kekedala,Xinjiang,新疆,43.944798,81.044542,市,Municipality,可克达拉,https://github.com/boyan01/ChinaRegionDistrict
2125,克孜勒蘇柯爾克孜,Kezileisukeerkezi,Xinjiang,新疆,39.714526,76.167819,自治州,Municipality,克孜勒苏柯尔克孜,https://github.com/boyan01/ChinaRegionDistrict
2126,胡圖比,Khutubi,Xinjiang,新疆,44.1903,86.8852,,,胡图比,https://en.wikipedia.org/wiki/List_of_cities_in_China
2127,科克托凱,Koktokay,Xinjiang,新疆,47.0004,89.4666,,,科克托凯,https://github.com/boyan01/ChinaRegionDistrict
2128,科爾拉,Korla,Xinjiang,新疆,41.7646,86.1527,,,科尔拉,https://github.com/boyan01/ChinaRegionDistrict
2129,庫穆爾,Kumul,Xinjiang,新疆,42.827,93.515,,,库穆尔,https://github.com/boyan01/ChinaRegionDistrict
2130,昆玉,Kunyu,Xinjiang,新疆,37.209642,79.291083,市,Municipality,昆玉,https://github.com/boyan01/ChinaRegionDistrict
2131,庫車,Kuqa,Xinjiang,新疆,41.7277,82.9364,,,库车,https://github.com/boyan01/ChinaRegionDistrict
2132,奎屯,Kuytun,Xinjiang,新疆,44.4196,84.9012,,,奎屯,https://github.com/boyan01/ChinaRegionDistrict
2133,羅布泊,Lop,Xinjiang,新疆,37.074,80.1823,,,罗布泊,https://en.wikipedia.org/wiki/List_of_cities_in_China
2135,倫台,Luntai,Xinjiang,新疆,41.778,84.2465,,,伦台,https://en.wikipedia.org/wiki/List_of_cities_in_China
2136,穆加拉,Mugala,Xinjiang,新疆,36.8576,81.6684,,,穆加拉,https://en.wikipedia.org/wiki/List_of_cities_in_China
2137,尼爾卡,Nilka,Xinjiang,新疆,43.7833,82.3983,,,尼尔卡,https://en.wikipedia.org/wiki/List_of_cities_in_China
2138,妮雅,Niya,Xinjiang,新疆,37.0655,82.6893,,,妮雅,https://en.wikipedia.org/wiki/List_of_cities_in_China
2139,佩齊瓦特,Peyziwat,Xinjiang,新疆,39.4955,76.7428,,,佩齐瓦特,https://en.wikipedia.org/wiki/List_of_cities_in_China
2140,波斯卡姆,Poskam,Xinjiang,新疆,38.1887,77.2707,,,波斯卡姆,https://en.wikipedia.org/wiki/List_of_cities_in_China
2141,卡普爾,Qapqal,Xinjiang,新疆,43.8019,81.0872,,,卡普尔,https://en.wikipedia.org/wiki/List_of_cities_in_China
2142,加爾幹,Qarqan,Xinjiang,新疆,38.1338,85.5333,,,加尔干,https://github.com/boyan01/ChinaRegionDistrict
2143,奇拉,Qira,Xinjiang,新疆,37.0285,80.8029,,,奇拉,https://en.wikipedia.org/wiki/List_of_cities_in_China
2145,若強,Ruoqiang,Xinjiang,新疆,39.02,88.1647,,,若强,https://en.wikipedia.org/wiki/List_of_cities_in_China
2146,石河子,Shihezi,Xinjiang,新疆,44.3160864858088,86.082392661101,市,Municipality,石河子,https://github.com/boyan01/ChinaRegionDistrict
2148,雙河,Shuanghe,Xinjiang,新疆,44.840524,82.353656,市,Municipality,双河,https://github.com/boyan01/ChinaRegionDistrict
2149,水磨溝,Shuimogou,Xinjiang,新疆,43.8286,87.6382,,,水磨沟,https://en.wikipedia.org/wiki/List_of_cities_in_China
2150,舒樂,Shule,Xinjiang,新疆,39.4023,76.0508,,,舒乐,https://en.wikipedia.org/wiki/List_of_cities_in_China
2151,塔城地區,Tacheng,Xinjiang,新疆,46.745364,82.980316,地區,Municipality,塔城地区,https://github.com/boyan01/ChinaRegionDistrict
2152,塔城,Tacheng,Xinjiang,新疆,46.7468,82.979,,,塔城,https://github.com/boyan01/ChinaRegionDistrict
2153,泰克斯,Tekes,Xinjiang,新疆,43.1903,81.7778,,,泰克斯,https://en.wikipedia.org/wiki/List_of_cities_in_China
2154,鐵門關,Tiemenguan,Xinjiang,新疆,41.82725,85.501217,市,Municipality,铁门关,https://github.com/boyan01/ChinaRegionDistrict
2155,托庫茲塔拉,Tokkuztara,Xinjiang,新疆,43.4667,82.1489,,,托库兹塔拉,https://en.wikipedia.org/wiki/List_of_cities_in_China
2156,德順,Toksun,Xinjiang,新疆,42.7936,88.6416,,,德顺,https://en.wikipedia.org/wiki/List_of_cities_in_China
2157,托利,Toli,Xinjiang,新疆,45.9386,83.6006,,,托利,https://en.wikipedia.org/wiki/List_of_cities_in_China
2158,托蘇,Toqsu,Xinjiang,新疆,41.5503,82.6167,,,托苏,https://en.wikipedia.org/wiki/List_of_cities_in_China
2159,吐魯番,Tulufan,Xinjiang,新疆,42.951303,89.189752,市,Municipality,吐鲁番,https://github.com/boyan01/ChinaRegionDistrict
2160,圖木舒克,Tumushuke,Xinjiang,新疆,39.868965,79.073963,市,Municipality,图木舒克,https://github.com/boyan01/ChinaRegionDistrict
2161,托喀依,Tuokayi,Xinjiang,新疆,40.538677,81.120055,鄉,Township,托喀依,https://github.com/boyan01/ChinaRegionDistrict
2162,烏奇圖潘,Uchturpan,Xinjiang,新疆,41.1517,79.225,,,乌奇图潘,https://en.wikipedia.org/wiki/List_of_cities_in_China
2163,烏爾霍,Urho,Xinjiang,新疆,46.1165,85.6777,,,乌尔霍,https://en.wikipedia.org/wiki/List_of_cities_in_China
2164,烏魯木齊,Ürümqi,Xinjiang,新疆,43.825592,87.616848,市,Municipality,乌鲁木齐,https://github.com/boyan01/ChinaRegionDistrict
2165,五家渠,Wujiaqu,Xinjiang,新疆,44.166756,87.54324,市,Municipality,五家渠,https://github.com/boyan01/ChinaRegionDistrict
2166,梧桐,Wutong,Xinjiang,新疆,44.262647,87.651141,鎮,Town,梧桐,https://github.com/boyan01/ChinaRegionDistrict
2167,新城,Xincheng,Xinjiang,新疆,44.29313,86.027642,鎮,Town,新城,https://github.com/boyan01/ChinaRegionDistrict
2168,興福樓,Xingfulu,Xinjiang,新疆,43.7825,87.6368,,,兴福楼,https://en.wikipedia.org/wiki/List_of_cities_in_China
2170,鑫源,Xinyuan,Xinjiang,新疆,43.4511,83.1478,,,鑫源,https://en.wikipedia.org/wiki/List_of_cities_in_China
2171,延安北路,Yan’an Beilu,Xinjiang,新疆,44.0222,87.2961,,,延安北路,https://github.com/boyan01/ChinaRegionDistrict
2173,雁栖,Yanqi,Xinjiang,新疆,42.062,86.5663,,,雁栖,https://en.wikipedia.org/wiki/List_of_cities_in_China
2174,伊利,Yili,Xinjiang,新疆,43.9,81.35,,,伊利,https://en.wikipedia.org/wiki/List_of_cities_in_China
2175,伊犁哈薩克,Yilihasake,Xinjiang,新疆,43.916823,81.324136,自治州,Municipality,伊犁哈萨克,https://github.com/boyan01/ChinaRegionDistrict
2176,約浦加,Yopurga,Xinjiang,新疆,39.2394,76.7643,,,约浦加,https://en.wikipedia.org/wiki/List_of_cities_in_China
2177,玉裡,Yuli,Xinjiang,新疆,41.3366,86.2568,,,玉裡,https://en.wikipedia.org/wiki/List_of_cities_in_China
2178,昭蘇,Zhaosu,Xinjiang,新疆,43.1228,81.0758,,,昭苏,https://en.wikipedia.org/wiki/List_of_cities_in_China
2180,阿裏地區,Alidiqu,Xizang,西藏,32.501111,80.105804,地區,Municipality,阿里地区,https://github.com/boyan01/ChinaRegionDistrict
2181,白馬,Baima,Xizang,西藏,30.0575,96.9185,,,白马,https://en.wikipedia.org/wiki/List_of_cities_in_China
2182,白南,Bainang,Xizang,西藏,29.109,89.2589,,,白南,https://en.wikipedia.org/wiki/List_of_cities_in_China
2183,比魯,Biru,Xizang,西藏,31.4832,93.6774,,,比鲁,https://en.wikipedia.org/wiki/List_of_cities_in_China
2184,布朗,Burang,Xizang,西藏,30.3013,81.1746,,,布朗,https://en.wikipedia.org/wiki/List_of_cities_in_China
2185,昌都,Changdu,Xizang,西藏,31.140969,97.17202,市,Municipality,昌都,https://github.com/boyan01/ChinaRegionDistrict
2186,北塘,Chatang,Xizang,西藏,29.2422,91.3322,,,北塘,https://en.wikipedia.org/wiki/List_of_cities_in_China
2187,春巴,Chumba,Xizang,西藏,29.0833,92.6,,,春巴,https://en.wikipedia.org/wiki/List_of_cities_in_China
2188,可卡,Coka,Xizang,西藏,30.9054,94.6695,,,可卡,https://en.wikipedia.org/wiki/List_of_cities_in_China
2189,叢杜,Congdü,Xizang,西藏,28.15,85.9667,,,丛杜,https://en.wikipedia.org/wiki/List_of_cities_in_China
2190,達姆索伊,Damxoi,Xizang,西藏,28.4667,91.55,,,达姆索伊,https://en.wikipedia.org/wiki/List_of_cities_in_China
2191,當雄,Damxung,Xizang,西藏,30.5333,91.1,,,当雄,https://en.wikipedia.org/wiki/List_of_cities_in_China
2192,當曲卡,Dangquka,Xizang,西藏,30.4859,91.1026,,,当曲卡,https://en.wikipedia.org/wiki/List_of_cities_in_China
2193,達當,Dartang,Xizang,西藏,31.9333,94,,,达当,https://en.wikipedia.org/wiki/List_of_cities_in_China
2194,鄧慶,Dêngqên,Xizang,西藏,31.4115,95.5842,,,邓庆,https://en.wikipedia.org/wiki/List_of_cities_in_China
2195,德欽,Dêqên,Xizang,西藏,29.6667,91.35,,,德钦,https://en.wikipedia.org/wiki/List_of_cities_in_China
2196,多瑪塘,Domartang,Xizang,西藏,30.939,94.6891,,,多玛塘,https://en.wikipedia.org/wiki/List_of_cities_in_China
2197,剛巴,Gangba,Xizang,西藏,28.2166,88.4743,,,刚巴,https://en.wikipedia.org/wiki/List_of_cities_in_China
2198,剛沙,Gangsha,Xizang,西藏,30.977,81.2875,,,刚沙,https://en.wikipedia.org/wiki/List_of_cities_in_China
2199,碣,Gar,Xizang,西藏,32.2004,79.9833,,,碣,https://github.com/boyan01/ChinaRegionDistrict
2200,加爾托格,Gartog,Xizang,西藏,29.6845,98.5947,,,加尔托格,https://en.wikipedia.org/wiki/List_of_cities_in_China
2201,蓋丁,Gêding,Xizang,西藏,29.3667,88.25,,,盖丁,https://en.wikipedia.org/wiki/List_of_cities_in_China
2202,貢卡爾,Gyangkar,Xizang,西藏,28.4,87.8,,,贡卡尔,https://en.wikipedia.org/wiki/List_of_cities_in_China
2203,庚子,Gyangzê,Xizang,西藏,28.95,89.6333,,,庚子,https://github.com/boyan01/ChinaRegionDistrict
2204,義剛,Gyigang,Xizang,西藏,28.6667,97.5167,,,义刚,https://en.wikipedia.org/wiki/List_of_cities_in_China
2205,吉塘,Gyitang,Xizang,西藏,28.4333,92.45,,,吉塘,https://en.wikipedia.org/wiki/List_of_cities_in_China
2206,吉本港,Jibenggang,Xizang,西藏,29.6583,91.1276,,,吉本港,https://en.wikipedia.org/wiki/List_of_cities_in_China
2207,吉士古門,Jisegumen,Xizang,西藏,34.0642,80.7712,,,吉士古门,https://en.wikipedia.org/wiki/List_of_cities_in_China
2208,瓊達,Jomda,Xizang,西藏,31.4962,98.2117,,,琼达,https://en.wikipedia.org/wiki/List_of_cities_in_China
2209,坎巴索伊,Kambaxoi,Xizang,西藏,28.3,88.5333,,,坎巴索伊,https://en.wikipedia.org/wiki/List_of_cities_in_China
2210,康瑪,Kangmar,Xizang,西藏,28.5595,89.6801,,,康玛,https://en.wikipedia.org/wiki/List_of_cities_in_China
2211,孔加爾,Konggar,Xizang,西藏,29.2939,90.9871,,,孔加尔,https://en.wikipedia.org/wiki/List_of_cities_in_China
2212,郎酒,Langjiu,Xizang,西藏,32.3595,80.4268,,,郎酒,https://en.wikipedia.org/wiki/List_of_cities_in_China
2213,拉薩,Lasa,Xizang,西藏,29.652341,91.172148,市,Municipality,拉萨,https://github.com/boyan01/ChinaRegionDistrict
2214,拉西,Laxi,Xizang,西藏,31.9212,94.0476,,,拉西,https://en.wikipedia.org/wiki/List_of_cities_in_China
2215,洛扎格,Lhozhag,Xizang,西藏,28.39,90.8598,,,洛扎格,https://en.wikipedia.org/wiki/List_of_cities_in_China
2216,倫澤,Lhünzê,Xizang,西藏,28.4122,92.4617,,,伦泽,https://en.wikipedia.org/wiki/List_of_cities_in_China
2217,倫朱布,Lhünzhub,Xizang,西藏,30.201,91.301,,,伦朱布,https://en.wikipedia.org/wiki/List_of_cities_in_China
2218,林芝,Linzhi,Xizang,西藏,29.649128,94.36149,市,Municipality,林芝,https://github.com/boyan01/ChinaRegionDistrict
2219,盧馬卡,Lumaka,Xizang,西藏,33.0862,80.3678,,,卢马卡,https://en.wikipedia.org/wiki/List_of_cities_in_China
2220,引誘,Luring,Xizang,西藏,32.2667,84.2,,,引诱,https://en.wikipedia.org/wiki/List_of_cities_in_China
2221,美東,Maindong,Xizang,西藏,31.3333,85.4167,,,美东,https://en.wikipedia.org/wiki/List_of_cities_in_China
2222,邁林,Mainling,Xizang,西藏,29.2177,94.2133,,,迈林,https://en.wikipedia.org/wiki/List_of_cities_in_China
2223,麥竹貢嘎,Maizhokunggar,Xizang,西藏,29.8333,91.7333,,,麦竹贡嘎,https://en.wikipedia.org/wiki/List_of_cities_in_China
2224,梅多,Mêdog,Xizang,西藏,29.3133,95.3074,,,梅多,https://en.wikipedia.org/wiki/List_of_cities_in_China
2225,莫洛,Molo,Xizang,西藏,30.86,98.273,,,莫洛,https://en.wikipedia.org/wiki/List_of_cities_in_China
2226,莫羅,Moluo,Xizang,西藏,30.8039,98.1004,,,莫罗,https://en.wikipedia.org/wiki/List_of_cities_in_China
2227,那曲,Nagqu,Xizang,西藏,31.4766,92.0569,,,那曲,https://github.com/boyan01/ChinaRegionDistrict
2228,南卡,Namka,Xizang,西藏,29.65,90.9833,,,南卡,https://en.wikipedia.org/wiki/List_of_cities_in_China
2229,命名,Namling,Xizang,西藏,29.6853,89.0956,,,命名,https://en.wikipedia.org/wiki/List_of_cities_in_China
2230,南縣,Nangxian,Xizang,西藏,29.047,93.0879,,,南县,https://en.wikipedia.org/wiki/List_of_cities_in_China
2231,那曲地區,Naqu,Xizang,西藏,31.476479,92.052064,地區,Municipality,那曲地区,https://github.com/boyan01/ChinaRegionDistrict
2232,內東,Nêdong,Xizang,西藏,29.243,91.7724,,,内东,https://en.wikipedia.org/wiki/List_of_cities_in_China
2233,賭博,Ngamring,Xizang,西藏,29.2333,87.1667,,,赌博,https://en.wikipedia.org/wiki/List_of_cities_in_China
2234,北武宮,Norbukyungzê,Xizang,西藏,29.1667,89.25,,,北武宫,https://en.wikipedia.org/wiki/List_of_cities_in_China
2235,帕格納格,Pagnag,Xizang,西藏,32.2699,91.681,,,帕格纳格,https://en.wikipedia.org/wiki/List_of_cities_in_China
2236,普布,Pubu,Xizang,西藏,31.3962,90.0096,,,普布,https://en.wikipedia.org/wiki/List_of_cities_in_China
2237,瓊瑤溪,Qonggyaixoi,Xizang,西藏,29.0277,91.6827,,,琼瑶溪,https://en.wikipedia.org/wiki/List_of_cities_in_China
2238,曲蘇姆,Qusum,Xizang,西藏,29.0657,92.193,,,曲苏姆,https://en.wikipedia.org/wiki/List_of_cities_in_China
2239,古薩爾,Quxar,Xizang,西藏,29.1,87.65,,,古萨尔,https://en.wikipedia.org/wiki/List_of_cities_in_China
2240,拉卡卡,Racaka,Xizang,西藏,31.4,96.5167,,,拉卡卡,https://en.wikipedia.org/wiki/List_of_cities_in_China
2241,拉邁,Ramai,Xizang,西藏,29.2447,90.8477,,,拉迈,https://en.wikipedia.org/wiki/List_of_cities_in_China
2242,里恩戈因,Ri’ngoin,Xizang,西藏,29.605,89.005,,,里恩戈因,https://en.wikipedia.org/wiki/List_of_cities_in_China
2243,日喀則,Rikaze,Xizang,西藏,29.266869,88.880583,市,Municipality,日喀则,https://github.com/boyan01/ChinaRegionDistrict
2244,魯托格,Rutog,Xizang,西藏,33.3842,79.7298,,,鲁托格,https://en.wikipedia.org/wiki/List_of_cities_in_China
2245,薩吉亞,Sa’gya,Xizang,西藏,28.9167,88.05,,,萨吉亚,https://en.wikipedia.org/wiki/List_of_cities_in_China
2246,三多,Samdo,Xizang,西藏,31.2143,96.5994,,,三多,https://en.wikipedia.org/wiki/List_of_cities_in_China
2247,桑格里,Sangri,Xizang,西藏,29.3,92.0833,,,桑格里,https://en.wikipedia.org/wiki/List_of_cities_in_China
2248,塞康,Sêrkang,Xizang,西藏,32.2167,92.1167,,,塞康,https://en.wikipedia.org/wiki/List_of_cities_in_China
2249,山南,Shannan,Xizang,西藏,29.237137,91.773134,市,Municipality,山南,https://github.com/boyan01/ChinaRegionDistrict
2250,獅泉河,Shiquanhe,Xizang,西藏,32.5012,80.0976,,,狮泉河,https://en.wikipedia.org/wiki/List_of_cities_in_China
2251,塔龍,Tarrong,Xizang,西藏,29.4167,90.25,,,塔龙,https://en.wikipedia.org/wiki/List_of_cities_in_China
2252,調音,Toding,Xizang,西藏,31.4806,79.798,,,调音,https://en.wikipedia.org/wiki/List_of_cities_in_China
2253,通多,Tungdor,Xizang,西藏,29.2,94.0833,,,通多,https://en.wikipedia.org/wiki/List_of_cities_in_China
2254,旺達,Wangda,Xizang,西藏,29.6744,97.8374,,,旺达,https://en.wikipedia.org/wiki/List_of_cities_in_China
2255,夏瑪卡覺村,Xagmakajor,Xizang,西藏,31.4944,82.3324,,,夏玛卡觉村,https://en.wikipedia.org/wiki/List_of_cities_in_China
2256,沙隆,Xarlung,Xizang,西藏,29.9,93.3,,,沙隆,https://en.wikipedia.org/wiki/List_of_cities_in_China
2257,下司馬,Xiasima,Xizang,西藏,27.494,88.953,,,下司马,https://en.wikipedia.org/wiki/List_of_cities_in_China
2258,尹杜姆,Yêndum,Xizang,西藏,30.6572,97.5731,,,尹杜姆,https://en.wikipedia.org/wiki/List_of_cities_in_China
2259,茵拉,Yinla,Xizang,西藏,29.5773,94.483,,,茵拉,https://en.wikipedia.org/wiki/List_of_cities_in_China
2260,贊卡沙,Zangkaxa,Xizang,西藏,33.7129,80.3768,,,赞卡沙,https://en.wikipedia.org/wiki/List_of_cities_in_China
2261,扎布,Zhabu,Xizang,西藏,33.1189,83.3038,,,扎布,https://en.wikipedia.org/wiki/List_of_cities_in_China
2262,扎敦,Zhadün,Xizang,西藏,29.65,84.1667,,,扎敦,https://en.wikipedia.org/wiki/List_of_cities_in_China
2263,扎莫格,Zhamog,Xizang,西藏,29.8665,95.759,,,扎莫格,https://en.wikipedia.org/wiki/List_of_cities_in_China
2264,宗嘎,Zongga,Xizang,西藏,29,85.25,,,宗嘎,https://en.wikipedia.org/wiki/List_of_cities_in_China
2265,愛華,Aihua,Yunnan,雲南,24.4167,100.1,,,爱华,https://en.wikipedia.org/wiki/List_of_cities_in_China
2266,艾蒂安巴,Aitianba,Yunnan,雲南,28.1667,104.1667,,,艾蒂安巴,https://en.wikipedia.org/wiki/List_of_cities_in_China
2267,白玉,Baiyu,Yunnan,雲南,28.5766,99.672,,,白玉,https://en.wikipedia.org/wiki/List_of_cities_in_China
2268,寶河,Baohe,Yunnan,雲南,27.1958,99.3248,,,宝河,https://en.wikipedia.org/wiki/List_of_cities_in_China
2269,保山,Baoshan,Yunnan,雲南,25.112046,99.161761,市,Municipality,保山,https://github.com/boyan01/ChinaRegionDistrict
2270,蚌樹堂,Bengshutang,Yunnan,雲南,28.0366,99.5084,,,蚌树堂,https://en.wikipedia.org/wiki/List_of_cities_in_China
2271,布傑,Bujie,Yunnan,雲南,28.0335,105.0557,,,布杰,https://en.wikipedia.org/wiki/List_of_cities_in_China
2272,昌平,Changping,Yunnan,雲南,28.2078,103.855,,,昌平,https://en.wikipedia.org/wiki/List_of_cities_in_China
2273,城坊橋,Chengfangqiao,Yunnan,雲南,25.7573,103.831,,,城坊桥,https://en.wikipedia.org/wiki/List_of_cities_in_China
2274,承gan,Chenggan,Yunnan,雲南,26.1454,102.803,,,承gan,https://en.wikipedia.org/wiki/List_of_cities_in_China
2275,川西巴,Chuansiba,Yunnan,雲南,28.3196,104.1296,,,川西巴,https://en.wikipedia.org/wiki/List_of_cities_in_China
2276,楚雄彜族,Chuxiongyizu,Yunnan,雲南,25.045513,101.527992,自治州,Municipality,楚雄彝族,https://github.com/boyan01/ChinaRegionDistrict
2277,奇凱,Cikai,Yunnan,雲南,27.7634,98.711,,,奇凯,https://en.wikipedia.org/wiki/List_of_cities_in_China
2278,翠花,Cuihua,Yunnan,雲南,27.7377,103.8574,,,翠花,https://en.wikipedia.org/wiki/List_of_cities_in_China
2279,大街,Dajie,Yunnan,雲南,24.2962,102.7506,,,大街,https://en.wikipedia.org/wiki/List_of_cities_in_China
2280,大理白族,Dalibaizu,Yunnan,雲南,25.606486,100.267638,自治州,Municipality,大理白族,https://github.com/boyan01/ChinaRegionDistrict
2281,大理園,Daliyuan,Yunnan,雲南,27.1837,103.4864,,,大理园,https://en.wikipedia.org/wiki/List_of_cities_in_China
2282,丹鳳,Danfeng,Yunnan,雲南,24.8305,104.0082,,,丹凤,https://en.wikipedia.org/wiki/List_of_cities_in_China
2283,大松樹,Dasongshu,Yunnan,雲南,26.1368,103.5734,,,大松树,https://en.wikipedia.org/wiki/List_of_cities_in_China
2284,大興,Daxing,Yunnan,雲南,22.9939604964132,102.427409910023,,,大兴,https://en.wikipedia.org/wiki/List_of_cities_in_China
2286,大當,Dedang,Yunnan,雲南,24.0118,99.2396,,,大当,https://en.wikipedia.org/wiki/List_of_cities_in_China
2287,德宏傣族景頗族,Dehongdaizujingpozu,Yunnan,雲南,24.433353,98.584895,自治州,Municipality,德宏傣族景颇族,https://github.com/boyan01/ChinaRegionDistrict
2288,點位街,Dianweijie,Yunnan,雲南,25.9075,102.8544,,,点位街,https://en.wikipedia.org/wiki/List_of_cities_in_China
2289,淀陽,Dianyang,Yunnan,雲南,24.7026,99.1592,,,淀阳,https://en.wikipedia.org/wiki/List_of_cities_in_China
2290,迪慶藏族,Diqingcangzu,Yunnan,雲南,27.818807,99.702583,自治州,Municipality,迪庆藏族,https://github.com/boyan01/ChinaRegionDistrict
2291,東川,Dongchuan,Yunnan,雲南,25.4765,101.2847,,,东川,https://en.wikipedia.org/wiki/List_of_cities_in_China
2292,豆沙關,Doushaguan,Yunnan,雲南,28.048,104.1272,,,豆沙关,https://en.wikipedia.org/wiki/List_of_cities_in_China
2293,恩樂,Enle,Yunnan,雲南,23.9605,101.0826,,,恩乐,https://en.wikipedia.org/wiki/List_of_cities_in_China
2294,楓露,Fenglu,Yunnan,雲南,24.6728,102.9149,,,枫露,https://github.com/boyan01/ChinaRegionDistrict
2295,鳳山,Fengshan,Yunnan,雲南,24.5833,99.9,,,凤山,https://en.wikipedia.org/wiki/List_of_cities_in_China
2296,甘溝,Gangou,Yunnan,雲南,26.515,103.1477,,,甘沟,https://en.wikipedia.org/wiki/List_of_cities_in_China
2297,高家村,Gaojiacun,Yunnan,雲南,25.2586,104.0634,,,高家村,https://en.wikipedia.org/wiki/List_of_cities_in_China
2298,格魯萬,Geluwan,Yunnan,雲南,27.3737,99.6561,,,格鲁万,https://en.wikipedia.org/wiki/List_of_cities_in_China
2299,耿馬,Gengma,Yunnan,雲南,23.5233,99.3786,,,耿马,https://en.wikipedia.org/wiki/List_of_cities_in_China
2300,共和,Gonghe,Yunnan,雲南,25.2558,101.5186,,,共和,https://en.wikipedia.org/wiki/List_of_cities_in_China
2301,狗狗,Goujie,Yunnan,雲南,25.7424,102.8008,,,狗狗,https://en.wikipedia.org/wiki/List_of_cities_in_China
2302,桂山,Guishan,Yunnan,雲南,24.0503,102.0002,,,桂山,https://en.wikipedia.org/wiki/List_of_cities_in_China
2303,固治,Guji,Yunnan,雲南,27.1696,103.2843,,,固治,https://en.wikipedia.org/wiki/List_of_cities_in_China
2304,河口,Hekou,Yunnan,雲南,22.5385,104.0111,,,河口,https://en.wikipedia.org/wiki/List_of_cities_in_China
2305,紅河哈尼族彜族,Honghehanizuyizu,Yunnan,雲南,23.363245,103.374893,自治州,Municipality,红河哈尼族彝族,https://github.com/boyan01/ChinaRegionDistrict
2306,黃閣溪,Huanggexi,Yunnan,雲南,27.8541,103.8611,,,黄阁溪,https://en.wikipedia.org/wiki/List_of_cities_in_China
2307,黃井壩,Huangjingba,Yunnan,雲南,28.0136,103.9985,,,黄井坝,https://en.wikipedia.org/wiki/List_of_cities_in_China
2308,黃山,Huangshan,Yunnan,雲南,26.8263,100.2191,,,黄山,https://en.wikipedia.org/wiki/List_of_cities_in_China
2309,江納,Jiangna,Yunnan,雲南,23.6092,104.3731,,,江纳,https://en.wikipedia.org/wiki/List_of_cities_in_China
2310,建堂,Jiantang,Yunnan,雲南,27.8224,99.7693,,,建堂,https://en.wikipedia.org/wiki/List_of_cities_in_China
2311,健新村,Jianxincun,Yunnan,雲南,25.8389,104.1195,,,健新村,https://en.wikipedia.org/wiki/List_of_cities_in_China
2312,焦葵,Jiaokui,Yunnan,雲南,27.5941,104.0048,,,焦葵,https://en.wikipedia.org/wiki/List_of_cities_in_China
2313,礁溪口,Jiaoxiyakou,Yunnan,雲南,26.1283,102.45,,,礁溪口,https://en.wikipedia.org/wiki/List_of_cities_in_China
2314,界村,Jiecun,Yunnan,雲南,27.3557,102.9827,,,界村,https://en.wikipedia.org/wiki/List_of_cities_in_China
2315,解子,Jiezi,Yunnan,雲南,26.7893,102.9919,,,解子,https://en.wikipedia.org/wiki/List_of_cities_in_China
2316,街上,Jiezishang,Yunnan,雲南,26.9894,103.3447,,,街上,https://en.wikipedia.org/wiki/List_of_cities_in_China
2317,金壁,Jinbi,Yunnan,雲南,25.7086,101.3368,,,金壁,https://en.wikipedia.org/wiki/List_of_cities_in_China
2318,金城,Jincheng,Yunnan,雲南,25.5015,102.4006,,,金城,https://en.wikipedia.org/wiki/List_of_cities_in_China
2319,金頂,Jinding,Yunnan,雲南,26.439,99.4406,,,金顶,https://en.wikipedia.org/wiki/List_of_cities_in_China
2320,金河,Jinhe,Yunnan,雲南,22.7667,103.25,,,金河,https://en.wikipedia.org/wiki/List_of_cities_in_China
2321,金華,Jinhua,Yunnan,雲南,26.538,99.9172,,,金华,https://en.wikipedia.org/wiki/List_of_cities_in_China
2322,金牛,Jinniu,Yunnan,雲南,25.8006,100.5743,,,金牛,https://en.wikipedia.org/wiki/List_of_cities_in_China
2325,金山,Jinshan,Yunnan,雲南,25.1151,102.0983,,,金山,https://en.wikipedia.org/wiki/List_of_cities_in_China
2326,晉中,Jinzhong,Yunnan,雲南,26.3504,103.4167,,,晋中,https://github.com/boyan01/ChinaRegionDistrict
2327,開化,Kaihua,Yunnan,雲南,23.3715,104.2437,,,开化,https://github.com/boyan01/ChinaRegionDistrict
2328,凱文,Kaiwen,Yunnan,雲南,27.1561,99.8348,,,凯文,https://en.wikipedia.org/wiki/List_of_cities_in_China
2329,加治,Kaji,Yunnan,雲南,26.0285,102.7888,,,加治,https://en.wikipedia.org/wiki/List_of_cities_in_China
2330,曠園,Kuangyuan,Yunnan,雲南,24.9138,103.1479,,,旷园,https://en.wikipedia.org/wiki/List_of_cities_in_China
2331,昆明,Kunming,Yunnan,雲南,24.880095,102.832891,市,Municipality,昆明,https://github.com/boyan01/ChinaRegionDistrict
2332,昆陽,Kunyang,Yunnan,雲南,24.6675,102.5919,,,昆阳,https://en.wikipedia.org/wiki/List_of_cities_in_China
2333,老店子,Laodianzi,Yunnan,雲南,26.9308,103.2922,,,老店子,https://en.wikipedia.org/wiki/List_of_cities_in_China
2334,老房子,Laofangzi,Yunnan,雲南,26.6716,103.1883,,,老房子,https://en.wikipedia.org/wiki/List_of_cities_in_China
2339,拉贊中,Lazanzhong,Yunnan,雲南,28.2212,99.7322,,,拉赞中,https://en.wikipedia.org/wiki/List_of_cities_in_China
2340,萊達巴,Leidaba,Yunnan,雲南,27.9572,104.3387,,,莱达巴,https://en.wikipedia.org/wiki/List_of_cities_in_China
2341,連城,Liancheng,Yunnan,雲南,24.0519,105.075,,,连城,https://en.wikipedia.org/wiki/List_of_cities_in_China
2342,連然,Lianran,Yunnan,雲南,24.9211,102.4778,,,连然,https://github.com/boyan01/ChinaRegionDistrict
2343,連珠,Lianzhu,Yunnan,雲南,23.4084,101.7103,,,连珠,https://en.wikipedia.org/wiki/List_of_cities_in_China
2344,麗江,Lijiang,Yunnan,雲南,26.8667380062904,100.228969538135,市,Municipality,丽江,https://github.com/boyan01/ChinaRegionDistrict
2346,臨安,Lin’an,Yunnan,雲南,23.6025,102.8309,,,临安,https://en.wikipedia.org/wiki/List_of_cities_in_China
2347,臨滄,Lincang,Yunnan,雲南,23.883955,100.08879,市,Municipality,临沧,https://github.com/boyan01/ChinaRegionDistrict
2348,龍城,Longcheng,Yunnan,雲南,24.8983,102.7997,,,龙城,https://en.wikipedia.org/wiki/List_of_cities_in_China
2350,龍川,Longchuan,Yunnan,雲南,25.1615,101.2942,,,龙川,https://en.wikipedia.org/wiki/List_of_cities_in_China
2351,龍泉,Longquan,Yunnan,雲南,24.6719,102.1613,,,龙泉,https://en.wikipedia.org/wiki/List_of_cities_in_China
2352,龍山,Longshan,Yunnan,雲南,24.6009,98.7042,,,龙山,https://en.wikipedia.org/wiki/List_of_cities_in_China
2353,鹿fu,Lufu,Yunnan,雲南,24.7602,103.2665,,,鹿fu,https://en.wikipedia.org/wiki/List_of_cities_in_China
2354,羅雄,Luoxiong,Yunnan,雲南,24.8856,104.2923,,,罗雄,https://en.wikipedia.org/wiki/List_of_cities_in_China
2355,陸章,Luzhang,Yunnan,雲南,25.8519,98.8562,,,陆章,https://github.com/boyan01/ChinaRegionDistrict
2356,馬白,Mabai,Yunnan,雲南,23.0128,104.4508,,,马白,https://en.wikipedia.org/wiki/List_of_cities_in_China
2357,馬場,Machang,Yunnan,雲南,26.1079,104.268,,,马场,https://en.wikipedia.org/wiki/List_of_cities_in_China
2358,馬里,Mali,Yunnan,雲南,23.1262,104.7409,,,马里,https://en.wikipedia.org/wiki/List_of_cities_in_China
2359,茅山街,Maoshanjie,Yunnan,雲南,25.6678,102.4991,,,茅山街,https://en.wikipedia.org/wiki/List_of_cities_in_China
2360,夢東,Mengdong,Yunnan,雲南,23.1615,99.2023,,,梦东,https://en.wikipedia.org/wiki/List_of_cities_in_China
2361,夢浪,Menglang,Yunnan,雲南,22.5621,99.9103,,,梦浪,https://en.wikipedia.org/wiki/List_of_cities_in_China
2362,孟烈,Menglie,Yunnan,雲南,22.5597,101.8679,,,孟烈,https://en.wikipedia.org/wiki/List_of_cities_in_China
2363,夢夢,Mengmeng,Yunnan,雲南,23.465,99.8021,,,梦梦,https://en.wikipedia.org/wiki/List_of_cities_in_China
2364,夢鎖,Mengsuo,Yunnan,雲南,22.602,99.5514,,,梦锁,https://en.wikipedia.org/wiki/List_of_cities_in_China
2365,密城,Micheng,Yunnan,雲南,25.3204,100.4993,,,密城,https://en.wikipedia.org/wiki/List_of_cities_in_China
2366,密陽,Miyang,Yunnan,雲南,24.4042,103.4428,,,密阳,https://en.wikipedia.org/wiki/List_of_cities_in_China
2367,莫一,Moshiyi,Yunnan,雲南,27.8277,103.7283,,,莫一,https://en.wikipedia.org/wiki/List_of_cities_in_China
2368,木增,Muzeng,Yunnan,雲南,26.0524,102.4793,,,木增,https://en.wikipedia.org/wiki/List_of_cities_in_China
2369,那霸,Nahaping,Yunnan,雲南,28.4318,103.8578,,,那霸,https://en.wikipedia.org/wiki/List_of_cities_in_China
2370,南劍,Nanjian,Yunnan,雲南,25.048,100.5322,,,南剑,https://en.wikipedia.org/wiki/List_of_cities_in_China
2371,南山,Nansan,Yunnan,雲南,23.7957,98.804,,,南山,https://en.wikipedia.org/wiki/List_of_cities_in_China
2372,南沙,Nansha,Yunnan,雲南,23.1804,102.8333,,,南沙,https://en.wikipedia.org/wiki/List_of_cities_in_China
2373,南雲,Nayun,Yunnan,雲南,22.332,99.5613,,,南云,https://en.wikipedia.org/wiki/List_of_cities_in_China
2374,寧格爾,Ning’er,Yunnan,雲南,23.0405,101.0368,,,寧格尔,https://en.wikipedia.org/wiki/List_of_cities_in_China
2375,寧州,Ningzhou,Yunnan,雲南,24.1877,102.917,,,寧州,https://en.wikipedia.org/wiki/List_of_cities_in_China
2376,牛皮齋,Niupizhai,Yunnan,雲南,28.1115,104.3814,,,牛皮斋,https://en.wikipedia.org/wiki/List_of_cities_in_China
2377,怒江傈僳族,Nujianglisuzu,Yunnan,雲南,25.817555,98.8566,自治州,Municipality,怒江傈僳族,https://github.com/boyan01/ChinaRegionDistrict
2378,彭家寨子,Pengjia Zhaizi,Yunnan,雲南,27.6083,103.5271,,,彭家寨子,https://en.wikipedia.org/wiki/List_of_cities_in_China
2379,平坡,Pingpo,Yunnan,雲南,25.4284,103.7545,,,平坡,https://en.wikipedia.org/wiki/List_of_cities_in_China
2380,平山,Pingshan,Yunnan,雲南,25.5198,102.4758,,,平山,https://en.wikipedia.org/wiki/List_of_cities_in_China
2381,平遠,Pingyuan,Yunnan,雲南,24.7364,97.9136,,,平远,https://en.wikipedia.org/wiki/List_of_cities_in_China
2382,普洱,Puer,Yunnan,雲南,22.825155,100.966156,市,Municipality,普洱,https://github.com/boyan01/ChinaRegionDistrict
2383,浦家灣,Pujiawan,Yunnan,雲南,26.1855,102.2915,,,浦家湾,https://en.wikipedia.org/wiki/List_of_cities_in_China
2384,橋上,Qiaoshang,Yunnan,雲南,27.9427,105.1648,,,桥上,https://en.wikipedia.org/wiki/List_of_cities_in_China
2385,青鳳林,Qingfenglin,Yunnan,雲南,27.7878,105.1457,,,青凤林,https://en.wikipedia.org/wiki/List_of_cities_in_China
2386,曲靖,Qujing,Yunnan,雲南,25.489999,103.796167,市,Municipality,曲靖,https://github.com/boyan01/ChinaRegionDistrict
2388,仁德,Rende,Yunnan,雲南,25.5582,103.276,,,仁德,https://en.wikipedia.org/wiki/List_of_cities_in_China
2389,三官齋,Sanguanzhai,Yunnan,雲南,27.1077,103.2566,,,三官斋,https://en.wikipedia.org/wiki/List_of_cities_in_China
2390,三口堂,Sankoutang,Yunnan,雲南,27.9127,104.9505,,,三口堂,https://en.wikipedia.org/wiki/List_of_cities_in_China
2391,薩齊巴,Saziba,Yunnan,雲南,25.8673,102.6185,,,萨齐巴,https://en.wikipedia.org/wiki/List_of_cities_in_China
2392,上吧,Shangba,Yunnan,雲南,27.6296,103.3045,,,上吧,https://en.wikipedia.org/wiki/List_of_cities_in_China
2393,上街,Shangjie,Yunnan,雲南,25.6711,99.9802,,,上街,https://en.wikipedia.org/wiki/List_of_cities_in_China
2394,上巴,Shangpa,Yunnan,雲南,26.9195,98.9516,,,上巴,https://en.wikipedia.org/wiki/List_of_cities_in_China
2395,上天壩,Shangtianba,Yunnan,雲南,28.0312,103.8618,,,上天坝,https://en.wikipedia.org/wiki/List_of_cities_in_China
2396,山角,Shanjiao,Yunnan,雲南,27.3223,103.0684,,,山角,https://en.wikipedia.org/wiki/List_of_cities_in_China
2397,山子迪,Shanzidi,Yunnan,雲南,26.5538,103.2604,,,山子迪,https://en.wikipedia.org/wiki/List_of_cities_in_China
2398,昇平,Shengping,Yunnan,雲南,28.4856,98.9114,,,昇平,https://en.wikipedia.org/wiki/List_of_cities_in_China
2399,石門,Shimen,Yunnan,雲南,25.8948,99.4294,,,石门,https://en.wikipedia.org/wiki/List_of_cities_in_China
2400,芝子,Shiziba,Yunnan,雲南,27.9796,104.1806,,,芝子,https://en.wikipedia.org/wiki/List_of_cities_in_China
2401,雙江,Shuangjiang,Yunnan,雲南,24.1726,102.4005,,,双江,https://en.wikipedia.org/wiki/List_of_cities_in_China
2402,水溝,Shuigou,Yunnan,雲南,26.9381,103.0396,,,水沟,https://en.wikipedia.org/wiki/List_of_cities_in_China
2403,水溝’,Shuigou’ao,Yunnan,雲南,27.1191,103.3534,,,水沟’,https://en.wikipedia.org/wiki/List_of_cities_in_China
2404,水磨,Shuimo,Yunnan,雲南,27.3019,103.4143,,,水磨,https://en.wikipedia.org/wiki/List_of_cities_in_China
2405,水天寨,Shuitianzhai,Yunnan,雲南,27.7643,105.2516,,,水天寨,https://en.wikipedia.org/wiki/List_of_cities_in_China
2406,思茅,Simao,Yunnan,雲南,22.7807,100.9782,,,思茅,https://github.com/boyan01/ChinaRegionDistrict
2407,松陽,Songyang,Yunnan,雲南,25.3251,103.0298,,,松阳,https://en.wikipedia.org/wiki/List_of_cities_in_China
2408,蘇家營,Sujiaying,Yunnan,雲南,25.6316,102.5847,,,苏家营,https://en.wikipedia.org/wiki/List_of_cities_in_China
2409,太平店,Taipingdian,Yunnan,雲南,28.5593,104.222,,,太平店,https://en.wikipedia.org/wiki/List_of_cities_in_China
2410,坦頭,Tantou,Yunnan,雲南,28.2833,104.2667,,,坦头,https://en.wikipedia.org/wiki/List_of_cities_in_China
2411,天嶽,Tengyue,Yunnan,雲南,25.0333,98.4666,,,天岳,https://github.com/boyan01/ChinaRegionDistrict
2412,天行場,Tianxingchang,Yunnan,雲南,27.8423,103.9824,,,天行场,https://en.wikipedia.org/wiki/List_of_cities_in_China
2413,鐵線溪,Tiexianxi,Yunnan,雲南,27.9119,103.8894,,,铁线溪,https://en.wikipedia.org/wiki/List_of_cities_in_China
2414,同泉,Tongquan,Yunnan,雲南,25.4,103.5667,,,同泉,https://en.wikipedia.org/wiki/List_of_cities_in_China
2415,萬和場,Wanhechang,Yunnan,雲南,27.7759,103.5095,,,万和场,https://en.wikipedia.org/wiki/List_of_cities_in_China
2416,威遠,Weiyuan,Yunnan,雲南,23.4683,100.6835,,,威远,https://en.wikipedia.org/wiki/List_of_cities_in_China
2417,文蘭,Wenlan,Yunnan,雲南,23.3689,103.3881,,,文兰,https://github.com/boyan01/ChinaRegionDistrict
2418,文平,Wenping,Yunnan,雲南,27.1931,103.5273,,,文平,https://en.wikipedia.org/wiki/List_of_cities_in_China
2419,文山壯族苗族,Wenshanzhuangzumiaozu,Yunnan,雲南,23.400733,104.216248,自治州,Municipality,文山壮族苗族,https://github.com/boyan01/ChinaRegionDistrict
2420,五峰,Wufeng,Yunnan,雲南,27.45,104.8333,,,五峰,https://en.wikipedia.org/wiki/List_of_cities_in_China
2421,相城,Xiangcheng,Yunnan,雲南,25.4669,100.5625,,,相城,https://en.wikipedia.org/wiki/List_of_cities_in_China
2422,向家壩,Xiangjiaba,Yunnan,雲南,28.6327,104.4042,,,向家坝,https://en.wikipedia.org/wiki/List_of_cities_in_China
2423,襄陽市,Xiangyang,Yunnan,雲南,26.7599,103.2539,,,襄阳市,https://en.wikipedia.org/wiki/List_of_cities_in_China
2424,小坪壩,Xiaopingba,Yunnan,雲南,25.4949,102.5123,,,小坪坝,https://en.wikipedia.org/wiki/List_of_cities_in_China
2425,小鐵場,Xiaotiechang,Yunnan,雲南,26.2838,103.6386,,,小铁场,https://en.wikipedia.org/wiki/List_of_cities_in_China
2426,下橋頭,Xiaqiaotou,Yunnan,雲南,27.1853,100.0434,,,下桥头,https://en.wikipedia.org/wiki/List_of_cities_in_China
2427,西城,Xicheng,Yunnan,雲南,23.3629,103.1545,,,西城,https://github.com/boyan01/ChinaRegionDistrict
2428,溪洛渡,Xiluodu,Yunnan,雲南,28.2442,103.6385,,,溪洛渡,https://en.wikipedia.org/wiki/List_of_cities_in_China
2429,新村,Xincun,Yunnan,雲南,27.6718,103.8699,,,新村,https://en.wikipedia.org/wiki/List_of_cities_in_China
2430,興隆場,Xinglongchang,Yunnan,雲南,28.2663,104.389,,,兴隆场,https://en.wikipedia.org/wiki/List_of_cities_in_China
2433,西坪,Xiping,Yunnan,雲南,25.6005,103.8166,,,西坪,https://github.com/boyan01/ChinaRegionDistrict
2434,夏莎,Xisa,Yunnan,雲南,23.45,104.7077,,,夏莎,https://en.wikipedia.org/wiki/List_of_cities_in_China
2435,西沙橋,Xishaqiao,Yunnan,雲南,28.3025,103.9848,,,西沙桥,https://en.wikipedia.org/wiki/List_of_cities_in_China
2436,西雙版納傣族,Xishuangbannadaizu,Yunnan,雲南,22.009113,100.796984,自治州,Municipality,西双版纳傣族,https://github.com/boyan01/ChinaRegionDistrict
2437,秀山,Xiushan,Yunnan,雲南,24.11,102.7615,,,秀山,https://en.wikipedia.org/wiki/List_of_cities_in_China
2438,燕京,Yanjing,Yunnan,雲南,28.0823,104.195,,,燕京,https://en.wikipedia.org/wiki/List_of_cities_in_China
2439,義龍,Yilong,Yunnan,雲南,23.6914,102.487,,,义龙,https://en.wikipedia.org/wiki/List_of_cities_in_China
2440,義沙,Yisa,Yunnan,雲南,23.3323,102.4471,,,义沙,https://en.wikipedia.org/wiki/List_of_cities_in_China
2441,永北,Yongbei,Yunnan,雲南,26.6462,100.7807,,,永北,https://en.wikipedia.org/wiki/List_of_cities_in_China
2442,永定,Yongding,Yunnan,雲南,26.0412,101.6864,,,永定,https://en.wikipedia.org/wiki/List_of_cities_in_China
2443,有店,Youdian,Yunnan,雲南,24.8289,99.5923,,,有店,https://en.wikipedia.org/wiki/List_of_cities_in_China
2444,元馬,Yuanma,Yunnan,雲南,25.682,101.872,,,元马,https://en.wikipedia.org/wiki/List_of_cities_in_China
2445,月樂節,Yuelejie,Yunnan,雲南,27.8269,103.7831,,,月乐节,https://en.wikipedia.org/wiki/List_of_cities_in_China
2446,雨湖,Yuhu,Yunnan,雲南,26.1068,99.9829,,,雨湖,https://en.wikipedia.org/wiki/List_of_cities_in_China
2447,於家寨,Yujiazhai,Yunnan,雲南,27.8415,104.8249,,,於家寨,https://en.wikipedia.org/wiki/List_of_cities_in_China
2448,雲鶴,Yunhe,Yunnan,雲南,26.525,100.1978,,,云鹤,https://en.wikipedia.org/wiki/List_of_cities_in_China
2449,玉屏,Yuping,Yunnan,雲南,22.9769,103.7108,,,玉屏,https://en.wikipedia.org/wiki/List_of_cities_in_China
2450,玉溪,Yuxi,Yunnan,雲南,24.347324,102.527197,市,Municipality,玉溪,https://github.com/boyan01/ChinaRegionDistrict
2451,張峰,Zhangfeng,Yunnan,雲南,24.2209,97.7868,,,张峰,https://en.wikipedia.org/wiki/List_of_cities_in_China
2452,昭通,Zhaotong,Yunnan,雲南,27.338257,103.717465,市,Municipality,昭通,https://github.com/boyan01/ChinaRegionDistrict
2453,扎西,Zhaxi,Yunnan,雲南,27.8508,104.9687,,,扎西,https://en.wikipedia.org/wiki/List_of_cities_in_China
2454,中安,Zhong’an,Yunnan,雲南,25.6667,104.2333,,,中安,https://en.wikipedia.org/wiki/List_of_cities_in_China
2455,中巴,Zhongba,Yunnan,雲南,27.9543,105.0404,,,中巴,https://en.wikipedia.org/wiki/List_of_cities_in_China
2456,中城,Zhongcheng,Yunnan,雲南,28.591,103.9396,,,中城,https://en.wikipedia.org/wiki/List_of_cities_in_China
2459,中和場,Zhonghechang,Yunnan,雲南,28.1538,104.0984,,,中和场,https://en.wikipedia.org/wiki/List_of_cities_in_China
2460,中樞,Zhongshu,Yunnan,雲南,25.0273,103.663,,,中枢,https://en.wikipedia.org/wiki/List_of_cities_in_China
2461,中樞,Zhongshu,Yunnan,雲南,24.5167,103.7667,,,中枢,https://en.wikipedia.org/wiki/List_of_cities_in_China
2462,中信,Zhongxin,Yunnan,雲南,26.6167,101.2715,,,中信,https://en.wikipedia.org/wiki/List_of_cities_in_China
2463,朱家村,Zhujiacun,Yunnan,雲南,26.3204,104.3957,,,朱家村,https://en.wikipedia.org/wiki/List_of_cities_in_China
2464,左馬場,Zoumachang,Yunnan,雲南,27.8713,105.201,,,左马场,https://en.wikipedia.org/wiki/List_of_cities_in_China
2465,白冠,Baiguan,Zhejiang,浙江,30.0325,120.86,,,白冠,https://en.wikipedia.org/wiki/List_of_cities_in_China
2467,北崙,Beilun,Zhejiang,浙江,29.9192,121.8378,,,北崙,https://en.wikipedia.org/wiki/List_of_cities_in_China
2468,誠中,Chengzhong,Zhejiang,浙江,29.1064,119.6486,,,诚中,https://en.wikipedia.org/wiki/List_of_cities_in_China
2469,岱山,Daishan,Zhejiang,浙江,30.2459,122.199,,,岱山,https://en.wikipedia.org/wiki/List_of_cities_in_China
2470,丹溪,Danxi,Zhejiang,浙江,29.4747,121.8656,,,丹溪,https://en.wikipedia.org/wiki/List_of_cities_in_China
2471,德清,Deqing,Zhejiang,浙江,30.5449,119.9599,,,德清,https://en.wikipedia.org/wiki/List_of_cities_in_China
2472,東城,Dongcheng,Zhejiang,浙江,28.8938,120.0402,,,东城,https://en.wikipedia.org/wiki/List_of_cities_in_China
2473,東陽,Dongyang,Zhejiang,浙江,29.2785,120.2282,,,东阳,https://github.com/boyan01/ChinaRegionDistrict
2474,多湖,Duohu,Zhejiang,浙江,29.0937,119.6851,,,多湖,https://en.wikipedia.org/wiki/List_of_cities_in_China
2476,富陽,Fuyang,Zhejiang,浙江,30.0533,119.9519,,,富阳,https://github.com/boyan01/ChinaRegionDistrict
2477,富英,Fuying,Zhejiang,浙江,28.8626,120.7193,,,富英,https://en.wikipedia.org/wiki/List_of_cities_in_China
2478,古城,Gucheng,Zhejiang,浙江,28.8486,121.1161,,,古城,https://en.wikipedia.org/wiki/List_of_cities_in_China
2479,海門,Haimen,Zhejiang,浙江,28.6807,121.4241,,,海门,https://en.wikipedia.org/wiki/List_of_cities_in_China
2480,杭州,Hangzhou,Zhejiang,浙江,30.24692,120.209789,市,Municipality,杭州,https://github.com/boyan01/ChinaRegionDistrict
2481,杭州市,Hangzhou,Zhejiang,浙江,30.25,120.1675,,,杭州市,https://github.com/boyan01/ChinaRegionDistrict
2482,合城,Hecheng,Zhejiang,浙江,28.1394,120.288,,,合城,https://en.wikipedia.org/wiki/List_of_cities_in_China
2483,湖州,Huzhou,Zhejiang,浙江,30.89441,120.086809,市,Municipality,湖州,https://github.com/boyan01/ChinaRegionDistrict
2484,嘉興,Jiaxing,Zhejiang,浙江,30.746191,120.75547,市,Municipality,嘉兴,https://github.com/boyan01/ChinaRegionDistrict
2485,金華,Jinhua,Zhejiang,浙江,29.079208,119.647229,市,Municipality,金华,https://github.com/boyan01/ChinaRegionDistrict
2487,蘭江,Lanjiang,Zhejiang,浙江,29.2151,119.4612,,,兰江,https://en.wikipedia.org/wiki/List_of_cities_in_China
2488,臨安,Lin’an,Zhejiang,浙江,30.2358,119.7181,,,临安,https://en.wikipedia.org/wiki/List_of_cities_in_China
2489,臨平,Linping,Zhejiang,浙江,30.4225,120.2972,,,临平,https://en.wikipedia.org/wiki/List_of_cities_in_China
2490,麗水,Lishui,Zhejiang,浙江,28.46763,119.922796,市,Municipality,丽水,https://github.com/boyan01/ChinaRegionDistrict
2491,樓橋,Louqiao,Zhejiang,浙江,28.0106,120.6322,,,楼桥,https://en.wikipedia.org/wiki/List_of_cities_in_China
2492,魯北,Lubei,Zhejiang,浙江,28.5863,121.37,,,鲁北,https://en.wikipedia.org/wiki/List_of_cities_in_China
2493,洛陽,Luoyang,Zhejiang,浙江,27.5614,119.7114,,,洛阳,https://en.wikipedia.org/wiki/List_of_cities_in_China
2494,甯波,Ningbo,Zhejiang,浙江,29.859971,121.622485,市,Municipality,宁波,https://github.com/boyan01/ChinaRegionDistrict
2495,寧波市,Ningbo,Zhejiang,浙江,29.875,121.5492,,,寧波市,https://github.com/boyan01/ChinaRegionDistrict
2497,寧海,Ninghai,Zhejiang,浙江,29.2892,121.4247,,,寧海,https://en.wikipedia.org/wiki/List_of_cities_in_China
2498,磐安,Pan’an,Zhejiang,浙江,29.0537,120.4376,,,磐安,https://en.wikipedia.org/wiki/List_of_cities_in_China
2499,衢州,Quzhou,Zhejiang,浙江,28.970079,118.859457,市,Municipality,衢州,https://github.com/boyan01/ChinaRegionDistrict
2500,上塘,Shangtang,Zhejiang,浙江,28.1554,120.6882,,,上塘,https://en.wikipedia.org/wiki/List_of_cities_in_China
2501,山湖,Shanhu,Zhejiang,浙江,29.5908,120.8176,,,山湖,https://github.com/boyan01/ChinaRegionDistrict
2502,紹興,Shaoxing,Zhejiang,浙江,30.030192,120.580364,市,Municipality,绍兴,https://github.com/boyan01/ChinaRegionDistrict
2503,石橋,Shiqiao,Zhejiang,浙江,27.9819,120.5592,,,石桥,https://en.wikipedia.org/wiki/List_of_cities_in_China
2504,雙菱,Shuangling,Zhejiang,浙江,28.0248,120.6021,,,双菱,https://en.wikipedia.org/wiki/List_of_cities_in_China
2505,松原,Songyuan,Zhejiang,浙江,27.6217,119.0592,,,松原,https://en.wikipedia.org/wiki/List_of_cities_in_China
2506,太平,Taiping,Zhejiang,浙江,28.3688,121.3617,,,太平,https://en.wikipedia.org/wiki/List_of_cities_in_China
2507,台州,Taizhou,Zhejiang,浙江,28.65638,121.42076,市,Municipality,台州,https://github.com/boyan01/ChinaRegionDistrict
2508,天台城關鎮,Tiantai Chengguanzhen,Zhejiang,浙江,29.1363,121.0296,,,天台城关镇,https://en.wikipedia.org/wiki/List_of_cities_in_China
2509,圍塘,Weitang,Zhejiang,浙江,30.8502,120.9114,,,围塘,https://en.wikipedia.org/wiki/List_of_cities_in_China
2510,溫州,Wenzhou,Zhejiang,浙江,27.993828,120.699361,市,Municipality,温州,https://github.com/boyan01/ChinaRegionDistrict
2511,烏瑪,Wuma,Zhejiang,浙江,28.0173,120.6659,,,乌玛,https://en.wikipedia.org/wiki/List_of_cities_in_China
2512,梧桐,Wutong,Zhejiang,浙江,30.6326,120.5474,,,梧桐,https://github.com/boyan01/ChinaRegionDistrict
2513,烏雲,Wuyun,Zhejiang,浙江,28.6539,120.0669,,,乌云,https://en.wikipedia.org/wiki/List_of_cities_in_China
2514,蕭山,Xiaoshan,Zhejiang,浙江,30.1675,120.2588,,,萧山,https://en.wikipedia.org/wiki/List_of_cities_in_China
2515,下石,Xiashi,Zhejiang,浙江,30.5333,120.6833,,,下石,https://github.com/boyan01/ChinaRegionDistrict
2516,新安江,Xin’anjiang,Zhejiang,浙江,29.4748,119.2715,,,新安江,https://en.wikipedia.org/wiki/List_of_cities_in_China
2517,徐山,Xushan,Zhejiang,浙江,30.1697,121.2665,,,徐山,https://github.com/boyan01/ChinaRegionDistrict
2519,義烏市,Yiwu,Zhejiang,浙江,29.3081,120.0698,,,义乌市,https://github.com/boyan01/ChinaRegionDistrict
2520,月城,Yuecheng,Zhejiang,浙江,28.1229,120.9607,,,月城,https://en.wikipedia.org/wiki/List_of_cities_in_China
2521,趙寶山,Zhaobaoshan,Zhejiang,浙江,29.9695,121.6875,,,赵宝山,https://en.wikipedia.org/wiki/List_of_cities_in_China
2522,舟山,Zhoushan,Zhejiang,浙江,29.985553,122.207106,市,Municipality,舟山,https://github.com/boyan01/ChinaRegionDistrict
2523,竹崗,Zhugang,Zhejiang,浙江,28.1277,121.2288,,,竹岗,https://github.com/boyan01/ChinaRegionDistrict
2524,諸暨,Zhuji,Zhejiang,浙江,29.7169,120.2314,,,诸暨,https://github.com/boyan01/ChinaRegionDistrict
2525,武漢,Wuhan,Hubei,湖北,30.593001,114.305878,市,Municipality,武汉,https://github.com/boyan01/ChinaRegionDistrict
2526,瀋陽,Shenyang,Liaoning,遼寧,41.79415177,123.4468612,市,Municipality,瀋阳,https://github.com/boyan01/ChinaRegionDistrict
