Univ_ZhT_Srce;Univ_ZhT_Strd;Univ_Eng;Status_ZhT;Status_Eng;Eng_Source
北平財政商業專門學校;北京財政商業專門學校;Beijing Financial and Commercial College;;;
北平參贊學校;北京參贊學校;Beijing Counselor School;;;
北平第一助產學校;北京第一助產學校;Beijing First Midwifery School;;;
北平俄文法政專;北京俄文法政專;Beijing Russian Law and Political College;;;
北平方正商業學校;北京方正商業學校;Beijing Fangzheng Business School;;;
北平高級職業學校;北京高級職業學校;Beijing Senior Vocational School;;;
北平公益高級職業學校;北京公益高級職業學校;Beijing Philanthropy Senior Vocational School;;;
北平弘慈佛學專校;北京弘慈佛學專校;Beijing Hongci Buddhist College;;;
北平監務專門學校;北京監務專門學校;Beijing Supervisory College;;;
北平警官高等學校;北京警官高等學校;Beijing Police Academy;;;
北平孔德學校;北京孔德學校;Beijing Kongde School;;;
北平師範大學;北京師範大學;Beijing Normal University;;;
北平市立體育專科學校;北京市立體育專科學校;Beijing Municipal Sports College;;;
北平稅務學校;北京稅務學校;Beijing Tax School;;;
北平私立商業專門學校;北京私立商業專門學校;Beijing Private Commercial College;;;
北平鐵道管理學院;北京鐵道管理學院;Beijing Railway Management College;;;
北平文治大學;北京文治大學;Beijing Wenzhi University;;;
北平鹽務學校;北京鹽務學校;Beijing Salt School;;;
交通大學;交通大學;Chiao-t'ung University;c;c;
奉天省立商業學校;奉天省立商業學校;Fengtian Provincial Commercial School;;;
南京大陸商業專門學校;南京大陸商業專門學校;Nanjing Continental Commercial College;;;
南京中央體育專門學校;南京中央體育專門學校;Nanjing Central Sports College;;;
商業專科學校;商業專科學校;Business Vocational School;;;
聖芳濟學院;聖芳濟學院;Franciscan College;;;
神州法律學院;神州法律學院;China Law School;;;
特志大學;特志大學;Tezhi University;;;
廈門大學;廈門大學;Amoy University;;v;
浙江大學;浙江大學;Chekiang University;;v;
復旦大學;復旦大學;Fudan University;;v;
華中大學;華中大學;Central China University;;v;
光華大學;光華大學;Guanghua University;;v;
廣東大學;廣東大學;Guangdong University;;v;
南洋高級商科學校;南洋高級商科學校;Nanyang Advanced Business School;;v;
北平協和醫學院;北京協和醫學院;Beijing Union Medical College;;v;
北京大學;北京大學;Beijing University;;v;
北平大學;北京大學;Beijing University;;v;
北平臨大;北京臨大;Beijing Temporary University;;v;
淸華學校;淸華學校;Qinghua University;;v;
清華大學;清華大學;Tsinghua University;;v;
青島大學;青島大學;Qingdao University;;v;
香港大學;香港大學;Hong Kong University;;v;
燕京大學;燕京大學;Yanjing University;;v;
正風文學院;正風文學院;Zhengfeng College of Literature;;;
中央研究院社會科學研究所;中央研究院;Academia Sinica;;;
吉林省阿城縣立師範學校;吉林省阿城縣立師範學校;Acheng County Normal School in Jilin Province;;;
空軍將校飛行偵察學校;空軍將校飛行偵察學校;Air Force General Flight Reconnaissance School;;;
空軍大學;空軍大學;Air Force University;;;
空軍參謀大學;空軍參謀大學;Air Staff University;;;
愛伯汀大學;愛伯汀大學;Albertine University;;;
香港亞力山大學;香港亞力山大學;Alexander University of Hong Kong;;;
全蘇油田開發研究所;全蘇油田開發研究所;All-Jiangsu Oilfield Development Research Institute;;;
安東高級商業職業學校;安東高級商業職業學校;Andong Advanced Business Vocational School;;;
安東縣立甲種商業學校;安東縣立甲種商業學校;Andong County Class A Commercial School;;;
安東縣立師範學校;安東縣立師範學校;Andong County Normal School;;;
安東鳳城師範學校;安東鳳城師範學校;Andong Fengcheng Normal School;;;
安東警察學校;安東警察學校;Andong Police Academy;;;
安東通化師範學校;安東通化師範學校;Andong Tonghua Normal School;;;
英華書院;英華書院;Anglo-Chinese college;;;
安徽甲種工業專門學校;安徽甲種工業專門學校;Anhui Class A Industrial College;;;
安徽第一甲種工業專門學校;安徽第一甲種工業專門學校;Anhui First Class A Industrial Technical School;;;
安徽高等學堂;安徽高等學堂;Anhui Higher School;;;
安徽法政學校;安徽法政專門學校;Anhui Institute of Political Science and Law;;;
安徽省立第一農業學校;安徽省立第一農業學校;Anhui Provincial First Agricultural School;;;
安徽省立第一工業學校;安徽省立第一工業學校;Anhui Provincial First Industrial School;;;
安徽省立第二農業學校;安徽省立第二農業學校;Anhui Provincial Second Agricultural School;;;
安徽省立第二女子師範學校;安徽省立第二女子師範學校;Anhui Provincial Second Girls' Normal School;;;
安徽省立第二職業學校;安徽省立第二職業學校;Anhui Provincial Second Vocational School;;;
安徽公立法政專門學校;安徽公立法政專門學校;Anhui Public School of Law and Politics;;;
安徽鄉村師範學校;安徽鄉村師範學校;Anhui Rural Normal School;;;
安徽高級師範學校;安徽高級師範學校;Anhui Senior Normal School;;;
安徽高級蠶絲學校;安徽高級蠶絲學校;Anhui Senior Silk School;;;
安徽大學;安徽大學;Anhui University;;;
安徽女子師範學校;安徽女子師範學校;Anhui Women's Normal School;;;
安徽宣城師範學校;安徽宣城師範學校;Anhui Xuancheng Normal School;;;
安慶皖江師範專科學校;安慶皖江師範專科學校;Anqing Wanjiang Teachers College;;;
青山學院大學;青山學院大學;Aoyama Gakuin University;;;
應用地球物研所;應用地球物研所;Applied Geophysical Research Institute;;;
陸軍炮兵工程學院;陸軍炮兵工程學院;Army Artillery Engineering College;;;
陸軍炮兵學校;陸軍炮兵學校;Army Artillery School;;;
陸軍航空兵戰術學校;陸軍航空兵戰術學校;Army Aviation Tactics School;;;
陸軍高等經理學校;陸軍高等經理學校;Army High School of Managers;;;
陸軍步兵學校;陸軍步兵學校;Army Infantry School;;;
陸軍經理學校;陸軍經理學校;Army Manager School;;;
陸軍機械化學校;陸軍機械化學校;Army Mechanization School;;;
陸軍軍醫學校;陸軍軍醫學校;Army Medical School;;;
陸軍士官學校等;陸軍士官學校等;Army Non-commissioned Academy;;;
陸軍軍官學校;陸軍軍官學校;Army Officer School;;;
陸軍部先兵學校;陸軍部先兵學校;Army Pioneer School;;;
陸軍軍需學校;陸軍軍需學校;Army Quartermaster School;;;
陸軍通信兵學校;陸軍通信兵學校;Army Signal Corps School;;;
陸軍參謀大學;陸軍參謀大學;Army Staff University;;;
陸軍步校;陸軍步校;Army Step School;;;
陸軍測繪學校;陸軍測繪學校;Army Surveying and Mapping School;;;
陸軍大學;陸軍大學;Army University;;;
陸軍大學將官班;陸軍大學;Army University;;;
陸軍大學研究院;陸軍大學;Army University;;;
陸軍大學軍事函授學校研究班;陸軍大學;Army University;;;
陸軍獸醫學校;陸軍獸醫學校;Army Veterinary School;;;
炮兵專科學校;炮兵專科學校;Artillery Academy;;;
炮兵學校;炮兵學校;Artillery school;;;
藝術專科學校;藝術專科學校;arts college;;;
震旦大學;震旦大學;Aurora University;;;
自動車學校;自動車學校;Auto school;;;
航空機械學校;航空機械學校;Aviation Machinery School;;;
班納消防工程專科學校;班納消防工程專科學校;Banna Fire Engineering Vocational College;;;
保定農學院;保定農學院;Baoding Agricultural College;;;
保定甲種工業專門學校;保定甲種工業專門學校;Baoding Class A Industrial College;;;
保定留法高等工藝學校;保定留法高等工藝學校;Baoding French Higher Polytechnic School;;;
保定軍官學校;保定軍官學校;Baoding Military Academy;;;
保定軍校;保定軍官學校;Baoding Military Academy;;;
保定軍校三期;保定軍官學校;Baoding Military Academy;;;
保定陸軍學校;保定軍官學校;Baoding Military Academy;;;
保定陸軍軍官學校;保定軍官學校;Baoding Military Academy;;;
保定師範學校;保定師範學校;Baoding Normal School;;;
保定北大農科;保定北大農科;Baoding Beijing University Agricultural Science;;;
保定第二師範學校;保定第二師範學校;Baoding Second Normal School;;;
保定育德學校;保定育德學校;Baoding Yude School;;;
寶山縣立師範學校;寶山縣立師範學校;Baoshan County Normal School;;;
浸會舊制中學;浸會中學;Baptist Secondary School;;;
巴士特衛生院;巴士特衛生院;Bast Health Center;;;
法屬東京巴維師範大學;法屬東京巴維師範大學;Bawei Normal University;;;
北京崇貞女學校;北京崇貞女學校;Beijing Chongzhen Girls' School;;;
北京公民大學;北京公民大學;Beijing Citizen University;;;
北京土木工程學校;北京土木工程學校;Beijing Civil Engineering School;;;
北京參贊學校;北京參贊學校;Beijing Counselor School;;;
北京方正商業學校;北京方正商業學校;Beijing Fangzheng Business School;;;
北京財政商業專門學校;北京財政商業專門學校;Beijing Financial and Commercial College;;;
北京外國語專門學校;北京外國語專門學校;Beijing foreign language school;;;
北京參謀本部航空專門學校;北京參謀本部航空專門學校;Beijing General Staff Aviation College;;;
北京高等法文學校;北京高等法文學校;Beijing Higher French School;;;
北京弘慈佛學專校;北京弘慈佛學專校;Beijing Hongci Buddhist College;;;
北京弘達學院;北京弘達學院;Beijing Hongda College;;;
北京匯文大學;北京匯文大學;Beijing Huiwen University;;;
北京國學研究所;北京國學研究所;Beijing Institute of Chinese Studies;;;
北京國際大學;北京國際大學;Beijing International University;;;
交大北京管理學院;北京交通大學;Beijing Jiaotong University;;;
交大北京鐵道管理院;北京交通大學;Beijing Jiaotong University;;;
交通大學北京學院;北京交通大學;Beijing Jiaotong University;;;
北京交通大學工學院;北京交通大學;Beijing Jiaotong University;;;
北京交通大學鐵路管理學院;北京交通大學;Beijing Jiaotong University;;;
北京交通大學鐵道管理學院;北京交通大學;Beijing Jiaotong University;;;
北京京華美術學院;北京京華美術學院;Beijing Jinghua Academy of Fine Arts;;;
北京京華大學;北京京華大學;Beijing Jinghua University;;;
北京孔德學校;北京孔德學校;Beijing Kongde School;;;
國立北京法政專門學校;北京法政專門學校;Beijing Law and Politics School;;;
北京明德大學;北京明德大學;Beijing Mingde University;;;
北京蒙藏學校;北京蒙藏學校;Beijing Mongolian and Tibetan School;;;
北京市立體育專科學校;北京市立體育專科學校;Beijing Municipal Sports College;;;
北京國立農業專門學校;北京國立農業專門學校;Beijing National Agricultural College;;;
北京國立醫學專門學校;北京國立醫學專門學校;Beijing National Medical College;;;
北京國立法政專門學校;北京國立法政專門學校;Beijing National School of Law and Politics;;;
北京國立工業專門學校;北京國立工業專門學校;Beijing National Technical College;;;
北京民國大學;北京民國大學;Beijing National University;;;
北京第一英文學校;北京第一英文學校;Beijing No. 1 English School;;;
北京第一助產學校;北京第一助產學校;Beijing First Midwifery School;;;
北京師範大學;北京師範大學;Beijing Normal University;;;
北京師范大學教育研究院;北京師范大學;Beijing Normal University;;;
農工商部立京師高等實業學堂;農工商部立京師高等實業學堂;Beijing Normal University Industrial School;;;
北京公益高級職業學校;北京公益高級職業學校;Beijing Philanthropy Senior Vocational School;;;
北京平民大學;北京平民大學;Beijing Pingmin University;;;
北京警官高等學校;北京警官高等學校;Beijing Police Academy;;;
北京私立中央法政專門學校;北京私立中央法政專門學校;Beijing Private Central School of Law and Politics;;;
北京私立商業專門學校;北京私立商業專門學校;Beijing Private Commercial College;;;
北京私立通才商業專門學校;北京私立通才商業專門學校;Beijing Private Generalist Business School;;;
北京清河陸軍預備學校;北京清河陸軍預備學校;Beijing Qinghe Army Preparatory School;;;
北京鐵道管理學院;北京鐵道管理學院;Beijing Railway Management College;;;
北京人佑英文商業專校;北京人佑英文商業專校;Beijing Renyou English Business School;;;
北京俄文法政專;北京俄文法政專;Beijing Russian Law and Political College;;;
北京鹽務學校;北京鹽務學校;Beijing Salt School;;;
北京經文高級學校;北京經文高級學校;Beijing scripture high school;;;
北京高級職業學校;北京高級職業學校;Beijing Senior Vocational School;;;
北京中德學校;北京中德學校;Beijing Sino-German School;;;
北京南方大學;北京南方大學;Beijing Southern University;;;
北京監務專門學校;北京監務專門學校;Beijing Supervisory College;;;
北京稅務學校;北京稅務學校;Beijing Tax School;;;
北京臨大;北京臨大;Beijing Temporary University;;;
北京獸醫專門學校;北京獸醫專門學校;Beijing Veterinary School;;;
北京文匯大學;北京文匯大學;Beijing Wenhui University;;;
北京文治大學;北京文治大學;Beijing Wenzhi University;;;
北京育英大學;北京育英大學;Beijing Yuying University;;;
北滿工業大學;北滿工業大學;Beiman University of Technology;;;
北洋女子師範學校;北洋女子師範學校;Beiyang Girls' Normal School;;;
北洋法政學校;北洋法政專門學堂;Beiyang Law and Politics School;;;
北洋武備學堂;北洋武備學堂;Beiyang Military Academy;;;
北洋大學;北洋大學;Beiyang University;;;
北洋大學堂;北洋大學堂;Beiyang University;;;
北洋大學工學院;北洋大學工學院;Beiyang University;;;
伯特利產科學校;伯特利產科學校;Bethel Maternity School;;;
伯特利醫學學校;伯特利醫學學校;Bethel School of Medicine;;;
並州大學;並州大學;Bingzhou University;;;
布裏村留法初級工藝學校;布裏村留法初級工藝學校;Brie Village Elementary School of Arts and Crafts;;;
布林馬爾大學;布林馬爾大學;Brynmar University;;;
商業專校;商業專科學校;Business Vocational School;;;
扶余私立女子師範講習所;扶余私立女子師範講習所;Buyu Private Women's Teacher Training Center;;;
康托爾培裏耶稣會文學院;康托爾培裏耶稣會文學院;Cantor Perry Jesuit College of Arts;;;
中央陸軍軍官學校;中央陸軍軍官學校;Central Army Military Academy;;;
中央陸軍軍官學校武漢分校教遵隊;中央陸軍軍官學校;Central Army Military Academy;;;
中央軍需學校;中央陸軍軍需學校;Central Army Supply School;;;
中央陸軍軍需學校第四期;中央陸軍軍需學校;Central Army Supply School;;;
中央陸軍測量學校高等科;中央陸軍測量學校;Central Army Surveying School;;;
中央航空學校;中央航空學校;Central Aviation School;;;
中央陸地測量學校;中央陸地測量學校;Central Land Survey School;;;
中央軍官學校;中央軍官學校;Central Military Academy;;;
中央軍事政治學校;中央軍事政治學校;Central Military Political School;;;
中央軍校;中央軍政學校;Central Military and Political School;;;
中央軍校十四期;中央軍政學校;Central Military and Political School;;;
中央軍校成都分校;中央軍政學校;Central Military and Political School;;;
中央軍校政治學校;中央軍政學校;Central Military and Political School;;;
中央軍校政治班;中央軍政學校;Central Military and Political School;;;
中央軍校特訓班;中央軍政學校;Central Military and Political School;;;
中央軍校軍官訓練班;中央軍政學校;Central Military and Political School;;;
中央軍校軍官高等教育班;中央軍政學校;Central Military and Political School;;;
中央軍校長沙分校;中央軍政學校;Central Military and Political School;;;
中央軍校高教班;中央軍政學校;Central Military and Political School;;;
中央軍校高級班;中央軍政學校;Central Military and Political School;;;
中央軍事政治學校潮州分校;中央軍事政治學校;Central Military Political School;;;
中央黨校;中央黨務學校;Central Party School;;;
中央黨務學校;中央黨務學校;Central Party School;;;
中央警官學校;中央警官學校;Central Police Academy;;;
中央警官學校高級班;中央警官學校;Central Police Academy;;;
中央警校;中央警官學校;Central Police Academy;;;
中央警校正科;中央警官學校;Central Police Academy;;;
中央警校特訓班;中央警官學校;Central Police Academy;;;
中央警校訓練班;中央警官學校;Central Police Academy;;;
中央警校高教班;中央警官學校;Central Police Academy;;;
中央警察學校;中央警察學校;Central Police Academy;;;
中央政校;中央政治學校;Central Political School;;;
中央政校人事班;中央政治學校;Central Political School;;;
中央政校人事行政訓練班;中央政治學校;Central Political School;;;
中央政校地政學院;中央政治學校;Central Political School;;;
中央政校外交部;中央政治學校;Central Political School;;;
中央政校大學;中央政治學校;Central Political School;;;
中央政校大學部;中央政治學校;Central Political School;;;
中央政校會計專修科;中央政治學校;Central Political School;;;
中央政校當政軍人事管理訓練班;中央政治學校;Central Political School;;;
中央政校計政學院;中央政治學校;Central Political School;;;
中央政校計政學院統計班;中央政治學校;Central Political School;;;
中央政治學校人事管理人員訓練班;中央政治學校;Central Political School;;;
中央政治學校人事行政人員訓練班;中央政治學校;Central Political School;;;
中央政治學校人事行政訓練班;中央政治學校;Central Political School;;;
中央政治學校合作學院;中央政治學校;Central Political School;;;
中央政治學校地政學院;中央政治學校;Central Political School;;;
中央政治學校大學;中央政治學校;Central Political School;;;
中央政治學校大學部;中央政治學校;Central Political School;;;
中央政治學校大學部財政系;中央政治學校;Central Political School;;;
中央政治學校普通科;中央政治學校;Central Political School;;;
中央政治學校會計專修科;中央政治學校;Central Political School;;;
中央政治學校會計專科;中央政治學校;Central Political School;;;
中央政治學校會計專科學校;中央政治學校;Central Political School;;;
中央政治學校特訓班;中央政治學校;Central Political School;;;
中央政治學校研究部研究員;中央政治學校;Central Political School;;;
中央政治學校統計專修科;中央政治學校;Central Political School;;;
中央政治學校統計組;中央政治學校;Central Political School;;;
中央政治學校葉政學院;中央政治學校;Central Political School;;;
中央政治學校蒙藏華僑特別班;中央政治學校;Central Political School;;;
中央政治學校計政學院;中央政治學校;Central Political School;;;
中央政治學校認識行政人員訓練班;中央政治學校;Central Political School;;;
中央政治學校高等科;中央政治學校;Central Political School;;;
中政校;中央政治學校;Central Political School;;;
中政校人事班;中央政治學校;Central Political School;;;
中政校人事管理人員訓練班;中央政治學校;Central Political School;;;
中政校人事行政人員訓練班;中央政治學校;Central Political School;;;
中政校人事行政訓練班;中央政治學校;Central Political School;;;
中政校人事行政訓練班第二期;中央政治學校;Central Political School;;;
中政校地專;中央政治學校;Central Political School;;;
中政校地政學院;中央政治學校;Central Political School;;;
中政校大學;中央政治學校;Central Political School;;;
中政校大學部;中央政治學校;Central Political School;;;
中央政治學校;中央政治學校;Central Political School;;;
中央政治工作人員養成所;中央政治工作人員養成所;Central Political Staff Training Institute;;;
中央政治大學;中央政治大學;Central Political University;;;
中央體育專門學校;中央體育專門學校;Central Sports College;;;
中央技藝專科學校;中央技藝專科學校;Central Technical College;;;
中央訓練;中央訓練團當政訓練班;Central Training Corps Political Training Class;;;
中央訓練團;中央訓練團當政訓練班;Central Training Corps Political Training Class;;;
中央訓練團當政班;中央訓練團當政訓練班;Central Training Corps Political Training Class;;;
中央訓練團黨政班;中央訓練團當政訓練班;Central Training Corps Political Training Class;;;
中央訓練團黨政班第七期;中央訓練團當政訓練班;Central Training Corps Political Training Class;;;
中央訓練團黨政班第三十期;中央訓練團當政訓練班;Central Training Corps Political Training Class;;;
中央訓練團黨政訓練班;中央訓練團當政訓練班;Central Training Corps Political Training Class;;;
中訓團;中訓團當政訓練班;Central Training Corps Political Training Class;;;
中訓團二十九期;中訓團當政訓練班;Central Training Corps Political Training Class;;;
中訓團留日訓練班;中訓團當政訓練班;Central Training Corps Political Training Class;;;
中訓團當政班;中訓團當政訓練班;Central Training Corps Political Training Class;;;
中央大學;中央大學;Central University;;;
中大;中央大學;Central University;;;
中央大學政治學校;中央大學;Central University;;;
中央大學政治學校高科;中央大學;Central University;;;
中央大學教育學院藝術科;中央大學;Central University;;;
中央大學法學院;中央大學;Central University;;;
塞瑞術斯大學;塞瑞術斯大學;Ceresus University;D;;
察哈爾農業專科學校;察哈爾農業專科學校;Chahar Agricultural College;;;
長春商業學校;長春商業學校;Changchun Business School;;;
長春留日學生預備學校;長春留日學生預備學校;Changchun Preparatory School for Students studying in Japan;;;
常德湘西優級師範學校;常德湘西優級師範學校;Changde Xiangxi Superior Normal School;;;
長沙陸軍軍事政治學校;長沙陸軍軍事政治學校;Changsha Army Military and Political School;;;
長沙師范;長沙師范學校;Changsha Normal School;;;
上海私立昌世中學;昌世中學;Changshi Middle School;;;
長辛店京漢鐵路車務見習所;長辛店京漢鐵路車務見習所;Changxindian Jinghan Railway Train Service Trainee;;;
朝陽學院;朝陽學院;Chaoyang College;;;
杭州藝專研究部;杭州藝專;Hangzhou Art College;;;
朝陽學院法學院;朝陽學院;Chaoyang College;;;
防化學院;防化學院;Chemical Defense College;;;
成都空軍器械學校;成都空軍器械學校;Chengdu Air Force Machinery School;;;
成都聯立高中;成都縣立高級中學;Chengdu County High School;;;
成都錦江公學;成都錦江公學;Chengdu Jinjiang University;;;
成都機器學堂;成都機器學堂;Chengdu Machine School;;;
成都機械工專;成都機械工專;Chengdu Mechanical Engineering College;;;
成都師範大學;成都師範大學;Chengdu Normal University;;;
成都留法勤工儉學預備學校;成都留法勤工儉學預備學校;Chengdu Preparatory School for Work-Study Study in France;;;
成都私立明德學院;成都私立明德學院;Chengdu Private Mingde College;;;
成都大學;成都大學;Chengdu University;;;
上海澄裡小學;澄裡小學;Chengli Primary School;;;
上海承天中學;承天中學;Chengtian Middle School;;;
晨光大學;晨光大學;Chenguang University;;;
上海私立澄衷中學;澄衷中學;Chengzhong Middle School;;;
上海澄衷學堂;澄衷學堂;Chengzhong School;;;
中國學院;中國學院;China Academy;;;
中華藝術大學;中華藝術大學;China Art University;;;
上海中國工學大學部;中國工學大學部;China College of Engineering;;;
上海中國體操學校;中國體操學校;China Gymnastics School;;;
上海中國體操學院;中國體操學校;China Gymnastics School;;;
中國哈薩克佛醫學校;中國哈薩克佛醫學校;China Kazakh Buddhist Medical School;;;
中華法政大學;中華法政大學;China Law and Political University;;;
上海中國公學;中國公學;China Public School;;;
上海中國公學大學;中國公學;China Public School;;;
上海中國公學大學部;中國公學;China Public School;;;
中國公學商科大學;中國公學;China Public School;;;
中國公學大學;中國公學;China Public School;;;
中國公學大學部;中國公學;China Public School;;;
中國無線電工程學校;中國無線電工程學校;China Radio Engineering School;;;
上海中國無線電專門學校;中國無線電專門學校;China Radio School;;;
中國新聞學院;中國新聞學院;China School of Journalism;;;
中國無電專門學校;中國無電專門學校;China Telecommunications College;;;
中國大學;中國大學;China University;;;
中國大學法學院;中國大學;China University;;;
中國大學經濟系;中國大學;China University;;;
上海中國女子體育師范;中國女子體育師范;China Women's Sports Normal University;;;
上海中國青年會全國協會體專;中國青年會全國協會體專;China Youth Association National Association Physical Education School;;;
中新紡織專科學校;中新紡織專科學校;China-Singapore Textile College;;;
中國齒科醫學專門學校;中國齒科醫學專門學校;Chinese College of Dental Medicine;;;
中國公學;中國公學;China Public School;;;
中國紅十字會護士學校;中國紅十字會護士學校;Chinese Red Cross Nursing School;;;
上海持志學院;持志學院;Chizhi College;;;
上海私立持志學院;持志學院;Chizhi College;;;
上海持治學院;持治學院;Chizhi College;;;
上海持志學校;持志學校;Chizhi School;;;
上海持志大學;持志大學;Chizhi University;;;
崇德醫學院;崇德醫學院;Chongde Medical College;;;
重慶法政專門學校;重慶法政專門學校;Chongqing Law and Politics College;;;
重慶第二女子師範學校;重慶第二女子師範學校;Chongqing No. 2 Girls' Normal School;;;
重慶大學;重慶大學;Chongqing University;;;
重慶大學商學院;重慶大學;Chongqing University;;;
重慶大學工學院;重慶大學;Chongqing University;;;
重慶大學會計專修課;重慶大學;Chongqing University;;;
重慶大學統計專修科;重慶大學;Chongqing University;;;
崇正商學校;崇正商學校;Chongzheng Business School;;;
川東？何縣立師范學校;川東縣立師范學校;Chuandong County Normal School;;;
中正醫學院;中正醫學院;Chung Cheng Medical College;;;
中正大學;中正大學;Chung Cheng University;;;
中華大學;中華大學;Zhonghua University;;;
春申大學;春申大學;Chunshen University;;;
科恩學院;科恩學院;Cohen College;;;
專修大學;專修大學;College;;;
藥學專科學校;藥學專科學校;College of Pharmacy;;;
共青團中央團校;共青團中央團校;Communist Youth League Central School;;;
所計算中心;所計算中心;Computing Center;;;
上海建設大學;建設大學;Construction University;;;
大陸商業專門學校;大陸商業專門學校;Continental Commercial College;;;
大陸大學;大陸大學;Continental University;;;
柯勒拉礦業學校;柯勒拉礦業學校;Correra School of Mines;;;
上海聖芳經濟學院;聖芳經濟學院;Cuihua Accounting School;;;
上海萃華會計學校;萃華會計學校;Cuihua Accounting School;;;
文化大學;文化大學;Culture University;;;
庫興學院;庫興學院;Cushing College;;;
大華醫學校;大華醫學校;Dahua Medical School;;;
大連商業學校;大連商業學校;Dalian Business School;;;
大連伏見台公學;大連伏見台公學;Dalian Fushimitai Public School;;;
大連高等女學校;大連高等女學校;Dalian Higher Girls' School;;;
大連鐵道教習所;大連鐵道教習所;Dalian Railway Institute;;;
大連協和實業學校;大連協和實業學校;Dalian Union Industrial School;;;
大連女子技藝學校;大連女子技藝學校;Dalian Women's Art School;;;
湖南省道縣師範學校;湖南省道縣師範學校;Daoxian Normal School of Hunan Province;;;
大埔縣立師範學校;大埔縣立師範學校;Dapu County Normal School;;;
高等大同學校;高等大同學校;Datong College;;;
大同高等學校;大同高等學校;Datong Higher School;;;
大通師範學堂;大通師範學堂;Datong Normal School;;;
大同大學;大同大學;Datong University;;;
大衛•愛紐斯音樂學院;大衛•愛紐斯音樂學院;David Aynius School of Music;;;
上海大夏大學商學院;大夏大學;Daxia University;;;
上海私立大夏大學;大夏大學;Daxia University;;;
大夏大學文學院;大夏大學;Daxia University;;;
大夏大學高師科;大夏大學;Daxia University;;;
德爾夫特科技大學;德爾夫特科技大學;Delft University of Technology;;;
墊江書院;墊江書院;Dianjiang Academy;;;
第戌大學;第戌大學;Dixu University;;;
東斌陸軍學院;東斌陸軍學院;Dongbin Army Academy;;;
東斌軍事學校;東斌軍事學校;Dongbin Military School;;;
東斌學校;東斌學校;Dongbin School;;;
東陸大學;東陸大學;Donglu University;;;
東北講武堂;東北講武堂;Northeast Military Academy;;;
上海東亞體育專科學校;東亞體育專科學校;Dongya Sports Vocational School;;;
德萊伯的西大學;德萊伯的西大學;Dreiber's Western University;;;
德魯浦科技大學;德魯浦科技大學;Drupp University of Technology;;;
待爾模大學;待爾模大學;Durmo University;;;
亞東大學;亞東大學;East Asia University;;;
東亞同文書院;東亞同文書院;Dobun sho-in;;;
東亞體育專科學校;東亞體育專科學校;Dongya Sports Vocational School;;;
華東體育專門學校;華東體育專門學校;East China Sports College;;;
東方大學;東方大學;Eastern University;;;
第八高等學校;第八高等學校;Eighth Higher School;;;
電機學校;電機學校;electrical engineering school;;;
百科學校;百科學校;Encyclopedia School;;;
眼科研究所;眼科研究所;Eye Institute;;;
遠東大學;遠東大學;Far Eastern University;;;
奉天美術專門學校;奉天美術專門學校;Fengtian Art College;;;
奉天文學專門學校;奉天文學專門學校;Fengtian Astronomy College;;;
奉天商業專門學校;奉天商業專門學校;Fengtian Commercial College;;;
奉天水產學校;奉天水產學校;Fengtian Fisheries School;;;
奉天女子職業學校;奉天女子職業學校;Fengtian Girls' Vocational School;;;
奉天高等女學校;奉天高等女學校;Fengtian High School for Girls;;;
奉天高等學堂;奉天高等學堂;Fengtian Higher School;;;
奉天實業補修學校;奉天實業補修學校;Fengtian Industrial Remedial School;;;
奉天日語學校;奉天日語學校;Fengtian Japanese Language School;;;
奉天濟民女子學院;奉天濟民女子學院;Fengtian Jimin Women's College;;;
奉天法政學堂;奉天法政專門學堂;Fengtian Law and Politics School;;;
奉天法政學校;奉天法政專門學校;Fengtian Law and Politics Vocational School;;;
奉天省立法政專門;奉天法政專門學校;Fengtian Law and Politics Vocational School;;;
奉天國立農業大學;奉天國立農業大學;Fengtian National Agricultural University;;;
奉天培英專門學校;奉天培英專門學校;Fengtian Peiying College;;;
奉天警官學校;奉天警官學校;Fengtian Police Officer School;;;
奉天省立第五師範學校;奉天省立第五師範學校;Fengtian Provincial Fifth Normal School;;;
奉天省立第一師範學校;奉天省立第一師範學校;Fengtian Provincial First Normal School;;;
奉天省立第四師範學校;奉天省立第四師範學校;Fengtian Provincial Fourth Normal School;;;
奉天省立女子師範學校;奉天省立女子師範學校;Fengtian Provincial Girls' Normal School;;;
奉天省立海城師範學校;奉天省立海城師範學校;Fengtian Provincial Haicheng Normal School;;;
奉天公立文學專門;奉天省立文學專門學校;Fengtian Provincial Literature Vocational School;;;
奉天省立師範學校;奉天省立師範學校;Fengtian Provincial Normal School;;;
奉天省立第三師範學校;奉天省立第三師範學校;Fengtian Provincial Third Normal School;;;
奉天省立兩級師範高等專修科;奉天省立兩級師範高等專修科;Fengtian Provincial Two-level Normal Higher Education Course;;;
奉天公立外國語專門學校;奉天公立外國語專門學校;Fengtian Public Foreign Language College;;;
奉天公學校;奉天公學校;Fengtian Public School;;;
奉天公立法政專門學校;奉天公立法政專門學校;Fengtian Public School of Law and Politics;;;
奉天公立工業專門學校;奉天公立工業專門學校;Fengtian Public Technical College;;;
奉天文會書院;奉天文會書院;Fengtian Society College;;;
奉天同文商業學校;奉天同文商業學校;Fengtian Tongwen Business School;;;
奉天兩級師范;奉天兩級師范學校;Fengtian Two-level Normal School;;;
奉天兩集師范學校優級數理化科;奉天兩級師范學校;Fengtian Two-level Normal School;;;
奉天西安師範學校;奉天西安師範學校;Fengtian Xi'an Normal School;;;
奉天義縣師範陸軍教道隊;奉天義縣師範陸軍教道隊;Fengtianyi County Normal Army Teaching Team;;;
馮庸大學;馮庸大學;Fengyong University;;;
野戰炮校;野戰炮校;Field Artillery School;;;
第一高等學校;第一高等學校;First Higher School;;;
第一步兵學校;第一步兵學校;First Infantry School;;;
第一醫學院;第一醫學院;First medical school;;;
自然博物院魚類研究室;自然博物院魚類研究室;Fish Research Laboratory of Natural Museum;;;
輔仁大學;輔仁大學;Fu-jen University;;;
復旦附中復旦實驗中學;復旦實驗中學;Fudan Experimental High School;;;
上海復旦大學;復旦大學;Fudan University;;;
上海復旦大學商學院;復旦大學;Fudan University;;;
上海復旦大學教育學院;復旦大學;Fudan University;;;
上海復旦大學法學院;復旦大學;Fudan University;;;
上海復旦大學法學院政治系;復旦大學;Fudan University;;;
復旦大學商學院;復旦大學;Fudan University;;;
復旦大學商學院統計專修科;復旦大學;Fudan University;;;
復旦大學法學院;復旦大學;Fudan University;;;
福建國學專修學校;福建國學專修學校;Fujian Chinese Studies School;;;
福建集美學校;福建集美學校;Fujian Jimei School;;;
福建武備學堂;福建武備學堂;Fujian Military Academy;;;
福建水師學堂;福建水師學堂;Fujian Naval Academy;;;
福建省立農學院;福建省立農學院;Fujian Provincial Agricultural College;;;
福建省立第一女子師範學校;福建省立第一女子師範學校;Fujian Provincial First Girls' Normal School;;;
福建省立高等師範學校;福建省立高等師範學校;Fujian Provincial Higher Normal School;;;
福建省立工業職業學校;福建省立工業職業學校;Fujian Provincial Industrial Vocational School;;;
福建省立醫學院;福建省立醫學院;Fujian Provincial Medical College;;;
福建公立專門法政專門學校;福建公立法政專門學校;Fujian Public Law and Politics Vocational School;;;
福建法政專門學校;福建公立法政專門學校;Fujian Public Law and Politics Vocational School;;;
福建第二師教道團;福建第二師教道團;Fujian Second Teacher Mission;;;
福建船政學堂;福建船政學堂;Fujian Shipping School;;;
福建體育學校;福建體育學校;Fujian Sports School;;;
福建工業專門學校;福建工業專門學校;Fujian Technical College;;;
福建協和大學;福建協和大學;Fujian Union University;;;
福建學院;福建學院;Fujian University;;;
福建延平醫專;福建延平醫專;Fujian Yanping Medical College;;;
奉天省撫順縣警務局;奉天省撫順縣警務局;Fushun County Police Bureau;;;
撫順礦山學校;撫順礦山學校;Fushun Mining School;;;
輔延女子師範學校;輔延女子師範學校;Fuyan Girls' Normal School;;;
福州博濟會醫學講習所;福州博濟會醫學講習所;Fuzhou Boji Medical Seminar;;;
福州東贏學校;福州東贏學校;Fuzhou Dongying School;;;
福州格致書院;福州格致書院;Fuzhou Gezhi Academy;;;
福州南華大學;福州南華大學;Fuzhou Nanhua University;;;
福州海軍學校;福州海軍學校;Fuzhou Naval School;;;
蓋平縣立師範學校;蓋平縣立師範學校;Gaiping County Normal School;;;
蓋平公學校;蓋平公學校;Gaiping public school;;;
崗山第六高等學校;崗山第六高等學校;Gangshan Sixth High School;;;
甘肅省畜牧學校;甘肅省畜牧學校;Gansu Animal Husbandry School;;;
甘肅甲工學校;甘肅甲工學校;Gansu Jiagong School;;;
甘肅學院;甘肅學院;Gansu University;;;
格致書院;格致書院;Gezhi College;;;
上海正商中學;正商中學;Zhengshang Middle School;;;
鞏縣女子師範;鞏縣女子師範;Gongxian Women's Normal School;;;
大夏大學;大夏大學;Daxia University;;;
四川廣安縣立中學;廣安縣立中學;Guang'an County Middle School;;;
粵阿厚書院;粵阿厚書院;Guangdong Ahou College;;;
廣東陸軍講武堂;廣東陸軍講武堂;Guangdong Army Lecture Hall;;;
粵軍軍官講習所;粵軍軍官講習所;Guangdong Army Officers' Workshop;;;
廣東陸軍測量學校;廣東陸軍測量學校;Guangdong Army Survey School;;;
廣東甲種商業學校;廣東甲種商業學校;Guangdong Class A Business School;;;
廣東大沙頭航空學校;廣東大沙頭航空學校;Guangdong Dashatou Aviation School;;;
廣東方言館;廣東方言館;Guangdong Dialect Museum;;;
上海私立廣東小學;廣東小學;Guangdong Elementary School;;;
廣東守備軍幹部教道隊;廣東守備軍幹部教道隊;Guangdong Garrison Army Cadre Teaching Taoism Team;;;
廣東官立法政學堂特班;廣東官立法政學堂;Guangdong Government Law and Politics School;;;
廣東光華醫學院;廣東光華醫學院;Guangdong Guanghua Medical College;;;
廣東高等實業學校;廣東高等實業學校;Guangdong Higher Industrial School;;;
廣東高等警官學校;廣東高等警官學校;Guangdong Higher Police Academy;;;
廣東高等學堂;廣東高等學堂;Guangdong Higher School;;;
廣東江村師範學校;廣東江村師範學校;Guangdong Jiangcun Normal School;;;
廣東新聞學院;廣東新聞學院;Guangdong Journalism Institute;;;
廣東法官學校;廣東法官學校;Guangdong Judges School;;;
廣東地政工作人員養成所;廣東地政工作人員養成所;Guangdong Land Management Staff Training Institute;;;
廣東梅縣農業學校;廣東梅縣農業學校;Guangdong Meixian Agricultural School;;;
廣東軍官學校;廣東軍官學校;Guangdong Military Academy;;;
廣東軍事政治學校;廣東軍事政治學校;Guangdong Military Political School;;;
廣東軍警教練所;廣東軍警教練所;Guangdong Military Police Training Institute;;;
廣東軍事政治學校政治深造班;廣東軍事政治學校;Guangdong Military Political School;;;
廣東軍事政治學校政治深造班高級組;廣東軍事政治學校;Guangdong Military Political School;;;
廣東南越大學;廣東南越大學;Guangdong Nanyue University;;;
廣東國民大學;廣東國民大學;Guangdong National University;;;
廣東國民大學堂;廣東國民大學;Guangdong National University;;;
廣東國民大學法學院;廣東國民大學;Guangdong National University;;;
廣東海軍學校;廣東海軍學校;Guangdong Naval Academy;;;
廣東番禺師範學校;廣東番禺師範學校;Guangdong Panyu Normal School;;;
廣東培正學院;廣東培正學院;Guangdong Peizheng College;;;
廣東小學教員訓練所;廣東小學教員訓練所;Guangdong Primary School Teacher Training Institute;;;
廣東省立第一甲種工業學校;廣東省立第一甲種工業學校;Guangdong Provincial First Class A Industrial School;;;
廣東省立女子師範學校;廣東省立女子師範學校;Guangdong Provincial Girls' Normal School;;;
廣東省立工業專科學校;廣東省立工業專科學校;Guangdong Provincial Industrial College;;;
廣東省立工業學校;廣東省立工業專業學校;Guangdong Provincial Industrial Vocational School;;;
廣東肇府實業中學;廣東省立工業專業學校;Guangdong Provincial Industrial Vocational School;;;
廣東省立教忠學校;廣東省立教忠學校;Guangdong Provincial Jiaozhong School;;;
廣東省立勷勤大學;廣東省立勷勤大學;Guangdong Provincial Xiangqin University;;;
廣東省立警監專門學校;廣東省立警監專門學校;Guangdong Provincial Police Supervision School;;;
廣東省立勷勤商學院;廣東省立勷勤大學;Guangdong Provincial Xiangqin University;;;
廣東公立法政專門學校;廣東公立法政專門學校;Guangdong Public School of Law and Politics;;;
廣東順德浪華學院;廣東順德浪華學院;Guangdong Shunde Langhua College;;;
廣東台山縣立師範學校;廣東台山縣立師範學校;Guangdong Taishan County Normal School;;;
廣東協和大學;廣東協和大學;Guangdong Union University;;;
廣東無線電報學校;廣東無線電報學校;Guangdong Wireless Telegraph School;;;
廣東婦孺產科專門學校;廣東婦孺產科專門學校;Guangdong Women and Children Obstetrics Specialized School;;;
廣東耶教學堂;廣東耶教學堂;Guangdong Yale Church;;;
廣東肇慶舊制中學;廣東肇慶中學;Guangdong Zhaoqing Middle School;;;
廣東知用大學;廣東知用大學;Guangdong Zhiyong University;;;
上海光華大學;光華大學;Guanghua University;;;
上海公學高中;光華大學;Guanghua University;;;
上海兵工學校;光華大學;Guanghua University;;;
上海勞動大學;光華大學;Guanghua University;;;
上海私立光華大學;光華大學;Guanghua University;;;
光華大學商學院;光華大學;Guanghua University;;;
光華大學文學院;光華大學;Guanghua University;;;
廣濟縣舊制中學;廣濟縣中學;Guangji County Middle School;;;
廣濟縣立舊制中學;廣濟縣立中學;Guangji County Middle School;;;
廣文學堂;廣文學堂;Guangwen xuetang;;;
廣西航空運動學校;廣西航空運動學校;Guangxi Aviation Sports School;;;
廣西中央軍事第一分校;廣西中央軍事第一分校;Guangxi Central Military First Branch;;;
廣西高等學堂;廣西高等學堂;Guangxi Higher School;;;
廣西地方武裝團體訓練員養成所;廣西地方武裝團體訓練員養成所;Guangxi local armed group trainer training center;;;
廣西師範學校;廣西師範學校;Guangxi Normal School;;;
廣西省立醫學院;廣西省立醫學院;Guangxi Provincial Medical College;;;
廣西公立法政專門學校;廣西公立法政專門學校;Guangxi Public School of Law and Politics;;;
廣西大學;廣西大學;Guangxi University;;;
廣西大學法商院;廣西大學;Guangxi University;;;
廣雅書院;廣雅書院;Guangya College;;;
廣州高級會計學校;廣州高級會計學校;Guangzhou Advanced Accounting School;;;
廣州英文專門學校;廣州英文專門學校;Guangzhou English College;;;
廣州建華工程學校;廣州建華工程學校;Guangzhou Jianhua Engineering School;;;
廣州中學校;廣州中學;Guangzhou Middle School;;;
廣州市立商業專門學校;廣州市立商業專門學校;Guangzhou Municipal Commercial College;;;
廣州市立職業學校;廣州市立職業學校;Guangzhou Municipal Vocational School;;;
廣府中學;廣州府中學;Guangzhou Prefectural Middle School;;;
廣州私立美術學校;廣州私立美術學校;Guangzhou Private Art School;;;
廣州柔濟醫學校;廣州柔濟醫學校;Guangzhou Rouji Medical School;;;
廣州圖強產科專科學校;廣州圖強產科專科學校;Guangzhou Tuqiang Obstetrics College;;;
廣州大學;廣州大學;Guangzhou University;;;
廣大法專;廣州大學;Guangzhou University;;;
廣州獸醫牧畜學校;廣州獸醫牧畜學校;Guangzhou Veterinary Animal Husbandry School;;;
廣州夏葛醫科大學;廣州夏葛醫科大學;Guangzhou Xiage Medical University;;;
貴陽醫學院;貴陽醫學院;Guiyang Medical College;;;
貴州崇武學校;貴州崇武學校;Guizhou Chongwu School;;;
貴州法政專門學校;貴州法政專門學校;Guizhou Law and Politics College;;;
貴州講武堂;貴州講武堂;Guizhou Lecture Hall;;;
貴州軍官學校;貴州軍官學校;Guizhou Military Academy;;;
貴州省立女子師範學校;貴州省立女子師範學校;Guizhou Provincial Girls' Normal School;;;
貴州大學;貴州大學;Guizhou University;;;
上海私立國華中學;國華中學;Guohua Middle School;;;
海倫師範學校;海倫師範學校;Hailun Normal School;;;
上海私立海濤中學;海濤中學;Haitao Middle School;;;
上海涵德商校;涵德商校;Hande Business School;;;
上海東亞同文書院;東亞同文書院;Dobun sho-in;;;
杭州甲種工業學校;杭州甲種工業學校;Hangzhou Class A Industrial School;;;
杭州第一師範學校;杭州第一師範學校;Hangzhou No. 1 Normal School;;;
杭州私立弘道女學;杭州私立弘道女學;Hangzhou Private Hongdao Girls' School;;;
杭州高級英語學校;杭州高級英語學校;Hangzhou Senior English School;;;
杭州高級師範學校;杭州高級師範學校;Hangzhou Senior Normal School;;;
之江大學;之江大學;Hangzhou University;;;
漢口博學書院;漢口博學書院;Hankou Boxue Academy;;;
漢口明德大學;漢口明德大學;Hankou Mingde University;;;
湖北漢口心勉女子中學;漢口心勉女子中學;Hankou Xinmian Girls' Middle School;;;
浩然學校;浩然學校;Haoran School;;;
哈爾濱學院;哈爾濱學院;Harbin College;;;
哈爾濱大陸學院;哈爾濱大陸學院;Harbin Continental College;;;
哈爾濱高等警察學校;哈爾濱高等警察學校;Harbin Higher Police School;;;
哈爾濱工業大學;哈爾濱工業大學;Harbin Institute of Technology;;;
哈爾濱日語學校;哈爾濱日語學校;Harbin Japanese Language School;;;
哈爾濱法政大學;哈爾濱法政大學;Harbin Law and Political University;;;
哈爾濱龍江學院;哈爾濱龍江學院;Harbin Longjiang University;;;
哈爾濱醫學校;哈爾濱醫學校;Harbin Medical School;;;
哈爾濱鐵路學院;哈爾濱鐵路學院;Harbin Railway Institute;;;
哈爾濱俄文法專;哈爾濱俄文法專;Harbin Russian Grammar;;;
哈爾濱中俄工業大學;哈爾濱中俄工業大學;Harbin Sino-Russian University of Technology;;;
中國哈佛醫學院;中國哈佛醫學院;Harvard Medical School;;;
希敦飛機實驗學校;希敦飛機實驗學校;Hayden Aircraft Experimental School;;;
河北美術專門學校;河北美術專門學校;Hebei Academy of Fine Arts;;;
河北定縣平民教育專科學校;河北定縣平民教育專科學校;Hebei Dingxian Civilian Education College;;;
河北工業學院;河北工業學院;Hebei Institute of Technology;;;
河北法商學院;河北法商學院;Hebei Law and Business School;;;
河北醫學院;河北醫學院;Hebei Medical College;;;
河北第六女子師範學校;河北第六女子師範學校;Hebei No. 6 Girls' Normal School;;;
河北省立農學院;河北省立農學院;Hebei Provincial Agricultural College;;;
河北省立水產專科學校;河北省立水產專科學校;Hebei Provincial Fisheries College;;;
河南官立法政學堂;河南公立法政專門學校;Henan Public School of Law and Politics;;;
河北省立師範學校;河北省立師範學校;Hebei Provincial Normal School;;;
河北省立民眾教育實驗學校;河北省立民眾教育實驗學校;Hebei Provincial People's Education Experimental School;;;
河北省立第二職業學校;河北省立第二職業學校;Hebei Provincial Second Vocational School;;;
河北省立女子學院;河北省立女子學院;Hebei Provincial Women's College;;;
河北省立女子師範學院;河北省立女子師範學院;Hebei Provincial Women's Teachers College;;;
河北公立法政專門學校;河北公立法政專門學校;Hebei Public School of Law and Politics;;;
河北三女子師範文化裁縫學校;河北三女子師範文化裁縫學校;Hebei Three Girls Normal Culture Tailoring School;;;
河北大學;河北大學;Hebei University;;;
河北省立法商學院大學部經濟系;河北省立法商學院;Hebei Provincial Law and Business College;;;
黑龍江第一工科學校;黑龍江第一工科學校;Heilongjiang First Engineering School;;;
黑龍江第一女子師範學校;黑龍江第一女子師範學校;Heilongjiang No. 1 Girls' Normal School;;;
黑龍江省寧安師範專科學校;黑龍江省寧安師範專科學校;Heilongjiang Province Ning'an Teachers College;;;
黑龍江省立師範學校;黑龍江省立師範學校;Heilongjiang Provincial Normal School;;;
黑龍江省公立法政專門學校;黑龍江省公立法政專門學校;Heilongjiang Provincial School of Law and Politics;;;
河南福中礦務學校;河南福中礦務學校;Henan Fuzhong Mining School;;;
河南省焦作工學院;河南省焦作工學院;Henan Jiaozuo Institute of Technology;;;
河南師範學校;河南師範學校;Henan Normal School;;;
河南省立第一甲種工業學校;河南省立第一甲種工業學校;Henan Provincial First Class A Industrial School;;;
河南省立第一女子師範學校;河南省立第一女子師範學校;Henan Provincial First Girls' Normal School;;;
浙江公立法政學堂;浙江公立法政專門學校;Zhejiang Public School of Law and Politics;;;
浙江公立法政學校;浙江公立法政專門學校;Zhejiang Public School of Law and Politics;;;
河南省立第三師範學校;河南省立第三師範學校;Henan Provincial Third Normal School;;;
河南公立農業專門學校;河南公立農業專門學校;Henan Public Agricultural College;;;
河南一中;河南省立第一高中;Henan Provincial First High School;;;
河南公立法政專門學校;河南公立法政專門學校;Henan Public School of Law and Politics;;;
河南留學歐美預備學校;河南留學歐美預備學校;Henan study abroad in Europe and the United States;;;
河南大學;河南大學;Henan University;;;
河南水利工程專門學校;河南水利工程專門學校;Henan Water Conservancy Engineering College;;;
河南省衛輝高等專門法文學校;河南省衛輝高等專門法文學校;Henan Weihui Higher Specialized French School;;;
高等美術學校;高等美術學校;Higher Art School;;;
內政部警官學校;內政部警官學校;Minister of Interior Police School;;;
香港官立實業專科大學;香港官立實業專科大學;Hong Kong Government Polytechnic University;;;
香港法政學院;香港法政學院;Hong Kong Law School;;;
宏才大學;宏才大學;Hongcai University;;;
上海私立宏才大學;宏才大學;Hongcai University;;;
紅蘭女學校;紅蘭女學校;Honglan Girls' School;;;
紅旗空軍學院;紅旗空軍學院;Hongqi Air Force Academy;;;
黃埔軍校;黃埔軍校;Huangpu Military Academy;;;
華仁學院;華仁學院;Huaren College;;;
華亞預備學校;華亞預備學校;Huaya Preparatory School;;;
華洋汽車工程學校;華洋汽車工程學校;Huayang Automotive Engineering School;;;
華中美術專科學校;華中美術專科學校;Huazhong Academy of Fine Arts;;;
湖北陸軍軍醫學堂;湖北陸軍軍醫學堂;Hubei Army Military Medical School;;;
湖北官立法學堂;湖北官立法政學堂;Hubei Government Law and Politics School;;;
湖北法政學堂;湖北官立法政學堂;Hubei Government Law and Politics School;;;
湖北法政學堂蕃判員養成班;湖北官立法政學堂;Hubei Government Law and Politics School;;;
湖北高等農林學校;湖北高等農林學校;Hubei Higher Agriculture and Forestry School;;;
湖北教育學院;湖北教育學院;Hubei Institute of Education;;;
湖北師範學校;湖北師範學校;Hubei Normal School;;;
湖北私立法政專門學校;湖北私立法政專門學校;Hubei Private School of Law and Politics;;;
湖北省立高級商校;湖北省立高級商業學校;Hubei Provincial Advanced Commercial School;;;
湖北省立高級工業學校;湖北省立高級工業學校;Hubei Provincial Advanced Industrial School;;;
湖北第一師范;湖北省立第一師范;Hubei Provincial First Normal School;;;
湖北省立法政學校;湖北省立法政專門學校;Hubei Provincial Law and Politics Vocational School;;;
湖北省立法政專校;湖北省立法政專門學校;Hubei Provincial Law and Politics Vocational School;;;
湖北省立教育學院;湖北省立師范學校;Hubei Provincial Normal School;;;
湖北省立教育學院教育系;湖北省立師范學校;Hubei Provincial Normal School;;;
湖北省立警官學校;湖北省立警官學校;Hubei Provincial Police Academy;;;
湖北警官班;湖北省警官學校;Hubei Provincial Police Academy;;;
湖北警察專校;湖北省警官學校;Hubei Provincial Police Academy;;;
湖北警校;湖北省警官學校;Hubei Provincial Police Academy;;;
湖北統計班;湖北省統計班;Hubei Provincial Statistics Class;;;
湖北省立文科大學;湖北省立文科大學;Hubei Provincial University of Arts and Sciences;;;
湖北公立外國語專門學校;湖北公立外國語專門學校;Hubei Public Foreign Language College;;;
湖北省公立法政專門學校;湖北公立法政專門學校;Hubei Public Law and Politics Vocational School;;;
湖北省立法政大學;湖北省立法政大學;Hubei University of Law and Politics;;;
湖北文德書院;湖北文德書院;Hubei Wende Academy;;;
湖北武備學堂;湖北武備學堂;Hubei Wubei School;;;
上海滬海商專學校;滬海商專學校;Huhai Commercial Vocational School;;;
湖南孔道大學;湖南孔道大學;Hunan Kongdao University;;;
湖南樂群會計專門學校;湖南樂群會計專門學校;Hunan Lequn Accounting College;;;
湖南文藝書院;湖南文藝書院;Hunan Literature and Art Academy;;;
湖南機專;湖南機專;Hunan Machinery College;;;
湖南軍官學校;湖南軍官學校;Hunan Military Academy;;;
湖南講武堂;湖南陸軍講武堂;Hunan Military Academy;;;
湖南師范研究所;湖南師范;Hunan Normal University;;;
湖南私立群治法政學校;湖南私立群治法政專門學校;Hunan Private Qunzhi Law and Politics Vocational School;;;
湖南私立群治法政專校;湖南私立群治法政專門學校;Hunan Private Qunzhi Law and Politics Vocational School;;;
湖南群治大學;湖南私立群治法政專門學校;Hunan Private Qunzhi Law and Politics Vocational School;;;
湖南省立第一女子師範學校;湖南省立第一女子師範學校;Hunan Provincial First Girls' Normal School;;;
湖南省立第一工業學校;湖南省立第一工業學校;Hunan Provincial First Industrial School;;;
湖南省立第一師範學校;湖南省立第一師範學校;Hunan Provincial First Normal School;;;
湖南省立女子師範學校;湖南省立女子師範學校;Hunan Provincial Girls' Normal School;;;
湖南省立高等師範學校;湖南省立高等師範學校;Hunan Provincial Higher Normal School;;;
湖南省立第二師範學校;湖南省立第二師範學校;Hunan Provincial Second Normal School;;;
湖南第六中學;湖南省立第六中學;Hunan Provincial Sixth Middle School;;;
湖南公立工業專門學校;湖南公立工業專門學校;Hunan Public Industrial College;;;
湖南法政學堂;湖南公立法政專門學校;Hunan Public School of Law and Politics;;;
湖南法政專門學校;湖南公立法政專門學校;Hunan Public School of Law and Politics;;;
湖南公立法政專門學校;湖南公立法政專門學校;Hunan Public School of Law and Politics;;;
湖南高級職業學校;湖南高級職業學校;Hunan Senior Vocational School;;;
湖南大學;湖南大學;Hunan University;;;
湖南大學文法學院;湖南大學;Hunan University;;;
湖南大學法學院;湖南大學;Hunan University;;;
湖南大學軍校;湖南大學;Hunan University;;;
上海滬江大學;滬江大學;Shanghai College;;;
上海滬江大學文學院;滬江大學文學院;Hushu University School of Literature;;;
京師法律專門學堂;京師法律學堂;Imperial Law School of Beijing;;;
京師大學;京師大學堂;Imperial University of Beijing;;;
京師大學師范;京師大學堂;Imperial University of Beijing;;;
京師學堂;京師大學堂;Imperial University of Beijing;;;
茵城大學;茵城大學;Incheng University;;;
實業學校;實業學校;Industrial School;;;
步兵專校;步兵專校;Infantry Academy;;;
步兵學校;步兵學校;Infantry school;;;
核物理研究所;核物理研究所;Institute of Nuclear Physics;;;
熱帶醫學及衛生學研究院;熱帶醫學及衛生學研究院;Institute of Tropical Medicine and Hygiene;;;
國際大學中國學院;國際大學中國學院;International University Chinese College;;;
意奧蘭尼學校;意奧蘭尼學校;Iolani School;;;
陸軍士官學校;陸軍士官學校;Japanese Military Academy (Shikan gakko);;;
日德醫學院;日德醫學院;Japanese-German Medical School;;;
江南陸軍學堂;江南陸軍講武堂;Jiangnan Military Academy;;;
江都縣立師範學校;江都縣立師範學校;Jiangdu County Normal School;;;
江南高等學堂;江南高等學堂;Jiangnan Higher School;;;
江南法學院;江南法學院;Jiangnan Law School;;;
江寧府中學;江寧中學;Jiangning Middle School;;;
江南大學;江南大學;Jiangnan University;;;
江蘇省立甯屬優級師范;江蘇省立寧屬優級師范;Jiangsu Provincial Ningzhou Superior Normal School;;;
江蘇高等學堂;江蘇高等學堂;Jiangsu Higher School;;;
江蘇教育學院;江蘇教育學院;Jiangsu Institute of Education;;;
江蘇法政大學;江蘇法政大學;Jiangsu Law and Political University;;;
江蘇醫學院;江蘇醫學院;Jiangsu Medical College;;;
江蘇醫科大學;江蘇醫科大學;Jiangsu Medical University;;;
江蘇警官學校;江蘇警官學校;Jiangsu Police Academy;;;
江蘇省立農業學校;江蘇省立農業學校;Jiangsu Provincial Agricultural School;;;
江蘇省立商業學校;江蘇省立商業學校;Jiangsu Provincial Business School;;;
江蘇省立第二師范;江蘇省立第二師范學校;Jiangsu Provincial Second Normal School;;;
江蘇省立第五師范學校特設數理專科;江蘇省立第五師范學校;Jiangsu Provincial Fifth Normal School;;;
江蘇省第六中學;江蘇省立第六中學;Jiangsu Provincial Sixth Middle School;;;
江蘇省立第一商業學校;江蘇省立第一商業學校;Jiangsu Provincial First Commercial School;;;
江蘇省立水產學校;江蘇省立水產學校;Jiangsu Provincial Fisheries School;;;
江蘇省立第四師范本科;江蘇省立第四師范學校;Jiangsu Provincial Fourth Normal School;;;
江西工業學校;江西公立工業專校;Jiangxi Public Industrial School;;;
江蘇省立淮陰農業學校;江蘇省立淮陰農業學校;Jiangsu Provincial Huaiyin Agricultural School;;;
江蘇省立淮陰師範學校;江蘇省立淮陰師範學校;Jiangsu Provincial Huaiyin Normal School;;;
江蘇省立工業學校;江蘇省立工業學校;Jiangsu Provincial Industrial School;;;
江蘇省立常州中學高中部;江蘇省立常州中學;Jiangsu Provincial Changzhou Middle School;;;
江蘇省立師範學校;江蘇省立師範學校;Jiangsu Provincial Normal School;;;
江蘇省立民眾教育院;江蘇省立民眾教育院;Jiangsu Provincial People's Education Institute;;;
江蘇省立第二農業學校;江蘇省立第二農業學校;Jiangsu Provincial Second Agricultural School;;;
江蘇第五中學;江蘇省立第五中學;Jiangsu Provincial Fifth Middle School;;;
江蘇省立蠶絲專科學校;江蘇省立蠶絲專科學校;Jiangsu Provincial Silk College;;;
江蘇省第四中學;江蘇省立第四中學;Jiangsu Provincial Fourth Middle School;;;
江蘇省立蘇州農業學校;江蘇省立蘇州農業學校;Jiangsu Provincial Suzhou Agricultural School;;;
江蘇公立醫學專門學校;江蘇公立醫學專門學校;Jiangsu Public Medical College;;;
江蘇公立南京工業專門學校;江蘇公立南京工業專門學校;Jiangsu Public Nanjing Industrial College;;;
江蘇公立蘇州工業專門學校;江蘇公立蘇州工業專門學校;Jiangsu Public Suzhou Industrial College;;;
江西陸軍講武堂;江西陸軍講武堂;Jiangxi Army Lecture Hall;;;
江西高等學堂;江西高等學堂;Jiangxi Higher School;;;
江西九江但福德醫院護士學校;江西九江但福德醫院護士學校;Jiangxi Jiujiang Danford Hospital Nursing School;;;
河北大學文科;河北大學;Hebei University;;;
江西私立法政專門學校;江西私立法政專門學校;Jiangxi Private School of Law and Politics;;;
江西省立農藝專科學校;江西省立農藝專科學校;Jiangxi Provincial Agricultural College;;;
江西省立助產學院;江西省立助產學院;Jiangxi Provincial College of Midwifery;;;
江西省立第五師範學校;江西省立第五師範學校;Jiangxi Provincial Fifth Normal School;;;
江西省立第一師範學校;江西省立第一師範學校;Jiangxi Provincial First Normal School;;;
江西省立第一職業學校;江西省立第一職業學校;Jiangxi Provincial First Vocational School;;;
江西省立工業專科學校;江西省立工業專科學校;Jiangxi Provincial Industrial College;;;
江西省立醫學專科學校;江西省立醫學專科學校;Jiangxi Provincial Medical College;;;
江西省立鄉村師範學校;江西省立鄉村師範學校;Jiangxi Provincial Rural Normal School;;;
江西省立第七師範學校;江西省立第七師範學校;Jiangxi Provincial Seventh Normal School;;;
江西省立第六師範學校;江西省立第六師範學校;Jiangxi Provincial Sixth Normal School;;;
江西省立第三師範學校;江西省立第三師範學校;Jiangxi Provincial Third Normal School;;;
江西省立獸醫專科學校;江西省立獸醫專科學校;Jiangxi Provincial Veterinary College;;;
江西公立農業專門學校;江西公立農業專門學校;Jiangxi Public Agricultural College;;;
江西公立商業專門學校;江西公立商業專門學校;Jiangxi Public Commercial College;;;
江西官立法政學校;江西公立法政專門學校;Jiangxi Public Industrial School;;;
江西省法政專門學校;江西法政專門學校;Jiangxi Law and Politics Vocational School;;;
江西女子職業學校;江西女子職業學校;Jiangxi Women's Vocational School;;;
江陰縣立師範學校;江陰縣立師範學校;Jiangyin County Normal School;;;
上海交通大學;交通大學;Chiao-t'ung University;;;
交大鐵道管理學院;交通大學;Chiao-t'ung University;;;
交通大學北平分校;交通大學北京分校;Jiaotong University Beijing Branch;;;
交通大學唐山工學院;交通大學唐山工學院;Jiaotong University Tangshan Institute of Technology;;;
焦作工學院;焦作工學院;Jiaozuo Institute of Technology;;;
嘉義高工學校;嘉義高工學校;Jiayi High School of Technology;;;
嘉應大學;嘉應大學;Jiaying University;;;
朝陽大學法政講習所;朝陽大學;Chaoyang University;;;
朝陽大學附設法政講習所;朝陽大學;Chaoyang University;;;
吉長鐵路學校;吉長鐵路學校;Jichang Railway School;;;
吉林梨樹師範學校;吉林梨樹師範學校;Jilin Lishu Normal School;;;
吉林省立第一師範學校;吉林省立第一師範學校;Jilin Provincial First Normal School;;;
吉林省立第四師範學校;吉林省立第四師範學校;Jilin Provincial Fourth Normal School;;;
吉林省立女子師範學校;吉林省立女子師範學校;Jilin Provincial Girls' Normal School;;;
吉林省立工業學校;吉林省立工業學校;Jilin Provincial Industrial School;;;
吉林省立醫學校;吉林省立醫學校;Jilin Provincial Medical School;;;
吉林省立師範學校;吉林省立師範學校;Jilin Provincial Normal School;;;
吉林省公署警務廳;吉林省公署警務廳;Jilin Provincial Office Police Department;;;
吉林省立警官學校;吉林省立警官學校;Jilin Provincial Police Academy;;;
吉林省立第二師範學校;吉林省立第二師範學校;Jilin Provincial Second Normal School;;;
吉林省立第三師範學校;吉林省立第三師範學校;Jilin Provincial Third Normal School;;;
吉林公立法政專門學校;吉林公立法政專門學校;Jilin Public School of Law and Politics;;;
吉林同文工業學校;吉林同文工業學校;Jilin Tongwen Industrial School;;;
吉林大學;吉林大學;Jilin University;;;
濟南軍學;濟南軍學;Jinan Military Science;;;
暨南大學;暨南大學;Jinan University;;;
暨南大學商學院;暨南大學;Jinan University;;;
曁南大學;曁南大學;Jinan University;;;
金城女子專門學校;金城女子專門學校;Jincheng Girls' College;;;
金川江防軍軍官學校;金川江防軍軍官學校;Jinchuan River Defense Military Academy;;;
競立學校;競立學校;Jingli Institute;;;
京師同文館;京師同文館;Jingshi Language Institute;;;
金陵大學;金陵大學;Jinling College;;;
金陵機器局;金陵機器局;Jinling Machinery Bureau;;;
金陵軍官學校;金陵軍官學校;Jinling Military Academy;;;
金陵大學農學院;金陵大學;Jinling College;;;
金陵女子大學;金陵女子大學;Jinling Women's College;;;
金州農業學校;金州農業學校;Jinzhou Agricultural School;;;
錦州農業學校;錦州農業學校;Jinzhou Agricultural School;;;
錦州師範學校;錦州師範學校;Jinzhou Normal School;;;
金州地方警察學校;金州地方警察學校;Jinzhou Police Academy;;;
錦州女子高校;錦州女子高校;Jinzhou Women's College;;;
啓耳大學;啓耳大學;Kaier University;;;
開封高級職業學校;開封高級職業學校;Kaifeng Senior Vocational School;;;
開封大學堂;開封大學堂;Kaifeng University;;;
開原公學校;開原公學校;Kaiyuan public school;;;
經緯學校;經緯學校;Keei School;;;
匡溪藝術學院;匡溪藝術學院;Kuangxi Academy of Art;;;
雲南省昆華高等工業學校;雲南省昆華高等工業學校;Kunhua Higher Technical School of Yunnan Province;;;
勞動大學;勞動大學;Labor University;;;
湖濱大學;湖濱大學;Lakeside University;;;
雷士德工學院;雷士德工學院;Leishi Institute of Technology;;;
雷士德工藝學院;雷士德工藝學院;Lester Institute;;;
兩湖書院;兩湖書院;Lianghu Academy;;;
兩湖師范;兩湖優級師范學校;Lianghu Superior Normal School;;;
兩江女子體育師範學校;兩江女子體育師範學校;Liangjiang Women's Sports Normal School;;;
九江濂溪師范學校;濂溪師范學校;Lianxi Normal School;;;
遼寧公主嶺農業學校;遼寧公主嶺農業學校;Liaoning Gongzhuling Agricultural School;;;
遼寧高等女子學校;遼寧高等女子學校;Liaoning Higher Girls' School;;;
遼寧桓仁縣師範學校;遼寧桓仁縣師範學校;Liaoning Huanren County Normal School;;;
遼寧開原師範學校;遼寧開原師範學校;Liaoning Kaiyuan Normal School;;;
遼寧醫學院;遼寧醫學院;Liaoning Medical College;;;
遼甯醫學院;遼寧醫學院;Liaoning Medical College;;;
遼寧私立坤光女子學校;遼寧私立坤光女子學校;Liaoning Private Kunguang Girls' School;;;
遼寧省立第一工科學校;遼寧省立第一工科學校;Liaoning Provincial First Engineering School;;;
遼寧省立第一師範學校;遼寧省立第一師範學校;Liaoning Provincial First Normal School;;;
遼寧省立女子師範學校;遼寧省立女子師範學校;Liaoning Provincial Girls' Normal School;;;
遼甯省立文學專門校;遼寧省立文學專門校;Liaoning Provincial Literature College;;;
遼寧省立第三師範學校;遼寧省立第三師範學校;Liaoning Provincial Third Normal School;;;
遼寧同善醫科專門學校;遼寧同善醫科專門學校;Liaoning Tongshan Medical College;;;
遼寧同澤學校;遼寧同澤學校;Liaoning Tongze School;;;
遼陽日本甲種商業學校;遼陽日本甲種商業學校;Liaoyang Japanese Class A Business School;;;
遼陽師範學校;遼陽師範學校;Liaoyang Normal School;;;
遼陽女子師範學校;遼陽女子師範學校;Liaoyang Women's Normal School;;;
遼源師範學校;遼源師範學校;Liaoyuan Normal School;;;
自由學園北京生活學校;自由學園北京生活學校;Liberty Academy Beijing Life School;;;
山西省立川至醫學專科學校;山西省立川至醫學專科學校;Lichuanzhi Medical College;;;
上海立達學院;立達學院;Lida College;;;
立達學院;立達學院;Lida College;;;
遼東省立復縣師範學校;遼東省立復縣師範學校;Lifu County Normal School in Liaodong Province;;;
醴陵遵道大學;醴陵遵道大學;Liling Zundao University;;;
廣東佛學院嶺東學院;廣東佛學院嶺東學院;Lingdong College of Guangdong Buddhist University;;;
嶺南大學;嶺南大學;Lingnan University;;;
臨江師範學院;臨江師範學院;Linjiang Normal University;;;
六合縣立第一中學;六合縣立中學;Liuhu County Middle School;;;
上海立信會計專科學校;立信會計專科學校;Lixin Accounting Vocational School;;;
龍門師範學堂;龍門師範學堂;Longmen Normal School;;;
洛維其騎兵學校;洛維其騎兵學校;Loweche Cavalry School;;;
洛威治軍校;洛威治軍校;Lowwich Military Academy;;;
潞河書院;潞河書院;Luhe Academy;;;
盧那察爾斯基戲劇學院;盧那察爾斯基戲劇學院;Lunacharsky Drama Academy;;;
廬山暑期團及中訓團第一期;廬山訓練團;Lushan Training Corps;;;
廬山暑期訓練團;廬山訓練團;Lushan Training Corps;;;
廬山訓練所;廬山訓練團;Lushan Training Corps;;;
旅順高等公學校;旅順高等公學校;Lüshun High School;;;
旅順高等女學校;旅順高等女學校;Lüshun High School for Girls;;;
旅順師範學校;旅順師範學校;Lüshun Normal School;;;
旅順警察練習所;旅順警察練習所;Lüshun Police Training Center;;;
旅順工科大學;旅順工科大學;Lüshun University of Technology;;;
澳門明德產科專校;澳門明德產科專校;Macau Mingde Obstetrics College;;;
機床工具學院;機床工具學院;Machine Tool College;;;
機床研究院;機床研究院;Machine Tool Research Institute;;;
大陸商專;大陸商專;Mainland Business School;;;
滿洲大陸專門學校;滿洲大陸專門學校;Manchuria Continental College;;;
滿洲大同學院;滿洲大同學院;Manchuria Datong University;;;
滿洲英語專門學校;滿洲英語專門學校;Manchuria English College;;;
滿洲醫科大學;滿洲醫科大學;Manchuria Medical University;;;
滿洲法政學院;滿洲法政學院;Manchurian College of Law and Politics;;;
馬列學院;馬列學院;Marxist College;;;
馬列主義研究院;馬列主義研究院;Marxist-Leninist Institute;;;
馬列主義研究室;馬列主義研究室;Marxist-Leninist Research Office;;;
法師養成校;法師養成校;Master training school;;;
法師大學;法師大學;Master University;;;
機械化騎兵專門學校;機械化騎兵專門學校;Mechanized Cavalry Academy;;;
醫科大學;醫科大學;Medical University;;;
梅縣縣立師範學校;梅縣縣立師範學校;Meixian County Normal School;;;
蒙旗師範學校;蒙旗師範學校;Mengqi Normal School;;;
軍校特訓班政治隊;軍校特訓班;Military Academy Special Training Class;;;
軍醫學校;軍醫學校;Military Medical School;;;
軍事學校;軍事學校;Military school;;;
軍需學校學員班;軍需學校;Military Supply School;;;
軍需學校學生班;軍需學校;Military Supply School;;;
軍需學校第二期會計統計訓練班;軍需學校;Military Supply School;;;
軍需學校經理科戰時工作訓練團;軍需學校;Military Supply School;;;
軍需學校計政人員訓練班;軍需學校;Military Supply School;;;
軍需學校計政班;軍需學校;Military Supply School;;;
軍需校;軍需學校;Military Supply School;;;
軍需校學員班;軍需學校;Military Supply School;;;
軍需校特訓班;軍需學校;Military Supply School;;;
軍需校計政班;軍需學校;Military Supply School;;;
軍需訓練班;軍需學校;Military Supply School;;;
軍事訓練班;軍事訓練班;Military training class;;;
上海明光高中;明光高中;Mingguang High School;;;
上海明強中學;明強中學;Mingqiang Middle School;;;
交通部電報高等學堂;交通部電報高等學堂;Ministry of Communications and Telegraph College;;;
交通部立上海工業專門學校;交通部立上海工業專門學校;Ministry of Communications Shanghai Institute of Technology;;;
財政部財政專門學校;財政部財政專門學校;Ministry of Finance Finance College;;;
外交部俄文法政專校;外交部俄文法政專門學校;Ministry of Foreign Affairs Russian Law and Politics Vocational School;;;
外交部立俄文法政專門學校;外交部俄文法政專門學校;Ministry of Foreign Affairs Russian Law and Politics Vocational School;;;
外交部部立俄文法政專門學校;外交部俄文法政專門學校;Ministry of Foreign Affairs Russian Law and Politics Vocational School;;;
外交部部立法政專門;外交部俄文法政專門學校;Ministry of Foreign Affairs Russian Law and Politics Vocational School;;;
內政部警官高等班;內政部警官高等學校;Ministry of Internal Affairs Police College;;;
內政部警高;內政部警官高等學校;Ministry of Internal Affairs Police College;;;
司法講習所;司法部立司法講習所;Ministry of Justice Law Training Institute;;;
司法院法官訓練所書記官班;司法部立司法講習所;Ministry of Justice Law Training Institute;;;
上海工部局育才公學;工部局育才公學;Ellis Kadoorie Public School for Chinese;;;
岷江大學;岷江大學;Minjiang University;;;
江北縣立舊制中學;江北縣立中學;Jiangbei County Middle School;;;
江北舊制中學;江北縣立中學;Jiangbei County Middle School;;;
上海民立高中;民立高中;Minli Senior High School;;;
閩南佛學院;閩南佛學院;Minnan Buddhist College;;;
蒙古崇正師範學校;蒙古崇正師範學校;Mongolia Chongzheng Normal School;;;
蒙古學院;蒙古學院;Mongolian Academy;;;
蒙古指導訓練所;蒙古指導訓練所;Mongolian Guidance and Training Institute;;;
蒙古青年學校;蒙古青年學校;Mongolian Youth School;;;
慕漢尼航空學校;慕漢尼航空學校;Muhani Aviation School;;;
音樂專科學校;音樂專科學校;Music Academy;;;
南昌師範學校;南昌師範學校;Nanchang Normal School;;;
南昌大學;南昌大學;Nanchang University;;;
上海南充文商專門學校;南充文商專門學校;Nanchong Commerce and Trade School;;;
南國藝術學院;南國藝術學院;National Art Academy;;;
南京美術專門學校;南京美術專門學校;Nanjing Academy of Fine Arts;;;
南京文藝專科學校;南京文藝專科學校;Nanjing College of Literature and Art;;;
南京高等商業學院;南京高等商業學院;Nanjing Higher Commercial College;;;
南京高等師范;南京高等師范學校;Nanjing Higher Normal School;;;
南京高等師范國語專修科;南京高等師范學校;Nanjing Higher Normal School;;;
南京高等師范本科;南京高等師范學校;Nanjing Higher Normal School;;;
南京軍官學校;南京軍官學校;Nanjing Military Academy;;;
南京臨大;南京臨大;Nanjing Temporary University;;;
南京女子法政講習所;南京女子法政講習所;Nanjing Women's Law and Politics Workshop;;;
南京女子體育師範學校;南京女子體育師範學校;Nanjing Women's Sports Normal School;;;
南開大學;南開大學;Nankai University;;;
南開大學文學院;南開大學;Nankai University;;;
南開大學經濟研究所;南開大學;Nankai University;;;
南開大學預科;南開大學;Nankai University;;;
南京大學;南京大學;Nanking University;;;
南通農科大學;南通農科大學;Nantong Agricultural University;;;
南通甲種農業學校;南通甲種農業學校;Nantong Class A Agricultural School;;;
南通學院;南通學院;Nantong College;;;
南通縣立女子師範學校;南通縣立女子師範學校;Nantong County Girls' Normal School;;;
南通私立紡織專門學校;南通私立紡織專門學校;Nantong Private Textile College;;;
南通代用師範學校;南通代用師範學校;Nantong Substitute Normal School;;;
南通大學;南通大學;Nantong university;;;
九江南偉烈大學;南偉烈大學;Nanwei University;;;
九江南偉烈大學校;南偉烈大學;Nanwei University;;;
南洋高級商業學校;南洋高級商業學校;Nanyang Advanced Business School;c;;
上海南洋高級商校;南洋高級商業專門學校;Nanyang Advanced Commercial School;;;
上海南洋高級商業專門學校;南洋高級商業專門學校;Nanyang Advanced Commercial School;;;
上海南陽高級商業學校;南陽高級商業學校;Nanyang Advanced Commercial School;;;
上海南陽中學;南陽中學;Nanyang High School;;;
南洋陸師學堂;南洋陸師學堂;Nanyang Lushi College;;;
南洋醫學院;南洋醫學院;Nanyang Medical College;;;
上海南洋醫學院;南洋醫學院;Nanyang Medical College;;;
上海私立南洋中學;南洋中學;Nanyang Middle School;;;
上海南洋公學;南洋公學;Nanyang Public School;;;
南洋路礦學校;南洋路礦學校;Nanyang Road and Mining School;;;
上海南洋路廣專門學校;南洋路廣專門學校;Nanyang Road Guang Vocational School;;;
上海南洋路礦專校;南洋路礦專校;Nanyang Road Mining School;;;
上海私立南洋路礦專門學校;南洋路礦專門學校;Nanyang Road Mining Vocational School;;;
上海南洋路鏞專門學校;南洋路鏞專門學校;Nanyang Road Yong Vocational School;;;
南洋大學;南洋大學;Nanyang University;;;
上海南洋大學;南洋大學;Nanyang University;;;
上海南國藝術學院;南國藝術學院;National Art Academy;;;
國立北京美術專門學校;國立北京美術專門學校;National Beijing Academy of Fine Arts;;;
國立北京藝術專門學校;國立北京藝術專門學校;National Beijing Art College;;;
國立北京法政大學;國立北京法政大學;National Beijing University of Law and Politics;;;
國立北京工業大學;國立北京工業大學;National Beijing University of Technology;;;
國立北京女子大學;國立北京女子大學;National Beijing Women's University;;;
國立中央大學;中央大學;Central University;;;
國立浙江大學;浙江大學;Chekiang University;;;
國立中山大學;中山大學;Chung-shan University;;;
國防醫學院;國防醫學院;National Defense Medical College;;;
民國女子工藝學校;民國女子工藝學校;National Girls' Craft School;;;
國立廣東法科學院;國立廣東法科學院;National Guangdong Academy of Law;;;
國立廣東高等師範學校;國立廣東高等師範學校;National Guangdong Higher Normal School;;;
國立杭州藝術專科學校;國立杭州藝術專科學校;National Hangzhou Art College;;;
國立統計學院;國立統計學院;National Institute of Statistics;;;
國立音樂專科學校;國立音樂專科學校;National Music Conservatory;;;
國立西北大學;西北大學;Northwest University;;;
西北大學法商學院;國立西北大學;National Northwest University;;;
西北大學法學院;國立西北大學;National Northwest University;;;
國立北京大學;國立北京大學;Beijing University;;;
全國人員訓練所研究班;全國人員訓練所;National Personnel Training Institute;;;
國家物理實驗室;國家物理實驗室;National Physical Laboratory;;;
國立政治大學;國立政治大學;National Political University;;;
國家血清研究所;國家血清研究所;National Serum Institute;;;
國立沈陽高等師範學校;國立沈陽高等師範學校;National Shenyang Higher Normal School;;;
國立四川大學;四川大學;Sichuan University;;;
國立台灣大學;台灣大學;Taiwan University;;;
民國大學;民國大學;National University;;;
國立商科大學;國立商科大學;National University of Commerce;;;
國立武昌高等師範學校;國立武昌高等師範學校;National Wuchang Higher Normal School;;;
海軍兩棲作戰參謀班;海軍兩棲作戰參謀班;Naval Amphibious Operations Staff;;;
海軍高級專科學校;海軍高級專科學校;Naval High School;;;
海軍水雷學校;海軍水雷學校;Naval Mine School;;;
海軍雷電學校;海軍雷電學校;Naval Raiden School;;;
海軍學校;海軍學校;Naval school;;;
海軍魚雷航海信號槍炮學校;海軍魚雷航海信號槍炮學校;Naval Torpedo Nautical Signal Gun School;;;
海軍大學;海軍大學;Naval University;;;
海軍魚雷槍炮學校;海軍魚雷槍炮學校;Navy torpedo gun school;;;
納薩瑞斯女子大學;納薩瑞斯女子大學;Nazareth Women's University;;;
日本大學經濟學部研究院;日本大學;Nihon University;;;
寧波中山公學;寧波中山公學;Ningbo Zhongshan Public School;;;
甯屬師范學堂;寧屬師范學堂;Ningfu Normal School;;;
甯垣法政學校;寧垣法政學校;Ningyuan Law and Politics School;;;
師範學院;師範學院;Normal university;;;
華北法商學院;華北法商學院;North China Law Business School;;;
華北協和女醫校;華北協和女醫校;North China Union Medical College for Women;;;
北京華北大學;北京華北大學;North China University;;;
北滿師範大學;北滿師範大學;North Manchuria Normal University;;;
北滿鐵路技術傳習所;北滿鐵路技術傳習所;North Manchurian Railway Technical Training Institute;;;
東北陸軍講武堂;東北陸軍講武堂;Northeast Army Lecture Hall;;;
東北航警學校;東北航警學校;Northeast Aviation Police School;;;
東北交通大學;東北交通大學;Northeast Jiaotong University;;;
東北商船專科學校;東北商船專科學校;Northeast Merchant Marine College;;;
東南大學上海商科;東南大學;Southeast University;;;
東南大學分設上海商科大學;東南大學;Southeast University;;;
東南大學府屬中學;東南大學;Southeast University;;;
東南大學畢業;東南大學;Southeast University;;;
東北大學;東北大學;Northeast University;;;
北方高等學校;北方高等學校;Northern higher school;;;
西北農學院;西北農學院;Northwest Agricultural College;;;
西北陸軍幹部學校;西北陸軍幹部學校;Northwest Army Cadre School;;;
西北陸軍教練所;西北陸軍教練所;Northwest Army Training Institute;;;
西北工學院;西北工學院;Northwest Institute of Technology;;;
西北師範學院;西北師範學院;Northwest Normal University;;;
西北軍官教導團;西北軍官教導團;Northwest Officers' Teaching Corps;;;
西北大學;西北大學;Northwest University;;;
西北大學理學院;西北大學;Northwest University;;;
西北醫學院;西北醫學院;Northwestern Medical School;;;
西北聯合大學;西北聯合大學;Northwestern Union University;;;
兵工學校;兵工學校;Ordnance School;;;
東方學院;東方學院;Oriental Academy;;;
東方藝專;東方藝專;Oriental Art School;;;
東方語言學院;東方語言學院;Oriental Language Institute;;;
東方語文專科學校;東方語文專科學校;Oriental Language School;;;
上海格致公學;格致公學;Gezhi Academy;;;
太平洋學院;太平洋學院;Pacific College;;;
帕爾瑪學校;帕爾瑪學校;Palma School;;;
潘陽英國長老會醫科專門學校;潘陽英國長老會醫科專門學校;Panyang Presbyterian Medical College;;;
愛國女學校;愛國女學校;patriotic girls' school;;;
上海愛國女校;愛國女校;Patriotic Girls' School;;;
培華學校;培華學校;Peihua School;;;
北平新聞學校;北京新聞學校;Beijing Journalism School;;;
北京協和醫學院;北京協和醫學院;Beijing Union Medical College;;;
北京大學俄文法政學院;北京大學;Beijing University;;;
北京大學國文系;北京大學;Beijing University;;;
北京大學堂;北京大學;Beijing University;;;
北京大學文學院;北京大學;Beijing University;;;
北京大學法商學院;北京大學;Beijing University;;;
北京大學法學院;北京大學;Beijing University;;;
北京大學法政大學;北京大學;Beijing University;;;
北京大學研究所;北京大學;Beijing University;;;
北京大學第一工學院;北京大學;Beijing University;;;
北京大學醫學院;北京大學;Beijing University;;;
彭德山學院;彭德山學院;Pengdeshan College;;;
彼得堡大學;彼得堡大學;Petersburg University;;;
平陽縣高等學堂;平陽縣高等學堂;Pingyang County College of Higher Learning;;;
奉天省公署警務廳;奉天省公署警務廳;Police Department of Fengtian Provincial Office;;;
黑龍江省公署警務廳;黑龍江省公署警務廳;Police Department of Heilongjiang Provincial Office;;;
政治大學;政治大學;Political University;;;
滿洲留學生豫備學校;滿洲留學生豫備學校;Preparatory School for International Students in Manchuria;;;
私立奉天醫科專門學校;私立奉天醫科專門學校;Private Fengtian Medical College;;;
私立福建法政專門學校;私立福建法政專門學校;Private Fujian School of Law and Politics;;;
私立廣東公醫醫學專門學校;私立廣東公醫醫學專門學校;Private Guangdong Public Medical College;;;
私立江蘇女子職業學校;私立江蘇女子職業學校;Private Jiangsu Women's Vocational School;;;
立信會計學校;私立立信會計專科學校;Private Lixin Accounting Vocational School;;;
立信會計補習學校;私立立信會計專科學校;Private Lixin Accounting Vocational School;;;
私立南通醫學專門學校;私立南通醫學專門學校;Private Nantong Medical College;;;
私立輕陽學院;私立輕陽學院;Private Qingyang College;;;
私立蘇州美術專科學校;私立蘇州美術專科學校;Private Suzhou Academy of Fine Arts;;;
私立同濟醫工專門學校;私立同濟醫工專門學校;Private Tongji Medical and Engineering College;;;
私立武昌藝術專科學校;私立武昌藝術專科學校;Private Wuchang Art College;;;
私立武昌文華圖書館學專科學校;私立武昌文華圖書館學專科學校;Private Wuchang Wenhua College of Library Science;;;
私立無錫國學專修學校;私立無錫國學專修學校;Private Wuxi Chinese Studies School;;;
私立豫章法政專門學校;私立豫章法政專門學校;Private Yuzhang College of Law and Politics;;;
私立正風文學院;私立正風文學院;Private Zhengfeng Literature College;;;
私立仲愷農工學校;私立仲愷農工學校;Private Zhongkai Agricultural and Industrial School;;;
省立女子高等學校;省立女子高等學校;Provincial Girls' Higher School;;;
省立淮陽師範學校;省立淮陽師範學校;Provincial Huaiyang Normal School;;;
普洱中華學校;普洱中華學校;Pu'er Chinese School;;;
上海浦東中學;浦東中學;Pudong Middle School;;;
齊魯大學;齊魯大學;Qilu University;;;
齊魯大學軍需學校計政訓練班;齊魯大學;Qilu University;;;
齊魯大學醫學院;齊魯大學;Qilu University;;;
上海啟明女校發文專科;啟明女校發文專科;Qiming Girls' School Specialized Department;;;
啟明女學;啟明女學;Qiming Women's School;;;
青島學院商業學校;青島學院商業學校;Qingdao College Business School;;;
青島高等女學校;青島高等女學校;Qingdao Higher Girls' School;;;
青島醫學專門學校;青島醫學專門學校;Qingdao Medical College;;;
青島中德大學;青島中德大學;Qingdao Sino-German University;;;
淸華大學;淸華大學;Qinghua University;c;;
青山學院;青山學院;Qingshan College;;;
清源師範學校;清源師範學校;Qingyuan Normal School;;;
齊齊哈爾高等師範專科學校;齊齊哈爾高等師範專科學校;Qiqihar Higher Teachers College;;;
齊齊哈爾工業學校;齊齊哈爾工業學校;Qiqihar Industrial School;;;
齊齊哈爾日語專修學校;齊齊哈爾日語專修學校;Qiqihar Japanese Language School;;;
齊齊哈爾女子國民高校;齊齊哈爾女子國民高校;Qiqihar Women's National High School;;;
上海啟秀女中;啟秀女中;Qixiu Girls' High School;;;
啟秀女學;啟秀女學;Qixiu Girls' School;;;
群治大學;群治大學;Qunzhi University;;;
上海群治大學;群治大學;Qunzhi University;;;
鐵道學院;鐵道學院;Railway Institute;;;
正則預備學校;正則預備學校;Regular prep school;;;
正則學校;正則學校;Regular school;;;
瑞特大學;瑞特大學;Reiter University;;;
革命軍第二十四軍軍事政治學校;革命軍第二十四軍軍事政治學校;Revolutionary Army 24th Army Military and Political School;;;
濱江工科學校;濱江工科學校;Riverside Engineering School;;;
濱江法學院;濱江法學院;Riverside Law School;;;
濱江大學;濱江大學;Riverside University;;;
路礦學堂;路礦學堂;Road Mine School;;;
如皋女子師範學校;如皋女子師範學校;Rugao Girls' Normal School;;;
盧瑟福研究所石溪大學;盧瑟福研究所石溪大學;Rutherford Institute Stony Brook University;;;
三江省地方警察學校;三江省地方警察學校;Sanjiang Provincial Police School;;;
醫學進修學院;醫學進修學院;School of Continuing Medicine;;;
戲劇學院;戲劇學院;School of Drama;;;
與光學儀器學院;與光學儀器學院;School of Optical Instruments;;;
維茨堡大學藥學院;維茨堡大學藥學院;School of Pharmacy, University of Witzburg;;;
理化專科學校;理化專科學校;School of Physics and Chemistry;;;
熱帶衛生學院;熱帶衛生學院;School of Tropical Hygiene;;;
上海數理專修學校;數理專修學校;Science and Mathematics Specialized School;;;
第七高等學校;第七高等學校;Seventh Higher School;;;
陜西省立師範專科學校;陜西省立師範專科學校;Shaanxi Provincial Teachers College;;;
山東高等學堂;山東高等學堂;Shandong Higher Academy;;;
山東省立第一師範學校;山東省立第一師範學校;Shandong Provincial First Normal School;;;
山東省立女子師範學校;山東省立女子師範學校;Shandong Provincial Girls' Normal School;;;
山東省立競進女校幼稚師範學校;山東省立競進女校幼稚師範學校;Shandong Provincial Jingjin Girls' School Kindergarten Normal School;;;
山東省立舊制中學;山東省立中學;Shandong Provincial Middle School;;;
山東省立第一女子師範學校;山東省立第一女子師範學校;Shandong Provincial No. 1 Normal School for Girls;;;
山東省立第二女子師範學校;山東省立第二女子師範學校;Shandong Provincial Second Girls' Normal School;;;
山東公立農業專門學校;山東公立農業專門學校;Shandong Public Agricultural College;;;
山東公立商業專門學校;山東公立商業專門學校;Shandong Public Commercial College;;;
山東公立工業專門學校;山東公立工業專門學校;Shandong Public Industrial College;;;
山東公立醫學專門學校;山東公立醫學專門學校;Shandong Public Medical College;;;
山東公立礦業專門學校;山東公立礦業專門學校;Shandong Public Mining College;;;
山東公立法政專門學校;山東公立法政專門學校;Shandong Public School of Law and Politics;;;
山東鄉村建設學院;山東鄉村建設學院;Shandong Rural Construction College;;;
山東大學;山東大學;Shandong University;;;
山東大學文學院;山東大學;Shandong University;;;
山東文華女學校;山東文華女學校;Shandong Wenhua Girls' School;;;
山東煙台甲種商業學校;山東煙台甲種商業學校;Shandong Yantai Class A Commercial School;;;
上海文學院;上海文學院;Shanghai Academy of Arts;;;
上海美專;上海美術專科學校;Shanghai Academy of Fine Arts;;;
上海美專高師科舉業;上海美術專科學校;Shanghai Academy of Fine Arts;;;
上海商學院;上海商學院;Shanghai Business School;;;
上海廣方言館;上海廣方言館;Shanghai Cantonese Dialect Institute;;;
滬江大學;滬江大學;Shanghai College;;;
上海商專;上海商業專門學校;Shanghai Commercial College;;;
上海商業專門學校;上海商業專門學校;Shanghai Commercial College;;;
上海文化學院;上海文化學院;Shanghai Cultural Institute;;;
上海海關稅務學校;上海海關稅務學校;Shanghai Customs Taxation School;;;
上海電氣測量學堂;上海電氣測量學堂;Shanghai Electric Measurement School;;;
郵傳部立上海高等實業學堂;郵傳部立上海高等實業學堂;Shanghai Higher Industrial School;;;
上海電學院;上海電學院;Shanghai Institute of Electrical Engineering;;;
上海法政學院;上海法政學院;Shanghai Institute of Law and Politics;;;
上海新聞學院;上海新聞學院;Shanghai Journalism Institute;;;
上海法學院;上海法學院;Shanghai Law School;;;
上海雷氏德工程專科學院;上海雷氏德工程專科學院;Shanghai Lester Engineering College;;;
上海國語模範學校;上海國語模範學校;Shanghai Mandarin Model School;;;
上海醫學院;上海醫學院;Shanghai Medical College;;;
上海市立工業專科學校;上海市立工業專科學校;Shanghai Municipal Industrial College;;;
上海市立體育專科學校;上海市立體育專科學校;Shanghai Municipal Sports College;;;
上海市立師範專科學校;上海市立師範專科學校;Shanghai Municipal Teachers College;;;
上海市立吳淞水產專科學校;上海市立吳淞水產專科學校;Shanghai Municipal Wusong Fisheries College;;;
上海音樂專科學校;上海音樂專科學校;Shanghai Music College;;;
上海國民大學;上海國民大學;Shanghai National University;;;
上海兵工專門學校;上海兵工專門學校;Shanghai Ordnance Technical College;;;
上海私立美術專門學校;上海私立美術專門學校;Shanghai Private Art School;;;
上海私立岡德產科學校;上海私立岡德產科學校;Shanghai Private Gund Obstetrics School;;;
上海私立同德醫學專門學校;上海私立同德醫學專門學校;Shanghai Private Tongde Medical College;;;
上海私立亞東醫科專門大學;上海私立亞東醫科專門大學;Shanghai Private Yadong Medical University;;;
上海三育大學;三育大學;Shanghai Sanyu University;;;
上海中法通惠商工學校;上海中法通惠商工學校;Shanghai Sino-French Tonghui Business School;;;
上海技藝大學;上海技藝大學;Shanghai Technical University;;;
上海臨大;上海臨大;Shanghai Temporary University;;;
上海大學;上海大學;Shanghai University;;;
上海大學文學系;上海大學;Shanghai University;;;
滬江商學院;滬江商學院;Shanghai University Business School;;;
上海法政大學法律專門部;上海法政大學;Shanghai University of Political Science and Law;;;
上海藝術大學;上海藝術大學;Shanghai University of the Arts;;;
上海中醫大學;上海中醫大學;Shanghai University of Traditional Chinese Medicine;;;
上海韋治大學;上海韋治大學;Shanghai Wedge University;;;
上海女子醫學院;上海女子醫學院;Shanghai Women's Medical College;;;
上海知行大學;上海知行大學;Shanghai Zhixing University;;;
上海中華高級商業學校;上海中華高級商業學校;Shanghai Zhonghua Senior Business School;;;
上海中山學院;上海中山學院;Shanghai Zhongshan University;;;
尚賢書院;尚賢書院;Shangxian College;;;
汕頭日語學院;汕頭日語學院;Shantou Japanese Language Institute;;;
山西高等師範學校;山西高等師範學校;Shanxi Higher Normal School;;;
山西教育學院;山西教育學院;Shanxi Institute of Education;;;
山西法學院;山西法學院;Shanxi Law School;;;
山西武備學堂;山西武備學堂;Shanxi Military Academy;;;
山西省立教育學院;山西教育學院;Shanxi Institute of Education;;;
山西省立第一師範學校;山西省立第一師範學校;Shanxi Provincial First Normal School;;;
山西法政學校;山西省立法政專門學校;Shanxi Provincial Institute of Political Science and Law;;;
山西法政專門學校;山西省立法政專門學校;Shanxi Provincial Institute of Political Science and Law;;;
山西省立第一女子師範學校;山西省立第一女子師範學校;Shanxi Provincial No. 1 Normal School for Girls;;;
山西公立農業專門學校;山西公立農業專門學校;Shanxi Public Agricultural College;;;
山西公立商業專門學校;山西公立商業專門學校;Shanxi Public Commercial College;;;
山西公立工業專門學校;山西公立工業專門學校;Shanxi Public Industrial College;;;
山西公立法政專門學校;山西公立法政專門學校;Shanxi Public School of Law and Politics;;;
山西學兵團;山西學兵團;Shanxi School Corps;;;
山西太原女子師範學校;山西太原女子師範學校;Shanxi Taiyuan Girls' Normal School;;;
山西大學;山西大學;Shanxi University;;;
山西大學教育學院;山西大學;Shanxi University;;;
山西大學文學院;山西大學;Shanxi University;;;
山西大學法學院;山西大學;Shanxi University;;;
山西運城警校;山西運城警校;Shanxi Yuncheng Police Academy;;;
山右大學;山右大學;Shanyou University;;;
上海聖甸翰大學;聖甸翰大學;Shengdianhan University;;;
上海聖約翰大學;聖約翰大學;Shengyuehan University;;;
上海申江商業專門學校;申江商業專門學校;Shenjiang Commercial Vocational School;;;
上海申新公學;申新公學;Shenshin Public School;;;
沈陽醫學院;沈陽醫學院;Shenyang Medical College;;;
神州女學校;神州女學校;Shenzhou Girls' School;;;
上海神州法政專門學校;神州法政專門學校;Shenzhou Law and Politics Vocational School;;;
上海神州大學;神州大學;Shenzhou University;;;
上海時化商專;時化商專;Shihua Commercial School;;;
支那學堂;支那學堂;Shina Academy;;;
雙城師範講習所;雙城師範講習所;Shuangcheng Teachers' Workshop;;;
四川農學院;四川農學院;Sichuan Agricultural College;;;
四川甲種工業學校;四川甲種工業學校;Sichuan Class A Industrial School;;;
四川高等學堂;四川高等學堂;Sichuan Higher School;;;
四川實業學校;四川實業學校;Sichuan Industrial School;;;
四川法政學校;四川法政專門學校;Sichuan Institute of Political Science and Law;;;
四川法政專門學校政治經濟科;四川法政專門學校;Sichuan Institute of Political Science and Law;;;
四川講武堂;四川講武堂;Sichuan Lecture Hall;;;
四川講武學校;四川講武學校;Sichuan Military School;;;
四川泯江大學;四川泯江大學;Sichuan Minjiang University;;;
四川內江女子師範;四川內江女子師範;Sichuan Neijiang Women's Normal School;;;
四川教育學院;四川省立教育學院;Sichuan Provincial Education College;;;
四川省教育學院;四川省立教育學院;Sichuan Provincial Education College;;;
四川省立第一師範學校;四川省立第一師範學校;Sichuan Provincial First Normal School;;;
四川省立第四師範學校;四川省立第四師範學校;Sichuan Provincial Fourth Normal School;;;
四川公立外國語專門學校;四川公立外國語專門學校;Sichuan Public Foreign Language College;;;
四川公立工業專門學校;四川公立工業專門學校;Sichuan Public Industrial College;;;
四川公立法政專門學校;四川公立法政專門學校;Sichuan Public School of Law and Politics;;;
四川公立國學專門學校;四川公立國學專門學校;Sichuan Public School of Sinology;;;
四川大學;四川大學;Sichuan University;;;
四川大學文學院;四川大學;Sichuan University;;;
四川誌城法政專門學校;四川誌城法政專門學校;Sichuan Zhicheng School of Law and Politics;;;
矽酸鹽研究院;矽酸鹽研究院;Silicate Research Institute;;;
辛普森大學;辛普森大學;Simpson University;;;
中法工學院;中法工學院;Sino-French Institute of Technology;;;
中法大學;中法大學;Sino-French University;;;
中法大學西山分院;中法大學;Sino-French University;;;
日華學院;日華學院;Sino-Japanese College;;;
東吳大學;東吳大學;Soochow University;;;
莫斯哥中山勞動大學;東方勞動者共產主義大學;Soochow University;;;
上海南方大學;南方大學;Southern University;;;
華南女子文理學院;華南女子文理學院;South China Women's Liberal Arts College;;;
興安南省陸軍幼年學校;興安南省陸軍幼年學校;South Hinggan Army Infant School;;;
南滿洲工業專門學校;南滿洲工業專門學校;South Manchuria Technical College;;;
滿鐵公學堂;滿鐵公學堂;South Manchurian Railway Comapny College;;;
川南經緯學堂;川南經緯學堂;South Sichuan Jingwei School;;;
南偉烈大學;南偉烈大學;South Wales University;;;
東南醫學院;東南醫學院;Southeast Medical College;;;
上海東南體專等校;東南體專等校;Southeast Sports School;;;
東吳大學法學院;東吳大學;Soochow University;;;
上海東南女子體育專科學校;東南女子體育專科學校;Southeast Women's Sports Vocational School;;;
東南女子體育師範學校;東南女子體育師範學校;Southeast Women's Sports Normal School;;;
上海東南醫學院;東南醫學院;Southeast Medical College;;;
南方大學;南方大學;Southern University;;;
西南聯合大學;西南聯合大學;Southwest Associated University;;;
西南大學;西南聯合大學;Southwest Associated University;;;
西南聯大;西南聯大;Southwest Associated University;;;
體育學校;體育學校;Sports school;;;
聖約翰大學;聖約翰大學;Shengyuehan University;;;
聖芳濟高等商業專科學校;聖芳濟高等商業專科學校;St. Francis Xavier College of Business;;;
聖瑪利亞女校;聖瑪利亞女校;St. Mary's School for Girls;;;
參謀學院;參謀學院;Staff College;;;
石溪大學;石溪大學;Stony Brook University;;;
潛艇兵;潛艇兵;Submariner;;;
綏化師範學校;綏化師範學校;Suihua Normal School;;;
中山大學工學院;中山大學;Chung-shan University;;;
中山大學文學院;中山大學;Chung-shan University;;;
中山大學法學院;中山大學;Chung-shan University;;;
中山大學研究院;中山大學;Chung-shan University;;;
中山大學藥學院;中山大學;Chung-shan University;;;
中山大學農學院;中山大學;Chung-shan University;;;
上海蘇鬆太道立龍門師范學堂;蘇鬆太道立龍門師范學堂;Sushongtai Road Longmen Normal School;;;
蘇州中華體育專門學校;蘇州中華體育專門學校;Suzhou Chinese Sports College;;;
蘇州蕩口鎮華氏私立實用農業學校;蘇州蕩口鎮華氏私立實用農業學校;Suzhou Dangkou Town Huashi Private Practical Agricultural School;;;
蘇州醫學專門學校;蘇州醫學專門學校;Suzhou Medical College;;;
蘇州大學;蘇州大學;Suzhou University;;;
蘇州女子師範學校;蘇州女子師範學校;Suzhou Women's Normal School;;;
敘利恩繪畫研究所;敘利恩繪畫研究所;Syrian painting institute;;;
台南神學校;台南神學校;Tainan Theological School;;;
台北高等學校;台北高等學校;Taipei high school;;;
台北帝國大學;台北帝國大學;Taipei Imperial University;;;
台北工業學院;台北工業學院;Taipei Institute of Technology;;;
台北醫學專門學校;台北醫學專門學校;Taipei Medical College;;;
台灣省立農學院;台灣省立農學院;Taiwan Provincial Agricultural College;;;
台灣省立工學院;台灣省立工學院;Taiwan Provincial Institute of Technology;;;
台灣省立師範學院;台灣省立師範學院;Taiwan Provincial Teachers College;;;
台灣大學;台灣大學;Taiwan University;;;
唐山工專;唐山工業學校;Tangshan Industrial School;;;
戰車學校;戰車學校;Tank school;;;
塔郎脫高等林學院;塔郎脫高等林學院;Tarantau College of Higher Forestry;;;
農産部茶場;農産部茶場;Tea Farm of the Ministry of Agriculture;;;
電信學校;電信學校;Telecom School;;;
山東滕縣美立華北學院;滕縣美立華北學院;Tengxian Meili North China College;;;
革命軍第二師教道團修;革命軍第二師教道團修;The Second Division of the Revolutionary Army;;;
東三省軍士教道隊;東三省軍士教道隊;Three Northeastern Province Sergeant Missionary Team;;;
天津美術館附設西畫研究所;天津美術館附設西畫研究所;Tianjin Art Museum Western Painting Research Institute;;;
天津商業學校;天津商業學校;Tianjin Business School;;;
天津棉業專門學校;天津棉業專門學校;Tianjin Cotton Industry College;;;
天津華東日語專門學校;天津華東日語專門學校;Tianjin East China Japanese Language College;;;
天津高等師範學校;天津高等師範學校;Tianjin Higher Normal School;;;
天津弘德商科高級職業學校;天津弘德商科高級職業學校;Tianjin Hongde Business Advanced Vocational School;;;
天津工商學院;天津工商學院;Tianjin Industrial and Commercial College;;;
天津法政專門學校;天津法政專門學校;Tianjin Law and Politics College;;;
天津醫學堂;天津醫學堂;Tianjin Medical School;;;
天津海軍學校;天津海軍學校;Tianjin Naval Academy;;;
天津新學書院;天津新學書院;Tianjin New Knowledge Academy;;;
天津新醫學校;天津新醫學校;Tianjin New Medical School;;;
天津私立達生助產學校;天津私立達生助產學校;Tianjin Private Dasheng Midwifery School;;;
天津省立水產學校;天津省立水產學校;Tianjin Provincial Fisheries School;;;
天津公安局警察練習所;天津公安局警察練習所;Tianjin Public Security Bureau Police Practice Center;;;
天津工業專門學校;天津工業專門學校;Tianjin Technical College;;;
天津貞淑高等女學校;天津貞淑高等女學校;Tianjin Zhenshu High School for Girls;;;
鐵嶺日語學堂;鐵嶺日語學堂;Tieling Japanese Language School;;;
鐵嶺日語學校;鐵嶺日語學校;Tieling Japanese School;;;
鐵嶺師範學校;鐵嶺師範學校;Tieling Normal School;;;
鐵嶺協和學校;鐵嶺協和學校;Tieling Union School;;;
上海同德醫學院;同德醫學院;Tongde Medical College;;;
同濟大學;同濟大學;Tongji University;;;
上海同濟大學;同濟大學;Tongji University;;;
同濟大學工學院;同濟大學;Tongji University;;;
同濟大學醫學院;同濟大學;Tongji University;;;
上海同文書院;同文書院;Dobun sho-in;;;
清華大學國學研究院;清華大學;Tsinghua University;;;
清華大學政治系;清華大學;Tsinghua University;;;
清華大學法學院;清華大學;Tsinghua University;;;
清華大學研究院;清華大學;Tsinghua University;;;
東南大學;東南大學;Southeast University;;;
友聯學校;友聯學校;Union School;;;
萬國齒科專校;萬國齒科專校;Universal Dental School;;;
瓦沙女子大學;瓦沙女子大學;Vassar Women's University;;;
維多利亞大學;維多利亞大學;Victoria University;;;
維斯特拉高級軍官學校;維斯特拉高級軍官學校;Vistra Senior Military Academy;;;
王瑞嫻音樂館;王瑞嫻音樂館;Wang Ruixian Music Hall;;;
皖江法政專門學校;皖江法政專門學校;Wanjiang College of Law and Politics;;;
水利局立河海工程專門學校;水利局立河海工程專門學校;Water Conservancy Bureau Li River and Sea Engineering College;;;
維新學院;維新學院;Weixin College;;;
溫江大學;溫江大學;Wenjiang University;;;
文生高等英文學校;文生高等英文學校;Wensheng Higher English School;;;
文治大學;文治大學;Wenzhi University;;;
上海文治大學;文治大學;Wenzhi University;;;
溫州師範學校;溫州師範學校;Wenzhou Normal School;;;
華西協合大學;華西協合大學;West China Union University;;;
華西大學;華西大學;West China University;;;
懷德女子師範學校;懷德女子師範學校;Wilder Girls' Normal School;;;
維利弗治總醫院;維利弗治總醫院;Williford General Hospital;;;
女子師範大學;女子師範大學;Women's Normal University;;;
女子師範學院;女子師範學院;Women's Teachers College;;;
半工半讀;半工半讀;Work and study program;;;
武昌佛學院;武昌佛學院;Wuchang Buddhist College;;;
武昌甲種工業學校;武昌甲種工業學校;Wuchang Class A Industrial School;;;
武昌國立商業專門學校;武昌國立商業專門學校;Wuchang National Commercial College;;;
武漢大學代辦湖北省立教育學院鄉村教育系;武漢大學;Wuhan University;;;
武漢大學堂;武漢大學;Wuhan University;;;
武漢大學法學院;武漢大學;Wuhan University;;;
武漢大學研究院;武漢大學;Wuhan University;;;
武漢大學經濟系;武漢大學;Wuhan University;;;
武昌大學;武昌大學;Wuchang University;;;
武昌文華大學;武昌文華大學;Wuchang Wenhua University;;;
武昌中華大學;武昌中華大學;Wuchang Zhonghua University;;;
武昌商大;武昌商科大學;Wuchang School of Commerce;;;
武淮中學;武淮中學;Wujin Middle School;;;
武漢大學;武漢大學;Wuhan University;;;
武進縣立師范;武進縣立師范學校;Wujin County Normal School;;;
上海民立中學;民立中學;Minli Middle School;;;
上海吳淞中國公學大學部;吳淞中國公學大學部;Wusong China Public School University Department;;;
吳淞水產學校;吳淞水產學校;Wusong Fisheries School;;;
上海吳淞復旦公學;吳淞復旦公學;Wusong Fudan Public School;;;
吳淞商船學校;吳淞商船學校;Wusong Merchant Shipping School;;;
無錫美術專門學校;無錫美術專門學校;Wuxi Art College;;;
無錫女子師範學校;無錫女子師範學校;Wuxi Girls' Normal School;;;
無錫國專;無錫國術專修學校;Wuxi National Martial Arts Vocational School;;;
無錫公立工商專科學校;無錫公立工商專科學校;Wuxi Public Business College;;;
梧州幹部學校;梧州幹部學校;Wuzhou Cadre School;;;
梧州建道女子師範學校;梧州建道女子師範學校;Wuzhou Jiandao Girls' Normal School;;;
廈門大學商學系;廈門大學;Xiamen University;;;
廈門大學法商學院;廈門大學;Xiamen University;;;
湘雅醫學院;湘雅醫學院;Xiangya Medical College;;;
湘雅醫科大學;湘雅醫科大學;Xiangya Medical University;;;
湘雅產科學校;湘雅產科學校;Xiangya Obstetrics School;;;
仙居縣立師範學校;仙居縣立師範學校;Xianju County Normal School;;;
西豐縣立高級師範學校;西豐縣立高級師範學校;Xifeng County Senior Normal School;;;
西康技藝專科學校;西康技藝專科學校;Xikang Technical College;;;
興安軍官學校;興安軍官學校;Xing'an Military Academy;;;
興安第一師範學校;興安第一師範學校;Xing'an No. 1 Normal School;;;
興安公學堂;興安公學堂;Xing'an Public School;;;
興津園藝試驗場;興津園藝試驗場;Xingjin Horticulture Test Field;;;
新華藝專;新華藝專;Xinhua Art College;;;
上海新華藝專;新華藝術專科學校;Xinhua Art Vocational School;;;
上海新華藝術專科學校;新華藝術專科學校;Xinhua Art Vocational School;;;
新京文化商業學校;新京文化商業學校;Xinjing Culture and Business School;;;
新京文化國民高等學校;新京文化國民高等學校;Xinjing Culture National High School;;;
新京教員養成所;新京教員養成所;Xinjing Faculty Training Institute;;;
新京工業學院;新京工業學院;Xinjing Institute of Technology;;;
新京留學生豫備學校;新京留學生豫備學校;Xinjing International Students Preparatory School;;;
新京公學校;新京公學校;Xinjing Public School;;;
新京第二國民高等學校;新京第二國民高等學校;Xinjing Second National High School;;;
新民師範學校;新民師範學校;Xinmin Normal School;;;
新民大學;新民大學;Xinmin University;;;
新聲女子職業學校;新聲女子職業學校;Xinsheng Girls' Vocational School;;;
新陽學院;新陽學院;Xinyang College;;;
心遠大學;心遠大學;Xinyuan University;;;
熊嶽城滿鐵農業學校;熊嶽城滿鐵農業學校;Xiongyuecheng Mantie Agricultural School;;;
宣化師範學校;宣化師範學校;Xuanhua Normal School;;;
上海徐匯公學;徐匯公學;Xuhui Public School;;;
上海徐家匯公學;徐家匯公學;Xujiahui Public School;;;
徐梁畫院;徐梁畫院;Xuliang Painting Academy;;;
雅禮大學;雅禮大學;Yali University;;;
延吉師範學校;延吉師範學校;Yanji Normal School;;;
燕京大學法學院;燕京大學;Yanjing University;;;
煙台海軍學校;煙台海軍學校;Yantai Naval School;;;
煙台益文商專科學校;煙台益文商專科學校;Yantai Yiwen Commercial College;;;
上海藥治大學;藥治大學;Yaoshi University;;;
宜昌華美書院;宜昌華美書院;Yichang Huamei Academy;;;
穎布露農學院;穎布露農學院;Ying Brou Agricultural College;;;
營口商業學校;營口商業學校;Yingkou Business School;;;
營口師範學校;營口師範學校;Yingkou Normal School;;;
英士大學;英士大學;Yingshi University;;;
宜興農林學校;宜興農林學校;Yixing Agriculture and Forestry School;;;
苑街華僑女子醫專;苑街華僑女子醫專;Yuan Street Overseas Chinese Women's Medical College;;;
粵漢鐵路電務講習所;粵漢鐵路電務講習所;Yue-han Railway Electricity Workshop;;;
雲南陸軍講武堂;雲南陸軍講武堂;Yunnan Army Lecture Hall;;;
雲南甲種工業學校;雲南甲種工業學校;Yunnan First Class Industrial School;;;
雲南軍事教道隊;雲南軍事教道隊;Yunnan Military Taoist Team;;;
雲南市政府技術人員養成所;雲南市政府技術人員養成所;Yunnan Municipal Government Technical Personnel Training Institute;;;
雲南師範學校;雲南師範學校;Yunnan Normal School;;;
雲南省公費留美預備班;雲南省公費留美預備班;Yunnan Province Preparatory Class to Study in the United States;;;
雲南省立第一師範學校;雲南省立第一師範學校;Yunnan Provincial First Normal School;;;
雲南法政學校;雲南省立法政專門學校;Yunnan Provincial Law and Politics Vocational School;;;
雲南法政專校;雲南省立法政專門學校;Yunnan Provincial Law and Politics Vocational School;;;
雲南公立法政專門學校;雲南公立法政專門學校;Yunnan Public School of Law and Politics;;;
雲南大學;雲南大學;Yunnan University;;;
雲南省女子師範學校;雲南省女子師範學校;Yunnan Women's Normal School;;;
上海聖芳濟學院;聖芳濟學院;Franciscan College;;;
上海育青中學;育青中學;Yuqing Middle School;;;
郁文大學;郁文大學;Yuwen University;;;
上海張方速記學校;張方速記學校;Zhang Fang Stenography School;;;
昭武農業學校;昭武農業學校;Zhaowu Agricultural School;;;
浙江自治專學院;浙江自治專學院;Zhejiang Autonomous College;;;
浙江甲種工業學校;浙江甲種工業學校;Zhejiang Class A Industrial School;;;
浙江高等學校;浙江高等學校;Zhejiang College;;;
浙江廣濟醫專;浙江廣濟醫專;Zhejiang Guangji Medical College;;;
浙江醫藥專科學校;浙江醫藥專科學校;Zhejiang Medical College;;;
浙江武備學堂;浙江武備學堂;Zhejiang Military Academy;;;
浙北職業學校;浙北職業學校;Zhejiang North Vocational School;;;
浙江警校;浙江高等警官學校;Zhejiang Police Academy;;;
浙江省立高級蠶桑科;浙江省立高級蠶桑科;Zhejiang Provincial Advanced Sericulture;;;
浙江省立商業學校;浙江省立商業學校;Zhejiang Provincial Business School;;;
浙江師范學校;浙江省立師范學校;Zhejiang Provincial Normal School;;;
浙江第八師範;浙江省立第八師範;Zhejiang Provincial Eighth Normal School;;;
浙江省立第五師範學校;浙江省立第五師範學校;Zhejiang Provincial Fifth Normal School;;;
浙江省立第一師範學校;浙江省立第一師範學校;Zhejiang Provincial First Normal School;;;
浙江第三師范;浙江省立第三師范;Zhejiang Provincial Third Normal School;;;
浙江省立水產學校;浙江省立水產學校;Zhejiang Provincial Fisheries School;;;
浙江省立女子師範學校;浙江省立女子師範學校;Zhejiang Provincial Girls' Normal School;;;
浙江省立第一師范;浙江省立第一師范學校;Zhejiang Provincial First Normal School;;;
浙江省立地方自治學校;浙江省立地方自治學校;Zhejiang Provincial Local Autonomous School;;;
浙江省立醫藥專科學校;浙江省立醫藥專科學校;Zhejiang Provincial Medical College;;;
浙江省立助產學校;浙江省立助產學校;Zhejiang Provincial Midwifery School;;;
浙江省立第九師範學校;浙江省立第九師範學校;Zhejiang Provincial Ninth Normal School;;;
浙江法政學校;浙江省立法政專門學校;Zhejiang Provincial Law and Politics Vocational School;;;
浙江法政專門學校;浙江省立法政專門學校;Zhejiang Provincial Law and Politics Vocational School;;;
浙江省政法專門學校;浙江省立法政專門學校;Zhejiang Provincial Law and Politics Vocational School;;;
浙江省立治蟲人員養成所;浙江省立治蟲人員養成所;Zhejiang Provincial Pest Control Personnel Training Institute;;;
浙江省立警官學校;浙江省立警官學校;Zhejiang Provincial Police Academy;;;
浙江省立第十師範學校;浙江省立第十師範學校;Zhejiang Provincial Tenth Normal School;;;
浙江第五師范;浙江省立第五師范;Zhejiang Provincial Fifth Normal School;;;
浙江省立女子產科職校;浙江省立女子產科職校;Zhejiang Provincial Women's Obstetrics Vocational School;;;
浙江省立女子蠶桑講習所;浙江省立女子蠶桑講習所;Zhejiang Provincial Women's Sericulture Workshop;;;
浙江公立農業專門學校;浙江公立農業專門學校;Zhejiang Public Agricultural College;;;
浙江公立工業專門學校;浙江公立工業專門學校;Zhejiang Public Industrial College;;;
浙江大學研究院;浙江大學;Chekiang University;;;
浙江大學高級職業學校;浙江大學;Chekiang University;;;
浙江公立醫學專門學校;浙江公立醫學專門學校;Zhejiang Public Medical College;;;
浙江公立法政專門學校;浙江公立法政專門學校;Zhejiang Public School of Law and Politics;;;
浙江紹興縣立女子師範學校;浙江紹興縣立女子師範學校;Zhejiang Shaoxing County Girls' Normal School;;;
浙江體育專門學校;浙江體育專門學校;Zhejiang Sports College;;;
浙江兩級師範學校;浙江兩級師範學校;Zhejiang Two-level Normal School;;;
之江文理學院;之江大學;Hangzhou University;;;
浙江之江大學;之江大學;Hangzhou University;;;
浙江永康縣立中學舊制;浙江永康縣立中學;Zhejiang Yongkang County Middle School;;;
浙江省立商科;浙江省立商業專科學校;Zhejiang Provincial Commercial Vocational School;;;
上海震旦學院;震旦學院;Zhendan College;;;
上海震旦大學;震旦大學;Aurora University;;;
武昌中華大學商學院;武昌中華大學;Wuchang Zhonghua University;;;
武昌中華大學文學院;武昌中華大學;Wuchang Zhonghua University;;;
上海正風文學院;正風文學院;Zhengfeng College of Literature;;;
鎮江師範學校;鎮江師範學校;Zhenjiang Normal School;;;
鎮江女子職業學校;鎮江女子職業學校;Zhenjiang Women's Vocational School;;;
直隸第一女子師範學校;直隸第一女子師範學校;Zhili First Women's Normal School;;;
直隸高等工業學堂;直隸高等工業學堂;Zhili Higher Industrial School;;;
直隸高等學堂;直隸高等學堂;Zhili Higher School;;;
直隸省立第一師範學校;直隸省立第一師範學校;Zhili Provincial First Normal School;;;
直隸省立第二師範學校;直隸省立第二師範學校;Zhili Provincial Second Normal School;;;
直隸公立農業專門學校;直隸公立農業專門學校;Zhili Public Agricultural College;;;
直隸公立工業專門學校;直隸公立工業專門學校;Zhili Public Industrial College;;;
直隸公立醫學專門學校;直隸公立醫學專門學校;Zhili Public Medical College;;;
直隸公立法政專門學校;直隸公立法政專門學校;Zhili Public School of Law and Politics;;;
持誌學院;持誌學院;Zhizhi College;;;
中華大學附高中;中華大學高中;Zhonghua High School;;;
中華職業學校;中華職業學校;Zhonghua Vocational School;;;
中華職業校;中華職業學校;Zhonghua Vocational School;;;
仲愷農業工程學院;仲愷農業工程學院;Zhongkai University of Agriculture Engineering;;;
中山縣立舊制中學;中山縣立中學;Zhongshan County Middle School;;;
中山縣縣立中學;中山縣立中學;Zhongshan County Middle School;;;
中山大學;中山大學;Chung-shan University;;;
中州大學;中州大學;Zhongzhou University;;;
莊河縣立師範學校;莊河縣立師範學校;Zhuanghe County Normal School;;;
資甯軍官學校;資寧軍官學校;Zining Military Officer School;;;
資中中學;資中縣立中;Zizhong County Middle School;;;
北京師範大學教育研究院;北京師範大學;Beijing Normal University;;;
青島大學醫學院;青島大學醫學院;Qingdao University, Qingdao Medical College;;;
遼陽商業學校;遼陽商業學校;Liaoyang Commercial School;;;
上海中學;上海中學;Shanghai Middle School;;;Claude Sonnet 5 (compositional)
上海中法專門學校;上海中法專門學校;Shanghai Franco-Chinese Vocational College;;;Claude Sonnet 5 (compositional)
上海商業學校;上海商業學校;Shanghai Commercial School;;;Claude Sonnet 5 (compositional)
上海商科大學;上海商科大學;Shanghai Business University;;;Claude Sonnet 5 (compositional)
上海女子中學;上海女子中學;Shanghai Girls' Middle School;;;Claude Sonnet 5 (compositional)
上海政法大學;上海政法大學;Shanghai Politics and Law University;;;Claude Sonnet 5 (compositional)
上海政法學院;上海政法學院;Shanghai Politics and Law College;;;Claude Sonnet 5 (compositional)
上海法政學校;上海法政學校;Shanghai Law and Politics School;;;Claude Sonnet 5 (compositional)
上海法政專門學校;上海法政專門學校;Shanghai Law and Politics Vocational College;;;Claude Sonnet 5 (compositional)
上海法文書館;上海法文書館;Shanghai French Institute;;;Claude Sonnet 5 (compositional)
上海法科大學;上海法科大學;Shanghai Law University;;;Claude Sonnet 5 (compositional)
上海無線電專校;上海無線電專校;Shanghai Wireless Radio Vocational College;;;Claude Sonnet 5 (compositional)
上海獸醫專科學校;上海獸醫專科學校;Shanghai Veterinary Vocational School;;;Claude Sonnet 5 (compositional)
上海監務專校;上海監務專校;Shanghai Prison Administration Vocational College;;;Claude Sonnet 5 (compositional)
上海美術專門學校;上海美術專門學校;Shanghai Fine Arts Vocational College;;;Claude Sonnet 5 (compositional)
上海電報傳習所;上海電報傳習所;Shanghai Telegraph Training Institute;;;Claude Sonnet 5 (compositional)
上海電報學堂;上海電報學堂;Shanghai Telegraph School;;;Claude Sonnet 5 (compositional)
上海電報專門學校;上海電報專門學校;Shanghai Telegraph Vocational College;;;Claude Sonnet 5 (compositional)
上海電報高等學堂;上海電報高等學堂;Shanghai Telegraph Higher School;;;Claude Sonnet 5 (compositional)
上海體育專門學校;上海體育專門學校;Shanghai Physical Education Vocational College;;;Claude Sonnet 5 (compositional)
中法中學;中法中學;Franco-Chinese Middle School;;;Claude Sonnet 5 (compositional)
丹陽中學;丹陽中學;Danyang Middle School;;;Claude Sonnet 5 (compositional)
丹陽縣立甲種師范學校;丹陽縣立甲種師范學校;Danyang County Grade A Normal School;;;Claude Sonnet 5 (compositional)
丹陽縣立高小;丹陽縣立高小;Danyang County Higher Primary School;;;Claude Sonnet 5 (compositional)
交通行政講習所;交通行政講習所;Transportation Administration Training Institute;;;Claude Sonnet 5 (compositional)
京師公立第一中學;京師公立第一中學;Capital Public First Middle School;;;Claude Sonnet 5 (compositional)
京師公立第三中學;京師公立第三中學;Capital Public Third Middle School;;;Claude Sonnet 5 (compositional)
京師公立第十八高小;京師公立第十八高小;Capital Public Eighteenth Higher Primary School;;;Claude Sonnet 5 (compositional)
京師公立第四師范;京師公立第四師范;Capital Public Fourth Normal School;;;Claude Sonnet 5 (compositional)
京師法政學堂;京師法政學堂;Capital Law and Politics School;;;Claude Sonnet 5 (compositional)
公立法專;公立法專;Public Law Vocational College;;;Claude Sonnet 5 (compositional)
公立法政專門學校;公立法政專門學校;Public Law and Politics Vocational College;;;Claude Sonnet 5 (compositional)
北京交通行政講習所;北京交通行政講習所;Beijing Transportation Administration Training Institute;;;Claude Sonnet 5 (compositional)
北京公立法政專校;北京公立法政專校;Beijing Public Law and Politics Vocational College;;;Claude Sonnet 5 (compositional)
北京司法講習所;北京司法講習所;Beijing Judicial Training Institute;;;Claude Sonnet 5 (compositional)
北京商業學校;北京商業學校;Beijing Commercial School;;;Claude Sonnet 5 (compositional)
北京商業專校;北京商業專校;Beijing Commercial Vocational College;;;Claude Sonnet 5 (compositional)
北京商業專門學校;北京商業專門學校;Beijing Commercial Vocational College;;;Claude Sonnet 5 (compositional)
北京國民大學;北京國民大學;Beijing National University;;;Claude Sonnet 5 (compositional)
北京女子大學;北京女子大學;Beijing Girls' University;;;Claude Sonnet 5 (compositional)
北京女子文理學院;北京女子文理學院;Beijing Girls' Arts and Sciences College;;;Claude Sonnet 5 (compositional)
北京工業大學;北京工業大學;Beijing Industrial University;;;Claude Sonnet 5 (compositional)
北京工業專門學校;北京工業專門學校;Beijing Industrial Vocational College;;;Claude Sonnet 5 (compositional)
北京市立會計學校;北京市立會計學校;Beijing Municipal Accounting School;;;Claude Sonnet 5 (compositional)
北京市立第五中學;北京市立第五中學;Beijing Municipal Fifth Middle School;;;Claude Sonnet 5 (compositional)
北京市立高級工業職業學校;北京市立高級工業職業學校;Beijing Municipal Senior Industrial Vocational School;;;Claude Sonnet 5 (compositional)
北京市立高級職校;北京市立高級職校;Beijing Municipal Senior Vocational School;;;Claude Sonnet 5 (compositional)
北京師范學堂;北京師范學堂;Beijing Normal School;;;Claude Sonnet 5 (compositional)
北京政法大學;北京政法大學;Beijing Politics and Law University;;;Claude Sonnet 5 (compositional)
北京政法專門學校;北京政法專門學校;Beijing Politics and Law Vocational College;;;Claude Sonnet 5 (compositional)
北京法律學堂;北京法律學堂;Beijing Law School;;;Claude Sonnet 5 (compositional)
北京法政大學;北京法政大學;Beijing Law and Politics University;;;Claude Sonnet 5 (compositional)
北京法政學校;北京法政學校;Beijing Law and Politics School;;;Claude Sonnet 5 (compositional)
北京法政專校;北京法政專校;Beijing Law and Politics Vocational College;;;Claude Sonnet 5 (compositional)
北京法政講習所;北京法政講習所;Beijing Law and Politics Training Institute;;;Claude Sonnet 5 (compositional)
北京法文大學;北京法文大學;Beijing French University;;;Claude Sonnet 5 (compositional)
北京私立中法大學;北京私立中法大學;Beijing Private Franco-Chinese University;;;Claude Sonnet 5 (compositional)
北京稅務專門學校;北京稅務專門學校;Beijing Customs Vocational College;;;Claude Sonnet 5 (compositional)
北京第一中學;北京第一中學;Beijing First Middle School;;;Claude Sonnet 5 (compositional)
北京美術學校;北京美術學校;Beijing Fine Arts School;;;Claude Sonnet 5 (compositional)
北京美術學院;北京美術學院;Beijing Fine Arts College;;;Claude Sonnet 5 (compositional)
北京美術專校;北京美術專校;Beijing Fine Arts Vocational College;;;Claude Sonnet 5 (compositional)
北京藝術專門學校;北京藝術專門學校;Beijing Art Vocational College;;;Claude Sonnet 5 (compositional)
北京農業專門學校;北京農業專門學校;Beijing Agricultural Vocational College;;;Claude Sonnet 5 (compositional)
北京郵電專門學校;北京郵電專門學校;Beijing Postal and Telegraph Vocational College;;;Claude Sonnet 5 (compositional)
北京醫學專校;北京醫學專校;Beijing Medical Vocational College;;;Claude Sonnet 5 (compositional)
北京醫學專門學校;北京醫學專門學校;Beijing Medical Vocational College;;;Claude Sonnet 5 (compositional)
北京鐵路大學;北京鐵路大學;Beijing Railway University;;;Claude Sonnet 5 (compositional)
北京鐵路學院;北京鐵路學院;Beijing Railway College;;;Claude Sonnet 5 (compositional)
北京體專;北京體專;Beijing Physical Education College;;;Claude Sonnet 5 (compositional)
北京高等師范學校;北京高等師范學校;Beijing Higher Normal School;;;Claude Sonnet 5 (compositional)
北京高等警務學堂;北京高等警務學堂;Beijing Higher Police Affairs School;;;Claude Sonnet 5 (compositional)
北京高級商業學校;北京高級商業學校;Beijing Senior Commercial School;;;Claude Sonnet 5 (compositional)
北京高級師范學校;北京高級師范學校;Beijing Senior Normal School;;;Claude Sonnet 5 (compositional)
北京鹽務專門學校;北京鹽務專門學校;Beijing Salt Administration Vocational College;;;Claude Sonnet 5 (compositional)
南京中學;南京中學;Nanjing Middle School;;;Claude Sonnet 5 (compositional)
南京中學校;南京中學校;Nanjing Middle School;;;Claude Sonnet 5 (compositional)
南京公立工業專門學校;南京公立工業專門學校;Nanjing Public Industrial Vocational College;;;Claude Sonnet 5 (compositional)
南京巡警學堂;南京巡警學堂;Nanjing Police School;;;Claude Sonnet 5 (compositional)
南京工業專門學校;南京工業專門學校;Nanjing Industrial Vocational College;;;Claude Sonnet 5 (compositional)
南京市立小學;南京市立小學;Nanjing Municipal Primary School;;;Claude Sonnet 5 (compositional)
南京市立職業學校;南京市立職業學校;Nanjing Municipal Vocational School;;;Claude Sonnet 5 (compositional)
南京法政學堂;南京法政學堂;Nanjing Law and Politics School;;;Claude Sonnet 5 (compositional)
南京法政學校;南京法政學校;Nanjing Law and Politics School;;;Claude Sonnet 5 (compositional)
南京法政講習所;南京法政講習所;Nanjing Law and Politics Training Institute;;;Claude Sonnet 5 (compositional)
南京私立會計專門學校;南京私立會計專門學校;Nanjing Private Accounting Vocational College;;;Claude Sonnet 5 (compositional)
南京第一女子中學;南京第一女子中學;Nanjing First Girls' Middle School;;;Claude Sonnet 5 (compositional)
南京美專;南京美專;Nanjing Fine Arts College;;;Claude Sonnet 5 (compositional)
南京警官學校;南京警官學校;Nanjing Police School;;;Claude Sonnet 5 (compositional)
南京軍需學校;南京軍需學校;Nanjing Military Supply School;;;Claude Sonnet 5 (compositional)
南京陸軍小學;南京陸軍小學;Nanjing Military Primary School;;;Claude Sonnet 5 (compositional)
南京體育師范學校;南京體育師范學校;Nanjing Physical Education Normal School;;;Claude Sonnet 5 (compositional)
南昌法政專校;南昌法政專校;Nanchang Law and Politics Vocational College;;;Claude Sonnet 5 (compositional)
南昌高等師范學校;南昌高等師范學校;Nanchang Higher Normal School;;;Claude Sonnet 5 (compositional)
南通中學;南通中學;Nantung Middle School;;;Claude Sonnet 5 (compositional)
南通女子師范;南通女子師范;Nantung Girls' Normal School;;;Claude Sonnet 5 (compositional)
南通師范;南通師范;Nantung Normal School;;;Claude Sonnet 5 (compositional)
南通警務學校;南通警務學校;Nantung Police Affairs School;;;Claude Sonnet 5 (compositional)
南通農業專門學校;南通農業專門學校;Nantung Agricultural Vocational College;;;Claude Sonnet 5 (compositional)
台山縣立中學;台山縣立中學;Taishan County Middle School;;;Claude Sonnet 5 (compositional)
吉林法政學堂;吉林法政學堂;Jilin Law and Politics School;;;Claude Sonnet 5 (compositional)
吉林陸軍小學;吉林陸軍小學;Jilin Military Primary School;;;Claude Sonnet 5 (compositional)
吳淞商船專科學校;吳淞商船專科學校;Wusung Merchant Marine Vocational School;;;Claude Sonnet 5 (compositional)
吳淞海軍學校;吳淞海軍學校;Wusung Naval School;;;Claude Sonnet 5 (compositional)
嘉興女中;嘉興女中;Kashing Girls' Middle School;;;Claude Sonnet 5 (compositional)
四川外國語學院;四川外國語學院;Sichuan Foreign Languages College;;;Claude Sonnet 5 (compositional)
四川文理學院;四川文理學院;Sichuan Arts and Sciences College;;;Claude Sonnet 5 (compositional)
四川法政學堂;四川法政學堂;Sichuan Law and Politics School;;;Claude Sonnet 5 (compositional)
四川省立中學;四川省立中學;Sichuan Provincial Middle School;;;Claude Sonnet 5 (compositional)
四川省立第一師范;四川省立第一師范;Sichuan Provincial First Normal School;;;Claude Sonnet 5 (compositional)
四川省立第三師范學校;四川省立第三師范學校;Sichuan Provincial Third Normal School;;;Claude Sonnet 5 (compositional)
四川省立第六中學;四川省立第六中學;Sichuan Provincial Sixth Middle School;;;Claude Sonnet 5 (compositional)
四川私立法政專門學校;四川私立法政專門學校;Sichuan Private Law and Politics Vocational College;;;Claude Sonnet 5 (compositional)
四川財政專門學校;四川財政專門學校;Sichuan Finance Vocational College;;;Claude Sonnet 5 (compositional)
四川高等學校;四川高等學校;Sichuan Higher School;;;Claude Sonnet 5 (compositional)
四川高等巡警學堂;四川高等巡警學堂;Sichuan Higher Police School;;;Claude Sonnet 5 (compositional)
四川高等工業學校;四川高等工業學校;Sichuan Higher Industrial School;;;Claude Sonnet 5 (compositional)
國民大學;國民大學;National University;;;Claude Sonnet 5 (compositional)
國民學院;國民學院;National College;;;Claude Sonnet 5 (compositional)
國立大學;國立大學;National University;;;Claude Sonnet 5 (compositional)
國立工業專門學校;國立工業專門學校;National Industrial Vocational College;;;Claude Sonnet 5 (compositional)
國立師范大學;國立師范大學;National Normal University;;;Claude Sonnet 5 (compositional)
大學;大學;University;;;Claude Sonnet 5 (compositional)
天津工商大學;天津工商大學;Tianjin Industrial and Commercial University;;;Claude Sonnet 5 (compositional)
天津水產專門學校;天津水產專門學校;Tianjin Fisheries Vocational College;;;Claude Sonnet 5 (compositional)
天津電報學堂;天津電報學堂;Tianjin Telegraph School;;;Claude Sonnet 5 (compositional)
奉天初級師范;奉天初級師范;Fengtian Junior Normal School;;;Claude Sonnet 5 (compositional)
安徽中學;安徽中學;Anhui Middle School;;;Claude Sonnet 5 (compositional)
安徽優級師范;安徽優級師范;Anhui Advanced Normal School;;;Claude Sonnet 5 (compositional)
安徽大學堂;安徽大學堂;Anhui University;;;Claude Sonnet 5 (compositional)
安徽官立法政學堂;安徽官立法政學堂;Anhui Official Law and Politics School;;;Claude Sonnet 5 (compositional)
安徽法政學堂;安徽法政學堂;Anhui Law and Politics School;;;Claude Sonnet 5 (compositional)
安徽省立工業學校;安徽省立工業學校;Anhui Provincial Industrial School;;;Claude Sonnet 5 (compositional)
安徽省立師范;安徽省立師范;Anhui Provincial Normal School;;;Claude Sonnet 5 (compositional)
安徽省立法政專科學校;安徽省立法政專科學校;Anhui Provincial Law and Politics Vocational School;;;Claude Sonnet 5 (compositional)
安徽省立法政專門學校;安徽省立法政專門學校;Anhui Provincial Law and Politics Vocational College;;;Claude Sonnet 5 (compositional)
安徽省立第一中學;安徽省立第一中學;Anhui Provincial First Middle School;;;Claude Sonnet 5 (compositional)
安徽省立第一高級師范;安徽省立第一高級師范;Anhui Provincial First Senior Normal School;;;Claude Sonnet 5 (compositional)
安徽省立第二中學;安徽省立第二中學;Anhui Provincial Second Middle School;;;Claude Sonnet 5 (compositional)
安徽省立第五中學;安徽省立第五中學;Anhui Provincial Fifth Middle School;;;Claude Sonnet 5 (compositional)
安徽省立第五師范;安徽省立第五師范;Anhui Provincial Fifth Normal School;;;Claude Sonnet 5 (compositional)
安徽省立第六中學;安徽省立第六中學;Anhui Provincial Sixth Middle School;;;Claude Sonnet 5 (compositional)
安徽省立第六師范;安徽省立第六師范;Anhui Provincial Sixth Normal School;;;Claude Sonnet 5 (compositional)
安徽省立第六師范學校;安徽省立第六師范學校;Anhui Provincial Sixth Normal School;;;Claude Sonnet 5 (compositional)
安徽省立農業職業學校;安徽省立農業職業學校;Anhui Provincial Agricultural Vocational School;;;Claude Sonnet 5 (compositional)
安徽省立高中師范;安徽省立高中師范;Anhui Provincial Senior Middle School Normal School;;;Claude Sonnet 5 (compositional)
安徽省立高級中學;安徽省立高級中學;Anhui Provincial Senior Middle School;;;Claude Sonnet 5 (compositional)
安徽第九師范;安徽第九師范;Anhui Ninth Normal School;;;Claude Sonnet 5 (compositional)
安徽第五師范;安徽第五師范;Anhui Fifth Normal School;;;Claude Sonnet 5 (compositional)
安徽警察學校;安徽警察學校;Anhui Police School;;;Claude Sonnet 5 (compositional)
安徽高等學校;安徽高等學校;Anhui Higher School;;;Claude Sonnet 5 (compositional)
宜興女師;宜興女師;Yixing Girls' Normal School;;;Claude Sonnet 5 (compositional)
寧波商業學校;寧波商業學校;Ningpo Commercial School;;;Claude Sonnet 5 (compositional)
寧波師范;寧波師范;Ningpo Normal School;;;Claude Sonnet 5 (compositional)
寧波法政學校;寧波法政學校;Ningpo Law and Politics School;;;Claude Sonnet 5 (compositional)
寧波警察學堂;寧波警察學堂;Ningpo Police School;;;Claude Sonnet 5 (compositional)
山東中學;山東中學;Shandong Middle School;;;Claude Sonnet 5 (compositional)
山東商業大學;山東商業大學;Shandong Commercial University;;;Claude Sonnet 5 (compositional)
山東師范學校;山東師范學校;Shandong Normal School;;;Claude Sonnet 5 (compositional)
山東法政專門學校;山東法政專門學校;Shandong Law and Politics Vocational College;;;Claude Sonnet 5 (compositional)
山東省立法政專門學校;山東省立法政專門學校;Shandong Provincial Law and Politics Vocational College;;;Claude Sonnet 5 (compositional)
山東省立礦業專門學校;山東省立礦業專門學校;Shandong Provincial Mining Vocational College;;;Claude Sonnet 5 (compositional)
山東省立第一中學;山東省立第一中學;Shandong Provincial First Middle School;;;Claude Sonnet 5 (compositional)
山東省立第三中學;山東省立第三中學;Shandong Provincial Third Middle School;;;Claude Sonnet 5 (compositional)
山東省立第二中學;山東省立第二中學;Shandong Provincial Second Middle School;;;Claude Sonnet 5 (compositional)
山東省立第五中學;山東省立第五中學;Shandong Provincial Fifth Middle School;;;Claude Sonnet 5 (compositional)
山東省立第十中學;山東省立第十中學;Shandong Provincial Tenth Middle School;;;Claude Sonnet 5 (compositional)
山東省立第四中學;山東省立第四中學;Shandong Provincial Fourth Middle School;;;Claude Sonnet 5 (compositional)
山東省立第四師范;山東省立第四師范;Shandong Provincial Fourth Normal School;;;Claude Sonnet 5 (compositional)
山東陸軍學校;山東陸軍學校;Shandong Military School;;;Claude Sonnet 5 (compositional)
山東高等專門學校;山東高等專門學校;Shandong Higher Vocational College;;;Claude Sonnet 5 (compositional)
山西優級師范;山西優級師范;Shanxi Advanced Normal School;;;Claude Sonnet 5 (compositional)
山西省立商業專門學校;山西省立商業專門學校;Shanxi Provincial Commercial Vocational College;;;Claude Sonnet 5 (compositional)
山西省立國民師范;山西省立國民師范;Shanxi Provincial National Normal School;;;Claude Sonnet 5 (compositional)
山西省立師范學校;山西省立師范學校;Shanxi Provincial Normal School;;;Claude Sonnet 5 (compositional)
山西省立無線電學校;山西省立無線電學校;Shanxi Provincial Wireless Radio School;;;Claude Sonnet 5 (compositional)
山西省立第三中學;山西省立第三中學;Shanxi Provincial Third Middle School;;;Claude Sonnet 5 (compositional)
山西省立農業專科學校;山西省立農業專科學校;Shanxi Provincial Agricultural Vocational School;;;Claude Sonnet 5 (compositional)
山西陸軍小學;山西陸軍小學;Shanxi Military Primary School;;;Claude Sonnet 5 (compositional)
山西高等學堂;山西高等學堂;Shanxi Higher School;;;Claude Sonnet 5 (compositional)
師範學校;師範學校;Normal School;;;Claude Sonnet 5 (compositional)
師范;師范;Normal School;;;Claude Sonnet 5 (compositional)
師范大學;師范大學;Normal University;;;Claude Sonnet 5 (compositional)
師范學院;師范學院;Normal College;;;Claude Sonnet 5 (compositional)
常州中學;常州中學;Changchow Middle School;;;Claude Sonnet 5 (compositional)
常熟縣立第一高等小學;常熟縣立第一高等小學;Changshu County First Higher Primary School;;;Claude Sonnet 5 (compositional)
廣州女子師范;廣州女子師范;Guangzhou Girls' Normal School;;;Claude Sonnet 5 (compositional)
廣州工業專門學校;廣州工業專門學校;Guangzhou Industrial Vocational College;;;Claude Sonnet 5 (compositional)
廣州市立師范學校;廣州市立師范學校;Guangzhou Municipal Normal School;;;Claude Sonnet 5 (compositional)
廣州法政專門學校;廣州法政專門學校;Guangzhou Law and Politics Vocational College;;;Claude Sonnet 5 (compositional)
廣州統計專校;廣州統計專校;Guangzhou Statistics Vocational College;;;Claude Sonnet 5 (compositional)
廣東商業專門學校;廣東商業專門學校;Guangdong Commercial Vocational College;;;Claude Sonnet 5 (compositional)
廣東國民學校;廣東國民學校;Guangdong National School;;;Claude Sonnet 5 (compositional)
廣東國立大學;廣東國立大學;Guangdong National University;;;Claude Sonnet 5 (compositional)
廣東女子師范;廣東女子師范;Guangdong Girls' Normal School;;;Claude Sonnet 5 (compositional)
廣東師范學校;廣東師范學校;Guangdong Normal School;;;Claude Sonnet 5 (compositional)
廣東書院;廣東書院;Guangdong College;;;Claude Sonnet 5 (compositional)
廣東法政學堂;廣東法政學堂;Guangdong Law and Politics School;;;Claude Sonnet 5 (compositional)
廣東法政學校;廣東法政學校;Guangdong Law and Politics School;;;Claude Sonnet 5 (compositional)
廣東法政專門學校;廣東法政專門學校;Guangdong Law and Politics Vocational College;;;Claude Sonnet 5 (compositional)
廣東法科學院;廣東法科學院;Guangdong Law College;;;Claude Sonnet 5 (compositional)
廣東省立工業專門學校;廣東省立工業專門學校;Guangdong Provincial Industrial Vocational College;;;Claude Sonnet 5 (compositional)
廣東省立文理學院;廣東省立文理學院;Guangdong Provincial Arts and Sciences College;;;Claude Sonnet 5 (compositional)
廣東省立第二中學;廣東省立第二中學;Guangdong Provincial Second Middle School;;;Claude Sonnet 5 (compositional)
廣東省立第五中學;廣東省立第五中學;Guangdong Provincial Fifth Middle School;;;Claude Sonnet 5 (compositional)
廣東省立第四中學;廣東省立第四中學;Guangdong Provincial Fourth Middle School;;;Claude Sonnet 5 (compositional)
廣東統計學校;廣東統計學校;Guangdong Statistics School;;;Claude Sonnet 5 (compositional)
廣東警官學校;廣東警官學校;Guangdong Police School;;;Claude Sonnet 5 (compositional)
廣東陸軍學校;廣東陸軍學校;Guangdong Military School;;;Claude Sonnet 5 (compositional)
廣東高等學校;廣東高等學校;Guangdong Higher School;;;Claude Sonnet 5 (compositional)
廣東高等師范學校;廣東高等師范學校;Guangdong Higher Normal School;;;Claude Sonnet 5 (compositional)
廣西法政學堂;廣西法政學堂;Guangxi Law and Politics School;;;Claude Sonnet 5 (compositional)
廣西法政專門學校;廣西法政專門學校;Guangxi Law and Politics Vocational College;;;Claude Sonnet 5 (compositional)
廣西省立師范學校;廣西省立師范學校;Guangxi Provincial Normal School;;;Claude Sonnet 5 (compositional)
廣西第一師范;廣西第一師范;Guangxi First Normal School;;;Claude Sonnet 5 (compositional)
成都師范大學;成都師范大學;Chengdu Normal University;;;Claude Sonnet 5 (compositional)
揚州中學;揚州中學;Yangchow Middle School;;;Claude Sonnet 5 (compositional)
揚州第八中學;揚州第八中學;Yangchow Eighth Middle School;;;Claude Sonnet 5 (compositional)
新疆學院;新疆學院;Xinjiang College;;;Claude Sonnet 5 (compositional)
新疆高等學堂;新疆高等學堂;Xinjiang Higher School;;;Claude Sonnet 5 (compositional)
杭州公立法政學院;杭州公立法政學院;Hangzhou Public Law and Politics College;;;Claude Sonnet 5 (compositional)
杭州師范學校;杭州師范學校;Hangzhou Normal School;;;Claude Sonnet 5 (compositional)
杭州師范專修科;杭州師范專修科;Hangzhou Normal Special Program;;;Claude Sonnet 5 (compositional)
杭州省立女師;杭州省立女師;Hangzhou Provincial Girls' Normal School;;;Claude Sonnet 5 (compositional)
桂林國民學校;桂林國民學校;Kweilin National School;;;Claude Sonnet 5 (compositional)
武昌中學;武昌中學;Wuchang Middle School;;;Claude Sonnet 5 (compositional)
武昌商業專門學校;武昌商業專門學校;Wuchang Commercial Vocational College;;;Claude Sonnet 5 (compositional)
武昌商業職業學校;武昌商業職業學校;Wuchang Commercial Vocational School;;;Claude Sonnet 5 (compositional)
武昌師范大學;武昌師范大學;Wuchang Normal University;;;Claude Sonnet 5 (compositional)
武昌法政專校;武昌法政專校;Wuchang Law and Politics Vocational College;;;Claude Sonnet 5 (compositional)
武昌省立中學;武昌省立中學;Wuchang Provincial Middle School;;;Claude Sonnet 5 (compositional)
武昌省立師范;武昌省立師范;Wuchang Provincial Normal School;;;Claude Sonnet 5 (compositional)
武昌藝術專門學校;武昌藝術專門學校;Wuchang Art Vocational College;;;Claude Sonnet 5 (compositional)
武昌高等學校;武昌高等學校;Wuchang Higher School;;;Claude Sonnet 5 (compositional)
武昌高等工業學堂;武昌高等工業學堂;Wuchang Higher Industrial School;;;Claude Sonnet 5 (compositional)
武昌高等師范學校;武昌高等師范學校;Wuchang Higher Normal School;;;Claude Sonnet 5 (compositional)
武漢會計專校;武漢會計專校;Wuhan Accounting Vocational College;;;Claude Sonnet 5 (compositional)
武漢警官學校;武漢警官學校;Wuhan Police School;;;Claude Sonnet 5 (compositional)
江寧縣立中學;江寧縣立中學;Kiangning County Middle School;;;Claude Sonnet 5 (compositional)
江寧縣立師范學校;江寧縣立師范學校;Kiangning County Normal School;;;Claude Sonnet 5 (compositional)
江寧縣立師范講習所;江寧縣立師范講習所;Kiangning County Normal Training Institute;;;Claude Sonnet 5 (compositional)
江寧縣立第二高等小學;江寧縣立第二高等小學;Kiangning County Second Higher Primary School;;;Claude Sonnet 5 (compositional)
江蘇中學;江蘇中學;Jiangsu Middle School;;;Claude Sonnet 5 (compositional)
江蘇公立工業專門學校;江蘇公立工業專門學校;Jiangsu Public Industrial Vocational College;;;Claude Sonnet 5 (compositional)
江蘇公立法政專門學校;江蘇公立法政專門學校;Jiangsu Public Law and Politics Vocational College;;;Claude Sonnet 5 (compositional)
江蘇商業中學;江蘇商業中學;Jiangsu Commercial Middle School;;;Claude Sonnet 5 (compositional)
江蘇師范學堂;江蘇師范學堂;Jiangsu Normal School;;;Claude Sonnet 5 (compositional)
江蘇師范學校;江蘇師范學校;Jiangsu Normal School;;;Claude Sonnet 5 (compositional)
江蘇法政專門學校;江蘇法政專門學校;Jiangsu Law and Politics Vocational College;;;Claude Sonnet 5 (compositional)
江蘇省立中學;江蘇省立中學;Jiangsu Provincial Middle School;;;Claude Sonnet 5 (compositional)
江蘇省立大學;江蘇省立大學;Jiangsu Provincial University;;;Claude Sonnet 5 (compositional)
江蘇省立學院;江蘇省立學院;Jiangsu Provincial College;;;Claude Sonnet 5 (compositional)
江蘇省立師范學校;江蘇省立師范學校;Jiangsu Provincial Normal School;;;Claude Sonnet 5 (compositional)
江蘇省立法政學校;江蘇省立法政學校;Jiangsu Provincial Law and Politics School;;;Claude Sonnet 5 (compositional)
江蘇省立第一中學;江蘇省立第一中學;Jiangsu Provincial First Middle School;;;Claude Sonnet 5 (compositional)
江蘇省立第一師范學校;江蘇省立第一師范學校;Jiangsu Provincial First Normal School;;;Claude Sonnet 5 (compositional)
江蘇省立第一法政專門學校;江蘇省立第一法政專門學校;Jiangsu Provincial First Law and Politics Vocational College;;;Claude Sonnet 5 (compositional)
江蘇省立第七中學;江蘇省立第七中學;Jiangsu Provincial Seventh Middle School;;;Claude Sonnet 5 (compositional)
江蘇省立第七師范;江蘇省立第七師范;Jiangsu Provincial Seventh Normal School;;;Claude Sonnet 5 (compositional)
江蘇省立第七師范學校;江蘇省立第七師范學校;Jiangsu Provincial Seventh Normal School;;;Claude Sonnet 5 (compositional)
江蘇省立第三師范;江蘇省立第三師范;Jiangsu Provincial Third Normal School;;;Claude Sonnet 5 (compositional)
江蘇省立第九中學;江蘇省立第九中學;Jiangsu Provincial Ninth Middle School;;;Claude Sonnet 5 (compositional)
江蘇省立第九師范學校;江蘇省立第九師范學校;Jiangsu Provincial Ninth Normal School;;;Claude Sonnet 5 (compositional)
江蘇省立第二中學;江蘇省立第二中學;Jiangsu Provincial Second Middle School;;;Claude Sonnet 5 (compositional)
江蘇省立第二女子師范;江蘇省立第二女子師范;Jiangsu Provincial Second Girls' Normal School;;;Claude Sonnet 5 (compositional)
江蘇省立第八中學;江蘇省立第八中學;Jiangsu Provincial Eighth Middle School;;;Claude Sonnet 5 (compositional)
江蘇省立第八師范;江蘇省立第八師范;Jiangsu Provincial Eighth Normal School;;;Claude Sonnet 5 (compositional)
江蘇省立第六師范學校;江蘇省立第六師范學校;Jiangsu Provincial Sixth Normal School;;;Claude Sonnet 5 (compositional)
江蘇省立農業專門學校;江蘇省立農業專門學校;Jiangsu Provincial Agricultural Vocational College;;;Claude Sonnet 5 (compositional)
江蘇省立高等學堂;江蘇省立高等學堂;Jiangsu Provincial Higher School;;;Claude Sonnet 5 (compositional)
江蘇省立高級助產學校;江蘇省立高級助產學校;Jiangsu Provincial Senior Midwifery School;;;Claude Sonnet 5 (compositional)
江蘇警察傳習所;江蘇警察傳習所;Jiangsu Police Training Institute;;;Claude Sonnet 5 (compositional)
江蘇陸軍小學;江蘇陸軍小學;Jiangsu Military Primary School;;;Claude Sonnet 5 (compositional)
江蘇高等學校;江蘇高等學校;Jiangsu Higher School;;;Claude Sonnet 5 (compositional)
江蘇高等警察學校;江蘇高等警察學校;Jiangsu Higher Police School;;;Claude Sonnet 5 (compositional)
江西中學;江西中學;Jiangxi Middle School;;;Claude Sonnet 5 (compositional)
江西優級師范學堂;江西優級師范學堂;Jiangxi Advanced Normal School;;;Claude Sonnet 5 (compositional)
江西公立法律專門學校;江西公立法律專門學校;Jiangxi Public Law Vocational College;;;Claude Sonnet 5 (compositional)
江西官立政法學堂;江西官立政法學堂;Jiangxi Official Politics and Law School;;;Claude Sonnet 5 (compositional)
江西師范學校;江西師范學校;Jiangxi Normal School;;;Claude Sonnet 5 (compositional)
江西法官養成所;江西法官養成所;Jiangxi Judicial Training Institute;;;Claude Sonnet 5 (compositional)
江西法政專科學校;江西法政專科學校;Jiangxi Law and Politics Vocational School;;;Claude Sonnet 5 (compositional)
江西省立第一中學;江西省立第一中學;Jiangxi Provincial First Middle School;;;Claude Sonnet 5 (compositional)
江西省立第一高等師范;江西省立第一高等師范;Jiangxi Provincial First Higher Normal School;;;Claude Sonnet 5 (compositional)
江西省立第三中學;江西省立第三中學;Jiangxi Provincial Third Middle School;;;Claude Sonnet 5 (compositional)
江西省立第二職業學校;江西省立第二職業學校;Jiangxi Provincial Second Vocational School;;;Claude Sonnet 5 (compositional)
江西省立第八中學;江西省立第八中學;Jiangxi Provincial Eighth Middle School;;;Claude Sonnet 5 (compositional)
江西省立第四中學;江西省立第四中學;Jiangxi Provincial Fourth Middle School;;;Claude Sonnet 5 (compositional)
江西省立第四師范;江西省立第四師范;Jiangxi Provincial Fourth Normal School;;;Claude Sonnet 5 (compositional)
江西省立農業專門學校;江西省立農業專門學校;Jiangxi Provincial Agricultural Vocational College;;;Claude Sonnet 5 (compositional)
江西農業專門學校;江西農業專門學校;Jiangxi Agricultural Vocational College;;;Claude Sonnet 5 (compositional)
江西高等商業學校;江西高等商業學校;Jiangxi Higher Commercial School;;;Claude Sonnet 5 (compositional)
江西高等巡警學堂;江西高等巡警學堂;Jiangxi Higher Police School;;;Claude Sonnet 5 (compositional)
河北工業專門學校;河北工業專門學校;Hebei Industrial Vocational College;;;Claude Sonnet 5 (compositional)
河北法政專門學校;河北法政專門學校;Hebei Law and Politics Vocational College;;;Claude Sonnet 5 (compositional)
河北省立工業學院;河北省立工業學院;Hebei Provincial Industrial College;;;Claude Sonnet 5 (compositional)
河北省立師范學校;河北省立師范學校;Hebei Provincial Normal School;;;Claude Sonnet 5 (compositional)
河北省立師范學院;河北省立師范學院;Hebei Provincial Normal College;;;Claude Sonnet 5 (compositional)
河北省立第一師范學校;河北省立第一師范學校;Hebei Provincial First Normal School;;;Claude Sonnet 5 (compositional)
河北省立第七師范;河北省立第七師范;Hebei Provincial Seventh Normal School;;;Claude Sonnet 5 (compositional)
河北省立第三中學;河北省立第三中學;Hebei Provincial Third Middle School;;;Claude Sonnet 5 (compositional)
河北第二師范;河北第二師范;Hebei Second Normal School;;;Claude Sonnet 5 (compositional)
河北第六女子師范;河北第六女子師范;Hebei Sixth Girls' Normal School;;;Claude Sonnet 5 (compositional)
河南省立中學;河南省立中學;Henan Provincial Middle School;;;Claude Sonnet 5 (compositional)
河南省立第一高級中學;河南省立第一高級中學;Henan Provincial First Senior Middle School;;;Claude Sonnet 5 (compositional)
河南省立第三師范;河南省立第三師范;Henan Provincial Third Normal School;;;Claude Sonnet 5 (compositional)
河南省立第二中學;河南省立第二中學;Henan Provincial Second Middle School;;;Claude Sonnet 5 (compositional)
河南省立第十一中學校;河南省立第十一中學校;Henan Provincial Eleventh Middle School;;;Claude Sonnet 5 (compositional)
河南省立第十六中學;河南省立第十六中學;Henan Provincial Sixteenth Middle School;;;Claude Sonnet 5 (compositional)
河南省立高級師范學校;河南省立高級師范學校;Henan Provincial Senior Normal School;;;Claude Sonnet 5 (compositional)
河南警官學校;河南警官學校;Henan Police School;;;Claude Sonnet 5 (compositional)
河南財政學校;河南財政學校;Henan Finance School;;;Claude Sonnet 5 (compositional)
法官訓練所;法官訓練所;Judicial Training Institute;;;Claude Sonnet 5 (compositional)
法律學校;法律學校;Law School;;;Claude Sonnet 5 (compositional)
法律專門學校;法律專門學校;Law Vocational College;;;Claude Sonnet 5 (compositional)
法政大學;法政大學;Law and Politics University;;;Claude Sonnet 5 (compositional)
法政學校;法政學校;Law and Politics School;;;Claude Sonnet 5 (compositional)
法政專校;法政專校;Law and Politics Vocational College;;;Claude Sonnet 5 (compositional)
法政專門學校;法政專門學校;Law and Politics Vocational College;;;Claude Sonnet 5 (compositional)
法科大學;法科大學;Law University;;;Claude Sonnet 5 (compositional)
浙江公立商業專門學校;浙江公立商業專門學校;Zhejiang Public Commercial Vocational College;;;Claude Sonnet 5 (compositional)
浙江商業學校;浙江商業學校;Zhejiang Commercial School;;;Claude Sonnet 5 (compositional)
浙江女師;浙江女師;Zhejiang Girls' Normal School;;;Claude Sonnet 5 (compositional)
浙江官立法政學校;浙江官立法政學校;Zhejiang Official Law and Politics School;;;Claude Sonnet 5 (compositional)
浙江法專;浙江法專;Zhejiang Law Vocational College;;;Claude Sonnet 5 (compositional)
浙江法政講習所;浙江法政講習所;Zhejiang Law and Politics Training Institute;;;Claude Sonnet 5 (compositional)
浙江甲種商校;浙江甲種商校;Zhejiang Grade A Commercial School;;;Claude Sonnet 5 (compositional)
浙江省立中學;浙江省立中學;Zhejiang Provincial Middle School;;;Claude Sonnet 5 (compositional)
浙江省立第一中學;浙江省立第一中學;Zhejiang Provincial First Middle School;;;Claude Sonnet 5 (compositional)
浙江省立第三中學;浙江省立第三中學;Zhejiang Provincial Third Middle School;;;Claude Sonnet 5 (compositional)
浙江省立第三師范學校;浙江省立第三師范學校;Zhejiang Provincial Third Normal School;;;Claude Sonnet 5 (compositional)
浙江省立第二中學;浙江省立第二中學;Zhejiang Provincial Second Middle School;;;Claude Sonnet 5 (compositional)
浙江省立第八中學;浙江省立第八中學;Zhejiang Provincial Eighth Middle School;;;Claude Sonnet 5 (compositional)
浙江省立第十一中學;浙江省立第十一中學;Zhejiang Provincial Eleventh Middle School;;;Claude Sonnet 5 (compositional)
浙江省立第十一師范;浙江省立第十一師范;Zhejiang Provincial Eleventh Normal School;;;Claude Sonnet 5 (compositional)
浙江省立第十中學;浙江省立第十中學;Zhejiang Provincial Tenth Middle School;;;Claude Sonnet 5 (compositional)
浙江省立第十師范附屬小學;浙江省立第十師范附屬小學;Zhejiang Provincial Tenth Normal Affiliated Primary School;;;Claude Sonnet 5 (compositional)
浙江省立第四中學;浙江省立第四中學;Zhejiang Provincial Fourth Middle School;;;Claude Sonnet 5 (compositional)
浙江省立第四師範;浙江省立第四師範;Zhejiang Provincial Fourth Normal School;;;Claude Sonnet 5 (compositional)
浙江省立高級中學;浙江省立高級中學;Zhejiang Provincial Senior Middle School;;;Claude Sonnet 5 (compositional)
浙江私立法政專門學校;浙江私立法政專門學校;Zhejiang Private Law and Politics Vocational College;;;Claude Sonnet 5 (compositional)
浙江職業學校;浙江職業學校;Zhejiang Vocational School;;;Claude Sonnet 5 (compositional)
浙江醫學專校;浙江醫學專校;Zhejiang Medical Vocational College;;;Claude Sonnet 5 (compositional)
浙江高等學堂;浙江高等學堂;Zhejiang Higher School;;;Claude Sonnet 5 (compositional)
浙江高等鐵路學校;浙江高等鐵路學校;Zhejiang Higher Railway School;;;Claude Sonnet 5 (compositional)
湖北商業學校;湖北商業學校;Hubei Commercial School;;;Claude Sonnet 5 (compositional)
湖北大學;湖北大學;Hubei University;;;Claude Sonnet 5 (compositional)
湖北工業專門學校;湖北工業專門學校;Hubei Industrial Vocational College;;;Claude Sonnet 5 (compositional)
湖北師范學校;湖北師范學校;Hubei Normal School;;;Claude Sonnet 5 (compositional)
湖北會計學校;湖北會計學校;Hubei Accounting School;;;Claude Sonnet 5 (compositional)
湖北省立中學;湖北省立中學;Hubei Provincial Middle School;;;Claude Sonnet 5 (compositional)
湖北省立外國語專門學校;湖北省立外國語專門學校;Hubei Provincial Foreign Languages Vocational College;;;Claude Sonnet 5 (compositional)
湖北省立女子師范學校;湖北省立女子師范學校;Hubei Provincial Girls' Normal School;;;Claude Sonnet 5 (compositional)
湖北省立法科大學;湖北省立法科大學;Hubei Provincial Law University;;;Claude Sonnet 5 (compositional)
湖北省立第一中學;湖北省立第一中學;Hubei Provincial First Middle School;;;Claude Sonnet 5 (compositional)
湖北省立第一商業職業學校;湖北省立第一商業職業學校;Hubei Provincial First Commercial Vocational School;;;Claude Sonnet 5 (compositional)
湖北省立第一師范學校;湖北省立第一師范學校;Hubei Provincial First Normal School;;;Claude Sonnet 5 (compositional)
湖北省立第一高級中學;湖北省立第一高級中學;Hubei Provincial First Senior Middle School;;;Claude Sonnet 5 (compositional)
湖北省立第七師范;湖北省立第七師范;Hubei Provincial Seventh Normal School;;;Claude Sonnet 5 (compositional)
湖北省立第三中學;湖北省立第三中學;Hubei Provincial Third Middle School;;;Claude Sonnet 5 (compositional)
湖北省立第九中學;湖北省立第九中學;Hubei Provincial Ninth Middle School;;;Claude Sonnet 5 (compositional)
湖北省立第二中學;湖北省立第二中學;Hubei Provincial Second Middle School;;;Claude Sonnet 5 (compositional)
湖北省立第二高級中學;湖北省立第二高級中學;Hubei Provincial Second Senior Middle School;;;Claude Sonnet 5 (compositional)
湖北省立第八中學;湖北省立第八中學;Hubei Provincial Eighth Middle School;;;Claude Sonnet 5 (compositional)
湖北省立農業專科學校;湖北省立農業專科學校;Hubei Provincial Agricultural Vocational School;;;Claude Sonnet 5 (compositional)
湖北省立高等師范附屬中學;湖北省立高等師范附屬中學;Hubei Provincial Higher Normal Affiliated Middle School;;;Claude Sonnet 5 (compositional)
湖北省立高級師范;湖北省立高級師范;Hubei Provincial Senior Normal School;;;Claude Sonnet 5 (compositional)
湖北軍官學校;湖北軍官學校;Hubei Military Officers School;;;Claude Sonnet 5 (compositional)
湖北陸軍第三中學;湖北陸軍第三中學;Hubei Third Military Middle School;;;Claude Sonnet 5 (compositional)
湖北高級工業學校;湖北高級工業學校;Hubei Senior Industrial School;;;Claude Sonnet 5 (compositional)
湖南優級師范;湖南優級師范;Hunan Advanced Normal School;;;Claude Sonnet 5 (compositional)
湖南公立法律專科學校;湖南公立法律專科學校;Hunan Public Law Vocational School;;;Claude Sonnet 5 (compositional)
湖南公立第一法政專門學校;湖南公立第一法政專門學校;Hunan Public First Law and Politics Vocational College;;;Claude Sonnet 5 (compositional)
湖南商業學校;湖南商業學校;Hunan Commercial School;;;Claude Sonnet 5 (compositional)
湖南工業學校;湖南工業學校;Hunan Industrial School;;;Claude Sonnet 5 (compositional)
湖南工業專門學校;湖南工業專門學校;Hunan Industrial Vocational College;;;Claude Sonnet 5 (compositional)
湖南師範;湖南師範;Hunan Normal School;;;Claude Sonnet 5 (compositional)
湖南會計傳習所;湖南會計傳習所;Hunan Accounting Training Institute;;;Claude Sonnet 5 (compositional)
湖南法官養成所;湖南法官養成所;Hunan Judicial Training Institute;;;Claude Sonnet 5 (compositional)
湖南省立中學;湖南省立中學;Hunan Provincial Middle School;;;Claude Sonnet 5 (compositional)
湖南省立第一中學;湖南省立第一中學;Hunan Provincial First Middle School;;;Claude Sonnet 5 (compositional)
湖南省立第一女子師范;湖南省立第一女子師范;Hunan Provincial First Girls' Normal School;;;Claude Sonnet 5 (compositional)
湖南省立第一師范學校;湖南省立第一師范學校;Hunan Provincial First Normal School;;;Claude Sonnet 5 (compositional)
湖南省立第一師范附屬小學;湖南省立第一師范附屬小學;Hunan Provincial First Normal Affiliated Primary School;;;Claude Sonnet 5 (compositional)
湖南省立第二師范學校;湖南省立第二師范學校;Hunan Provincial Second Normal School;;;Claude Sonnet 5 (compositional)
湖南省立統計專科學校;湖南省立統計專科學校;Hunan Provincial Statistics Vocational School;;;Claude Sonnet 5 (compositional)
湖南省立農校;湖南省立農校;Hunan Provincial Agricultural School;;;Claude Sonnet 5 (compositional)
湖南警官學校;湖南警官學校;Hunan Police School;;;Claude Sonnet 5 (compositional)
湖南高等學堂;湖南高等學堂;Hunan Higher School;;;Claude Sonnet 5 (compositional)
湖南高級師范學堂;湖南高級師范學堂;Hunan Senior Normal School;;;Claude Sonnet 5 (compositional)
漢口商業專門學校;漢口商業專門學校;Hankow Commercial Vocational College;;;Claude Sonnet 5 (compositional)
漢口商科大學;漢口商科大學;Hankow Business University;;;Claude Sonnet 5 (compositional)
漢口法文專門學校;漢口法文專門學校;Hankow French Vocational College;;;Claude Sonnet 5 (compositional)
濟南大學;濟南大學;Jinan University;;;Claude Sonnet 5 (compositional)
無線電專門學校;無線電專門學校;Wireless Radio Vocational College;;;Claude Sonnet 5 (compositional)
無錫中學;無錫中學;Wuxi Middle School;;;Claude Sonnet 5 (compositional)
無錫師范學校;無錫師范學校;Wuxi Normal School;;;Claude Sonnet 5 (compositional)
甘肅公立法政專門學校;甘肅公立法政專門學校;Gansu Public Law and Politics Vocational College;;;Claude Sonnet 5 (compositional)
甘肅省立學院;甘肅省立學院;Gansu Provincial College;;;Claude Sonnet 5 (compositional)
甘肅省立師范學校;甘肅省立師范學校;Gansu Provincial Normal School;;;Claude Sonnet 5 (compositional)
甘肅省立第九師范學校;甘肅省立第九師范學校;Gansu Provincial Ninth Normal School;;;Claude Sonnet 5 (compositional)
甘肅高等學校;甘肅高等學校;Gansu Higher School;;;Claude Sonnet 5 (compositional)
監務專門學校;監務專門學校;Prison Administration Vocational College;;;Claude Sonnet 5 (compositional)
直隸法律專門學校;直隸法律專門學校;Zhili Law Vocational College;;;Claude Sonnet 5 (compositional)
直隸法政專門學校;直隸法政專門學校;Zhili Law and Politics Vocational College;;;Claude Sonnet 5 (compositional)
直隸第一中學;直隸第一中學;Zhili First Middle School;;;Claude Sonnet 5 (compositional)
直隸第三中學;直隸第三中學;Zhili Third Middle School;;;Claude Sonnet 5 (compositional)
省立第九中學;省立第九中學;Provincial Ninth Middle School;;;Claude Sonnet 5 (compositional)
省立第九師范學校;省立第九師范學校;Provincial Ninth Normal School;;;Claude Sonnet 5 (compositional)
省立講習所;省立講習所;Provincial Training Institute;;;Claude Sonnet 5 (compositional)
福州職業學校;福州職業學校;Foochow Vocational School;;;Claude Sonnet 5 (compositional)
福州高級中學;福州高級中學;Foochow Senior Middle School;;;Claude Sonnet 5 (compositional)
福建商業學校;福建商業學校;Fujian Commercial School;;;Claude Sonnet 5 (compositional)
福建師范學堂;福建師范學堂;Fujian Normal School;;;Claude Sonnet 5 (compositional)
福建省立中學;福建省立中學;Fujian Provincial Middle School;;;Claude Sonnet 5 (compositional)
福建省立商業專門學校;福建省立商業專門學校;Fujian Provincial Commercial Vocational College;;;Claude Sonnet 5 (compositional)
福建省立第一中學校;福建省立第一中學校;Fujian Provincial First Middle School;;;Claude Sonnet 5 (compositional)
福建省立第一師范學校;福建省立第一師范學校;Fujian Provincial First Normal School;;;Claude Sonnet 5 (compositional)
福建省立第二師范學校;福建省立第二師范學校;Fujian Provincial Second Normal School;;;Claude Sonnet 5 (compositional)
福建省立第八中學;福建省立第八中學;Fujian Provincial Eighth Middle School;;;Claude Sonnet 5 (compositional)
福建省立高等工業學校;福建省立高等工業學校;Fujian Provincial Higher Industrial School;;;Claude Sonnet 5 (compositional)
福建私立法政專門學校;福建私立法政專門學校;Fujian Private Law and Politics Vocational College;;;Claude Sonnet 5 (compositional)
福建職業學校;福建職業學校;Fujian Vocational School;;;Claude Sonnet 5 (compositional)
稅務專門學校;稅務專門學校;Customs Vocational College;;;Claude Sonnet 5 (compositional)
第三中學;第三中學;Third Middle School;;;Claude Sonnet 5 (compositional)
第九中學;第九中學;Ninth Middle School;;;Claude Sonnet 5 (compositional)
第二中學;第二中學;Second Middle School;;;Claude Sonnet 5 (compositional)
藏文大學;藏文大學;Tibetan University;;;Claude Sonnet 5 (compositional)
藏文學堂;藏文學堂;Tibetan School;;;Claude Sonnet 5 (compositional)
藝術專門學校;藝術專門學校;Art Vocational College;;;Claude Sonnet 5 (compositional)
蘇州中學;蘇州中學;Suzhou Middle School;;;Claude Sonnet 5 (compositional)
蘇州工業專門學校;蘇州工業專門學校;Suzhou Industrial Vocational College;;;Claude Sonnet 5 (compositional)
蘇州省立第二工校;蘇州省立第二工校;Suzhou Provincial Second Industrial School;;;Claude Sonnet 5 (compositional)
蘇州美術專科學校;蘇州美術專科學校;Suzhou Fine Arts Vocational School;;;Claude Sonnet 5 (compositional)
蘇州美術專門學校;蘇州美術專門學校;Suzhou Fine Arts Vocational College;;;Claude Sonnet 5 (compositional)
蘭州電報學校;蘭州電報學校;Lanzhou Telegraph School;;;Claude Sonnet 5 (compositional)
西安省立中學;西安省立中學;Sian Provincial Middle School;;;Claude Sonnet 5 (compositional)
西藏藏文傳習所;西藏藏文傳習所;Tibet Tibetan Training Institute;;;Claude Sonnet 5 (compositional)
貴州優級師范學堂;貴州優級師范學堂;Guizhou Advanced Normal School;;;Claude Sonnet 5 (compositional)
貴州官立法政講習所;貴州官立法政講習所;Guizhou Official Law and Politics Training Institute;;;Claude Sonnet 5 (compositional)
貴州法政學校;貴州法政學校;Guizhou Law and Politics School;;;Claude Sonnet 5 (compositional)
貴州省立大學;貴州省立大學;Guizhou Provincial University;;;Claude Sonnet 5 (compositional)
貴陽師范學院;貴陽師范學院;Kweiyang Normal College;;;Claude Sonnet 5 (compositional)
軍官學校;軍官學校;Military Officers School;;;Claude Sonnet 5 (compositional)
農業大學;農業大學;Agricultural University;;;Claude Sonnet 5 (compositional)
農業專門學校;農業專門學校;Agricultural Vocational College;;;Claude Sonnet 5 (compositional)
遼寧女子中學;遼寧女子中學;Liaoning Girls' Middle School;;;Claude Sonnet 5 (compositional)
遼寧法政專門學校;遼寧法政專門學校;Liaoning Law and Politics Vocational College;;;Claude Sonnet 5 (compositional)
遼寧省立第三高級中學;遼寧省立第三高級中學;Liaoning Provincial Third Senior Middle School;;;Claude Sonnet 5 (compositional)
遼寧省立第二工科專門學校;遼寧省立第二工科專門學校;Liaoning Provincial Second Engineering Vocational College;;;Claude Sonnet 5 (compositional)
郵電專門學校;郵電專門學校;Postal and Telegraph Vocational College;;;Claude Sonnet 5 (compositional)
重慶中學;重慶中學;Chongqing Middle School;;;Claude Sonnet 5 (compositional)
重慶公立法政專門學校;重慶公立法政專門學校;Chongqing Public Law and Politics Vocational College;;;Claude Sonnet 5 (compositional)
重慶商船專科學校;重慶商船專科學校;Chongqing Merchant Marine Vocational School;;;Claude Sonnet 5 (compositional)
重慶會計專科學校;重慶會計專科學校;Chongqing Accounting Vocational School;;;Claude Sonnet 5 (compositional)
鎮江中學;鎮江中學;Chinkiang Middle School;;;Claude Sonnet 5 (compositional)
長沙第一師范;長沙第一師范;Changsha First Normal School;;;Claude Sonnet 5 (compositional)
長沙縣立師范;長沙縣立師范;Changsha County Normal School;;;Claude Sonnet 5 (compositional)
開封師范學校;開封師范學校;Kaifeng Normal School;;;Claude Sonnet 5 (compositional)
陝西公立法政專門學校;陝西公立法政專門學校;Shaanxi Public Law and Politics Vocational College;;;Claude Sonnet 5 (compositional)
陝西大學;陝西大學;Shaanxi University;;;Claude Sonnet 5 (compositional)
陝西師范學校;陝西師范學校;Shaanxi Normal School;;;Claude Sonnet 5 (compositional)
陝西省立商業專科學校;陝西省立商業專科學校;Shaanxi Provincial Commercial Vocational School;;;Claude Sonnet 5 (compositional)
陝西省立第一中學;陝西省立第一中學;Shaanxi Provincial First Middle School;;;Claude Sonnet 5 (compositional)
陝西省立第一師范學校;陝西省立第一師范學校;Shaanxi Provincial First Normal School;;;Claude Sonnet 5 (compositional)
陝西省立第三中學;陝西省立第三中學;Shaanxi Provincial Third Middle School;;;Claude Sonnet 5 (compositional)
陝西省立第三師范;陝西省立第三師范;Shaanxi Provincial Third Normal School;;;Claude Sonnet 5 (compositional)
陝西省立第二中學;陝西省立第二中學;Shaanxi Provincial Second Middle School;;;Claude Sonnet 5 (compositional)
陝西省立第二師范;陝西省立第二師范;Shaanxi Provincial Second Normal School;;;Claude Sonnet 5 (compositional)
陝西軍官學校;陝西軍官學校;Shaanxi Military Officers School;;;Claude Sonnet 5 (compositional)
陸軍學校;陸軍學校;Military School;;;Claude Sonnet 5 (compositional)
雲南師范;雲南師范;Yunnan Normal School;;;Claude Sonnet 5 (compositional)
雲南省立第一中學;雲南省立第一中學;Yunnan Provincial First Middle School;;;Claude Sonnet 5 (compositional)
雲南省立第一工業學校;雲南省立第一工業學校;Yunnan Provincial First Industrial School;;;Claude Sonnet 5 (compositional)
雲南省立高等師范;雲南省立高等師范;Yunnan Provincial Higher Normal School;;;Claude Sonnet 5 (compositional)
雲南第二師范;雲南第二師范;Yunnan Second Normal School;;;Claude Sonnet 5 (compositional)
雲南高等學堂;雲南高等學堂;Yunnan Higher School;;;Claude Sonnet 5 (compositional)
青島海軍學校;青島海軍學校;Tsingtao Naval School;;;Claude Sonnet 5 (compositional)
順天中學;順天中學;Shuntian Middle School;;;Claude Sonnet 5 (compositional)
順天學校;順天學校;Shuntian School;;;Claude Sonnet 5 (compositional)
順天高等學堂;順天高等學堂;Shuntian Higher School;;;Claude Sonnet 5 (compositional)
高等學校;高等學校;Higher School;;;Claude Sonnet 5 (compositional)
高等警官學堂;高等警官學堂;Higher Police School;;;Claude Sonnet 5 (compositional)
高級中學;高級中學;Senior Middle School;;;Claude Sonnet 5 (compositional)
高級美術學校;高級美術學校;Senior Fine Arts School;;;Claude Sonnet 5 (compositional)
高級護士學校;高級護士學校;Senior Nursing School;;;Claude Sonnet 5 (compositional)
鹽務學校;鹽務學校;Salt Administration School;;;Claude Sonnet 5 (compositional)
黑龍江省立法政專門學校;黑龍江省立法政專門學校;Heilongjiang Provincial Law and Politics Vocational College;;;Claude Sonnet 5 (compositional)
