Discipline_ZhS_Srce,Discipline_ZhT_Srce,Discipline_Level2,Discipline_Level2_Strd,Discipline_Level1,Discipline_Level1_Strd,Discipline_Level0,Discipline_Level0_ZhT,Level1_code,,,,
工学系航空,工學系航空,Aeronautical Engineering,航空工程,Engineering Sciences,工程科學,Engineering,工程,ENG,,,,
工学系航空工程,工學系航空工程,Aeronautical Engineering,航空工程,Engineering Sciences,工程科學,Engineering,工程,ENG,,,,
工学院化学.航空工程系,工學院化學.航空工程系,Aeronautical Engineering,航空工程,Engineering Sciences,工程科學,Engineering,工程,ENG,,,,
工学院航空学系,工學院航空學系,Aeronautical Engineering,航空工程,Engineering Sciences,工程科學,Engineering,工程,ENG,,,,
工学院航空工程系,工學院航空工程系,Aeronautical Engineering,航空工程,Engineering Sciences,工程科學,Engineering,工程,ENG,,,,
工学院航空系,工學院航空系,Aeronautical Engineering,航空工程,Engineering Sciences,工程科學,Engineering,工程,ENG,,,,
航天工程,航天工程,Aeronautical Engineering,航空工程,Engineering Sciences,工程科學,Engineering,工程,ENG,,,,
航空学,航空,Aeronautical Engineering,航空工程,Engineering Sciences,工程科學,Engineering,工程,ENG,,,,
航空学,航空學,Aeronautical Engineering,航空工程,Engineering Sciences,工程科學,Engineering,工程,ENG,,,,
航空学系,航空學系,Aeronautical Engineering,航空工程,Engineering Sciences,工程科學,Engineering,工程,ENG,,,,
航空学院,航空學院,Aeronautical Engineering,航空工程,Engineering Sciences,工程科學,Engineering,工程,ENG,,,,
航空专业,航空專業,Aeronautical Engineering,航空工程,Engineering Sciences,工程科學,Engineering,工程,ENG,,,,
航空工程,航空工程,Aeronautical Engineering,航空工程,Engineering Sciences,工程科學,Engineering,工程,ENG,,,,
航空工程动力组,航空工程動力組,Aeronautical Engineering,航空工程,Engineering Sciences,工程科學,Engineering,工程,ENG,,,,
航空工程学,航空工程學,Aeronautical Engineering,航空工程,Engineering Sciences,工程科學,Engineering,工程,ENG,,,,
航空工程学系,航空工程學系,Aeronautical Engineering,航空工程,Engineering Sciences,工程科學,Engineering,工程,ENG,,,,
航空工程系,航空工程系,Aeronautical Engineering,航空工程,Engineering Sciences,工程科學,Engineering,工程,ENG,,,,
航空建筑,航空建築,Aeronautical Engineering,航空工程,Engineering Sciences,工程科學,Engineering,工程,ENG,,,,
航空系,航空系,Aeronautical Engineering,航空工程,Engineering Sciences,工程科學,Engineering,工程,ENG,,,,
飞机动力,飛機動力,Aeronautical Engineering,航空工程,Engineering Sciences,工程科學,Engineering,工程,ENG,,,,
飞机工程,飛機工程,Aeronautical Engineering,航空工程,Engineering Sciences,工程科學,Engineering,工程,ENG,,,,
飞机机械,飛機機械,Aeronautical Engineering,航空工程,Engineering Sciences,工程科學,Engineering,工程,ENG,,,,
飞机结构,飛機結構,Aeronautical Engineering,航空工程,Engineering Sciences,工程科學,Engineering,工程,ENG,,,,
飞机设计,飛機設計,Aeronautical Engineering,航空工程,Engineering Sciences,工程科學,Engineering,工程,ENG,,,,
飞机设计专业,飛機設計專業,Aeronautical Engineering,航空工程,Engineering Sciences,工程科學,Engineering,工程,ENG,,,,
飞机设计组,飛機設計組,Aeronautical Engineering,航空工程,Engineering Sciences,工程科學,Engineering,工程,ENG,,,,
文理_航空工程,文理_航空工程,Aeronautical Engineering ,航空工程,Engineering Sciences,工程科學,Engineering,工程,ENG,,,,
航空工程科,航空工程科,Aeronautical Engineering ,航空工程,Engineering Sciences,工程科學,Engineering,工程,ENG,,,,
先修班农组,先修班農組,Agriculture and Forestry,農林學,Biological Sciences,生物科學,Science,科學,PSC,,,,
先修班农医系,先修班農醫系,Agriculture and Forestry,農林學,Biological Sciences,生物科學,Science,科學,PSC,,,,
先修班农医组,先修班農醫組,Agriculture and Forestry,農林學,Biological Sciences,生物科學,Science,科學,PSC,,,,
农学院经济昆虫系,園工,Agriculture and Forestry,農林學,Biological Sciences,生物科學,Science,科學,PSC,,,,
园艺,園藝,Agriculture and Forestry,農林學,Biological Sciences,生物科學,Science,科學,PSC,,,,
园艺学,園藝學,Agriculture and Forestry,農林學,Biological Sciences,生物科學,Science,科學,PSC,,,,
园艺学系,園藝學系,Agriculture and Forestry,農林學,Biological Sciences,生物科學,Science,科學,PSC,,,,
园艺专业,園藝專業,Agriculture and Forestry,農林學,Biological Sciences,生物科學,Science,科學,PSC,,,,
园艺系,園藝系,Agriculture and Forestry,農林學,Biological Sciences,生物科學,Science,科學,PSC,,,,
园艺组,園藝組,Agriculture and Forestry,農林學,Biological Sciences,生物科學,Science,科學,PSC,,,,
垦殖科,墾殖科,Agriculture and Forestry,農林學,Biological Sciences,生物科學,Science,科學,PSC,,,,
垦殖科一年级,墾殖科一年級,Agriculture and Forestry,農林學,Biological Sciences,生物科學,Science,科學,PSC,,,,
垦殖科三年级,墾殖科三年級,Agriculture and Forestry,農林學,Biological Sciences,生物科學,Science,科學,PSC,,,,
大学部林学系,大學部林學系,Agriculture and Forestry,農林學,Biological Sciences,生物科學,Science,科學,PSC,,,,
大学部农化系,大學部農化系,Agriculture and Forestry,農林學,Biological Sciences,生物科學,Science,科學,PSC,,,,
大学部农学系,大學部農學系,Agriculture and Forestry,農林學,Biological Sciences,生物科學,Science,科學,PSC,,,,
学院园艺科,學院園藝科,Agriculture and Forestry,農林學,Biological Sciences,生物科學,Science,科學,PSC,,,,
专门农学科,專門農學科,Agriculture and Forestry,農林學,Biological Sciences,生物科學,Science,科學,PSC,,,,
專門部林學科,專門部林學科,Agriculture and Forestry,農林學,Biological Sciences,生物科學,Science,科學,PSC,,,,
文学院转农学院农业工程系,文學院轉農學院農業工程系,Agriculture and Forestry,農林學,Biological Sciences,生物科學,Science,科學,PSC,,,,
文法学院农业教育学系,文法學院農業教育學系,Agriculture and Forestry,農林學,Biological Sciences,生物科學,Science,科學,PSC,,,,
林学,林學,Agriculture and Forestry,農林學,Biological Sciences,生物科學,Science,科學,PSC,,,,
林学科,林學科,Agriculture and Forestry,農林學,Biological Sciences,生物科學,Science,科學,PSC,,,,
林森学系,林森學系,Agriculture and Forestry,農林學,Biological Sciences,生物科學,Science,科學,PSC,,,,
林科,林科,Agriculture and Forestry,農林學,Biological Sciences,生物科學,Science,科學,PSC,,,,
林雪,林雪,Agriculture and Forestry,農林學,Biological Sciences,生物科學,Science,科學,PSC,,,,
森林,森林,Agriculture and Forestry,農林學,Biological Sciences,生物科學,Science,科學,PSC,,,,
,森林學,Agriculture and Forestry,農林學,Biological Sciences,生物科學,Science,科學,PSC,,,,
森林学系,森林學系,Agriculture and Forestry,農林學,Biological Sciences,生物科學,Science,科學,PSC,,,,
森林学院森林系,森林學院森林系,Agriculture and Forestry,農林學,Biological Sciences,生物科學,Science,科學,PSC,,,,
森林科,森林科,Agriculture and Forestry,農林學,Biological Sciences,生物科學,Science,科學,PSC,,,,
森林系,森林系,Agriculture and Forestry,農林學,Biological Sciences,生物科學,Science,科學,PSC,,,,
,漁撈,Agriculture and Forestry,農林學,Biological Sciences,生物科學,Science,科學,PSC,,,,
理学院化工系转农学院农经系,理學院化工系轉農學院農經系,Agriculture and Forestry,農林學,Biological Sciences,生物科學,Science,科學,PSC,,,,
理学院数学系转农学院农业工程系,理學院數學系轉農學院農業工程系,Agriculture and Forestry,農林學,Biological Sciences,生物科學,Science,科學,PSC,,,,
理学院物理系？农学院农艺系？,理學院物理系？農學院農藝系？,Agriculture and Forestry,農林學,Biological Sciences,生物科學,Science,科學,PSC,,,,
畜牧,畜牧,Agriculture and Forestry,農林學,Biological Sciences,生物科學,Science,科學,PSC,,,,
畜牧学系,畜牧學系,Agriculture and Forestry,農林學,Biological Sciences,生物科學,Science,科學,PSC,,,,
畜牧学系一年级,畜牧學系一年級,Agriculture and Forestry,農林學,Biological Sciences,生物科學,Science,科學,PSC,,,,
畜牧学系四年级,畜牧學系四年級,Agriculture and Forestry,農林學,Biological Sciences,生物科學,Science,科學,PSC,,,,
畜牧科,畜牧科,Agriculture and Forestry,農林學,Biological Sciences,生物科學,Science,科學,PSC,,,,
畜牧科一年级,畜牧科一年級,Agriculture and Forestry,農林學,Biological Sciences,生物科學,Science,科學,PSC,,,,
畜牧系,畜牧系,Agriculture and Forestry,農林學,Biological Sciences,生物科學,Science,科學,PSC,,,,
畜牧系一年级,畜牧系一年級,Agriculture and Forestry,農林學,Biological Sciences,生物科學,Science,科學,PSC,,,,
研究科农学科,研究科農學科,Agriculture and Forestry,農林學,Biological Sciences,生物科學,Science,科學,PSC,,,,
研究院农研所学系土壤部,研究院農研所學系土壤部,Agriculture and Forestry,農林學,Biological Sciences,生物科學,Science,科學,PSC,,,,
蠢桑学系,蠢桑學系,Agriculture and Forestry,農林學,Biological Sciences,生物科學,Science,科學,PSC,,,,
蚕桑,蠶桑,Agriculture and Forestry,農林學,Biological Sciences,生物科學,Science,科學,PSC,,,,
蚕桑学系,蠶桑學系,Agriculture and Forestry,農林學,Biological Sciences,生物科學,Science,科學,PSC,,,,
蚕桑系,蠶桑系,Agriculture and Forestry,農林學,Biological Sciences,生物科學,Science,科學,PSC,,,,
农,農,Agriculture and Forestry,農林學,Biological Sciences,生物科學,Science,科學,PSC,,,,
农_园艺,農_園藝,Agriculture and Forestry,農林學,Biological Sciences,生物科學,Science,科學,PSC,,,,
农_森林,農_森林,Agriculture and Forestry,農林學,Biological Sciences,生物科學,Science,科學,PSC,,,,
农_农经,農_農經,Agriculture and Forestry,農林學,Biological Sciences,生物科學,Science,科學,PSC,,,,
农，园艺,農，園藝,Agriculture and Forestry,農林學,Biological Sciences,生物科學,Science,科學,PSC,,,,
农，农艺,農，農藝,Agriculture and Forestry,農林學,Biological Sciences,生物科學,Science,科學,PSC,,,,
农事组，1年级，1学期半,農事組，1年級，1學期半,Agriculture and Forestry,農林學,Biological Sciences,生物科學,Science,科學,PSC,,,,
农化,農化,Agriculture and Forestry,農林學,Biological Sciences,生物科學,Science,科學,PSC,,,,
农化系,農化系,Agriculture and Forestry,農林學,Biological Sciences,生物科學,Science,科學,PSC,,,,
农化系制造组,農化系制造組,Agriculture and Forestry,農林學,Biological Sciences,生物科學,Science,科學,PSC,,,,
农垦学系,農墾學系,Agriculture and Forestry,農林學,Biological Sciences,生物科學,Science,科學,PSC,,,,
农学,農學,Agriculture and Forestry,農林學,Biological Sciences,生物科學,Science,科學,PSC,,,,
农学学系,農學學系,Agriculture and Forestry,農林學,Biological Sciences,生物科學,Science,科學,PSC,,,,
农学研究所,農學研究所,Agriculture and Forestry,農林學,Biological Sciences,生物科學,Science,科學,PSC,,,,
农学科,農學科,Agriculture and Forestry,農林學,Biological Sciences,生物科學,Science,科學,PSC,,,,
农学系,農學系,Agriculture and Forestry,農林學,Biological Sciences,生物科學,Science,科學,PSC,,,,
农学艺,農學藝,Agriculture and Forestry,農林學,Biological Sciences,生物科學,Science,科學,PSC,,,,
农学蚕桑学,農學蠶桑學,Agriculture and Forestry,農林學,Biological Sciences,生物科學,Science,科學,PSC,,,,
农学院,農學院,Agriculture and Forestry,農林學,Biological Sciences,生物科學,Science,科學,PSC,,,,
农学院，1年级,農學院，1年級,Agriculture and Forestry,農林學,Biological Sciences,生物科學,Science,科學,PSC,,,,
农学院（理学院）,農學院（理學院）,Agriculture and Forestry,農林學,Biological Sciences,生物科學,Science,科學,PSC,,,,
农学院化学,農學院化學,Agriculture and Forestry,農林學,Biological Sciences,生物科學,Science,科學,PSC,,,,
农学院化学学系,農學院化學學系,Agriculture and Forestry,農林學,Biological Sciences,生物科學,Science,科學,PSC,,,,
农学院化学农业学系一年级,農學院化學農業學系一年級,Agriculture and Forestry,農林學,Biological Sciences,生物科學,Science,科學,PSC,,,,
农学院及文学院,農學院及文學院,Agriculture and Forestry,農林學,Biological Sciences,生物科學,Science,科學,PSC,,,,
农学院园专,農學院園專,Agriculture and Forestry,農林學,Biological Sciences,生物科學,Science,科學,PSC,,,,
农学院园专科,農學院園專科,Agriculture and Forestry,農林學,Biological Sciences,生物科學,Science,科學,PSC,,,,
农学院园专系,農學院園專系,Agriculture and Forestry,農林學,Biological Sciences,生物科學,Science,科學,PSC,,,,
农学院园艺,農學院園藝,Agriculture and Forestry,農林學,Biological Sciences,生物科學,Science,科學,PSC,,,,
农学院园艺学系,農學院園藝學系,Agriculture and Forestry,農林學,Biological Sciences,生物科學,Science,科學,PSC,,,,
农学院园艺专修科,農學院園藝專修科,Agriculture and Forestry,農林學,Biological Sciences,生物科學,Science,科學,PSC,,,,
农学院园艺专科,農學院園藝專科,Agriculture and Forestry,農林學,Biological Sciences,生物科學,Science,科學,PSC,,,,
农学院园艺专科系,農學院園藝專科系,Agriculture and Forestry,農林學,Biological Sciences,生物科學,Science,科學,PSC,,,,
农学院园艺师资科,農學院園藝師資科,Agriculture and Forestry,農林學,Biological Sciences,生物科學,Science,科學,PSC,,,,
农学院园艺畜牧系,農學院園藝畜牧系,Agriculture and Forestry,農林學,Biological Sciences,生物科學,Science,科學,PSC,,,,
农学院园艺研究所,農學院園藝研究所,Agriculture and Forestry,農林學,Biological Sciences,生物科學,Science,科學,PSC,,,,
农学院园艺研究部,農學院園藝研究部,Agriculture and Forestry,農林學,Biological Sciences,生物科學,Science,科學,PSC,,,,
农学院园艺科,農學院園藝科,Agriculture and Forestry,農林學,Biological Sciences,生物科學,Science,科學,PSC,,,,
农学院园艺系,農學院園藝系,Agriculture and Forestry,農林學,Biological Sciences,生物科學,Science,科學,PSC,,,,
农学院园艺系？,農學院園藝系？,Agriculture and Forestry,農林學,Biological Sciences,生物科學,Science,科學,PSC,,,,
农学院园艺系作物组,農學院園藝系作物組,Agriculture and Forestry,農林學,Biological Sciences,生物科學,Science,科學,PSC,,,,
农学院园艺系转农学院昆虫系,農學院園藝系轉農學院昆蟲系,Agriculture and Forestry,農林學,Biological Sciences,生物科學,Science,科學,PSC,,,,
农学院园艺系转农学院森林系,農學院園藝系轉農學院森林系,Agriculture and Forestry,農林學,Biological Sciences,生物科學,Science,科學,PSC,,,,
农学院园艺系转农学院农业教育系转农学院作物组,農學院園藝系轉農學院農業教育系轉農學院作物組,Agriculture and Forestry,農林學,Biological Sciences,生物科學,Science,科學,PSC,,,,
农学院园艺系转农学院农业经济系,農學院園藝系轉農學院農業經濟系,Agriculture and Forestry,農林學,Biological Sciences,生物科學,Science,科學,PSC,,,,
农学院园艺组,農學院園藝組,Agriculture and Forestry,農林學,Biological Sciences,生物科學,Science,科學,PSC,,,,
农学院园艺组专修科,農學院園藝組專修科,Agriculture and Forestry,農林學,Biological Sciences,生物科學,Science,科學,PSC,,,,
农学院土壤组,農學院土壤組,Agriculture and Forestry,農林學,Biological Sciences,生物科學,Science,科學,PSC,,,,
农学院专修科,農學院專修科,Agriculture and Forestry,農林學,Biological Sciences,生物科學,Science,科學,PSC,,,,
农学院专修系,農學院專修系,Agriculture and Forestry,農林學,Biological Sciences,生物科學,Science,科學,PSC,,,,
农学院专业专修科,農學院專業專修科,Agriculture and Forestry,農林學,Biological Sciences,生物科學,Science,科學,PSC,,,,
农学院专科,農學院專科,Agriculture and Forestry,農林學,Biological Sciences,生物科學,Science,科學,PSC,,,,
农学院教育系,農學院教育系,Agriculture and Forestry,農林學,Biological Sciences,生物科學,Science,科學,PSC,,,,
农学院昆虫,農學院昆蟲,Agriculture and Forestry,農林學,Biological Sciences,生物科學,Science,科學,PSC,,,,
农学院昆虫学,農學院昆蟲學,Agriculture and Forestry,農林學,Biological Sciences,生物科學,Science,科學,PSC,,,,
农学院昆虫研究组,農學院昆蟲研究組,Agriculture and Forestry,農林學,Biological Sciences,生物科學,Science,科學,PSC,,,,
农学院昆虫系,農學院昆蟲系,Agriculture and Forestry,農林學,Biological Sciences,生物科學,Science,科學,PSC,,,,
农学院昆虫组,農學院昆蟲組,Agriculture and Forestry,農林學,Biological Sciences,生物科學,Science,科學,PSC,,,,
农学院林学,農學院林學,Agriculture and Forestry,農林學,Biological Sciences,生物科學,Science,科學,PSC,,,,
农学院林学系,農學院林學系,Agriculture and Forestry,農林學,Biological Sciences,生物科學,Science,科學,PSC,,,,
农学院林专,農學院林專,Agriculture and Forestry,農林學,Biological Sciences,生物科學,Science,科學,PSC,,,,
农学院林业专修科,農學院林業專修科,Agriculture and Forestry,農林學,Biological Sciences,生物科學,Science,科學,PSC,,,,
农学院林艺学系,農學院林藝學系,Agriculture and Forestry,農林學,Biological Sciences,生物科學,Science,科學,PSC,,,,
农学院桑蚕学系,農學院桑蠶學系,Agriculture and Forestry,農林學,Biological Sciences,生物科學,Science,科學,PSC,,,,
农学院桑蚕系,農學院桑蠶系,Agriculture and Forestry,農林學,Biological Sciences,生物科學,Science,科學,PSC,,,,
农学院森林化学,農學院森林化學,Agriculture and Forestry,農林學,Biological Sciences,生物科學,Science,科學,PSC,,,,
农学院森林学,農學院森林學,Agriculture and Forestry,農林學,Biological Sciences,生物科學,Science,科學,PSC,,,,
农学院森林学系,農學院森林學系,Agriculture and Forestry,農林學,Biological Sciences,生物科學,Science,科學,PSC,,,,
农学院森林学系一年级,農學院森林學系一年級,Agriculture and Forestry,農林學,Biological Sciences,生物科學,Science,科學,PSC,,,,
农学院森林系,農學院森林系,Agriculture and Forestry,農林學,Biological Sciences,生物科學,Science,科學,PSC,,,,
农学院森林系转农学院园艺系,農學院森林系轉農學院園藝系,Agriculture and Forestry,農林學,Biological Sciences,生物科學,Science,科學,PSC,,,,
农学院森林系转农学院园艺系（毕业直转昆虫组肄业）,農學院森林系轉農學院園藝系（畢業直轉昆蟲組肄業）,Agriculture and Forestry,農林學,Biological Sciences,生物科學,Science,科學,PSC,,,,
农学院机农艺学系一年级,農學院機農藝學系一年級,Agriculture and Forestry,農林學,Biological Sciences,生物科學,Science,科學,PSC,,,,
农学院牧学,農學院牧學,Agriculture and Forestry,農林學,Biological Sciences,生物科學,Science,科學,PSC,,,,
农学院特别生,農學院特別生,Agriculture and Forestry,農林學,Biological Sciences,生物科學,Science,科學,PSC,,,,
农学院畜牧学,農學院畜牧學,Agriculture and Forestry,農林學,Biological Sciences,生物科學,Science,科學,PSC,,,,
农学院畜牧学系,農學院畜牧學系,Agriculture and Forestry,農林學,Biological Sciences,生物科學,Science,科學,PSC,,,,
农学院畜牧学系一年级,農學院畜牧學系一年級,Agriculture and Forestry,農林學,Biological Sciences,生物科學,Science,科學,PSC,,,,
农学院畜牧系,農學院畜牧系,Agriculture and Forestry,農林學,Biological Sciences,生物科學,Science,科學,PSC,,,,
农学院畜牧医系,農學院畜牧醫系,Agriculture and Forestry,農林學,Biological Sciences,生物科學,Science,科學,PSC,,,,
农学院畜兽学系,農學院畜獸學系,Agriculture and Forestry,農林學,Biological Sciences,生物科學,Science,科學,PSC,,,,
农学院畜产系,農學院畜産系,Agriculture and Forestry,農林學,Biological Sciences,生物科學,Science,科學,PSC,,,,
农学院畜医系,農學院畜醫系,Agriculture and Forestry,農林學,Biological Sciences,生物科學,Science,科學,PSC,,,,
农学院病害系,農學院病害系,Agriculture and Forestry,農林學,Biological Sciences,生物科學,Science,科學,PSC,,,,
农学院经济昆虫学,農學院經濟昆蟲學,Agriculture and Forestry,農林學,Biological Sciences,生物科學,Science,科學,PSC,,,,
农学院经济昆虫系,農學院經濟昆蟲系,Agriculture and Forestry,農林學,Biological Sciences,生物科學,Science,科學,PSC,,,,
农学院蚕学系,農學院蠶學系,Agriculture and Forestry,農林學,Biological Sciences,生物科學,Science,科學,PSC,,,,
农学院蚕桑学,農學院蠶桑學,Agriculture and Forestry,農林學,Biological Sciences,生物科學,Science,科學,PSC,,,,
农学院蚕桑学系,農學院蠶桑學系,Agriculture and Forestry,農林學,Biological Sciences,生物科學,Science,科學,PSC,,,,
农学院蚕桑系,農學院蠶桑系,Agriculture and Forestry,農林學,Biological Sciences,生物科學,Science,科學,PSC,,,,
农学院转学生,農學院轉學生,Agriculture and Forestry,農林學,Biological Sciences,生物科學,Science,科學,PSC,,,,
农学院农（艺）学系,農學院農（藝）學系,Agriculture and Forestry,農林學,Biological Sciences,生物科學,Science,科學,PSC,,,,
农学院农化,農學院農化,Agriculture and Forestry,農林學,Biological Sciences,生物科學,Science,科學,PSC,,,,
农学院农化学,農學院農化學,Agriculture and Forestry,農林學,Biological Sciences,生物科學,Science,科學,PSC,,,,
农学院农化系,農學院農化系,Agriculture and Forestry,農林學,Biological Sciences,生物科學,Science,科學,PSC,,,,
农学院农地学系,農學院農地學系,Agriculture and Forestry,農林學,Biological Sciences,生物科學,Science,科學,PSC,,,,
农学院农学,農學院農學,Agriculture and Forestry,農林學,Biological Sciences,生物科學,Science,科學,PSC,,,,
农学院农学教育,農學院農學教育,Agriculture and Forestry,農林學,Biological Sciences,生物科學,Science,科學,PSC,,,,
农学院农学系,農學院農學系,Agriculture and Forestry,農林學,Biological Sciences,生物科學,Science,科學,PSC,,,,
农学院农专,農學院農專,Agriculture and Forestry,農林學,Biological Sciences,生物科學,Science,科學,PSC,,,,
农学院农专园艺组,農學院農專園藝組,Agriculture and Forestry,農林學,Biological Sciences,生物科學,Science,科學,PSC,,,,
农学院农专工程组,農學院農專工程組,Agriculture and Forestry,農林學,Biological Sciences,生物科學,Science,科學,PSC,,,,
农学院农专科,農學院農專科,Agriculture and Forestry,農林學,Biological Sciences,生物科學,Science,科學,PSC,,,,
农学院农专科工程组,農學院農專科工程組,Agriculture and Forestry,農林學,Biological Sciences,生物科學,Science,科學,PSC,,,,
农学院农专系,農學院農專系,Agriculture and Forestry,農林學,Biological Sciences,生物科學,Science,科學,PSC,,,,
农学院农专农业工程,農學院農專農業工程,Agriculture and Forestry,農林學,Biological Sciences,生物科學,Science,科學,PSC,,,,
农学院农专农业工程组,農學院農專農業工程組,Agriculture and Forestry,農林學,Biological Sciences,生物科學,Science,科學,PSC,,,,
农学院农工系,農學院農工系,Agriculture and Forestry,農林學,Biological Sciences,生物科學,Science,科學,PSC,,,,
农学院农工组转理学院化工系,農學院農工組轉理學院化工系,Agriculture and Forestry,農林學,Biological Sciences,生物科學,Science,科學,PSC,,,,
农学院农教学系,農學院農教學系,Agriculture and Forestry,農林學,Biological Sciences,生物科學,Science,科學,PSC,,,,
农学院农教系,農學院農教系,Agriculture and Forestry,農林學,Biological Sciences,生物科學,Science,科學,PSC,,,,
农学院农教系转农学院园艺系,農學院農教系轉農學院園藝系,Agriculture and Forestry,農林學,Biological Sciences,生物科學,Science,科學,PSC,,,,
农学院农教系转农学院农经系,農學院農教系轉農學院農經系,Agriculture and Forestry,農林學,Biological Sciences,生物科學,Science,科學,PSC,,,,
农学院农林化学,農學院農林化學,Agriculture and Forestry,農林學,Biological Sciences,生物科學,Science,科學,PSC,,,,
农学院农林经济学,農學院農林經濟學,Agriculture and Forestry,農林學,Biological Sciences,生物科學,Science,科學,PSC,,,,
农学院农业化学,農學院農業化學,Agriculture and Forestry,農林學,Biological Sciences,生物科學,Science,科學,PSC,,,,
农学院农业化系,農學院農業化系,Agriculture and Forestry,農林學,Biological Sciences,生物科學,Science,科學,PSC,,,,
农学院农业专修园艺组,農學院農業專修園藝組,Agriculture and Forestry,農林學,Biological Sciences,生物科學,Science,科學,PSC,,,,
农学院农业专修科,農學院農業專修科,Agriculture and Forestry,農林學,Biological Sciences,生物科學,Science,科學,PSC,,,,
农学院农业专修科园艺组,農學院農業專修科園藝組,Agriculture and Forestry,農林學,Biological Sciences,生物科學,Science,科學,PSC,,,,
农学院农业专修科转普农科,農學院農業專修科轉普農科,Agriculture and Forestry,農林學,Biological Sciences,生物科學,Science,科學,PSC,,,,
农学院农业专修科农业工程组,農學院農業專修科農業工程組,Agriculture and Forestry,農林學,Biological Sciences,生物科學,Science,科學,PSC,,,,
农学院农业专科,農學院農業專科,Agriculture and Forestry,農林學,Biological Sciences,生物科學,Science,科學,PSC,,,,
农学院农业工程,農學院農業工程,Agriculture and Forestry,農林學,Biological Sciences,生物科學,Science,科學,PSC,,,,
农学院农业工程学系,農學院農業工程學系,Agriculture and Forestry,農林學,Biological Sciences,生物科學,Science,科學,PSC,,,,
农学院农业工程系,農學院農業工程系,Agriculture and Forestry,農林學,Biological Sciences,生物科學,Science,科學,PSC,,,,
农学院农业工程系转理学院电工系,農學院農業工程系轉理學院電工系,Agriculture and Forestry,農林學,Biological Sciences,生物科學,Science,科學,PSC,,,,
农学院农业工程组,農學院農業工程組,Agriculture and Forestry,農林學,Biological Sciences,生物科學,Science,科學,PSC,,,,
农学院农业教育学系,農學院農業教育學系,Agriculture and Forestry,農林學,Biological Sciences,生物科學,Science,科學,PSC,,,,
农学院农业教育系,農學院農業教育系,Agriculture and Forestry,農林學,Biological Sciences,生物科學,Science,科學,PSC,,,,
农学院农业畜牧学,農學院農業畜牧學,Agriculture and Forestry,農林學,Biological Sciences,生物科學,Science,科學,PSC,,,,
农学院农业经济学,農學院農業經濟學,Agriculture and Forestry,農林學,Biological Sciences,生物科學,Science,科學,PSC,,,,
农学院农业经济学系,農學院農業經濟學系,Agriculture and Forestry,農林學,Biological Sciences,生物科學,Science,科學,PSC,,,,
农学院农业经济研究所,農學院農業經濟研究所,Agriculture and Forestry,農林學,Biological Sciences,生物科學,Science,科學,PSC,,,,
农学院农业经济研究部,農學院農業經濟研究部,Agriculture and Forestry,農林學,Biological Sciences,生物科學,Science,科學,PSC,,,,
农学院农业经济系,農學院農業經濟系,Agriculture and Forestry,農林學,Biological Sciences,生物科學,Science,科學,PSC,,,,
农学院农业经济系（农学院园艺系）,農學院農業經濟系（農學院園藝系）,Agriculture and Forestry,農林學,Biological Sciences,生物科學,Science,科學,PSC,,,,
农学院农业经济系转农教系,農學院農業經濟系轉農教系,Agriculture and Forestry,農林學,Biological Sciences,生物科學,Science,科學,PSC,,,,
农学院农业农经科转园艺组,農學院農業農經科轉園藝組,Agriculture and Forestry,農林學,Biological Sciences,生物科學,Science,科學,PSC,,,,
农学院农畜学,農學院農畜學,Agriculture and Forestry,農林學,Biological Sciences,生物科學,Science,科學,PSC,,,,
农学院农科研究所农经学部,農學院農科研究所農經學部,Agriculture and Forestry,農林學,Biological Sciences,生物科學,Science,科學,PSC,,,,
农学院农经学,農學院農經學,Agriculture and Forestry,農林學,Biological Sciences,生物科學,Science,科學,PSC,,,,
农学院农经学校,農學院農經學校,Agriculture and Forestry,農林學,Biological Sciences,生物科學,Science,科學,PSC,,,,
农学院农经学系,農學院農經學系,Agriculture and Forestry,農林學,Biological Sciences,生物科學,Science,科學,PSC,,,,
农学院农经研究部,農學院農經研究部,Agriculture and Forestry,農林學,Biological Sciences,生物科學,Science,科學,PSC,,,,
农学院农经系,農學院農經系,Agriculture and Forestry,農林學,Biological Sciences,生物科學,Science,科學,PSC,,,,
农学院农经系研究所,農學院農經系研究所,Agriculture and Forestry,農林學,Biological Sciences,生物科學,Science,科學,PSC,,,,
农学院农经系转农学院农工组,農學院農經系轉農學院農工組,Agriculture and Forestry,農林學,Biological Sciences,生物科學,Science,科學,PSC,,,,
农学院农经系农业工程组,農學院農經系農業工程組,Agriculture and Forestry,農林學,Biological Sciences,生物科學,Science,科學,PSC,,,,
农学院农艺,農學院農藝,Agriculture and Forestry,農林學,Biological Sciences,生物科學,Science,科學,PSC,,,,
农学院农艺学,農學院農藝學,Agriculture and Forestry,農林學,Biological Sciences,生物科學,Science,科學,PSC,,,,
农学院农艺学 系,農學院農藝學 系,Agriculture and Forestry,農林學,Biological Sciences,生物科學,Science,科學,PSC,,,,
农学院农艺学作物组,農學院農藝學作物組,Agriculture and Forestry,農林學,Biological Sciences,生物科學,Science,科學,PSC,,,,
农学院农艺学系,農學院農藝學系,Agriculture and Forestry,農林學,Biological Sciences,生物科學,Science,科學,PSC,,,,
农学院农艺学系一年级,農學院農藝學系一年級,Agriculture and Forestry,農林學,Biological Sciences,生物科學,Science,科學,PSC,,,,
农学院农艺学系三年级,農學院農藝學系三年級,Agriculture and Forestry,農林學,Biological Sciences,生物科學,Science,科學,PSC,,,,
农学院农艺学系二年级,農學院農藝學系二年級,Agriculture and Forestry,農林學,Biological Sciences,生物科學,Science,科學,PSC,,,,
农学院农艺学系作物学组,農學院農藝學系作物學組,Agriculture and Forestry,農林學,Biological Sciences,生物科學,Science,科學,PSC,,,,
农学院农艺学系作物组,農學院農藝學系作物組,Agriculture and Forestry,農林學,Biological Sciences,生物科學,Science,科學,PSC,,,,
农学院农艺学系转作物组,農學院農藝學系轉作物組,Agriculture and Forestry,農林學,Biological Sciences,生物科學,Science,科學,PSC,,,,
农学院农艺专科,農學院農藝專科,Agriculture and Forestry,農林學,Biological Sciences,生物科學,Science,科學,PSC,,,,
农学院农艺系,農學院農藝系,Agriculture and Forestry,農林學,Biological Sciences,生物科學,Science,科學,PSC,,,,
农学院农艺系（作物系）转农学院森林系,農學院農藝系（作物系）轉農學院森林系,Agriculture and Forestry,農林學,Biological Sciences,生物科學,Science,科學,PSC,,,,
农学院农艺系作物学组,農學院農藝系作物學組,Agriculture and Forestry,農林學,Biological Sciences,生物科學,Science,科學,PSC,,,,
农学院农艺系作物组,農學院農藝系作物組,Agriculture and Forestry,農林學,Biological Sciences,生物科學,Science,科學,PSC,,,,
农学院农艺系作物组转农学院农业工程组,農學院農藝系作物組轉農學院農業工程組,Agriculture and Forestry,農林學,Biological Sciences,生物科學,Science,科學,PSC,,,,
农学院农艺系园艺组,農學院農藝系園藝組,Agriculture and Forestry,農林學,Biological Sciences,生物科學,Science,科學,PSC,,,,
农学院农艺系土壤组,農學院農藝系土壤組,Agriculture and Forestry,農林學,Biological Sciences,生物科學,Science,科學,PSC,,,,
农学院农艺系土壤组转作物组,農學院農藝系土壤組轉作物組,Agriculture and Forestry,農林學,Biological Sciences,生物科學,Science,科學,PSC,,,,
农学院农艺系土壤组转农学院园艺系,農學院農藝系土壤組轉農學院園藝系,Agriculture and Forestry,農林學,Biological Sciences,生物科學,Science,科學,PSC,,,,
农学院农艺系土壤组转农学院农艺系农业工程组,農學院農藝系土壤組轉農學院農藝系農業工程組,Agriculture and Forestry,農林學,Biological Sciences,生物科學,Science,科學,PSC,,,,
农学院农艺系转农学院农教系,農學院農藝系轉農學院農教系,Agriculture and Forestry,農林學,Biological Sciences,生物科學,Science,科學,PSC,,,,
农学院农艺系农具组,農學院農藝系農具組,Agriculture and Forestry,農林學,Biological Sciences,生物科學,Science,科學,PSC,,,,
农学院农艺系农工组,農學院農藝系農工組,Agriculture and Forestry,農林學,Biological Sciences,生物科學,Science,科學,PSC,,,,
农学院农艺系农业工程组,農學院農藝系農業工程組,Agriculture and Forestry,農林學,Biological Sciences,生物科學,Science,科學,PSC,,,,
农学院农艺组,農學院農藝組,Agriculture and Forestry,農林學,Biological Sciences,生物科學,Science,科學,PSC,,,,
农学院农艺经济系,農學院農藝經濟系,Agriculture and Forestry,農林學,Biological Sciences,生物科學,Science,科學,PSC,,,,
农学院农艺部,農學院農藝部,Agriculture and Forestry,農林學,Biological Sciences,生物科學,Science,科學,PSC,,,,
农专,農專,Agriculture and Forestry,農林學,Biological Sciences,生物科學,Science,科學,PSC,,,,
农专园艺,農專園藝,Agriculture and Forestry,農林學,Biological Sciences,生物科學,Science,科學,PSC,,,,
农专园艺组,農專園藝組,Agriculture and Forestry,農林學,Biological Sciences,生物科學,Science,科學,PSC,,,,
农专学院园艺科,農專學院園藝科,Agriculture and Forestry,農林學,Biological Sciences,生物科學,Science,科學,PSC,,,,
农专弄学科,農專弄學科,Agriculture and Forestry,農林學,Biological Sciences,生物科學,Science,科學,PSC,,,,
农专林学科,農專林學科,Agriculture and Forestry,農林學,Biological Sciences,生物科學,Science,科學,PSC,,,,
"农专林学科
研究科林学科","農專林學科
研究科林學科",Agriculture and Forestry,農林學,Biological Sciences,生物科學,Science,科學,PSC,,,,
农专林学部,農專林學部,Agriculture and Forestry,農林學,Biological Sciences,生物科學,Science,科學,PSC,,,,
农专林业科,農專林業科,Agriculture and Forestry,農林學,Biological Sciences,生物科學,Science,科學,PSC,,,,
农专农学科,農專農學科,Agriculture and Forestry,農林學,Biological Sciences,生物科學,Science,科學,PSC,,,,
"农专农学科
研究科农学科","農專農學科
研究科農學科",Agriculture and Forestry,農林學,Biological Sciences,生物科學,Science,科學,PSC,,,,
"农专农学课
研究科农学科","農專農學課
研究科農學科",Agriculture and Forestry,農林學,Biological Sciences,生物科學,Science,科學,PSC,,,,
农专农专科,農專農專科,Agriculture and Forestry,農林學,Biological Sciences,生物科學,Science,科學,PSC,,,,
农专院园专科,農專院園專科,Agriculture and Forestry,農林學,Biological Sciences,生物科學,Science,科學,PSC,,,,
农专高中部预科一年级,農專高中部預科一年級,Agriculture and Forestry,農林學,Biological Sciences,生物科學,Science,科學,PSC,,,,
农专高中部预科二年级,農專高中部預科二年級,Agriculture and Forestry,農林學,Biological Sciences,生物科學,Science,科學,PSC,,,,
农工系,農工系,Agriculture and Forestry,農林學,Biological Sciences,生物科學,Science,科學,PSC,,,,
农林,農林,Agriculture and Forestry,農林學,Biological Sciences,生物科學,Science,科學,PSC,,,,
农林化学,農林化學,Agriculture and Forestry,農林學,Biological Sciences,生物科學,Science,科學,PSC,,,,
农业,農業,Agriculture and Forestry,農林學,Biological Sciences,生物科學,Science,科學,PSC,,,,
农业化学,農業化學,Agriculture and Forestry,農林學,Biological Sciences,生物科學,Science,科學,PSC,,,,
农业化学学系,農業化學學系,Agriculture and Forestry,農林學,Biological Sciences,生物科學,Science,科學,PSC,,,,
农业化工系,農業化工系,Agriculture and Forestry,農林學,Biological Sciences,生物科學,Science,科學,PSC,,,,
农业化业,農業化業,Agriculture and Forestry,農林學,Biological Sciences,生物科學,Science,科學,PSC,,,,
农业化系,農業化系,Agriculture and Forestry,農林學,Biological Sciences,生物科學,Science,科學,PSC,,,,
农业学系,農業學系,Agriculture and Forestry,農林學,Biological Sciences,生物科學,Science,科學,PSC,,,,
农业专修园艺组,農業專修園藝組,Agriculture and Forestry,農林學,Biological Sciences,生物科學,Science,科學,PSC,,,,
农业专修科园艺组,農業專修科園藝組,Agriculture and Forestry,農林學,Biological Sciences,生物科學,Science,科學,PSC,,,,
农业专修科普通农业组,農業專修科普通農業組,Agriculture and Forestry,農林學,Biological Sciences,生物科學,Science,科學,PSC,,,,
农业教养所,農業教養所,Agriculture and Forestry,農林學,Biological Sciences,生物科學,Science,科學,PSC,,,,
农业社会,農業社會,Agriculture and Forestry,農林學,Biological Sciences,生物科學,Science,科學,PSC,,,,
农业社会学系,農業社會學系,Agriculture and Forestry,農林學,Biological Sciences,生物科學,Science,科學,PSC,,,,
农业社会科,農業社會科,Agriculture and Forestry,農林學,Biological Sciences,生物科學,Science,科學,PSC,,,,
农业社会系,農業社會系,Agriculture and Forestry,農林學,Biological Sciences,生物科學,Science,科學,PSC,,,,
农业社会系（廿五年度起改称农业经济学系）,農業社會系（廿五年度起改稱農業經濟學系）,Agriculture and Forestry,農林學,Biological Sciences,生物科學,Science,科學,PSC,,,,
农业经济,農業經濟,Agriculture and Forestry,農林學,Biological Sciences,生物科學,Science,科學,PSC,,,,
农业经济学系,農業經濟學系,Agriculture and Forestry,農林學,Biological Sciences,生物科學,Science,科學,PSC,,,,
农业经济学系一年级,農業經濟學系一年級,Agriculture and Forestry,農林學,Biological Sciences,生物科學,Science,科學,PSC,,,,
农业经济学系三年级,農業經濟學系三年級,Agriculture and Forestry,農林學,Biological Sciences,生物科學,Science,科學,PSC,,,,
农业经济学系四年级,農業經濟學系四年級,Agriculture and Forestry,農林學,Biological Sciences,生物科學,Science,科學,PSC,,,,
农业经济系,農業經濟系,Agriculture and Forestry,農林學,Biological Sciences,生物科學,Science,科學,PSC,,,,
农业经济系一年级,農業經濟系一年級,Agriculture and Forestry,農林學,Biological Sciences,生物科學,Science,科學,PSC,,,,
农业经济系三年级,農業經濟系三年級,Agriculture and Forestry,農林學,Biological Sciences,生物科學,Science,科學,PSC,,,,
农机,農機,Agriculture and Forestry,農林學,Biological Sciences,生物科學,Science,科學,PSC,,,,
农物,農物,Agriculture and Forestry,農林學,Biological Sciences,生物科學,Science,科學,PSC,,,,
农生,農生,Agriculture and Forestry,農林學,Biological Sciences,生物科學,Science,科學,PSC,,,,
农社学系,農社學系,Agriculture and Forestry,農林學,Biological Sciences,生物科學,Science,科學,PSC,,,,
农科,農科,Agriculture and Forestry,農林學,Biological Sciences,生物科學,Science,科學,PSC,,,,
农科，1年级,農科，1年級,Agriculture and Forestry,農林學,Biological Sciences,生物科學,Science,科學,PSC,,,,
农科，2年级,農科，2年級,Agriculture and Forestry,農林學,Biological Sciences,生物科學,Science,科學,PSC,,,,
农科专门部,農科專門部,Agriculture and Forestry,農林學,Biological Sciences,生物科學,Science,科學,PSC,,,,
农科本科，1年级,農科本科，1年級,Agriculture and Forestry,農林學,Biological Sciences,生物科學,Science,科學,PSC,,,,
农科研究所,農科研究所,Agriculture and Forestry,農林學,Biological Sciences,生物科學,Science,科學,PSC,,,,
农科研究所土壤学部,農科研究所土壤學部,Agriculture and Forestry,農林學,Biological Sciences,生物科學,Science,科學,PSC,,,,
农科研究所土壤研究部,農科研究所土壤研究部,Agriculture and Forestry,農林學,Biological Sciences,生物科學,Science,科學,PSC,,,,
农组,農組,Agriculture and Forestry,農林學,Biological Sciences,生物科學,Science,科學,PSC,,,,
农经,農經,Agriculture and Forestry,農林學,Biological Sciences,生物科學,Science,科學,PSC,,,,
农经学系,農經學系,Agriculture and Forestry,農林學,Biological Sciences,生物科學,Science,科學,PSC,,,,
农经系,農經系,Agriculture and Forestry,農林學,Biological Sciences,生物科學,Science,科學,PSC,,,,
农经系一年级,農經系一年級,Agriculture and Forestry,農林學,Biological Sciences,生物科學,Science,科學,PSC,,,,
农艺,農藝,Agriculture and Forestry,農林學,Biological Sciences,生物科學,Science,科學,PSC,,,,
农艺化,農藝化,Agriculture and Forestry,農林學,Biological Sciences,生物科學,Science,科學,PSC,,,,
农艺学,農藝學,Agriculture and Forestry,農林學,Biological Sciences,生物科學,Science,科學,PSC,,,,
农艺学系,農藝學系,Agriculture and Forestry,農林學,Biological Sciences,生物科學,Science,科學,PSC,,,,
农艺学系一年级,農藝學系一年級,Agriculture and Forestry,農林學,Biological Sciences,生物科學,Science,科學,PSC,,,,
农艺学系四年级,農藝學系四年級,Agriculture and Forestry,農林學,Biological Sciences,生物科學,Science,科學,PSC,,,,
农艺科,農藝科,Agriculture and Forestry,農林學,Biological Sciences,生物科學,Science,科學,PSC,,,,
农艺系,農藝系,Agriculture and Forestry,農林學,Biological Sciences,生物科學,Science,科學,PSC,,,,
农艺系一年级,農藝系一年級,Agriculture and Forestry,農林學,Biological Sciences,生物科學,Science,科學,PSC,,,,
农艺系三年级,農藝系三年級,Agriculture and Forestry,農林學,Biological Sciences,生物科學,Science,科學,PSC,,,,
农艺系二年级,農藝系二年級,Agriculture and Forestry,農林學,Biological Sciences,生物科學,Science,科學,PSC,,,,
农转农学科,農轉農學科,Agriculture and Forestry,農林學,Biological Sciences,生物科學,Science,科學,PSC,,,,
农医组,農醫組,Agriculture and Forestry,農林學,Biological Sciences,生物科學,Science,科學,PSC,,,,
农院土壤学研所,農院土壤學研所,Agriculture and Forestry,農林學,Biological Sciences,生物科學,Science,科學,PSC,,,,
农院森林系,農院森林系,Agriculture and Forestry,農林學,Biological Sciences,生物科學,Science,科學,PSC,,,,
造园,造園,Agriculture and Forestry,農林學,Biological Sciences,生物科學,Science,科學,PSC,,,,
"附设
农业教养所","附設
農業教養所",Agriculture and Forestry,農林學,Biological Sciences,生物科學,Science,科學,PSC,,,,
"附设农业教员
养成所","附設農業教員
養成所",Agriculture and Forestry,農林學,Biological Sciences,生物科學,Science,科學,PSC,,,,
附设农业教员养成所,附設農業教員養成所,Agriculture and Forestry,農林學,Biological Sciences,生物科學,Science,科學,PSC,,,,
附设农业教养所,附設農業教養所,Agriculture and Forestry,農林學,Biological Sciences,生物科學,Science,科學,PSC,,,,
高中部农科一年级,高中部農科一年級,Agriculture and Forestry,農林學,Biological Sciences,生物科學,Science,科學,PSC,,,,
SCIENCE,HISTORY,ALGOTRA,HISTORY,SCIENCE,ALGOTRA,History,歷史,Humanities,人文學科,Humanities and Social Sciences,人文社會科學,HUM
解剖学和生理学,解剖學和生理學,Anatomy and Physiology ,解剖學和生理學,Health Sciences,健康科學,Science,科學,PSC,,,,
人类,人類,Anthropology,人類學,Social Sciences,社會科學,Humanities and Social Sciences,人文社會科學,PSC,,,,
人类学,人類學,Anthropology,人類學,Social Sciences,社會科學,Humanities and Social Sciences,人文社會科學,PSC,,,,
人类学研究所,人類學研究所,Anthropology,人類學,Social Sciences,社會科學,Humanities and Social Sciences,人文社會科學,PSC,,,,
人类学系,人類學系,Anthropology,人類學,Social Sciences,社會科學,Humanities and Social Sciences,人文社會科學,PSC,,,,
文学院人类研究所,文學院人類研究所,Anthropology,人類學,Social Sciences,社會科學,Humanities and Social Sciences,人文社會科學,PSC,,,,
文学院史地研究所人类组,文學院史地研究所人類組,Anthropology,人類學,Social Sciences,社會科學,Humanities and Social Sciences,人文社會科學,PSC,,,,
文理_人类,文理_人類,Anthropology,人類學,Social Sciences,社會科學,Humanities and Social Sciences,人文社會科學,PSC,,,,
理 人类,理 人類,Anthropology,人類學,Social Sciences,社會科學,Humanities and Social Sciences,人文社會科學,PSC,,,,
理 人类学,理 人類學,Anthropology,人類學,Social Sciences,社會科學,Humanities and Social Sciences,人文社會科學,PSC,,,,
Archaeology,Archaeology,Archeaology,考古學,Humanities,人文學科,Humanities and Social Sciences,人文社會科學,PSC,,,,
考古,考古,Archeaology,考古學,Humanities,人文學科,Humanities and Social Sciences,人文社會科學,PSC,,,,
考古学,考古學,Archeaology,考古學,Humanities,人文學科,Humanities and Social Sciences,人文社會科學,PSC,,,,
工 建筑系 乙,工 建築系 乙,Architecture,建築學,Humanities,人文學科,Humanities and Social Sciences,人文社會科學,PSC,,,,
工来民用房屋建筑,工來民用房屋建築,Architecture,建築學,Engineering Sciences,工程科學,Engineering,工程,PSC,,,,
工业及民用建筑结构,工業及民用建築結構,Architecture,建築學,Engineering Sciences,工程科學,Engineering,工程,PSC,,,,
工业民用建筑,工業民用建築,Architecture,建築學,Engineering Sciences,工程科學,Engineering,工程,PSC,,,,
工业民用房屋建筑,工業民用房屋建築,Architecture,建築學,Engineering Sciences,工程科學,Engineering,工程,PSC,,,,
工业民用房屋建筑专业,工業民用房屋建築專業,Architecture,建築學,Engineering Sciences,工程科學,Engineering,工程,PSC,,,,
工业民用词语建筑专业,工業民用詞語建築專業,Architecture,建築學,Engineering Sciences,工程科學,Engineering,工程,PSC,,,,
工业与民用建筑,工業與民用建築,Architecture,建築學,Engineering Sciences,工程科學,Engineering,工程,PSC,,,,
工业与民用建筑-工程测量,工業與民用建築-工程測量,Architecture,建築學,Engineering Sciences,工程科學,Engineering,工程,PSC,,,,
工业与民用建筑-建筑,工業與民用建築-建築,Architecture,建築學,Engineering Sciences,工程科學,Engineering,工程,PSC,,,,
工业与民用建筑专业,工業與民用建築專業,Architecture,建築學,Engineering Sciences,工程科學,Engineering,工程,PSC,,,,
工业与民用房屋建筑,工業與民用房屋建築,Architecture,建築學,Engineering Sciences,工程科學,Engineering,工程,PSC,,,,
建,建,Architecture,建築學,Engineering Sciences,工程科學,Engineering,工程,PSC,,,,
建筑,建築,Architecture,建築學,Engineering Sciences,工程科學,Engineering,工程,PSC,,,,
建筑 一年,建築 一年,Architecture,建築學,Engineering Sciences,工程科學,Engineering,工程,PSC,,,,
建筑学,建築學,Architecture,建築學,Engineering Sciences,工程科學,Engineering,工程,PSC,,,,
建筑学系,建築學系,Architecture,建築學,Engineering Sciences,工程科學,Engineering,工程,PSC,,,,
建筑科,建築科,Architecture,建築學,Engineering Sciences,工程科學,Engineering,工程,PSC,,,,
建筑系,建築系,Architecture,建築學,Engineering Sciences,工程科學,Engineering,工程,PSC,,,,
建筑设备,建築設備,Architecture,建築學,Engineering Sciences,工程科學,Engineering,工程,PSC,,,,
房屋建筑,房屋建築,Architecture,建築學,Engineering Sciences,工程科學,Engineering,工程,PSC,,,,
房屋建筑学,房屋建築學,Architecture,建築學,Engineering Sciences,工程科學,Engineering,工程,PSC,,,,
房屋建筑学专业,房屋建築學專業,Architecture,建築學,Engineering Sciences,工程科學,Engineering,工程,PSC,,,,
赣县建筑系,贛縣建築系,Architecture,建築學,Engineering Sciences,工程科學,Engineering,工程,PSC,,,,
天？,天？,Astronomy and Astrophysics,天文學和天體物理學,Physical Sciences,,Science,科學,PSC,,,,
天？系,天？系,Astronomy and Astrophysics,天文學和天體物理學,Physical Sciences,,Science,科學,PSC,,,,
天数系,天數系,Astronomy and Astrophysics,天文學和天體物理學,Physical Sciences,,Science,科學,PSC,,,,
天文,天文,Astronomy and Astrophysics,天文學和天體物理學,Physical Sciences,,Science,科學,PSC,,,,
,天文學,Astronomy and Astrophysics,天文學和天體物理學,Physical Sciences,,Science,科學,PSC,,,,
天文学和天体物理学,天文學和天體物理學,Astronomy and Astrophysics,天文學和天體物理學,Physical Sciences,,Science,科學,PSC,,,,
天文数学,天文數學,Astronomy and Astrophysics,天文學和天體物理學,Physical Sciences,,Science,科學,PSC,,,,
天文系,天文系,Astronomy and Astrophysics,天文學和天體物理學,Physical Sciences,,Science,科學,PSC,,,,
天算,天算,Astronomy and Astrophysics,天文學和天體物理學,Physical Sciences,,Science,科學,PSC,,,,
天算系,天算系,Astronomy and Astrophysics,天文學和天體物理學,Physical Sciences,,Science,科學,PSC,,,,
数天,數天,Astronomy and Astrophysics,天文學和天體物理學,Physical Sciences,物理科學,Science,科學,PSC,,,,
数天系,數天系,Astronomy and Astrophysics,天文學和天體物理學,Physical Sciences,物理科學,Science,科學,PSC,,,,
数学天文,數學天文,Astronomy and Astrophysics,天文學和天體物理學,Physical Sciences,物理科學,Science,科學,PSC,,,,
数学天文（师范）,數學天文（師範）,Astronomy and Astrophysics,天文學和天體物理學,Physical Sciences,物理科學,Science,科學,PSC,,,,
数学天文系,數學天文系,Astronomy and Astrophysics,天文學和天體物理學,Physical Sciences,物理科學,Science,科學,PSC,,,,
理 天文,理 天文,Astronomy and Astrophysics,天文學與天體物理學,Physical Sciences,物理科學,Science,科學,PSC,,,,
理学院天数系,理學院天數系,Astronomy and Astrophysics,天文學和天體物理學,Physical Sciences,,Science,科學,PSC,,,,
理学院数天系,理學院數天系,Astronomy and Astrophysics,天文學和天體物理學,Physical Sciences,,Science,科學,PSC,,,,
理学院数学天文系,理學院數學天文系,Astronomy and Astrophysics,天文學和天體物理學,Physical Sciences,,Science,科學,PSC,,,,
理工学院数学天文学系,理工學院數學天文學系,Astronomy and Astrophysics,天文學和天體物理學,Physical Sciences,,Science,科學,PSC,,,,
自然科学科算学天文学系,自然科學科算學天文學系,Astronomy and Astrophysics,天文學和天體物理學,Physical Sciences,,Science,科學,PSC,,,,
自然科学算术天文学系,自然科學算術天文學系,Astronomy and Astrophysics,天文學和天體物理學,Physical Sciences,,Science,科學,PSC,,,,
细菌学与微生物学,細菌學與微生物學,Bacteriology and Microbiology,細菌學與微生物學,Biological Sciences,生物科學,Science,科學,PSC,,,,
生物化学,生物化學,Biological Chemistry,生物化學,Biological Sciences,生物科學,Science,科學,PSC,,,,
BIOLOGY,BIOLOGY,Biology,生物學,Biological Sciences,生物科學,Science,科學,PSC,,,,
Cytology,Cytology,Biology,生物學,Biological Sciences,生物科學,Science,科學,PSC,,,,
"化学
生物","化學
生物",Biology,生物學,Biological Sciences,生物科學,Science,科學,PSC,,,,
化学主系：生物学副系,化學主系：生物學副系,Biology,生物學,Biological Sciences,生物科學,Science,科學,PSC,,,,
化学主系生物学副系,化學主系生物學副系,Biology,生物學,Biological Sciences,生物科學,Science,科學,PSC,,,,
教育主系：生物学副系,教育主系：生物學副系,Biology,生物學,Biological Sciences,生物科學,Science,科學,PSC,,,,
昆虫,昆蟲,Biology,生物學,Biological Sciences,生物科學,Science,科學,PSC,,,,
昆虫学组,昆蟲學組,Biology,生物學,Biological Sciences,生物科學,Science,科學,PSC,,,,
昆虫学部,昆蟲學部,Biology,生物學,Biological Sciences,生物科學,Science,科學,PSC,,,,
昆虫研究所,昆蟲研究所,Biology,生物學,Biological Sciences,生物科學,Science,科學,PSC,,,,
昆虫系,昆蟲系,Biology,生物學,Biological Sciences,生物科學,Science,科學,PSC,,,,
昆虫组,昆蟲組,Biology,生物學,Biological Sciences,生物科學,Science,科學,PSC,,,,
暂不入系 生物,暫不入系 生物,Biology,生物學,Biological Sciences,生物科學,Science,科學,PSC,,,,
,水產學,Biology,生物學,Biological Sciences,生物科學,Science,科學,PSC,,,,
理学院生物学,理學院生物學,Biology,生物學,Biological Sciences,生物科學,Science,科學,PSC,,,,
理学院生物学系,理學院生物學系,Biology,生物學,Biological Sciences,生物科學,Science,科學,PSC,,,,
理学院生物学系一年级,理學院生物學系一年級,Biology,生物學,Biological Sciences,生物科學,Science,科學,PSC,,,,
理学院生物研究所,理學院生物研究所,Biology,生物學,Biological Sciences,生物科學,Science,科學,PSC,,,,
理学院生物研究部,理學院生物研究部,Biology,生物學,Biological Sciences,生物科學,Science,科學,PSC,,,,
理学院生物系,理學院生物系,Biology,生物學,Biological Sciences,生物科學,Science,科學,PSC,,,,
理学院生物系三年级,理學院生物系三年級,Biology,生物學,Biological Sciences,生物科學,Science,科學,PSC,,,,
理学院生物系二年级,理學院生物系二年級,Biology,生物學,Biological Sciences,生物科學,Science,科學,PSC,,,,
理学院生物系动物组,理學院生物系動物組,Biology,生物學,Biological Sciences,生物科學,Science,科學,PSC,,,,
理工学院生物学系,理工學院生物學系,Biology,生物學,Biological Sciences,生物科學,Science,科學,PSC,,,,
理工学院生物系,理工學院生物系,Biology,生物學,Biological Sciences,生物科學,Science,科學,PSC,,,,
理科生物学,理科生物學,Biology,生物學,Biological Sciences,生物科學,Science,科學,PSC,,,,
理科研究所生物部,理科研究所生物部,Biology,生物學,Biological Sciences,生物科學,Science,科學,PSC,,,,
生物,生物,Biology,生物學,Biological Sciences,生物科學,Science,科學,PSC,,,,
"生物
教育","生物
教育",Biology,生物學,Biological Sciences,生物科學,Science,科學,PSC,,,,
生物 一年,生物 一年,Biology,生物學,Biological Sciences,生物科學,Science,科學,PSC,,,,
生物 学系,生物 學系,Biology,生物學,Biological Sciences,生物科學,Science,科學,PSC,,,,
生物（师范）,生物（師範）,Biology,生物學,Biological Sciences,生物科學,Science,科學,PSC,,,,
生物主系,生物主系,Biology,生物學,Biological Sciences,生物科學,Science,科學,PSC,,,,
生物主系：化学副系,生物主系：化學副系,Biology,生物學,Biological Sciences,生物科學,Science,科學,PSC,,,,
生物学,生物學,Biology,生物學,Biological Sciences,生物科學,Science,科學,PSC,,,,
生物学系,生物學系,Biology,生物學,Biological Sciences,生物科學,Science,科學,PSC,,,,
生物学系动物组,生物學系動物組,Biology,生物學,Biological Sciences,生物科學,Science,科學,PSC,,,,
生物学部,生物學部,Biology,生物學,Biological Sciences,生物科學,Science,科學,PSC,,,,
生物学类研究生,生物學類研究生,Biology,生物學,Biological Sciences,生物科學,Science,科學,PSC,,,,
生物科，2年级,生物科，2年級,Biology,生物學,Biological Sciences,生物科學,Science,科學,PSC,,,,
生物科，毕业,生物科，畢業,Biology,生物學,Biological Sciences,生物科學,Science,科學,PSC,,,,
生物系,生物系,Biology,生物學,Biological Sciences,生物科學,Science,科學,PSC,,,,
生物部,生物部,Biology,生物學,Biological Sciences,生物科學,Science,科學,PSC,,,,
生物部生理组,生物部生理組,Biology,生物學,Biological Sciences,生物科學,Science,科學,PSC,,,,
生物医预科,生物醫預科,Biology,生物學,Biological Sciences,生物科學,Science,科學,PSC,,,,
生物医预组 一年,生物醫預組 一年,Biology,生物學,Biological Sciences,生物科學,Science,科學,PSC,,,,
,病害虫學,Biology,生物學,Biological Sciences,生物科學,Science,科學,PSC,,,,
细菌学研究所,細菌學研究所,Biology,生物學,Biological Sciences,生物科學,Science,科學,PSC,,,,
,育種學,Biology,生物學,Biological Sciences,生物科學,Science,科學,PSC,,,,
旧本科,舊本科,Biology,生物學,Biological Sciences,生物科學,Science,科學,PSC,,,,
农学院生物学系,農學院生物學系,Biology,生物學,Biological Sciences,生物科學,Science,科學,PSC,,,,
农学院生物学系一年级,農學院生物學系一年級,Biology,生物學,Biological Sciences,生物科學,Science,科學,PSC,,,,
农学院农林生物系,農學院農林生物系,Biology,生物學,Biological Sciences,生物科學,Science,科學,PSC,,,,
农学院农业生物系,農學院農業生物系,Biology,生物學,Biological Sciences,生物科學,Science,科學,PSC,,,,
农业生物,農業生物,Biology,生物學,Biological Sciences,生物科學,Science,科學,PSC,,,,
文理_生物,文理_生物,Biology and Genetics,生物學,Biological Sciences,生物科學,Science,科學,PSC,,,,
理_生物,理_生物,Biology and Genetics,生物學,Biological Sciences,生物科學,Science,科學,PSC,,,,
植学系,植學系,Botany and Plant Culture,植物學,Biological Sciences,生物科學,Science,科學,PSC,,,,
植物,植物,Botany and Plant Culture,植物學,Biological Sciences,生物科學,Science,科學,PSC,,,,
植物学,植物學,Botany and Plant Culture,植物學,Biological Sciences,生物科學,Science,科學,PSC,,,,
植物学系,植物學系,Botany and Plant Culture,植物學,Biological Sciences,生物科學,Science,科學,PSC,,,,
植物生理学部,植物生理學部,Botany and Plant Culture,植物學,Biological Sciences,生物科學,Science,科學,PSC,,,,
植物病理,植物病理,Botany and Plant Culture,植物學,Biological Sciences,生物科學,Science,科學,PSC,,,,
植物病理系,植物病理系,Botany and Plant Culture,植物學,Biological Sciences,生物科學,Science,科學,PSC,,,,
植物病虫害,植物病蟲害,Botany and Plant Culture,植物學,Biological Sciences,生物科學,Science,科學,PSC,,,,
植物病虫害学系,植物病蟲害學系,Botany and Plant Culture,植物學,Biological Sciences,生物科學,Science,科學,PSC,,,,
植物病虫害系,植物病蟲害系,Botany and Plant Culture,植物學,Biological Sciences,生物科學,Science,科學,PSC,,,,
植物病虫系,植物病蟲系,Botany and Plant Culture,植物學,Biological Sciences,生物科學,Science,科學,PSC,,,,
植物组,植物組,Botany and Plant Culture,植物學,Biological Sciences,生物科學,Science,科學,PSC,,,,
植病,植病,Botany and Plant Culture,植物學,Biological Sciences,生物科學,Science,科學,PSC,,,,
植病学系,植病學系,Botany and Plant Culture,植物學,Biological Sciences,生物科學,Science,科學,PSC,,,,
植病系,植病系,Botany and Plant Culture,植物學,Biological Sciences,生物科學,Science,科學,PSC,,,,
植研究所,植研究所,Botany and Plant Culture,植物學,Biological Sciences,生物科學,Science,科學,PSC,,,,
理学院植物学系,理學院植物學系,Botany and Plant Culture,植物學,Biological Sciences,生物科學,Science,科學,PSC,,,,
理学院植物学系一年级,理學院植物學系一年級,Botany and Plant Culture,植物學,Biological Sciences,生物科學,Science,科學,PSC,,,,
理学院植物系,理學院植物系,Botany and Plant Culture,植物學,Biological Sciences,生物科學,Science,科學,PSC,,,,
病虫学系,病蟲學系,Botany and Plant Culture,植物學,Biological Sciences,生物科學,Science,科學,PSC,,,,
病虫害,病蟲害,Botany and Plant Culture,植物學,Biological Sciences,生物科學,Science,科學,PSC,,,,
病虫害学系,病蟲害學系,Botany and Plant Culture,植物學,Biological Sciences,生物科學,Science,科學,PSC,,,,
病虫系,病蟲系,Botany and Plant Culture,植物學,Biological Sciences,生物科學,Science,科學,PSC,,,,
病蠢害学系,病蠢害學系,Botany and Plant Culture,植物學,Biological Sciences,生物科學,Science,科學,PSC,,,,
自然科学动植物,自然科學動植物,Botany and Plant Culture,植物學,Biological Sciences,生物科學,Science,科學,PSC,,,,
,葉學,Botany and Plant Culture,植物學,Biological Sciences,生物科學,Science,科學,PSC,,,,
,蠶桑學,Botany and Plant Culture,植物學,Biological Sciences,生物科學,Science,科學,PSC,,,,
农学院应用植物系,農學院應用植物系,Botany and Plant Culture,植物學,Biological Sciences,生物科學,Science,科學,PSC,,,,
农学院应用植物组,農學院應用植物組,Botany and Plant Culture,植物學,Biological Sciences,生物科學,Science,科學,PSC,,,,
农学院森林学系植物学组,農學院森林學系植物學組,Botany and Plant Culture,植物學,Biological Sciences,生物科學,Science,科學,PSC,,,,
农学院森林系应用植物组,農學院森林系應用植物組,Botany and Plant Culture,植物學,Biological Sciences,生物科學,Science,科學,PSC,,,,
农学院森林系应用植物组转农学院园艺系,農學院森林系應用植物組轉農學院園藝系,Botany and Plant Culture,植物學,Biological Sciences,生物科學,Science,科學,PSC,,,,
农学院森林系植物组,農學院森林系植物組,Botany and Plant Culture,植物學,Biological Sciences,生物科學,Science,科學,PSC,,,,
农学院植学系,農學院植學系,Botany and Plant Culture,植物學,Biological Sciences,生物科學,Science,科學,PSC,,,,
农学院植物学,農學院植物學,Botany and Plant Culture,植物學,Biological Sciences,生物科學,Science,科學,PSC,,,,
农学院植物学系,農學院植物學系,Botany and Plant Culture,植物學,Biological Sciences,生物科學,Science,科學,PSC,,,,
农学院植物生产系,農學院植物生産系,Botany and Plant Culture,植物學,Biological Sciences,生物科學,Science,科學,PSC,,,,
农学院植物病理学系,農學院植物病理學系,Botany and Plant Culture,植物學,Biological Sciences,生物科學,Science,科學,PSC,,,,
农学院植物病理系,農學院植物病理系,Botany and Plant Culture,植物學,Biological Sciences,生物科學,Science,科學,PSC,,,,
农学院植物病虫害学系,農學院植物病蟲害學系,Botany and Plant Culture,植物學,Biological Sciences,生物科學,Science,科學,PSC,,,,
农学院植物病虫害系,農學院植物病蟲害系,Botany and Plant Culture,植物學,Biological Sciences,生物科學,Science,科學,PSC,,,,
农学院植物病虫系,農學院植物病蟲系,Botany and Plant Culture,植物學,Biological Sciences,生物科學,Science,科學,PSC,,,,
农学院植物病虫系昆虫组,農學院植物病蟲系昆蟲組,Botany and Plant Culture,植物學,Biological Sciences,生物科學,Science,科學,PSC,,,,
农学院植物系,農學院植物系,Botany and Plant Culture,植物學,Biological Sciences,生物科學,Science,科學,PSC,,,,
农学院植物系应用植物组,農學院植物系應用植物組,Botany and Plant Culture,植物學,Biological Sciences,生物科學,Science,科學,PSC,,,,
农学院植病研究所,農學院植病研究所,Botany and Plant Culture,植物學,Biological Sciences,生物科學,Science,科學,PSC,,,,
农学院植病系,農學院植病系,Botany and Plant Culture,植物學,Biological Sciences,生物科學,Science,科學,PSC,,,,
农学院植病组,農學院植病組,Botany and Plant Culture,植物學,Biological Sciences,生物科學,Science,科學,PSC,,,,
农学院植病虫害系,農學院植病蟲害系,Botany and Plant Culture,植物學,Biological Sciences,生物科學,Science,科學,PSC,,,,
农学院病虫害学系,農學院病蟲害學系,Botany and Plant Culture,植物學,Biological Sciences,生物科學,Science,科學,PSC,,,,
农学院病虫害学系昆虫组,農學院病蟲害學系昆蟲組,Botany and Plant Culture,植物學,Biological Sciences,生物科學,Science,科學,PSC,,,,
农学院病虫害系,農學院病蟲害系,Botany and Plant Culture,植物學,Biological Sciences,生物科學,Science,科學,PSC,,,,
农学院病虫害系昆虫组,農學院病蟲害系昆蟲組,Botany and Plant Culture,植物學,Biological Sciences,生物科學,Science,科學,PSC,,,,
农学院病虫害系植物病理组,農學院病蟲害系植物病理組,Botany and Plant Culture,植物學,Biological Sciences,生物科學,Science,科學,PSC,,,,
农学院病虫害系植病组,農學院病蟲害系植病組,Botany and Plant Culture,植物學,Biological Sciences,生物科學,Science,科學,PSC,,,,
农学院病虫害系转农学院农业经济系,農學院病蟲害系轉農學院農業經濟系,Botany and Plant Culture,植物學,Biological Sciences,生物科學,Science,科學,PSC,,,,
农学院农艺学部植物病理组,農學院農藝學部植物病理組,Botany and Plant Culture,植物學,Biological Sciences,生物科學,Science,科學,PSC,,,,
农学院农艺研究所植物病理组,農學院農藝研究所植物病理組,Botany and Plant Culture,植物學,Biological Sciences,生物科學,Science,科學,PSC,,,,
农学院农艺系作物组转农学院植病系,農學院農藝系作物組轉農學院植病系,Botany and Plant Culture,植物學,Biological Sciences,生物科學,Science,科學,PSC,,,,
农学院农艺系土壤组转农学院植病系,農學院農藝系土壤組轉農學院植病系,Botany and Plant Culture,植物學,Biological Sciences,生物科學,Science,科學,PSC,,,,
农业植物学系,農業植物學系,Botany and Plant Culture,植物學,Biological Sciences,生物科學,Science,科學,PSC,,,,
农业植物学系（廿五年度起改称农艺学系）,農業植物學系（廿五年度起改稱農藝學系）,Botany and Plant Culture,植物學,Biological Sciences,生物科學,Science,科學,PSC,,,,
农科研究所植物部,農科研究所植物部,Botany and Plant Culture,植物學,Biological Sciences,生物科學,Science,科學,PSC,,,,
农科研究所农林植物学部,農科研究所農林植物學部,Botany and Plant Culture,植物學,Biological Sciences,生物科學,Science,科學,PSC,,,,
农科研究所农林植物部,農科研究所農林植物部,Botany and Plant Culture,植物學,Biological Sciences,生物科學,Science,科學,PSC,,,,
农科研究所农艺学部植病组,農科研究所農藝學部植病組,Botany and Plant Culture,植物學,Biological Sciences,生物科學,Science,科學,PSC,,,,
农艺植物学系,農藝植物學系,Botany and Plant Culture,植物學,Biological Sciences,生物科學,Science,科學,PSC,,,,
遗传与植物播种,遺傳與植物播種,Botany and Plant Culture,植物學,Biological Sciences,生物科學,Science,科學,PSC,,,,
理，植物,理，植物,Botany and Plant Culture and Plant Culture,植物學,Biological Sciences,生物科學,Science,科學,PSC,,,,
理，物理,理，物理,Botany and Plant Culture and Plant Culture,植物學,Biological Sciences,生物科學,Science,科學,PSC,,,,
BUSSINESS,BUSSINESS,Business Administration,工商管理學,Social Sciences,社會科學,Humanities and Social Sciences,人文社會科學,SSC,,,,
交通管理学院,交通管理學,Business Administration,工商管理學,Social Sciences,社會科學,Humanities and Social Sciences,人文社會科學,SSC,,,,
交通管理科,交通管理學,Business Administration,工商管理學,Social Sciences,社會科學,Humanities and Social Sciences,人文社會科學,SSC,,,,
交预,交預,Business Administration,工商管理學,Social Sciences,社會科學,Humanities and Social Sciences,人文社會科學,SSC,,,,
企业管理,企業管理,Business Administration,工商管理學,Social Sciences,社會科學,Humanities and Social Sciences,人文社會科學,SSC,,,,
企业管理学,企業管理學,Business Administration,工商管理學,Social Sciences,社會科學,Humanities and Social Sciences,人文社會科學,SSC,,,,
"优师范科
银行","優師範科
銀行",Business Administration,工商管理學,Social Sciences,社會科學,Humanities and Social Sciences,人文社會科學,SSC,,,,
南 金融,南 金融,Business Administration,工商管理學,Social Sciences,社會科學,Humanities and Social Sciences,人文社會科學,SSC,,,,
商,商,Business Administration,工商管理學,Social Sciences,社會科學,Humanities and Social Sciences,人文社會科學,SSC,,,,
商 国宴,商 國宴,Business Administration,工商管理學,Social Sciences,社會科學,Humanities and Social Sciences,人文社會科學,SSC,,,,
商 国贸,商 國貿,Business Administration,工商管理學,Social Sciences,社會科學,Humanities and Social Sciences,人文社會科學,SSC,,,,
商 国际贸易,商 國際貿易,Business Administration,工商管理學,Social Sciences,社會科學,Humanities and Social Sciences,人文社會科學,SSC,,,,
商 国际贸易 一年,商 國際貿易 一年,Business Administration,工商管理學,Social Sciences,社會科學,Humanities and Social Sciences,人文社會科學,SSC,,,,
商 国际贸易 乙,商 國際貿易 乙,Business Administration,工商管理學,Social Sciences,社會科學,Humanities and Social Sciences,人文社會科學,SSC,,,,
商 工商,商 工商,Business Administration,工商管理學,Social Sciences,社會科學,Humanities and Social Sciences,人文社會科學,SSC,,,,
商 工商管理,商 工商管理,Business Administration,工商管理學,Social Sciences,社會科學,Humanities and Social Sciences,人文社會科學,SSC,,,,
商 工商管理 一年,商 工商管理 一年,Business Administration,工商管理學,Social Sciences,社會科學,Humanities and Social Sciences,人文社會科學,SSC,,,,
商 工商管理 一年级 第一学期,商 工商管理 一年級 第一學期,Business Administration,工商管理學,Social Sciences,社會科學,Humanities and Social Sciences,人文社會科學,SSC,,,,
商 工商管理 一年级 第二学期,商 工商管理 一年級 第二學期,Business Administration,工商管理學,Social Sciences,社會科學,Humanities and Social Sciences,人文社會科學,SSC,,,,
商 工商管理 乙,商 工商管理 乙,Business Administration,工商管理學,Social Sciences,社會科學,Humanities and Social Sciences,人文社會科學,SSC,,,,
商 工商管理 二年级 第一学期,商 工商管理 二年級 第一學期,Business Administration,工商管理學,Social Sciences,社會科學,Humanities and Social Sciences,人文社會科學,SSC,,,,
商 工程,商 工程,Business Administration,工商管理學,Social Sciences,社會科學,Humanities and Social Sciences,人文社會科學,SSC,,,,
商 工管,商 工管,Business Administration,工商管理學,Social Sciences,社會科學,Humanities and Social Sciences,人文社會科學,SSC,,,,
商 工贸,商 工貿,Business Administration,工商管理學,Social Sciences,社會科學,Humanities and Social Sciences,人文社會科學,SSC,,,,
商 工锭,商 工錠,Business Administration,工商管理學,Social Sciences,社會科學,Humanities and Social Sciences,人文社會科學,SSC,,,,
商 会计,商 會計,Business Administration,工商管理學,Social Sciences,社會科學,Humanities and Social Sciences,人文社會科學,SSC,,,,
商 会计学 一年,商 會計學 一年,Business Administration,工商管理學,Social Sciences,社會科學,Humanities and Social Sciences,人文社會科學,SSC,,,,
商 会计学 一年级 第一学期,商 會計學 一年級 第一學期,Business Administration,工商管理學,Social Sciences,社會科學,Humanities and Social Sciences,人文社會科學,SSC,,,,
商 会计学 乙,商 會計學 乙,Business Administration,工商管理學,Social Sciences,社會科學,Humanities and Social Sciences,人文社會科學,SSC,,,,
商 会计学 二年级 第一学期,商 會計學 二年級 第一學期,Business Administration,工商管理學,Social Sciences,社會科學,Humanities and Social Sciences,人文社會科學,SSC,,,,
商 会计系 一年,商 會計系 一年,Business Administration,工商管理學,Social Sciences,社會科學,Humanities and Social Sciences,人文社會科學,SSC,,,,
商 会计系 乙,商 會計系 乙,Business Administration,工商管理學,Social Sciences,社會科學,Humanities and Social Sciences,人文社會科學,SSC,,,,
商 会计银行,商 會計銀行,Business Administration,工商管理學,Social Sciences,社會科學,Humanities and Social Sciences,人文社會科學,SSC,,,,
商 会银,商 會銀,Business Administration,工商管理學,Social Sciences,社會科學,Humanities and Social Sciences,人文社會科學,SSC,,,,
商 管理系 一年,商 管理系 一年,Business Administration,工商管理學,Social Sciences,社會科學,Humanities and Social Sciences,人文社會科學,SSC,,,,
商 经济,商 經濟,Business Administration,工商管理學,Social Sciences,社會科學,Humanities and Social Sciences,人文社會科學,SSC,,,,
商 补习,商 補習,Business Administration,工商管理學,Social Sciences,社會科學,Humanities and Social Sciences,人文社會科學,SSC,,,,
商 贸易系 一年,商 貿易系 一年,Business Administration,工商管理學,Social Sciences,社會科學,Humanities and Social Sciences,人文社會科學,SSC,,,,
商 贸易系 上,商 貿易系 上,Business Administration,工商管理學,Social Sciences,社會科學,Humanities and Social Sciences,人文社會科學,SSC,,,,
商 银行,商 銀行,Business Administration,工商管理學,Social Sciences,社會科學,Humanities and Social Sciences,人文社會科學,SSC,,,,
商 银行学,商 銀行學,Business Administration,工商管理學,Social Sciences,社會科學,Humanities and Social Sciences,人文社會科學,SSC,,,,
商 银行学 一年,商 銀行學 一年,Business Administration,工商管理學,Social Sciences,社會科學,Humanities and Social Sciences,人文社會科學,SSC,,,,
商 银行学 乙,商 銀行學 乙,Business Administration,工商管理學,Social Sciences,社會科學,Humanities and Social Sciences,人文社會科學,SSC,,,,
商 银行学 二年级 第一学期,商 銀行學 二年級 第一學期,Business Administration,工商管理學,Social Sciences,社會科學,Humanities and Social Sciences,人文社會科學,SSC,,,,
商 银行系 一年,商 銀行系 一年,Business Administration,工商管理學,Social Sciences,社會科學,Humanities and Social Sciences,人文社會科學,SSC,,,,
商 银行系 乙,商 銀行系 乙,Business Administration,工商管理學,Social Sciences,社會科學,Humanities and Social Sciences,人文社會科學,SSC,,,,
商国际贸,商國際貿,Business Administration,工商管理學,Social Sciences,社會科學,Humanities and Social Sciences,人文社會科學,SSC,,,,
商学,商學,Business Administration,工商管理學,Social Sciences,社會科學,Humanities and Social Sciences,人文社會科學,SSC,,,,
商学系,商學系,Business Administration,工商管理學,Social Sciences,社會科學,Humanities and Social Sciences,人文社會科學,SSC,,,,
商学经济,商學經濟,Business Administration,工商管理學,Social Sciences,社會科學,Humanities and Social Sciences,人文社會科學,SSC,,,,
商学经济系,商學經濟系,Business Administration,工商管理學,Social Sciences,社會科學,Humanities and Social Sciences,人文社會科學,SSC,,,,
商学院,商學院,Business Administration,工商管理學,Social Sciences,社會科學,Humanities and Social Sciences,人文社會科學,SSC,,,,
商学院企业管理系,商學院企業管理系,Business Administration,工商管理學,Social Sciences,社會科學,Humanities and Social Sciences,人文社會科學,SSC,,,,
商学院商学系,商學院商學系,Business Administration,工商管理學,Social Sciences,社會科學,Humanities and Social Sciences,人文社會科學,SSC,,,,
商学院工管学系,商學院工管學系,Business Administration,工商管理學,Social Sciences,社會科學,Humanities and Social Sciences,人文社會科學,SSC,,,,
商学院经济系二年,商學院經濟系二年,Business Administration,工商管理學,Social Sciences,社會科學,Humanities and Social Sciences,人文社會科學,SSC,,,,
商学院银行学系,商學院銀行學系,Business Administration,工商管理學,Social Sciences,社會科學,Humanities and Social Sciences,人文社會科學,SSC,,,,
商学院银行会计学系一年级,商學院銀行會計學系一年級,Business Administration,工商管理學,Social Sciences,社會科學,Humanities and Social Sciences,人文社會科學,SSC,,,,
商工商管理,商工商管理,Business Administration,工商管理學,Social Sciences,社會科學,Humanities and Social Sciences,人文社會科學,SSC,,,,
商会计学系,商會計學系,Business Administration,工商管理學,Social Sciences,社會科學,Humanities and Social Sciences,人文社會科學,SSC,,,,
商会银,商會銀,Business Administration,工商管理學,Social Sciences,社會科學,Humanities and Social Sciences,人文社會科學,SSC,,,,
商本科，毕业,商本科，畢業,Business Administration,工商管理學,Social Sciences,社會科學,Humanities and Social Sciences,人文社會科學,SSC,,,,
商业,商業,Business Administration,工商管理學,Social Sciences,社會科學,Humanities and Social Sciences,人文社會科學,SSC,,,,
"商业
经济","商業
經濟",Business Administration,工商管理學,Social Sciences,社會科學,Humanities and Social Sciences,人文社會科學,SSC,,,,
商业学,商業學,Business Administration,工商管理學,Social Sciences,社會科學,Humanities and Social Sciences,人文社會科學,SSC,,,,
商业专门,商業專門,Business Administration,工商管理學,Social Sciences,社會科學,Humanities and Social Sciences,人文社會科學,SSC,,,,
商业管理',商業管理',Business Administration,工商管理學,Social Sciences,社會科學,Humanities and Social Sciences,人文社會科學,SSC,,,,
商业管理科',商業管理科',Business Administration,工商管理學,Social Sciences,社會科學,Humanities and Social Sciences,人文社會科學,SSC,,,,
商业系,商業系,Business Administration,工商管理學,Social Sciences,社會科學,Humanities and Social Sciences,人文社會科學,SSC,,,,
商科,商科,Business Administration,工商管理學,Social Sciences,社會科學,Humanities and Social Sciences,人文社會科學,SSC,,,,
商科，1年级,商科，1年級,Business Administration,工商管理學,Social Sciences,社會科學,Humanities and Social Sciences,人文社會科學,SSC,,,,
商科，2年级,商科，2年級,Business Administration,工商管理學,Social Sciences,社會科學,Humanities and Social Sciences,人文社會科學,SSC,,,,
商科，3年级,商科，3年級,Business Administration,工商管理學,Social Sciences,社會科學,Humanities and Social Sciences,人文社會科學,SSC,,,,
商管理学,商管理學,Business Administration,工商管理學,Social Sciences,社會科學,Humanities and Social Sciences,人文社會科學,SSC,,,,
商院土经,商院土經,Business Administration,工商管理學,Social Sciences,社會科學,Humanities and Social Sciences,人文社會科學,SSC,,,,
国贸,國貿,Business Administration,工商管理學,Social Sciences,社會科學,Humanities and Social Sciences,人文社會科學,SSC,,,,
国际贸易,國際貿易,Business Administration,工商管理學,Social Sciences,社會科學,Humanities and Social Sciences,人文社會科學,SSC,,,,
国际贸易 一年,國際貿易 一年,Business Administration,工商管理學,Social Sciences,社會科學,Humanities and Social Sciences,人文社會科學,SSC,,,,
国际贸易科,國際貿易科,Business Administration,工商管理學,Social Sciences,社會科學,Humanities and Social Sciences,人文社會科學,SSC,,,,
国际贸易系,國際貿易系,Business Administration,工商管理學,Social Sciences,社會科學,Humanities and Social Sciences,人文社會科學,SSC,,,,
实业管理学系,實業管理學系,Business Administration,工商管理學,Social Sciences,社會科學,Humanities and Social Sciences,人文社會科學,SSC,,,,
实业门,實業門,Business Administration,工商管理學,Social Sciences,社會科學,Humanities and Social Sciences,人文社會科學,SSC,,,,
工.管理学院电机工程.电信管理系,工.管理學院電機工程.電信管理系,Business Administration,工商管理學,Social Sciences,社會科學,Humanities and Social Sciences,人文社會科學,SSC,,,,
工合,工合,Business Administration,工商管理學,Social Sciences,社會科學,Humanities and Social Sciences,人文社會科學,SSC,,,,
工商,工商,Business Administration,工商管理學,Social Sciences,社會科學,Humanities and Social Sciences,人文社會科學,SSC,,,,
工商管理,工商管理,Business Administration,工商管理學,Social Sciences,社會科學,Humanities and Social Sciences,人文社會科學,SSC,,,,
工商管理 一年,工商管理 一年,Business Administration,工商管理學,Social Sciences,社會科學,Humanities and Social Sciences,人文社會科學,SSC,,,,
工商管理学系,工商管理學系,Business Administration,工商管理學,Social Sciences,社會科學,Humanities and Social Sciences,人文社會科學,SSC,,,,
工商管理学系一年级,工商管理學系一年級,Business Administration,工商管理學,Social Sciences,社會科學,Humanities and Social Sciences,人文社會科學,SSC,,,,
工商管理学系三年级,工商管理學系三年級,Business Administration,工商管理學,Social Sciences,社會科學,Humanities and Social Sciences,人文社會科學,SSC,,,,
工商管理学系四年级,工商管理學系四年級,Business Administration,工商管理學,Social Sciences,社會科學,Humanities and Social Sciences,人文社會科學,SSC,,,,
工商管理系,工商管理系,Business Administration,工商管理學,Social Sciences,社會科學,Humanities and Social Sciences,人文社會科學,SSC,,,,
工商管理系一年级,工商管理系一年級,Business Administration,工商管理學,Social Sciences,社會科學,Humanities and Social Sciences,人文社會科學,SSC,,,,
工商管理系三年级,工商管理系三年級,Business Administration,工商管理學,Social Sciences,社會科學,Humanities and Social Sciences,人文社會科學,SSC,,,,
工商系,工商系,Business Administration,工商管理學,Social Sciences,社會科學,Humanities and Social Sciences,人文社會科學,SSC,,,,
工商系一年级,工商系一年級,Business Administration,工商管理學,Social Sciences,社會科學,Humanities and Social Sciences,人文社會科學,SSC,,,,
工学系工业管理,工學系工業管理,Business Administration,工商管理學,Social Sciences,社會科學,Humanities and Social Sciences,人文社會科學,SSC,,,,
工学系运输管理,工學系運輸管理,Business Administration,工商管理學,Social Sciences,社會科學,Humanities and Social Sciences,人文社會科學,SSC,,,,
工学院工业管理学系,工學院工業管理學系,Business Administration,工商管理學,Social Sciences,社會科學,Humanities and Social Sciences,人文社會科學,SSC,,,,
工学院工业管理工程系,工學院工業管理工程系,Business Administration,工商管理學,Social Sciences,社會科學,Humanities and Social Sciences,人文社會科學,SSC,,,,
工学院工业管理系,工學院工業管理系,Business Administration,工商管理學,Social Sciences,社會科學,Humanities and Social Sciences,人文社會科學,SSC,,,,
工学院机械工程.工业管理系,工學院機械工程.工業管理系,Business Administration,工商管理學,Social Sciences,社會科學,Humanities and Social Sciences,人文社會科學,SSC,,,,
工业企业电气化,工業企業電氣化,Business Administration,工商管理學,Social Sciences,社會科學,Humanities and Social Sciences,人文社會科學,SSC,,,,
工业分析,工業分析,Business Administration,工商管理學,Social Sciences,社會科學,Humanities and Social Sciences,人文社會科學,SSC,,,,
工业管理,工業管理,Business Administration,工商管理學,Social Sciences,社會科學,Humanities and Social Sciences,人文社會科學,SSC,,,,
工业管理系,工業管理系,Business Administration,工商管理學,Social Sciences,社會科學,Humanities and Social Sciences,人文社會科學,SSC,,,,
工管,工管,Business Administration,工商管理學,Social Sciences,社會科學,Humanities and Social Sciences,人文社會科學,SSC,,,,
工管系,工管系,Business Administration,工商管理學,Social Sciences,社會科學,Humanities and Social Sciences,人文社會科學,SSC,,,,
工管系一年级,工管系一年級,Business Administration,工商管理學,Social Sciences,社會科學,Humanities and Social Sciences,人文社會科學,SSC,,,,
工贸系,工貿系,Business Administration,工商管理學,Social Sciences,社會科學,Humanities and Social Sciences,人文社會科學,SSC,,,,
文学院商学系,文學院商學系,Business Administration,工商管理學,Social Sciences,社會科學,Humanities and Social Sciences,人文社會科學,SSC,,,,
文学院商管学系,文學院商管學系,Business Administration,工商管理學,Social Sciences,社會科學,Humanities and Social Sciences,人文社會科學,SSC,,,,
文学院经纪商学系,文學院經紀商學系,Business Administration,工商管理學,Social Sciences,社會科學,Humanities and Social Sciences,人文社會科學,SSC,,,,
文学院行政管理学系一年级,文學院行政管理學系一年級,Business Administration,工商管理學,Social Sciences,社會科學,Humanities and Social Sciences,人文社會科學,SSC,,,,
文法学院行政管理专修一年级,文法學院行政管理專修一年級,Business Administration,工商管理學,Social Sciences,社會科學,Humanities and Social Sciences,人文社會科學,SSC,,,,
普通商业系,普通商業系,Business Administration,工商管理學,Social Sciences,社會科學,Humanities and Social Sciences,人文社會科學,SSC,,,,
会统,會統,Business Administration,工商管理學,Social Sciences,社會科學,Humanities and Social Sciences,人文社會科學,SSC,,,,
会统系,會統系,Business Administration,工商管理學,Social Sciences,社會科學,Humanities and Social Sciences,人文社會科學,SSC,,,,
会计,會計,Business Administration,工商管理學,Social Sciences,社會科學,Humanities and Social Sciences,人文社會科學,SSC,,,,
会计学,會計學,Business Administration,工商管理學,Social Sciences,社會科學,Humanities and Social Sciences,人文社會科學,SSC,,,,
会计学 一年,會計學 一年,Business Administration,工商管理學,Social Sciences,社會科學,Humanities and Social Sciences,人文社會科學,SSC,,,,
会计学系,會計學系,Business Administration,工商管理學,Social Sciences,社會科學,Humanities and Social Sciences,人文社會科學,SSC,,,,
会计科,會計科,Business Administration,工商管理學,Social Sciences,社會科學,Humanities and Social Sciences,人文社會科學,SSC,,,,
会计系,會計系,Business Administration,工商管理學,Social Sciences,社會科學,Humanities and Social Sciences,人文社會科學,SSC,,,,
会计系毕业生,會計系畢業生,Business Administration,工商管理學,Social Sciences,社會科學,Humanities and Social Sciences,人文社會科學,SSC,,,,
会计统计,會計統計,Business Administration,工商管理學,Social Sciences,社會科學,Humanities and Social Sciences,人文社會科學,SSC,,,,
会计统计系,會計統計系,Business Administration,工商管理學,Social Sciences,社會科學,Humanities and Social Sciences,人文社會科學,SSC,,,,
会计银行,會計銀行,Business Administration,工商管理學,Social Sciences,社會科學,Humanities and Social Sciences,人文社會科學,SSC,,,,
法商,法商,Business Administration,工商管理學,Social Sciences,社會科學,Humanities and Social Sciences,人文社會科學,SSC,,,,
法商学院,法商學院,Business Administration,工商管理學,Social Sciences,社會科學,Humanities and Social Sciences,人文社會科學,SSC,,,,
法学院商学系一年级,法學院商學系一年級,Business Administration,工商管理學,Social Sciences,社會科學,Humanities and Social Sciences,人文社會科學,SSC,,,,
法本商业,法本商業,Business Administration,工商管理學,Social Sciences,社會科學,Humanities and Social Sciences,人文社會科學,SSC,,,,
法科商学,法科商學,Business Administration,工商管理學,Social Sciences,社會科學,Humanities and Social Sciences,人文社會科學,SSC,,,,
理学院财务系,理學院財務系,Business Administration,工商管理學,Social Sciences,社會科學,Humanities and Social Sciences,人文社會科學,SSC,,,,
理学院运输管理系,理學院運輸管理系,Business Administration,工商管理學,Social Sciences,社會科學,Humanities and Social Sciences,人文社會科學,SSC,,,,
,稅則,Business Administration,工商管理學,Social Sciences,社會科學,Humanities and Social Sciences,人文社會科學,SSC,,,,
税务专修科,稅務專修科,Business Administration,工商管理學,Social Sciences,社會科學,Humanities and Social Sciences,人文社會科學,SSC,,,,
管理,管理,Business Administration,工商管理學,Social Sciences,社會科學,Humanities and Social Sciences,人文社會科學,SSC,,,,
管理学系,管理學系,Business Administration,工商管理學,Social Sciences,社會科學,Humanities and Social Sciences,人文社會科學,SSC,,,,
管理学系航业管理,管理學系航業管理,Business Administration,工商管理學,Social Sciences,社會科學,Humanities and Social Sciences,人文社會科學,SSC,,,,
管理学系财务管理,管理學系財務管理,Business Administration,工商管理學,Social Sciences,社會科學,Humanities and Social Sciences,人文社會科學,SSC,,,,
管理学系财管管理,管理學系財管管理,Business Administration,工商管理學,Social Sciences,社會科學,Humanities and Social Sciences,人文社會科學,SSC,,,,
管理学系运输,管理學系運輸,Business Administration,工商管理學,Social Sciences,社會科學,Humanities and Social Sciences,人文社會科學,SSC,,,,
管理学系运输管理,管理學系運輸管理,Business Administration,工商管理學,Social Sciences,社會科學,Humanities and Social Sciences,人文社會科學,SSC,,,,
管理学系电信管理,管理學系電信管理,Business Administration,工商管理學,Social Sciences,社會科學,Humanities and Social Sciences,人文社會科學,SSC,,,,
管理学系电信管理理,管理學系電信管理理,Business Administration,工商管理學,Social Sciences,社會科學,Humanities and Social Sciences,人文社會科學,SSC,,,,
管理学院,管理學院,Business Administration,工商管理學,Social Sciences,社會科學,Humanities and Social Sciences,人文社會科學,SSC,,,,
管理学院公务管理科,管理學院公務管理科,Business Administration,工商管理學,Social Sciences,社會科學,Humanities and Social Sciences,人文社會科學,SSC,,,,
管理学院实业管理学系,管理學院實業管理學系,Business Administration,工商管理學,Social Sciences,社會科學,Humanities and Social Sciences,人文社會科學,SSC,,,,
管理学院实业管理科,管理學院實業管理科,Business Administration,工商管理學,Social Sciences,社會科學,Humanities and Social Sciences,人文社會科學,SSC,,,,
管理学院工业管理系,管理學院工業管理系,Business Administration,工商管理學,Social Sciences,社會科學,Humanities and Social Sciences,人文社會科學,SSC,,,,
管理学院水利工程，航业管理系,管理學院水利工程，航業管理系,Business Administration,工商管理學,Social Sciences,社會科學,Humanities and Social Sciences,人文社會科學,SSC,,,,
管理学院航业管理系,管理學院航業管理系,Business Administration,工商管理學,Social Sciences,社會科學,Humanities and Social Sciences,人文社會科學,SSC,,,,
管理学院航业电信管理学系,管理學院航業電信管理學系,Business Administration,工商管理學,Social Sciences,社會科學,Humanities and Social Sciences,人文社會科學,SSC,,,,
管理学院财务管理,管理學院財務管理,Business Administration,工商管理學,Social Sciences,社會科學,Humanities and Social Sciences,人文社會科學,SSC,,,,
管理学院财务管理学系,管理學院財務管理學系,Business Administration,工商管理學,Social Sciences,社會科學,Humanities and Social Sciences,人文社會科學,SSC,,,,
管理学院财务管理科,管理學院財務管理科,Business Administration,工商管理學,Social Sciences,社會科學,Humanities and Social Sciences,人文社會科學,SSC,,,,
管理学院财务管理系,管理學院財務管理系,Business Administration,工商管理學,Social Sciences,社會科學,Humanities and Social Sciences,人文社會科學,SSC,,,,
管理学院财务运输管理系,管理學院財務運輸管理系,Business Administration,工商管理學,Social Sciences,社會科學,Humanities and Social Sciences,人文社會科學,SSC,,,,
管理学院财管,管理學院財管,Business Administration,工商管理學,Social Sciences,社會科學,Humanities and Social Sciences,人文社會科學,SSC,,,,
管理学院财管管理系,管理學院財管管理系,Business Administration,工商管理學,Social Sciences,社會科學,Humanities and Social Sciences,人文社會科學,SSC,,,,
管理学院运输,管理學院運輸,Business Administration,工商管理學,Social Sciences,社會科學,Humanities and Social Sciences,人文社會科學,SSC,,,,
管理学院运輸管理学系,管理學院運輸管理學系,Business Administration,工商管理學,Social Sciences,社會科學,Humanities and Social Sciences,人文社會科學,SSC,,,,
管理学院运输管理系,管理學院運輸管理系,Business Administration,工商管理學,Social Sciences,社會科學,Humanities and Social Sciences,人文社會科學,SSC,,,,
管理学院运输航业管理系,管理學院運輸航業管理系,Business Administration,工商管理學,Social Sciences,社會科學,Humanities and Social Sciences,人文社會科學,SSC,,,,
管理学院铁道管理,管理學院鐵道管理,Business Administration,工商管理學,Social Sciences,社會科學,Humanities and Social Sciences,人文社會科學,SSC,,,,
管理学院铁道管理学科,管理學院鐵道管理學科,Business Administration,工商管理學,Social Sciences,社會科學,Humanities and Social Sciences,人文社會科學,SSC,,,,
管理学院铁道管理科,管理學院鐵道管理科,Business Administration,工商管理學,Social Sciences,社會科學,Humanities and Social Sciences,人文社會科學,SSC,,,,
管理学院电信管理,管理學院電信管理,Business Administration,工商管理學,Social Sciences,社會科學,Humanities and Social Sciences,人文社會科學,SSC,,,,
管理学院电信管理系,管理學院電信管理系,Business Administration,工商管理學,Social Sciences,社會科學,Humanities and Social Sciences,人文社會科學,SSC,,,,
管理学院电信管理系发电组,管理學院電信管理系發電組,Business Administration,工商管理學,Social Sciences,社會科學,Humanities and Social Sciences,人文社會科學,SSC,,,,
管理学院电机工程电信管理系,管理學院電機工程電信管理系,Business Administration,工商管理學,Social Sciences,社會科學,Humanities and Social Sciences,人文社會科學,SSC,,,,
管理实业管理科,管理實業管理科,Business Administration,工商管理學,Social Sciences,社會科學,Humanities and Social Sciences,人文社會科學,SSC,,,,
管理班,管理班,Business Administration,工商管理學,Social Sciences,社會科學,Humanities and Social Sciences,人文社會科學,SSC,,,,
管理科,管理科,Business Administration,工商管理學,Social Sciences,社會科學,Humanities and Social Sciences,人文社會科學,SSC,,,,
管理航海科,管理航海科,Business Administration,工商管理學,Social Sciences,社會科學,Humanities and Social Sciences,人文社會科學,SSC,,,,
管理财务管理科,管理財務管理科,Business Administration,工商管理學,Social Sciences,社會科學,Humanities and Social Sciences,人文社會科學,SSC,,,,
管理铁道管理科,管理鐵道管理科,Business Administration,工商管理學,Social Sciences,社會科學,Humanities and Social Sciences,人文社會科學,SSC,,,,
职业指导、人事管理,職業指導、人事管理,Business Administration,工商管理學,Social Sciences,社會科學,Humanities and Social Sciences,人文社會科學,SSC,,,,
行政学系,行政學系,Business Administration,工商管理學,Social Sciences,社會科學,Humanities and Social Sciences,人文社會科學,SSC,,,,
行政管理专修一年级,行政管理專修一年級,Business Administration,工商管理學,Social Sciences,社會科學,Humanities and Social Sciences,人文社會科學,SSC,,,,
行政管理专修科,行政管理專修科,Business Administration,工商管理學,Social Sciences,社會科學,Humanities and Social Sciences,人文社會科學,SSC,,,,
行政管理专修科一年级,行政管理專修科一年級,Business Administration,工商管理學,Social Sciences,社會科學,Humanities and Social Sciences,人文社會科學,SSC,,,,
财务管理,財務管理,Business Administration,工商管理學,Social Sciences,社會科學,Humanities and Social Sciences,人文社會科學,SSC,,,,
财务管理学系,財務管理學系,Business Administration,工商管理學,Social Sciences,社會科學,Humanities and Social Sciences,人文社會科學,SSC,,,,
财政学系,財政學系,Business Administration,工商管理學,Social Sciences,社會科學,Humanities and Social Sciences,人文社會科學,SSC,,,,
财经学院企管系,財經學院企管系,Business Administration,工商管理學,Social Sciences,社會科學,Humanities and Social Sciences,人文社會科學,SSC,,,,
财经学院会计系,財經學院會計系,Business Administration,工商管理學,Social Sciences,社會科學,Humanities and Social Sciences,人文社會科學,SSC,,,,
财经学院财政金融系,財經學院財政金融系,Business Administration,工商管理學,Social Sciences,社會科學,Humanities and Social Sciences,人文社會科學,SSC,,,,
财经学院贸易系,財經學院貿易系,Business Administration,工商管理學,Social Sciences,社會科學,Humanities and Social Sciences,人文社會科學,SSC,,,,
货币银行学,貨幣銀行學,Business Administration,工商管理學,Social Sciences,社會科學,Humanities and Social Sciences,人文社會科學,SSC,,,,
货币银行学部,貨幣銀行學部,Business Administration,工商管理學,Social Sciences,社會科學,Humanities and Social Sciences,人文社會科學,SSC,,,,
运管,運管,Business Administration,工商管理學,Social Sciences,社會科學,Humanities and Social Sciences,人文社會科學,SSC,,,,
运输,運輸,Business Administration,工商管理學,Social Sciences,社會科學,Humanities and Social Sciences,人文社會科學,SSC,,,,
运输管理,運輸管理,Business Administration,工商管理學,Social Sciences,社會科學,Humanities and Social Sciences,人文社會科學,SSC,,,,
运输管理系,運輸管理系,Business Administration,工商管理學,Social Sciences,社會科學,Humanities and Social Sciences,人文社會科學,SSC,,,,
道路,道路,Business Administration,工商管理學,Social Sciences,社會科學,Humanities and Social Sciences,人文社會科學,SSC,,,,
金融保险,金融保險,Business Administration,工商管理學,Social Sciences,社會科學,Humanities and Social Sciences,人文社會科學,SSC,,,,
银专,銀專,Business Administration,工商管理學,Social Sciences,社會科學,Humanities and Social Sciences,人文社會科學,SSC,,,,
银专修科,銀專修科,Business Administration,工商管理學,Social Sciences,社會科學,Humanities and Social Sciences,人文社會科學,SSC,,,,
银专学,銀專學,Business Administration,工商管理學,Social Sciences,社會科學,Humanities and Social Sciences,人文社會科學,SSC,,,,
银专学系,銀專學系,Business Administration,工商管理學,Social Sciences,社會科學,Humanities and Social Sciences,人文社會科學,SSC,,,,
银专系,銀專系,Business Administration,工商管理學,Social Sciences,社會科學,Humanities and Social Sciences,人文社會科學,SSC,,,,
银行,銀行,Business Administration,工商管理學,Social Sciences,社會科學,Humanities and Social Sciences,人文社會科學,SSC,,,,
,銀行保險,Business Administration,工商管理學,Social Sciences,社會科學,Humanities and Social Sciences,人文社會科學,SSC,,,,
银行学,銀行學,Business Administration,工商管理學,Social Sciences,社會科學,Humanities and Social Sciences,人文社會科學,SSC,,,,
银行学 一年,銀行學 一年,Business Administration,工商管理學,Social Sciences,社會科學,Humanities and Social Sciences,人文社會科學,SSC,,,,
银行学系,銀行學系,Business Administration,工商管理學,Social Sciences,社會科學,Humanities and Social Sciences,人文社會科學,SSC,,,,
银行学系一年级,銀行學系一年級,Business Administration,工商管理學,Social Sciences,社會科學,Humanities and Social Sciences,人文社會科學,SSC,,,,
银行学系四年级,銀行學系四年級,Business Administration,工商管理學,Social Sciences,社會科學,Humanities and Social Sciences,人文社會科學,SSC,,,,
银行专,銀行專,Business Administration,工商管理學,Social Sciences,社會科學,Humanities and Social Sciences,人文社會科學,SSC,,,,
银行专修,銀行專修,Business Administration,工商管理學,Social Sciences,社會科學,Humanities and Social Sciences,人文社會科學,SSC,,,,
银行专修班,銀行專修班,Business Administration,工商管理學,Social Sciences,社會科學,Humanities and Social Sciences,人文社會科學,SSC,,,,
银行专修科,銀行專修科,Business Administration,工商管理學,Social Sciences,社會科學,Humanities and Social Sciences,人文社會科學,SSC,,,,
银行会计,銀行會計,Business Administration,工商管理學,Social Sciences,社會科學,Humanities and Social Sciences,人文社會科學,SSC,,,,
银行理材,銀行理材,Business Administration,工商管理學,Social Sciences,社會科學,Humanities and Social Sciences,人文社會科學,SSC,,,,
银行理财,銀行理財,Business Administration,工商管理學,Social Sciences,社會科學,Humanities and Social Sciences,人文社會科學,SSC,,,,
银行理财科,銀行理財科,Business Administration,工商管理學,Social Sciences,社會科學,Humanities and Social Sciences,人文社會科學,SSC,,,,
银行理财系,銀行理財系,Business Administration,工商管理學,Social Sciences,社會科學,Humanities and Social Sciences,人文社會科學,SSC,,,,
银行科,銀行科,Business Administration,工商管理學,Social Sciences,社會科學,Humanities and Social Sciences,人文社會科學,SSC,,,,
银行系,銀行系,Business Administration,工商管理學,Social Sciences,社會科學,Humanities and Social Sciences,人文社會科學,SSC,,,,
银行系一年级,銀行系一年級,Business Administration,工商管理學,Social Sciences,社會科學,Humanities and Social Sciences,人文社會科學,SSC,,,,
银行系三年级,銀行系三年級,Business Administration,工商管理學,Social Sciences,社會科學,Humanities and Social Sciences,人文社會科學,SSC,,,,
,銀行金融,Business Administration,工商管理學,Social Sciences,社會科學,Humanities and Social Sciences,人文社會科學,SSC,,,,
铁路,鐵路,Business Administration,工商管理學,Social Sciences,社會科學,Humanities and Social Sciences,人文社會科學,SSC,,,,
铁路科,鐵路科,Business Administration,工商管理學,Social Sciences,社會科學,Humanities and Social Sciences,人文社會科學,SSC,,,,
,鐵路管理,Business Administration,工商管理學,Social Sciences,社會科學,Humanities and Social Sciences,人文社會科學,SSC,,,,
铁路管理科,鐵路管理科,Business Administration,工商管理學,Social Sciences,社會科學,Humanities and Social Sciences,人文社會科學,SSC,,,,
铁路管理系,鐵路管理系,Business Administration,工商管理學,Social Sciences,社會科學,Humanities and Social Sciences,人文社會科學,SSC,,,,
铁道管理,鐵道管理,Business Administration,工商管理學,Social Sciences,社會科學,Humanities and Social Sciences,人文社會科學,SSC,,,,
铁道管理学系,鐵道管理學系,Business Administration,工商管理學,Social Sciences,社會科學,Humanities and Social Sciences,人文社會科學,SSC,,,,
铁道管理学院,鐵道管理學院,Business Administration,工商管理學,Social Sciences,社會科學,Humanities and Social Sciences,人文社會科學,SSC,,,,
电信管理,電信管理,Business Administration,工商管理學,Social Sciences,社會科學,Humanities and Social Sciences,人文社會科學,SSC,,,,
电信管理系,電信管理系,Business Administration,工商管理學,Social Sciences,社會科學,Humanities and Social Sciences,人文社會科學,SSC,,,,
电器管理,電器管理,Business Administration,工商管理學,Social Sciences,社會科學,Humanities and Social Sciences,人文社會科學,SSC,,,,
陶业工程,陶業工程,Ceramic Engineering,陶業工程,Engineering Sciences,工程科學,Engineering,工程,ENG,,,,
化学工程,化學工程,Chemical Engineering,化學工程,Engineering Sciences,工程科學,Engineering,工程,ENG,,,,
化学工程学,化學工程學,Chemical Engineering,化學工程,Engineering Sciences,工程科學,Engineering,工程,ENG,,,,
化学工程学系,化學工程學系,Chemical Engineering,化學工程,Engineering Sciences,工程科學,Engineering,工程,ENG,,,,
化学工程学系  工业分析专业,化學工程學系  工業分析專業,Chemical Engineering,化學工程,Engineering Sciences,工程科學,Engineering,工程,ENG,,,,
化学工程学系 化学专业,化學工程學系 化學專業,Chemical Engineering,化學工程,Engineering Sciences,工程科學,Engineering,工程,ENG,,,,
化学工程学系 燃料专业,化學工程學系 燃料專業,Chemical Engineering,化學工程,Engineering Sciences,工程科學,Engineering,工程,ENG,,,,
化学工程学系一年级,化學工程學系一年級,Chemical Engineering,化學工程,Engineering Sciences,工程科學,Engineering,工程,ENG,,,,
化学工程学系二年级,化學工程學系二年級,Chemical Engineering,化學工程,Engineering Sciences,工程科學,Engineering,工程,ENG,,,,
化学工程科,化學工程科,Chemical Engineering,化學工程,Engineering Sciences,工程科學,Engineering,工程,ENG,,,,
化学工程科一年级,化學工程科一年級,Chemical Engineering,化學工程,Engineering Sciences,工程科學,Engineering,工程,ENG,,,,
化学工程科三年级,化學工程科三年級,Chemical Engineering,化學工程,Engineering Sciences,工程科學,Engineering,工程,ENG,,,,
化学工程系,化學工程系,Chemical Engineering,化學工程,Engineering Sciences,工程科學,Engineering,工程,ENG,,,,
化学工程系一年级,化學工程系一年級,Chemical Engineering,化學工程,Engineering Sciences,工程科學,Engineering,工程,ENG,,,,
化学工程系三年级,化學工程系三年級,Chemical Engineering,化學工程,Engineering Sciences,工程科學,Engineering,工程,ENG,,,,
化学工程系二年级,化學工程系二年級,Chemical Engineering,化學工程,Engineering Sciences,工程科學,Engineering,工程,ENG,,,,
化工,化工,Chemical Engineering,化學工程,Engineering Sciences,工程科學,Engineering,工程,ENG,,,,
化工学,化工學,Chemical Engineering,化學工程,Engineering Sciences,工程科學,Engineering,工程,ENG,,,,
化工学系,化工學系,Chemical Engineering,化學工程,Engineering Sciences,工程科學,Engineering,工程,ENG,,,,
化工学院,化工學院,Chemical Engineering,化學工程,Engineering Sciences,工程科學,Engineering,工程,ENG,,,,
化工专修科,化工專修科,Chemical Engineering,化學工程,Engineering Sciences,工程科學,Engineering,工程,ENG,,,,
化工专修科 工业分析专业,化工專修科 工業分析專業,Chemical Engineering,化學工程,Engineering Sciences,工程科學,Engineering,工程,ENG,,,,
化工专修科系  工业分析专业,化工專修科系  工業分析專業,Chemical Engineering,化學工程,Engineering Sciences,工程科學,Engineering,工程,ENG,,,,
化工工程学系,化工工程學系,Chemical Engineering,化學工程,Engineering Sciences,工程科學,Engineering,工程,ENG,,,,
化工干专班,化工幹專班,Chemical Engineering,化學工程,Engineering Sciences,工程科學,Engineering,工程,ENG,,,,
化工石油组,化工石油組,Chemical Engineering,化學工程,Engineering Sciences,工程科學,Engineering,工程,ENG,,,,
化工系,化工系,Chemical Engineering,化學工程,Engineering Sciences,工程科學,Engineering,工程,ENG,,,,
化工系一年级,化工系一年級,Chemical Engineering,化學工程,Engineering Sciences,工程科學,Engineering,工程,ENG,,,,
化工系专修科,化工系專修科,Chemical Engineering,化學工程,Engineering Sciences,工程科學,Engineering,工程,ENG,,,,
工 化学工程 一年,工 化學工程 一年,Chemical Engineering,化學工程,Engineering Sciences,工程科學,Engineering,工程,ENG,,,,
工 化工系 一年,工 化工系 一年,Chemical Engineering,化學工程,Engineering Sciences,工程科學,Engineering,工程,ENG,,,,
工 化工系 乙,工 化工系 乙,Chemical Engineering,化學工程,Engineering Sciences,工程科學,Engineering,工程,ENG,,,,
工_化学工程,工_化學工程,Chemical Engineering,化學工程,Engineering Sciences,工程科學,Engineering,工程,ENG,,,,
工学系化学工程,工學系化學工程,Chemical Engineering,化學工程,Engineering Sciences,工程科學,Engineering,工程,ENG,,,,
工学院化学工程学系,工學院化學工程學系,Chemical Engineering,化學工程,Engineering Sciences,工程科學,Engineering,工程,ENG,,,,
工学院化学工程学系一年级,工學院化學工程學系一年級,Chemical Engineering,化學工程,Engineering Sciences,工程科學,Engineering,工程,ENG,,,,
工学院化学工程系,工學院化學工程系,Chemical Engineering,化學工程,Engineering Sciences,工程科學,Engineering,工程,ENG,,,,
工学院化工学系,工學院化工學系,Chemical Engineering,化學工程,Engineering Sciences,工程科學,Engineering,工程,ENG,,,,
工学院化工学系一年级,工學院化工學系一年級,Chemical Engineering,化學工程,Engineering Sciences,工程科學,Engineering,工程,ENG,,,,
工学院化工学系三年级,工學院化工學系三年級,Chemical Engineering,化學工程,Engineering Sciences,工程科學,Engineering,工程,ENG,,,,
工学院化工学系二年级,工學院化工學系二年級,Chemical Engineering,化學工程,Engineering Sciences,工程科學,Engineering,工程,ENG,,,,
工学院化工系,工學院化工系,Chemical Engineering,化學工程,Engineering Sciences,工程科學,Engineering,工程,ENG,,,,
工学院机化学工程学系一年级,工學院機化學工程學系一年級,Chemical Engineering,化學工程,Engineering Sciences,工程科學,Engineering,工程,ENG,,,,
工院化工,工院化工,Chemical Engineering,化學工程,Engineering Sciences,工程科學,Engineering,工程,ENG,,,,
理学院化学工程,理學院化學工程,Chemical Engineering,化學工程,Engineering Sciences,工程科學,Engineering,工程,ENG,,,,
理学院化学工程学系,理學院化學工程學系,Chemical Engineering,化學工程,Engineering Sciences,工程科學,Engineering,工程,ENG,,,,
理学院化学工程系,理學院化學工程系,Chemical Engineering,化學工程,Engineering Sciences,工程科學,Engineering,工程,ENG,,,,
理学院化学工程系转数学系,理學院化學工程系轉數學系,Chemical Engineering,化學工程,Engineering Sciences,工程科學,Engineering,工程,ENG,,,,
理学院化学工程系转文学院哲学心理教育系心理组转文学院教育系,理學院化學工程系轉文學院哲學心理教育系心理組轉文學院教育系,Chemical Engineering,化學工程,Engineering Sciences,工程科學,Engineering,工程,ENG,,,,
理学院化学工程系转理学院化学系,理學院化學工程系轉理學院化學系,Chemical Engineering,化學工程,Engineering Sciences,工程科學,Engineering,工程,ENG,,,,
理学院化学工程系转电机工程系转数学系,理學院化學工程系轉電機工程系轉數學系,Chemical Engineering,化學工程,Engineering Sciences,工程科學,Engineering,工程,ENG,,,,
理学院化工系,理學院化工系,Chemical Engineering,化學工程,Engineering Sciences,工程科學,Engineering,工程,ENG,,,,
理学院化工院,理學院化工院,Chemical Engineering,化學工程,Engineering Sciences,工程科學,Engineering,工程,ENG,,,,
理学院工化系,理學院工化系,Chemical Engineering,化學工程,Engineering Sciences,工程科學,Engineering,工程,ENG,,,,
理学院电机工程系转理学院化学工程系,理學院電機工程系轉理學院化學工程系,Chemical Engineering,化學工程,Engineering Sciences,工程科學,Engineering,工程,ENG,,,,
理学院电机系化学工程辅系,理學院電機系化學工程輔系,Chemical Engineering,化學工程,Engineering Sciences,工程科學,Engineering,工程,ENG,,,,
华工,華工,Chemical Engineering,化學工程,Engineering Sciences,工程科學,Engineering,工程,ENG,,,,
农学院农业工程组转理学院化学工程系,農學院農業工程組轉理學院化學工程系,Chemical Engineering,化學工程,Engineering Sciences,工程科學,Engineering,工程,ENG,,,,
电机化学工程,電機化學工程,Chemical Engineering,化學工程,Engineering Sciences,工程科學,Engineering,工程,ENG,,,,
电机工程系（转到化学工程系）,電機工程系（轉到化學工程系）,Chemical Engineering,化學工程,Engineering Sciences,工程科學,Engineering,工程,ENG,,,,
优师范科 农化,優師範科 農化,Chemistry,化學,Physical Sciences,物理科學,Science,科學,PSC,,,,
化,化,Chemistry,化學,Physical Sciences,物理科學,Science,科學,PSC,,,,
化学,化學,Chemistry,化學,Physical Sciences,物理科學,Science,科學,PSC,,,,
"化学
化学类研究生","化學
化學類研究生",Chemistry,化學,Physical Sciences,物理科學,Science,科學,PSC,,,,
"化学
史学","化學
史學",Chemistry,化學,Physical Sciences,物理科學,Science,科學,PSC,,,,
"化学
国文","化學
國文",Chemistry,化學,Physical Sciences,物理科學,Science,科學,PSC,,,,
"化学
地质","化學
地質",Chemistry,化學,Physical Sciences,物理科學,Science,科學,PSC,,,,
"化学
教育","化學
教育",Chemistry,化學,Physical Sciences,物理科學,Science,科學,PSC,,,,
"化学
数学","化學
數學",Chemistry,化學,Physical Sciences,物理科學,Science,科學,PSC,,,,
"化学
法律","化學
法律",Chemistry,化學,Physical Sciences,物理科學,Science,科學,PSC,,,,
"化学
物理","化學
物理",Chemistry,化學,Physical Sciences,物理科學,Science,科學,PSC,,,,
化学 一年,化學 一年,Chemistry,化學,Physical Sciences,物理科學,Science,科學,PSC,,,,
化学（转土木）,化學（轉土木）,Chemistry,化學,Physical Sciences,物理科學,Science,科學,PSC,,,,
化学主系,化學主系,Chemistry,化學,Physical Sciences,物理科學,Science,科學,PSC,,,,
化学主系：教育副系,化學主系：教育副系,Chemistry,化學,Physical Sciences,物理科學,Science,科學,PSC,,,,
化学主系教育副系,化學主系教育副系,Chemistry,化學,Physical Sciences,物理科學,Science,科學,PSC,,,,
化学主系物理副系,化學主系物理副系,Chemistry,化學,Physical Sciences,物理科學,Science,科學,PSC,,,,
化学学系,化學學系,Chemistry,化學,Physical Sciences,物理科學,Science,科學,PSC,,,,
化学专修,化學專修,Chemistry,化學,Physical Sciences,物理科學,Science,科學,PSC,,,,
化学干专班,化學幹專班,Chemistry,化學,Physical Sciences,物理科學,Science,科學,PSC,,,,
化学研究部,化學研究部,Chemistry,化學,Physical Sciences,物理科學,Science,科學,PSC,,,,
化学科,化學科,Chemistry,化學,Physical Sciences,物理科學,Science,科學,PSC,,,,
化学科，3年级,化學科，3年級,Chemistry,化學,Physical Sciences,物理科學,Science,科學,PSC,,,,
化学系,化學系,Chemistry,化學,Physical Sciences,物理科學,Science,科學,PSC,,,,
化学系，2年级,化學系，2年級,Chemistry,化學,Physical Sciences,物理科學,Science,科學,PSC,,,,
化学系有机组,化學系有機組,Chemistry,化學,Physical Sciences,物理科學,Science,科學,PSC,,,,
化学系物化组,化學系物化組,Chemistry,化學,Physical Sciences,物理科學,Science,科學,PSC,,,,
化学系研究所,化學系研究所,Chemistry,化學,Physical Sciences,物理科學,Science,科學,PSC,,,,
化学院,化學院,Chemistry,化學,Physical Sciences,物理科學,Science,科學,PSC,,,,
化学类研究生,化學類研究生,Chemistry,化學,Physical Sciences,物理科學,Science,科學,PSC,,,,
"化学类研究生
（助教兼）","化學類研究生
（助教兼）",Chemistry,化學,Physical Sciences,物理科學,Science,科學,PSC,,,,
化专,化專,Chemistry,化學,Physical Sciences,物理科學,Science,科學,PSC,,,,
工学院化学系,工學院化學系,Chemistry,化學,Physical Sciences,物理科學,Science,科學,PSC,,,,
工业化学,工業化學,Chemistry,化學,Physical Sciences,物理科學,Science,科學,PSC,,,,
师专学院理化组学系一年级,師專學院理化組學系一年級,Chemistry,化學,Physical Sciences,物理科學,Science,科學,PSC,,,,
师范学院理化学系,師範學院理化學系,Chemistry,化學,Physical Sciences,物理科學,Science,科學,PSC,,,,
应化,應化,Chemistry,化學,Physical Sciences,物理科學,Science,科學,PSC,,,,
应化‘’,應化‘’,Chemistry,化學,Physical Sciences,物理科學,Science,科學,PSC,,,,
应用化学,應用化學,Chemistry,化學,Physical Sciences,物理科學,Science,科學,PSC,,,,
文学院化学系,文學院化學系,Chemistry,化學,Physical Sciences,物理科學,Science,科學,PSC,,,,
文理学院化学系,文理學院化學系,Chemistry,化學,Physical Sciences,物理科學,Science,科學,PSC,,,,
"暂不入系
化学","暫不入系
化學",Chemistry,化學,Physical Sciences,物理科學,Science,科學,PSC,,,,
"法预
哲学（选）
化学","法預
哲學（選）
化學",Chemistry,化學,Physical Sciences,物理科學,Science,科學,PSC,,,,
无机设计,無機設計,Chemistry,化學,Physical Sciences,物理科學,Science,科學,PSC,,,,
燃料,燃料,Chemistry,化學,Physical Sciences,物理科學,Science,科學,PSC,,,,
物理主系数学化学副系,物理主系數學化學副系,Chemistry,化學,Physical Sciences,物理科學,Science,科學,PSC,,,,
理  化学,理  化學,Chemistry,化學,Physical Sciences,物理科學,Science,科學,PSC,,,,
理 化,理 化,Chemistry,化學,Physical Sciences,物理科學,Science,科學,PSC,,,,
理 化学,理 化學,Chemistry,化學,Physical Sciences,物理科學,Science,科學,PSC,,,,
理_化学,理_化學,Chemistry,化學,Physical Sciences,物理科學,Science,科學,PSC,,,,
理，化学,理，化學,Chemistry,化學,Physical Sciences,物理科學,Science,科學,PSC,,,,
理化,理化,Chemistry,化學,Physical Sciences,物理科學,Science,科學,PSC,,,,
理化学,理化學,Chemistry,化學,Physical Sciences,物理科學,Science,科學,PSC,,,,
理化学系,理化學系,Chemistry,化學,Physical Sciences,物理科學,Science,科學,PSC,,,,
理化专修科,理化專修科,Chemistry,化學,Physical Sciences,物理科學,Science,科學,PSC,,,,
理化系,理化系,Chemistry,化學,Physical Sciences,物理科學,Science,科學,PSC,,,,
理化组,理化組,Chemistry,化學,Physical Sciences,物理科學,Science,科學,PSC,,,,
理学系化学,理學系化學,Chemistry,化學,Physical Sciences,物理科學,Science,科學,PSC,,,,
理学系化学系,理學系化學系,Chemistry,化學,Physical Sciences,物理科學,Science,科學,PSC,,,,
理学院化学,理學院化學,Chemistry,化學,Physical Sciences,物理科學,Science,科學,PSC,,,,
理学院化学学系,理學院化學學系,Chemistry,化學,Physical Sciences,物理科學,Science,科學,PSC,,,,
理学院化学学系一年级,理學院化學學系一年級,Chemistry,化學,Physical Sciences,物理科學,Science,科學,PSC,,,,
理学院化学研究所,理學院化學研究所,Chemistry,化學,Physical Sciences,物理科學,Science,科學,PSC,,,,
理学院化学研究部,理學院化學研究部,Chemistry,化學,Physical Sciences,物理科學,Science,科學,PSC,,,,
理学院化学系,理學院化學系,Chemistry,化學,Physical Sciences,物理科學,Science,科學,PSC,,,,
理学院化学系一年级,理學院化學系一年級,Chemistry,化學,Physical Sciences,物理科學,Science,科學,PSC,,,,
理学院化学系二年级,理學院化學系二年級,Chemistry,化學,Physical Sciences,物理科學,Science,科學,PSC,,,,
理学院化学系研究所,理學院化學系研究所,Chemistry,化學,Physical Sciences,物理科學,Science,科學,PSC,,,,
理学院化学系转理学院化学工程系,理學院化學系轉理學院化學工程系,Chemistry,化學,Physical Sciences,物理科學,Science,科學,PSC,,,,
理学院化学系转理学院化工系,理學院化學系轉理學院化工系,Chemistry,化學,Physical Sciences,物理科學,Science,科學,PSC,,,,
理学院化学系转农学院农业工程系,理學院化學系轉農學院農業工程系,Chemistry,化學,Physical Sciences,物理科學,Science,科學,PSC,,,,
理学院化工系转理学院化学系,理學院化工系轉理學院化學系,Chemistry,化學,Physical Sciences,物理科學,Science,科學,PSC,,,,
理学院工业化学,理學院工業化學,Chemistry,化學,Physical Sciences,物理科學,Science,科學,PSC,,,,
理学院工业化学系,理學院工業化學系,Chemistry,化學,Physical Sciences,物理科學,Science,科學,PSC,,,,
理学院物理系后传化学系,理學院物理系後傳化學系,Chemistry,化學,Physical Sciences,物理科學,Science,科學,PSC,,,,
理学院药学系,理學院藥學系,Chemistry,化學,Physical Sciences,物理科學,Science,科學,PSC,,,,
理学院药物学系,理學院藥物學系,Chemistry,化學,Physical Sciences,物理科學,Science,科學,PSC,,,,
理工，化学,理工，化學,Chemistry,化學,Physical Sciences,物理科學,Science,科學,PSC,,,,
理工，化学系,理工，化學系,Chemistry,化學,Physical Sciences,物理科學,Science,科學,PSC,,,,
理工学院化学系,理工學院化學系,Chemistry,化學,Physical Sciences,物理科學,Science,科學,PSC,,,,
"理本
化学","理本
化學",Chemistry,化學,Physical Sciences,物理科學,Science,科學,PSC,,,,
理本化学,理本化學,Chemistry,化學,Physical Sciences,物理科學,Science,科學,PSC,,,,
理科化学，1年级,理科化學，1年級,Chemistry,化學,Physical Sciences,物理科學,Science,科學,PSC,,,,
理科化学系,理科化學系,Chemistry,化學,Physical Sciences,物理科學,Science,科學,PSC,,,,
理科研究所化学部,理科研究所化學部,Chemistry,化學,Physical Sciences,物理科學,Science,科學,PSC,,,,
理论化学,理論化學,Chemistry,化學,Physical Sciences,物理科學,Science,科學,PSC,,,,
理院化学系,理院化學系,Chemistry,化學,Physical Sciences,物理科學,Science,科學,PSC,,,,
"理预
化学","理預
化學",Chemistry,化學,Physical Sciences,物理科學,Science,科學,PSC,,,,
"理预
化学
哲学","理預
化學
哲學",Chemistry,化學,Physical Sciences,物理科學,Science,科學,PSC,,,,
"理预
化学
英文","理預
化學
英文",Chemistry,化學,Physical Sciences,物理科學,Science,科學,PSC,,,,
理预 化学,理預 化學,Chemistry,化學,Physical Sciences,物理科學,Science,科學,PSC,,,,
理预化学,理預化學,Chemistry,化學,Physical Sciences,物理科學,Science,科學,PSC,,,,
生理化学,生理化學,Chemistry,化學,Physical Sciences,物理科學,Science,科學,PSC,,,,
研究院化学研究所,研究院化學研究所,Chemistry,化學,Physical Sciences,物理科學,Science,科學,PSC,,,,
研究院化学系,研究院化學系,Chemistry,化學,Physical Sciences,物理科學,Science,科學,PSC,,,,
管学系化学,管學系化學,Chemistry,化學,Physical Sciences,物理科學,Science,科學,PSC,,,,
联大化学系,聯大化學系,Chemistry,化學,Physical Sciences,物理科學,Science,科學,PSC,,,,
自然科化学系,自然科化學系,Chemistry,化學,Physical Sciences,物理科學,Science,科學,PSC,,,,
农_农化,農_農化,Chemistry,化學,Physical Sciences,物理科學,Science,科學,PSC,,,,
农化学系,農化學系,Chemistry,化學,Physical Sciences,物理科學,Science,科學,PSC,,,,
农学系农业化学系,農學系農業化學系,Chemistry,化學,Physical Sciences,物理科學,Science,科學,PSC,,,,
农学院化学系,農學院化學系,Chemistry,化學,Physical Sciences,物理科學,Science,科學,PSC,,,,
农学院农化学系,農學院農化學系,Chemistry,化學,Physical Sciences,物理科學,Science,科學,PSC,,,,
农学院农林化学系,農學院農林化學系,Chemistry,化學,Physical Sciences,物理科學,Science,科學,PSC,,,,
农学院农业化学系,農學院農業化學系,Chemistry,化學,Physical Sciences,物理科學,Science,科學,PSC,,,,
农学院农艺系，后转入理学院化学系,農學院農藝系，後轉入理學院化學系,Chemistry,化學,Physical Sciences,物理科學,Science,科學,PSC,,,,
农业化学系,農業化學系,Chemistry,化學,Physical Sciences,物理科學,Science,科學,PSC,,,,
预科二 化学,預科二 化學,Chemistry,化學,Physical Sciences,物理科學,Science,科學,PSC,,,,
预科二 理本化学,預科二 理本化學,Chemistry,化學,Physical Sciences,物理科學,Science,科學,PSC,,,,
中国经典,中國經典,Chinese classics,中國經典,Humanities,科舉,Humanities and Social Sciences,人文社會科學,HUM,,,,
土,土,Civil Engineering,土木工程,Engineering Sciences,工程科學,Engineering,工程,ENG,,,,
土一 上,土一 上,Civil Engineering,土木工程,Engineering Sciences,工程科學,Engineering,工程,ENG,,,,
土一 下,土一 下,Civil Engineering,土木工程,Engineering Sciences,工程科學,Engineering,工程,ENG,,,,
土工,土工,Civil Engineering,土木工程,Engineering Sciences,工程科學,Engineering,工程,ENG,,,,
土木,土木,Civil Engineering,土木工程,Engineering Sciences,工程科學,Engineering,工程,ENG,,,,
土木 一年,土木 一年,Civil Engineering,土木工程,Engineering Sciences,工程科學,Engineering,工程,ENG,,,,
土木学,土木學,Civil Engineering,土木工程,Engineering Sciences,工程科學,Engineering,工程,ENG,,,,
土木学系,土木學系,Civil Engineering,土木工程,Engineering Sciences,工程科學,Engineering,工程,ENG,,,,
土木学院,土木學院,Civil Engineering,土木工程,Engineering Sciences,工程科學,Engineering,工程,ENG,,,,
土木专修,土木專修,Civil Engineering,土木工程,Engineering Sciences,工程科學,Engineering,工程,ENG,,,,
土木专修科,土木專修科,Civil Engineering,土木工程,Engineering Sciences,工程科學,Engineering,工程,ENG,,,,
土木专修科 工业与民用建筑专业,土木專修科 工業與民用建築專業,Civil Engineering,土木工程,Engineering Sciences,工程科學,Engineering,工程,ENG,,,,
土木专修科 工程测量专业,土木專修科 工程測量專業,Civil Engineering,土木工程,Engineering Sciences,工程科學,Engineering,工程,ENG,,,,
土木专修科 建筑专业,土木專修科 建築專業,Civil Engineering,土木工程,Engineering Sciences,工程科學,Engineering,工程,ENG,,,,
土木专修科系 工程测量专业,土木專修科系 工程測量專業,Civil Engineering,土木工程,Engineering Sciences,工程科學,Engineering,工程,ENG,,,,
土木专修科系 建筑专业,土木專修科系 建築專業,Civil Engineering,土木工程,Engineering Sciences,工程科學,Engineering,工程,ENG,,,,
土木工科,土木工科,Civil Engineering,土木工程,Engineering Sciences,工程科學,Engineering,工程,ENG,,,,
土木工程,土木工程,Civil Engineering,土木工程,Engineering Sciences,工程科學,Engineering,工程,ENG,,,,
土木工程 一年,土木工程 一年,Civil Engineering,土木工程,Engineering Sciences,工程科學,Engineering,工程,ENG,,,,
土木工程学,土木工程學,Civil Engineering,土木工程,Engineering Sciences,工程科學,Engineering,工程,ENG,,,,
土木工程学系,土木工程學系,Civil Engineering,土木工程,Engineering Sciences,工程科學,Engineering,工程,ENG,,,,
土木工程学系  工业与民用建筑专业,土木工程學系  工業與民用建築專業,Civil Engineering,土木工程,Engineering Sciences,工程科學,Engineering,工程,ENG,,,,
土木工程学系 土木工程专业,土木工程學系 土木工程專業,Civil Engineering,土木工程,Engineering Sciences,工程科學,Engineering,工程,ENG,,,,
土木工程学系 工业与民用建筑专业,土木工程學系 工業與民用建築專業,Civil Engineering,土木工程,Engineering Sciences,工程科學,Engineering,工程,ENG,,,,
土木工程学系 工业与民用建筑钱路建筑专业,土木工程學系 工業與民用建築錢路建築專業,Civil Engineering,土木工程,Engineering Sciences,工程科學,Engineering,工程,ENG,,,,
土木工程学系建筑专业,土木工程學系建築專業,Civil Engineering,土木工程,Engineering Sciences,工程科學,Engineering,工程,ENG,,,,
土木工程学院,土木工程學院,Civil Engineering,土木工程,Engineering Sciences,工程科學,Engineering,工程,ENG,,,,
土木工程科,土木工程科,Civil Engineering,土木工程,Engineering Sciences,工程科學,Engineering,工程,ENG,,,,
土木工程系,土木工程系,Civil Engineering,土木工程,Engineering Sciences,工程科學,Engineering,工程,ENG,,,,
土木工程部,土木工程部,Civil Engineering,土木工程,Engineering Sciences,工程科學,Engineering,工程,ENG,,,,
土木建筑,土木建築,Civil Engineering,土木工程,Engineering Sciences,工程科學,Engineering,工程,ENG,,,,
土木建筑系,土木建築系,Civil Engineering,土木工程,Engineering Sciences,工程科學,Engineering,工程,ENG,,,,
土一 下,土木水利,Civil Engineering,土木工程,Engineering Sciences,工程科學,Engineering,工程,ENG,,,,
土木科,土木科,Civil Engineering,土木工程,Engineering Sciences,工程科學,Engineering,工程,ENG,,,,
土木科转电机科,土木科轉電機科,Civil Engineering,土木工程,Engineering Sciences,工程科學,Engineering,工程,ENG,,,,
土木系,土木系,Civil Engineering,土木工程,Engineering Sciences,工程科學,Engineering,工程,ENG,,,,
土木系路工组,土木系路工組,Civil Engineering,土木工程,Engineering Sciences,工程科學,Engineering,工程,ENG,,,,
土木结构,土木結構,Civil Engineering,土木工程,Engineering Sciences,工程科學,Engineering,工程,ENG,,,,
土木门,土木門,Civil Engineering,土木工程,Engineering Sciences,工程科學,Engineering,工程,ENG,,,,
工学系,工學系,Civil Engineering,土木工程,Engineering Sciences,工程科學,Engineering,工程,ENG,,,,
工学系土木,工學系土木,Civil Engineering,土木工程,Engineering Sciences,工程科學,Engineering,工程,ENG,,,,
工学系土木学系,工學系土木學系,Civil Engineering,土木工程,Engineering Sciences,工程科學,Engineering,工程,ENG,,,,
工学系土木工程,工學系土木工程,Civil Engineering,土木工程,Engineering Sciences,工程科學,Engineering,工程,ENG,,,,
工学院土木学系,工學院土木學系,Civil Engineering,土木工程,Engineering Sciences,工程科學,Engineering,工程,ENG,,,,
工学院土木学系一年级,工學院土木學系一年級,Civil Engineering,土木工程,Engineering Sciences,工程科學,Engineering,工程,ENG,,,,
工学院土木学系二年级,工學院土木學系二年級,Civil Engineering,土木工程,Engineering Sciences,工程科學,Engineering,工程,ENG,,,,
工学院土木学系四年级,工學院土木學系四年級,Civil Engineering,土木工程,Engineering Sciences,工程科學,Engineering,工程,ENG,,,,
工学院土木专修学系一年级,工學院土木專修學系一年級,Civil Engineering,土木工程,Engineering Sciences,工程科學,Engineering,工程,ENG,,,,
工学院土木工程,工學院土木工程,Civil Engineering,土木工程,Engineering Sciences,工程科學,Engineering,工程,ENG,,,,
工学院土木工程学系,工學院土木工程學系,Civil Engineering,土木工程,Engineering Sciences,工程科學,Engineering,工程,ENG,,,,
工学院土木工程学系一年级,工學院土木工程學系一年級,Civil Engineering,土木工程,Engineering Sciences,工程科學,Engineering,工程,ENG,,,,
工学院土木工程专修科一年级,工學院土木工程專修科一年級,Civil Engineering,土木工程,Engineering Sciences,工程科學,Engineering,工程,ENG,,,,
工学院土木工程系,工學院土木工程系,Civil Engineering,土木工程,Engineering Sciences,工程科學,Engineering,工程,ENG,,,,
工学院土木工程系二年级,工學院土木工程系二年級,Civil Engineering,土木工程,Engineering Sciences,工程科學,Engineering,工程,ENG,,,,
工学院土木工程系市鎭组,工學院土木工程系市鎭組,Civil Engineering,土木工程,Engineering Sciences,工程科學,Engineering,工程,ENG,,,,
工学院土木系,工學院土木系,Civil Engineering,土木工程,Engineering Sciences,工程科學,Engineering,工程,ENG,,,,
工学院工学系,工學院工學系,Civil Engineering,土木工程,Engineering Sciences,工程科學,Engineering,工程,ENG,,,,
工学院建工系,工學院建工系,Civil Engineering,土木工程,Engineering Sciences,工程科學,Engineering,工程,ENG,,,,
工学院建筑工程系,工學院建築工程系,Civil Engineering,土木工程,Engineering Sciences,工程科學,Engineering,工程,ENG,,,,
工学院建筑系,工學院建築系,Civil Engineering,土木工程,Engineering Sciences,工程科學,Engineering,工程,ENG,,,,
工本土木,工本土木,Civil Engineering,土木工程,Engineering Sciences,工程科學,Engineering,工程,ENG,,,,
工院土木系,工院土木系,Civil Engineering,土木工程,Engineering Sciences,工程科學,Engineering,工程,ENG,,,,
建工,建工,Civil Engineering,土木工程,Engineering Sciences,工程科學,Engineering,工程,ENG,,,,
,建筑工程,Civil Engineering,土木工程,Engineering Sciences,工程科學,Engineering,工程,ENG,,,,
建筑工程,建築工程,Civil Engineering,土木工程,Engineering Sciences,工程科學,Engineering,工程,ENG,,,,
建筑工程 一年,建築工程 一年,Civil Engineering,土木工程,Engineering Sciences,工程科學,Engineering,工程,ENG,,,,
建筑工程学系,建築工程學系,Civil Engineering,土木工程,Engineering Sciences,工程科學,Engineering,工程,ENG,,,,
染织科转土木科,染織科轉土木科,Civil Engineering,土木工程,Engineering Sciences,工程科學,Engineering,工程,ENG,,,,
测量,測量,Civil Engineering,土木工程,Engineering Sciences,工程科學,Engineering,工程,ENG,,,,
测量学系,測量學系,Civil Engineering,土木工程,Engineering Sciences,工程科學,Engineering,工程,ENG,,,,
营建,營建,Civil Engineering,土木工程,Engineering Sciences,工程科學,Engineering,工程,ENG,,,,
营建学,營建學,Civil Engineering,土木工程,Engineering Sciences,工程科學,Engineering,工程,ENG,,,,
营建学系,營建學系,Civil Engineering,土木工程,Engineering Sciences,工程科學,Engineering,工程,ENG,,,,
营建工程,營建工程,Civil Engineering,土木工程,Engineering Sciences,工程科學,Engineering,工程,ENG,,,,
营建系,營建系,Civil Engineering,土木工程,Engineering Sciences,工程科學,Engineering,工程,ENG,,,,
营造系,營造系,Civil Engineering,土木工程,Engineering Sciences,工程科學,Engineering,工程,ENG,,,,
理学院土木学系,理學院土木學系,Civil Engineering,土木工程,Engineering Sciences,工程科學,Engineering,工程,ENG,,,,
理工学院土木学系,理工學院土木學系,Civil Engineering,土木工程,Engineering Sciences,工程科學,Engineering,工程,ENG,,,,
理工学院土木工程学系,理工學院土木工程學系,Civil Engineering,土木工程,Engineering Sciences,工程科學,Engineering,工程,ENG,,,,
理工学院土木工程系,理工學院土木工程系,Civil Engineering,土木工程,Engineering Sciences,工程科學,Engineering,工程,ENG,,,,
理工学院土木工程系一年,理工學院土木工程系一年,Civil Engineering,土木工程,Engineering Sciences,工程科學,Engineering,工程,ENG,,,,
理工学院土木系,理工學院土木系,Civil Engineering,土木工程,Engineering Sciences,工程科學,Engineering,工程,ENG,,,,
结构系,結構系,Civil Engineering,水木工程,Engineering Sciences,工程科學,Science,科學,PSC,,,,
道路工程,道路工程,Civil Engineering,土木工程,Engineering Sciences,工程科學,Engineering,工程,ENG,,,,
高职土木,高職土木,Civil Engineering,土木工程,Engineering Sciences,工程科學,Engineering,工程,ENG,,,,
C.E,C.E,Civil Engineering ,土木工程,Engineering Sciences,工程科學,Engineering,工程,ENG,,,,
C.E.,C.E.,Civil Engineering ,土木工程,Engineering Sciences,工程科學,Engineering,工程,ENG,,,,
CIVIL ENGINEERING,CIVIL ENGINEERING,Civil Engineering ,土木工程,Engineering Sciences,工程科學,Engineering,工程,ENG,,,,
专土,專土,Civil Engineering ,土木工程,Engineering Sciences,工程科學,Engineering,工程,ENG,,,,
工 土木工程 一年,工 土木工程 一年,Civil Engineering ,土木工程,Engineering Sciences,工程科學,Engineering,工程,ENG,,,,
工 土木工程 一年级,工 土木工程 一年級,Civil Engineering ,土木工程,Engineering Sciences,工程科學,Engineering,工程,ENG,,,,
工 土木工程 一年级 第一学期,工 土木工程 一年級 第一學期,Civil Engineering ,土木工程,Engineering Sciences,工程科學,Engineering,工程,ENG,,,,
工 土木工程 一年级 第二学期,工 土木工程 一年級 第二學期,Civil Engineering ,土木工程,Engineering Sciences,工程科學,Engineering,工程,ENG,,,,
工 土木工程 三年级 第一学期,工 土木工程 三年級 第一學期,Civil Engineering ,土木工程,Engineering Sciences,工程科學,Engineering,工程,ENG,,,,
工 土木工程 乙,工 土木工程 乙,Civil Engineering ,土木工程,Engineering Sciences,工程科學,Engineering,工程,ENG,,,,
工 土木工程 二年级 第二学期,工 土木工程 二年級 第二學期,Civil Engineering ,土木工程,Engineering Sciences,工程科學,Engineering,工程,ENG,,,,
工 土木工程 四年级 第一学期,工 土木工程 四年級 第一學期,Civil Engineering ,土木工程,Engineering Sciences,工程科學,Engineering,工程,ENG,,,,
工 土木系 一年,工 土木系 一年,Civil Engineering ,土木工程,Engineering Sciences,工程科學,Engineering,工程,ENG,,,,
工 土木系 乙,工 土木系 乙,Civil Engineering ,土木工程,Engineering Sciences,工程科學,Engineering,工程,ENG,,,,
工 建筑工程 一年,工 建築工程 一年,Civil Engineering ,土木工程,Engineering Sciences,工程科學,Engineering,工程,ENG,,,,
工 建筑工程 一年级 第二学期,工 建築工程 一年級 第二學期,Civil Engineering ,土木工程,Engineering Sciences,工程科學,Engineering,工程,ENG,,,,
工 建筑工程 乙,工 建築工程 乙,Civil Engineering ,土木工程,Engineering Sciences,工程科學,Engineering,工程,ENG,,,,
工_土木,工_土木,Civil Engineering ,土木工程,Engineering Sciences,工程科學,Engineering,工程,ENG,,,,
工_土木工程,工_土木工程,Civil Engineering ,土木工程,Engineering Sciences,工程科學,Engineering,工程,ENG,,,,
工_土木工程学系,工_土木工程學系,Civil Engineering ,土木工程,Engineering Sciences,工程科學,Engineering,工程,ENG,,,,
"理预
土木","理預
土木",Civil Engineering ,土木工程,Engineering Sciences,工程科學,Engineering,工程,ENG,,,,
"理预
土木门","理預
土木門",Civil Engineering ,土木工程,Engineering Sciences,工程科學,Engineering,工程,ENG,,,,
预科二 工本土木,預科二 工本土木,Civil Engineering ,土木工程,Engineering Sciences,工程科學,Engineering,工程,ENG,,,,
ART ECONOMICS,ART ECONOMICS,Economics,經濟學,Humanities and Social Sciences,人文學科,Humanities and Social Sciences,人文社會科學,SSC,,,,
保送文学院政治经济系,保送文學院政治經濟系,Economics,經濟學,Social Sciences,社會科學,Humanities and Social Sciences,人文社會科學,SSC,,,,
化学政经济,化學政經濟,Economics,經濟學,Social Sciences,社會科學,Humanities and Social Sciences,人文社會科學,SSC,,,,
史学与政治主系经济副系,史學與政治主系經濟副系,Economics,經濟學,Social Sciences,社會科學,Humanities and Social Sciences,人文社會科學,SSC,,,,
商学院经济学系,商學院經濟學系,Economics,經濟學,Social Sciences,社會科學,Humanities and Social Sciences,人文社會科學,SSC,,,,
商学院经济学系二年级,商學院經濟學系二年級,Economics,經濟學,Social Sciences,社會科學,Humanities and Social Sciences,人文社會科學,SSC,,,,
商业经济系,商業經濟系,Economics,經濟學,Social Sciences,社會科學,Humanities and Social Sciences,人文社會科學,SSC,,,,
国际经济学部,國際經濟學部,Economics,經濟學,Social Sciences,社會科學,Humanities and Social Sciences,人文社會科學,SSC,,,,
土地经济,土地經濟,Economics,經濟學,Social Sciences,社會科學,Humanities and Social Sciences,人文社會科學,SSC,,,,
土地经济系,土地經濟系,Economics,經濟學,Social Sciences,社會科學,Humanities and Social Sciences,人文社會科學,SSC,,,,
土经,土經,Economics,經濟學,Social Sciences,社會科學,Humanities and Social Sciences,人文社會科學,SSC,,,,
土经系,土經系,Economics,經濟學,Social Sciences,社會科學,Humanities and Social Sciences,人文社會科學,SSC,,,,
政治经济学,政治經濟學,Economics,經濟學,Social Sciences,社會科學,Humanities and Social Sciences,人文社會科學,SSC,,,,
政治经济科,政治經濟科,Economics,經濟學,Social Sciences,社會科學,Humanities and Social Sciences,人文社會科學,SSC,,,,
文；经济,文；經濟,Economics,經濟學,Social Sciences,社會科學,Humanities and Social Sciences,人文社會科學,SSC,,,,
文（政治）,文（政治）,Economics,經濟學,Social Sciences,社會科學,Humanities and Social Sciences,人文社會科學,SSC,,,,
文（经济系）,文（經濟系）,Economics,經濟學,Social Sciences,社會科學,Humanities and Social Sciences,人文社會科學,SSC,,,,
文学系政治系转经济系,文學系政治系轉經濟系,Economics,經濟學,Social Sciences,社會科學,Humanities and Social Sciences,人文社會科學,SSC,,,,
文学院，后转入农学院农业经济系,文學院，後轉入農學院農業經濟系,Economics,經濟學,Humanities and Social Sciences,人文學科,Humanities and Social Sciences,人文社會科學,SSC,,,,
文学院中国经济学系一年级,文學院中國經濟學系一年級,Economics,經濟學,Social Sciences,社會科學,Humanities and Social Sciences,人文社會科學,SSC,,,,
文学院哲心系哲学组转文学院政经系政治组,文學院哲心系哲學組轉文學院政經系政治組,Economics,經濟學,Social Sciences,社會科學,Humanities and Social Sciences,人文社會科學,SSC,,,,
文学院哲心系心理组转文学院政经系政治组,文學院哲心系心理組轉文學院政經系政治組,Economics,經濟學,Social Sciences,社會科學,Humanities and Social Sciences,人文社會科學,SSC,,,,
文学院商学经济系,文學院商學經濟系,Economics,經濟學,Social Sciences,社會科學,Humanities and Social Sciences,人文社會科學,SSC,,,,
文学院外文系转文学院政治经济系经济组,文學院外文系轉文學院政治經濟系經濟組,Economics,經濟學,Social Sciences,社會科學,Humanities and Social Sciences,人文社會科學,SSC,,,,
文学院外文系转文学院政经系,文學院外文系轉文學院政經系,Economics,經濟學,Social Sciences,社會科學,Humanities and Social Sciences,人文社會科學,SSC,,,,
文学院政治,文學院政治,Economics,經濟學,Social Sciences,社會科學,Humanities and Social Sciences,人文社會科學,SSC,,,,
文学院政治组,文學院政治組,Economics,經濟學,Social Sciences,社會科學,Humanities and Social Sciences,人文社會科學,SSC,,,,
文学院政治经济学系经济学组,文學院政治經濟學系經濟學組,Economics,經濟學,Social Sciences,社會科學,Humanities and Social Sciences,人文社會科學,SSC,,,,
文学院政治经济系,文學院政治經濟系,Economics,經濟學,Social Sciences,社會科學,Humanities and Social Sciences,人文社會科學,SSC,,,,
文学院政治经济系政治组,文學院政治經濟系政治組,Economics,經濟學,Social Sciences,社會科學,Humanities and Social Sciences,人文社會科學,SSC,,,,
文学院政治经济系经济组,文學院政治經濟系經濟組,Economics,經濟學,Social Sciences,社會科學,Humanities and Social Sciences,人文社會科學,SSC,,,,
文学院政治经济系转政治系,文學院政治經濟系轉政治系,Economics,經濟學,Social Sciences,社會科學,Humanities and Social Sciences,人文社會科學,SSC,,,,
文学院政经系,文學院政經系,Economics,經濟學,Social Sciences,社會科學,Humanities and Social Sciences,人文社會科學,SSC,,,,
文学院政经系政治组,文學院政經系政治組,Economics,經濟學,Social Sciences,社會科學,Humanities and Social Sciences,人文社會科學,SSC,,,,
文学院政经系经济系,文學院政經系經濟系,Economics,經濟學,Social Sciences,社會科學,Humanities and Social Sciences,人文社會科學,SSC,,,,
文学院政经系经济组,文學院政經系經濟組,Economics,經濟學,Social Sciences,社會科學,Humanities and Social Sciences,人文社會科學,SSC,,,,
文学院政经系转政治系,文學院政經系轉政治系,Economics,經濟學,Social Sciences,社會科學,Humanities and Social Sciences,人文社會科學,SSC,,,,
文学院政经系转政治组,文學院政經系轉政治組,Economics,經濟學,Social Sciences,社會科學,Humanities and Social Sciences,人文社會科學,SSC,,,,
文学院社会学经济学,文學院社會學經濟學,Economics,經濟學,Social Sciences,社會科學,Humanities and Social Sciences,人文社會科學,SSC,,,,
文学院经济,文學院經濟,Economics,經濟學,Social Sciences,社會科學,Humanities and Social Sciences,人文社會科學,SSC,,,,
文学院经济儿童福利学系,文學院經濟兒童福利學系,Economics,經濟學,Social Sciences,社會科學,Humanities and Social Sciences,人文社會科學,SSC,,,,
文学院经济商学系,文學院經濟商學系,Economics,經濟學,Social Sciences,社會科學,Humanities and Social Sciences,人文社會科學,SSC,,,,
文学院经济学系,文學院經濟學系,Economics,經濟學,Social Sciences,社會科學,Humanities and Social Sciences,人文社會科學,SSC,,,,
文学院经济系,文學院經濟系,Economics,經濟學,Social Sciences,社會科學,Humanities and Social Sciences,人文社會科學,SSC,,,,
文学院经济系二年,文學院經濟系二年,Economics,經濟學,Social Sciences,社會科學,Humanities and Social Sciences,人文社會科學,SSC,,,,
文学院经济系四年级上,文學院經濟系四年級上,Economics,經濟學,Social Sciences,社會科學,Humanities and Social Sciences,人文社會科學,SSC,,,,
文学院经济系转农学院农业工程系,文學院經濟系轉農學院農業工程系,Economics,經濟學,Social Sciences,社會科學,Humanities and Social Sciences,人文社會科學,SSC,,,,
文学院经济组,文學院經濟組,Economics,經濟學,Social Sciences,社會科學,Humanities and Social Sciences,人文社會科學,SSC,,,,
文法学院中国经济学系一年级,文法學院中國經濟學系一年級,Economics,經濟學,Social Sciences,社會科學,Humanities and Social Sciences,人文社會科學,SSC,,,,
文法学院经济学系,文法學院經濟學系,Economics,經濟學,Social Sciences,社會科學,Humanities and Social Sciences,人文社會科學,SSC,,,,
文法学院经济学系一年级,文法學院經濟學系一年級,Economics,經濟學,Social Sciences,社會科學,Humanities and Social Sciences,人文社會科學,SSC,,,,
文法学院经济学系三年级,文法學院經濟學系三年級,Economics,經濟學,Social Sciences,社會科學,Humanities and Social Sciences,人文社會科學,SSC,,,,
文法学院经济学系二年级,文法學院經濟學系二年級,Economics,經濟學,Social Sciences,社會科學,Humanities and Social Sciences,人文社會科學,SSC,,,,
文法学院经济学习二年级,文法學院經濟學習二年級,Economics,經濟學,Social Sciences,社會科學,Humanities and Social Sciences,人文社會科學,SSC,,,,
文法学院经济系,文法學院經濟系,Economics,經濟學,Social Sciences,社會科學,Humanities and Social Sciences,人文社會科學,SSC,,,,
文理学院经济商学系,文理學院經濟商學系,Economics,經濟學,Social Sciences,社會科學,Humanities and Social Sciences,人文社會科學,SSC,,,,
文理学院经济学系,文理學院經濟學系,Economics,經濟學,Social Sciences,社會科學,Humanities and Social Sciences,人文社會科學,SSC,,,,
文院经济系,文院經濟系,Economics,經濟學,Social Sciences,社會科學,Humanities and Social Sciences,人文社會科學,SSC,,,,
法 经济,法 經濟,Economics,經濟學,Humanities and Social Sciences,人文學科,Humanities and Social Sciences,人文社會科學,SSC,,,,
法，经济,法，經濟,Economics,經濟學,Humanities and Social Sciences,人文學科,Humanities and Social Sciences,人文社會科學,SSC,,,,
法学院中国经济学系一年级,法學院中國經濟學系一年級,Economics,經濟學,Social Sciences,社會科學,Humanities and Social Sciences,人文社會科學,SSC,,,,
法学院政经系,法學院政經系,Economics,經濟學,Social Sciences,社會科學,Humanities and Social Sciences,人文社會科學,SSC,,,,
法学院政经系一年生,法學院政經系一年生,Economics,經濟學,Social Sciences,社會科學,Humanities and Social Sciences,人文社會科學,SSC,,,,
法学院政经系一年级,法學院政經系一年級,Economics,經濟學,Social Sciences,社會科學,Humanities and Social Sciences,人文社會科學,SSC,,,,
法学院政经系二年,法學院政經系二年,Economics,經濟學,Social Sciences,社會科學,Humanities and Social Sciences,人文社會科學,SSC,,,,
法学院经济学系,法學院經濟學系,Economics,經濟學,Social Sciences,社會科學,Humanities and Social Sciences,人文社會科學,SSC,,,,
法学院经济学系一年级,法學院經濟學系一年級,Economics,經濟學,Social Sciences,社會科學,Humanities and Social Sciences,人文社會科學,SSC,,,,
法学院经济学系三年级,法學院經濟學系三年級,Economics,經濟學,Social Sciences,社會科學,Humanities and Social Sciences,人文社會科學,SSC,,,,
法学院经济学系二年,法學院經濟學系二年,Economics,經濟學,Social Sciences,社會科學,Humanities and Social Sciences,人文社會科學,SSC,,,,
法学院经济学系二年级,法學院經濟學系二年級,Economics,經濟學,Social Sciences,社會科學,Humanities and Social Sciences,人文社會科學,SSC,,,,
法学院经济学系四年级,法學院經濟學系四年級,Economics,經濟學,Social Sciences,社會科學,Humanities and Social Sciences,人文社會科學,SSC,,,,
法学院经济系,法學院經濟系,Economics,經濟學,Social Sciences,社會科學,Humanities and Social Sciences,人文社會科學,SSC,,,,
法库经济系一年,法庫經濟系一年,Economics,經濟學,Social Sciences,社會科學,Humanities and Social Sciences,人文社會科學,SSC,,,,
法律经济,法律經濟,Economics,經濟學,Social Sciences,社會科學,Humanities and Social Sciences,人文社會科學,SSC,,,,
法律经济系一年,法律經濟系一年,Economics,經濟學,Social Sciences,社會科學,Humanities and Social Sciences,人文社會科學,SSC,,,,
法本经济,法本經濟,Economics,經濟學,Social Sciences,社會科學,Humanities and Social Sciences,人文社會科學,SSC,,,,
法科政治经济系,法科政治經濟系,Economics,經濟學,Social Sciences,社會科學,Humanities and Social Sciences,人文社會科學,SSC,,,,
法科政经系,法科政經系,Economics,經濟學,Social Sciences,社會科學,Humanities and Social Sciences,人文社會科學,SSC,,,,
法科政经系二年,法科政經系二年,Economics,經濟學,Social Sciences,社會科學,Humanities and Social Sciences,人文社會科學,SSC,,,,
法科政经系二年级,法科政經系二年級,Economics,經濟學,Social Sciences,社會科學,Humanities and Social Sciences,人文社會科學,SSC,,,,
法科经济,法科經濟,Economics,經濟學,Social Sciences,社會科學,Humanities and Social Sciences,人文社會科學,SSC,,,,
法科经济学,法科經濟學,Economics,經濟學,Social Sciences,社會科學,Humanities and Social Sciences,人文社會科學,SSC,,,,
法科经济系,法科經濟系,Economics,經濟學,Social Sciences,社會科學,Humanities and Social Sciences,人文社會科學,SSC,,,,
法科经济系二年,法科經濟系二年,Economics,經濟學,Social Sciences,社會科學,Humanities and Social Sciences,人文社會科學,SSC,,,,
法经济,法經濟,Economics,經濟學,Social Sciences,社會科學,Humanities and Social Sciences,人文社會科學,SSC,,,,
"法预
经济","法預
經濟",Economics,經濟學,Social Sciences,社會科學,Humanities and Social Sciences,人文社會科學,SSC,,,,
法预 经济,法預 經濟,Economics,經濟學,Social Sciences,社會科學,Humanities and Social Sciences,人文社會科學,SSC,,,,
法预经济,法預經濟,Economics,經濟學,Social Sciences,社會科學,Humanities and Social Sciences,人文社會科學,SSC,,,,
理学院，后转入农学院农业经济系,理學院，後轉入農學院農業經濟系,Economics,經濟學,Social Sciences,社會科學,Humanities and Social Sciences,人文社會科學,SSC,,,,
理学院化学系转文学院政经系经济组,理學院化學系轉文學院政經系經濟組,Economics,經濟學,Social Sciences,社會科學,Humanities and Social Sciences,人文社會科學,SSC,,,,
"理预
经济","理預
經濟",Economics,經濟學,Humanities and Social Sciences,人文學科,Humanities and Social Sciences,人文社會科學,HUM,,,,
理预  经济,理預  經濟,Economics,經濟學,Social Sciences,社會科學,Humanities and Social Sciences,人文社會科學,SSC,,,,
社会科学经济系,社會科學經濟系,Economics,經濟學,Social Sciences,社會科學,Humanities and Social Sciences,人文社會科學,SSC,,,,
社会科经济,社會科經濟,Economics,經濟學,Social Sciences,社會科學,Humanities and Social Sciences,人文社會科學,SSC,,,,
社会科经济系,社會科經濟系,Economics,經濟學,Social Sciences,社會科學,Humanities and Social Sciences,人文社會科學,SSC,,,,
社会经济,社會經濟,Economics,經濟學,Social Sciences,社會科學,Humanities and Social Sciences,人文社會科學,SSC,,,,
经专,經專,Economics,經濟學,Social Sciences,社會科學,Humanities and Social Sciences,人文社會科學,SSC,,,,
经专一年,經專一年,Economics,經濟學,Social Sciences,社會科學,Humanities and Social Sciences,人文社會科學,SSC,,,,
经专二年,經專二年,Economics,經濟學,Social Sciences,社會科學,Humanities and Social Sciences,人文社會科學,SSC,,,,
经专夜校,經專夜校,Economics,經濟學,Social Sciences,社會科學,Humanities and Social Sciences,人文社會科學,SSC,,,,
经专科,經專科,Economics,經濟學,Social Sciences,社會科學,Humanities and Social Sciences,人文社會科學,SSC,,,,
经专科一年,經專科一年,Economics,經濟學,Social Sciences,社會科學,Humanities and Social Sciences,人文社會科學,SSC,,,,
经专科二年,經專科二年,Economics,經濟學,Social Sciences,社會科學,Humanities and Social Sciences,人文社會科學,SSC,,,,
经专系,經專系,Economics,經濟學,Social Sciences,社會科學,Humanities and Social Sciences,人文社會科學,SSC,,,,
经济,經濟,Economics,經濟學,Social Sciences,社會科學,Humanities and Social Sciences,人文社會科學,SSC,,,,
"经济
（西南联大）","經濟
（西南聯大）",Economics,經濟學,Social Sciences,社會科學,Humanities and Social Sciences,人文社會科學,SSC,,,,
"经济
史学","經濟
史學",Economics,經濟學,Social Sciences,社會科學,Humanities and Social Sciences,人文社會科學,SSC,,,,
"经济
哲学","經濟
哲學",Economics,經濟學,Social Sciences,社會科學,Humanities and Social Sciences,人文社會科學,SSC,,,,
"经济
国文","經濟
國文",Economics,經濟學,Social Sciences,社會科學,Humanities and Social Sciences,人文社會科學,SSC,,,,
"经济
国文
经济学类研究生","經濟
國文
經濟學類研究生",Economics,經濟學,Social Sciences,社會科學,Humanities and Social Sciences,人文社會科學,SSC,,,,
"经济
政治","經濟
政治",Economics,經濟學,Social Sciences,社會科學,Humanities and Social Sciences,人文社會科學,SSC,,,,
"经济
法律","經濟
法律",Economics,經濟學,Social Sciences,社會科學,Humanities and Social Sciences,人文社會科學,SSC,,,,
"经济
法文","經濟
法文",Economics,經濟學,Social Sciences,社會科學,Humanities and Social Sciences,人文社會科學,SSC,,,,
"经济
法科","經濟
法科",Economics,經濟學,Social Sciences,社會科學,Humanities and Social Sciences,人文社會科學,SSC,,,,
"经济
经济学类研究生","經濟
經濟學類研究生",Economics,經濟學,Social Sciences,社會科學,Humanities and Social Sciences,人文社會科學,SSC,,,,
"经济
经济学类研究生（助教兼）","經濟
經濟學類研究生（助教兼）",Economics,經濟學,Social Sciences,社會科學,Humanities and Social Sciences,人文社會科學,SSC,,,,
经济  国文,經濟  國文,Economics,經濟學,Social Sciences,社會科學,Humanities and Social Sciences,人文社會科學,SSC,,,,
经济 一年,經濟 一年,Economics,經濟學,Social Sciences,社會科學,Humanities and Social Sciences,人文社會科學,SSC,,,,
经济 系,經濟 系,Economics,經濟學,Social Sciences,社會科學,Humanities and Social Sciences,人文社會科學,SSC,,,,
经济主系中国史副系,經濟主系中國史副系,Economics,經濟學,Social Sciences,社會科學,Humanities and Social Sciences,人文社會科學,SSC,,,,
经济主系政治副系,經濟主系政治副系,Economics,經濟學,Social Sciences,社會科學,Humanities and Social Sciences,人文社會科學,SSC,,,,
经济二年,經濟二年,Economics,經濟學,Social Sciences,社會科學,Humanities and Social Sciences,人文社會科學,SSC,,,,
经济保险学,經濟保險學,Economics,經濟學,Social Sciences,社會科學,Humanities and Social Sciences,人文社會科學,SSC,,,,
经济学,經濟學,Economics,經濟學,Social Sciences,社會科學,Humanities and Social Sciences,人文社會科學,SSC,,,,
经济学系,經濟學系,Economics,經濟學,Social Sciences,社會科學,Humanities and Social Sciences,人文社會科學,SSC,,,,
经济学系二年,經濟學系二年,Economics,經濟學,Social Sciences,社會科學,Humanities and Social Sciences,人文社會科學,SSC,,,,
经济学部,經濟學部,Economics,經濟學,Social Sciences,社會科學,Humanities and Social Sciences,人文社會科學,SSC,,,,
经济学院,經濟學院,Economics,經濟學,Social Sciences,社會科學,Humanities and Social Sciences,人文社會科學,SSC,,,,
经济学院商学系,經濟學院商學系,Economics,經濟學,Social Sciences,社會科學,Humanities and Social Sciences,人文社會科學,SSC,,,,
经济学院经济学系,經濟學院經濟學系,Economics,經濟學,Social Sciences,社會科學,Humanities and Social Sciences,人文社會科學,SSC,,,,
"经济学类
研究生","經濟學類
研究生",Economics,經濟學,Social Sciences,社會科學,Humanities and Social Sciences,人文社會科學,SSC,,,,
经济学类研究生,經濟學類研究生,Economics,經濟學,Social Sciences,社會科學,Humanities and Social Sciences,人文社會科學,SSC,,,,
经济专修二年生,經濟專修二年生,Economics,經濟學,Social Sciences,社會科學,Humanities and Social Sciences,人文社會科學,SSC,,,,
经济专修夜班,經濟專修夜班,Economics,經濟學,Social Sciences,社會科學,Humanities and Social Sciences,人文社會科學,SSC,,,,
经济专修科,經濟專修科,Economics,經濟學,Social Sciences,社會科學,Humanities and Social Sciences,人文社會科學,SSC,,,,
经济专修科（夜班）一年,經濟專修科（夜班）一年,Economics,經濟學,Social Sciences,社會科學,Humanities and Social Sciences,人文社會科學,SSC,,,,
经济专修科一年,經濟專修科一年,Economics,經濟學,Social Sciences,社會科學,Humanities and Social Sciences,人文社會科學,SSC,,,,
经济专修科一年夜学科,經濟專修科一年夜學科,Economics,經濟學,Social Sciences,社會科學,Humanities and Social Sciences,人文社會科學,SSC,,,,
经济专修科二年,經濟專修科二年,Economics,經濟學,Social Sciences,社會科學,Humanities and Social Sciences,人文社會科學,SSC,,,,
经济专修科夜班,經濟專修科夜班,Economics,經濟學,Social Sciences,社會科學,Humanities and Social Sciences,人文社會科學,SSC,,,,
经济专科,經濟專科,Economics,經濟學,Social Sciences,社會科學,Humanities and Social Sciences,人文社會科學,SSC,,,,
经济工程,經濟工程,Economics,經濟學,Social Sciences,社會科學,Humanities and Social Sciences,人文社會科學,SSC,,,,
经济科,經濟科,Economics,經濟學,Social Sciences,社會科學,Humanities and Social Sciences,人文社會科學,SSC,,,,
经济系,經濟系,Economics,經濟學,Social Sciences,社會科學,Humanities and Social Sciences,人文社會科學,SSC,,,,
"经济系
（西南联大）","經濟系
（西南聯大）",Economics,經濟學,Social Sciences,社會科學,Humanities and Social Sciences,人文社會科學,SSC,,,,
经济系一年,經濟系一年,Economics,經濟學,Social Sciences,社會科學,Humanities and Social Sciences,人文社會科學,SSC,,,,
经济系一年生,經濟系一年生,Economics,經濟學,Social Sciences,社會科學,Humanities and Social Sciences,人文社會科學,SSC,,,,
经济系二年,經濟系二年,Economics,經濟學,Social Sciences,社會科學,Humanities and Social Sciences,人文社會科學,SSC,,,,
经济系修科,經濟系修科,Economics,經濟學,Social Sciences,社會科學,Humanities and Social Sciences,人文社會科學,SSC,,,,
经济系夜班一年,經濟系夜班一年,Economics,經濟學,Social Sciences,社會科學,Humanities and Social Sciences,人文社會科學,SSC,,,,
经济系专修科,經濟系專修科,Economics,經濟學,Social Sciences,社會科學,Humanities and Social Sciences,人文社會科學,SSC,,,,
经济系应徽,經濟系應徽,Economics,經濟學,Social Sciences,社會科學,Humanities and Social Sciences,人文社會科學,SSC,,,,
经济组,經濟組,Economics,經濟學,Social Sciences,社會科學,Humanities and Social Sciences,人文社會科學,SSC,,,,
经济财政,經濟財政,Economics,經濟學,Social Sciences,社會科學,Humanities and Social Sciences,人文社會科學,SSC,,,,
"经济选
法本经济","經濟選
法本經濟",Economics,經濟學,Social Sciences,社會科學,Humanities and Social Sciences,人文社會科學,SSC,,,,
经济部,經濟部,Economics,經濟學,Social Sciences,社會科學,Humanities and Social Sciences,人文社會科學,SSC,,,,
财政,財政,Economics,經濟學,Social Sciences,社會科學,Humanities and Social Sciences,人文社會科學,SSC,,,,
转入政经系一年,轉入政經系一年,Economics,經濟學,Social Sciences,社會科學,Humanities and Social Sciences,人文社會科學,SSC,,,,
转入本学院经济系2年,轉入本學院經濟系2年,Economics,經濟學,Social Sciences,社會科學,Humanities and Social Sciences,人文社會科學,SSC,,,,
农学院经济学,農學院經濟學,Economics,經濟學,Social Sciences,社會科學,Humanities and Social Sciences,人文社會科學,SSC,,,,
农学院经济学系,農學院經濟學系,Economics,經濟學,Social Sciences,社會科學,Humanities and Social Sciences,人文社會科學,SSC,,,,
农学院经济系,農學院經濟系,Economics,經濟學,Social Sciences,社會科學,Humanities and Social Sciences,人文社會科學,SSC,,,,
农学院农经系转文学院经济系,農學院農經系轉文學院經濟系,Economics,經濟學,Social Sciences,社會科學,Humanities and Social Sciences,人文社會科學,SSC,,,,
,農業經濟學,Economics,經濟學,Humanities and Social Sciences,人文學科,Humanities and Social Sciences,人文社會科學,SSC,,,,
预乙经济,預乙經濟,Economics,經濟學,Social Sciences,社會科學,Humanities and Social Sciences,人文社會科學,SSC,,,,
保送电化教育专修科,保送電化教育專修科,Education,教育,Humanities,人文學科,Humanities and Social Sciences,人文社會科學,HUM,,,,
优师,優師,Education,教育,Humanities,人文學科,Humanities and Social Sciences,人文社會科學,HUM,,,,
优师范科,優師範科,Education,教育,Humanities,人文學科,Humanities and Social Sciences,人文社會科學,HUM,,,,
"优师范科
史学","優師範科
史學",Education,教育,Humanities,人文學科,Humanities and Social Sciences,人文社會科學,HUM,,,,
"优师范科
政治","優師範科
政治",Education,教育,Humanities,人文學科,Humanities and Social Sciences,人文社會科學,HUM,,,,
"优师范科
文学","優師範科
文學",Education,教育,Humanities,人文學科,Humanities and Social Sciences,人文社會科學,HUM,,,,
"优师范科
经学毛诗","優師範科
經學毛詩",Education,教育,Humanities,人文學科,Humanities and Social Sciences,人文社會科學,HUM,,,,
"优师范科
农化","優師範科
農化",Education,教育,Humanities,人文學科,Humanities and Social Sciences,人文社會科學,HUM,,,,
"优师范科
农学","優師範科
農學",Education,教育,Humanities,人文學科,Humanities and Social Sciences,人文社會科學,HUM,,,,
优师范馆,優師範館,Education,教育,Humanities,人文學科,Humanities and Social Sciences,人文社會科學,HUM,,,,
优秀师范科,優秀師範科,Education,教育,Humanities,人文學科,Humanities and Social Sciences,人文社會科學,HUM,,,,
优级师范科,優級師範科,Education,教育,Humanities,人文學科,Humanities and Social Sciences,人文社會科學,HUM,,,,
堉,堉,Education,教育,Humanities,人文學科,Humanities and Social Sciences,人文社會科學,HUM,,,,
师专学院史地学系,師專學院史地學系,Education,教育,Humanities,人文學科,Humanities and Social Sciences,人文社會科學,HUM,,,,
师专学院史地学系一年级,師專學院史地學系一年級,Education,教育,Humanities,人文學科,Humanities and Social Sciences,人文社會科學,HUM,,,,
师范,師範,Education,教育,Humanities,人文學科,Humanities and Social Sciences,人文社會科學,HUM,,,,
师范_教育,師範_教育,Education,教育,Humanities,人文學科,Humanities and Social Sciences,人文社會科學,HUM,,,,
师范学,師範學,Education,教育,Humanities,人文學科,Humanities and Social Sciences,人文社會科學,HUM,,,,
师范学院,師範學院,Education,教育,Humanities,人文學科,Humanities and Social Sciences,人文社會科學,HUM,,,,
师范学院？学系,師範學院？學系,Education,教育,Humanities,人文學科,Humanities and Social Sciences,人文社會科學,HUM,,,,
师范学院史地学系,師範學院史地學系,Education,教育,Humanities,人文學科,Humanities and Social Sciences,人文社會科學,HUM,,,,
师范学院史地系,師範學院史地系,Education,教育,Humanities,人文學科,Humanities and Social Sciences,人文社會科學,HUM,,,,
师范学院国文系,師範學院國文系,Education,教育,Humanities,人文學科,Humanities and Social Sciences,人文社會科學,HUM,,,,
师范学院专修学系,師範學院專修學系,Education,教育,Humanities,人文學科,Humanities and Social Sciences,人文社會科學,HUM,,,,
师范学院专修科,師範學院專修科,Education,教育,Humanities,人文學科,Humanities and Social Sciences,人文社會科學,HUM,,,,
师范学院教育学系,師範學院教育學系,Education,教育,Humanities,人文學科,Humanities and Social Sciences,人文社會科學,HUM,,,,
师范学院教育系,師範學院教育系,Education,教育,Humanities,人文學科,Humanities and Social Sciences,人文社會科學,HUM,,,,
师范学院理化系,師範學院理化系,Education,教育,Humanities,人文學科,Humanities and Social Sciences,人文社會科學,HUM,,,,
师范学院理化组,師範學院理化組,Education,教育,Humanities,人文學科,Humanities and Social Sciences,人文社會科學,HUM,,,,
师范学院科学系,師範學院科學系,Education,教育,Humanities,人文學科,Humanities and Social Sciences,人文社會科學,HUM,,,,
师范学院体育学系,師範學院體育學系,Education,教育,Humanities,人文學科,Humanities and Social Sciences,人文社會科學,HUM,,,,
师范专修科,師範專修科,Education,教育,Humanities,人文學科,Humanities and Social Sciences,人文社會科學,HUM,,,,
师范专修科史地学系,師範專修科史地學系,Education,教育,Humanities,人文學科,Humanities and Social Sciences,人文社會科學,HUM,,,,
师范专修科文史地组,師範專修科文史地組,Education,教育,Humanities,人文學科,Humanities and Social Sciences,人文社會科學,HUM,,,,
师范专科史地组,師範專科史地組,Education,教育,Humanities,人文學科,Humanities and Social Sciences,人文社會科學,HUM,,,,
师范山阴,師範山陰,Education,教育,Humanities,人文學科,Humanities and Social Sciences,人文社會科學,HUM,,,,
师范班,師範班,Education,教育,Humanities,人文學科,Humanities and Social Sciences,人文社會科學,HUM,,,,
师范研究所教育学,師範研究所教育學,Education,教育,Humanities,人文學科,Humanities and Social Sciences,人文社會科學,HUM,,,,
师范研究所教育系,師範研究所教育系,Education,教育,Humanities,人文學科,Humanities and Social Sciences,人文社會科學,HUM,,,,
师范科,師範科,Education,教育,Humanities,人文學科,Humanities and Social Sciences,人文社會科學,HUM,,,,
师范部,師範部,Education,教育,Humanities,人文學科,Humanities and Social Sciences,人文社會科學,HUM,,,,
师范馆,師範館,Education,教育,Humanities,人文學科,Humanities and Social Sciences,人文社會科學,HUM,,,,
,師范,Education,教育,Humanities,人文學科,Humanities and Social Sciences,人文社會科學,HUM,,,,
幼稚教育,幼稚教育,Education,教育,Humanities,人文學科,Humanities and Social Sciences,人文社會科學,HUM,,,,
教学,教學,Education,教育,Humanities,人文學科,Humanities and Social Sciences,人文社會科學,HUM,,,,
教育,教育,Education,教育,Humanities,人文學科,Humanities and Social Sciences,人文社會科學,HUM,,,,
"教育
（西南联大）","教育
（西南聯大）",Education,教育,Humanities,人文學科,Humanities and Social Sciences,人文社會科學,HUM,,,,
"教育
史学类研究生","教育
史學類研究生",Education,教育,Humanities,人文學科,Humanities and Social Sciences,人文社會科學,HUM,,,,
"教育
政治","教育
政治",Education,教育,Humanities,人文學科,Humanities and Social Sciences,人文社會科學,HUM,,,,
"教育
英文","教育
英文",Education,教育,Humanities,人文學科,Humanities and Social Sciences,人文社會科學,HUM,,,,
教育 一年,教育 一年,Education,教育,Humanities,人文學科,Humanities and Social Sciences,人文社會科學,HUM,,,,
教育 国文,教育 國文,Education,教育,Humanities,人文學科,Humanities and Social Sciences,人文社會科學,HUM,,,,
教育（西南联大）,教育（西南聯大）,Education,教育,Humanities,人文學科,Humanities and Social Sciences,人文社會科學,HUM,,,,
教育主系,教育主系,Education,教育,Humanities,人文學科,Humanities and Social Sciences,人文社會科學,HUM,,,,
教育主系：国文副系,教育主系：國文副系,Education,教育,Humanities,人文學科,Humanities and Social Sciences,人文社會科學,HUM,,,,
教育学,教育學,Education,教育,Humanities,人文學科,Humanities and Social Sciences,人文社會科學,HUM,,,,
教育学研究所,教育學研究所,Education,教育,Humanities,人文學科,Humanities and Social Sciences,人文社會科學,HUM,,,,
教育学社会学等,教育學社會學等,Education,教育,Humanities,人文學科,Humanities and Social Sciences,人文社會科學,HUM,,,,
教育学系,教育學系,Education,教育,Humanities,人文學科,Humanities and Social Sciences,人文社會科學,HUM,,,,
教育研究学系,教育研究學系,Education,教育,Humanities,人文學科,Humanities and Social Sciences,人文社會科學,HUM,,,,
教育研究所教育学,教育研究所教育學,Education,教育,Humanities,人文學科,Humanities and Social Sciences,人文社會科學,HUM,,,,
教育研究所教育系,教育研究所教育系,Education,教育,Humanities,人文學科,Humanities and Social Sciences,人文社會科學,HUM,,,,
教育科，2年,教育科，2年,Education,教育,Humanities,人文學科,Humanities and Social Sciences,人文社會科學,HUM,,,,
教育系,教育系,Education,教育,Humanities,人文學科,Humanities and Social Sciences,人文社會科學,HUM,,,,
教育行政,教育行政,Education,教育,Humanities,人文學科,Humanities and Social Sciences,人文社會科學,HUM,,,,
教养,教養,Education,教育,Humanities,人文學科,Humanities and Social Sciences,人文社會科學,HUM,,,,
数学主系教育副系,數學主系教育副系,Education,教育,Humanities,人文學科,Humanities and Social Sciences,人文社會科學,HUM,,,,
文史科教育系,文史科教育系,Education,教育,Humanities,人文學科,Humanities and Social Sciences,人文社會科學,HUM,,,,
文学院中国教育学系一年级,文學院中國教育學系一年級,Education,教育,Humanities,人文學科,Humanities and Social Sciences,人文社會科學,HUM,,,,
文学院哲学心理教育系教育组,文學院哲學心理教育系教育組,Education,教育,Humanities,人文學科,Humanities and Social Sciences,人文社會科學,HUM,,,,
文学院哲心教系教育组,文學院哲心教系教育組,Education,教育,Humanities,人文學科,Humanities and Social Sciences,人文社會科學,HUM,,,,
文学院教育学系,文學院教育學系,Education,教育,Humanities,人文學科,Humanities and Social Sciences,人文社會科學,HUM,,,,
文学院教育学系一年级,文學院教育學系一年級,Education,教育,Humanities,人文學科,Humanities and Social Sciences,人文社會科學,HUM,,,,
文学院教育研究所,文學院教育研究所,Education,教育,Humanities,人文學科,Humanities and Social Sciences,人文社會科學,HUM,,,,
文学院教育系,文學院教育系,Education,教育,Humanities,人文學科,Humanities and Social Sciences,人文社會科學,HUM,,,,
文学院教育系（社会福利行政系）,文學院教育系（社會福利行政系）,Education,教育,Humanities,人文學科,Humanities and Social Sciences,人文社會科學,HUM,,,,
文学院社教学系,文學院社教學系,Education,教育,Humanities,人文學科,Humanities and Social Sciences,人文社會科學,HUM,,,,
文法学院中国教育学系一年级,文法學院中國教育學系一年級,Education,教育,Humanities,人文學科,Humanities and Social Sciences,人文社會科學,HUM,,,,
文法学院社教学系,文法學院社教學系,Education,教育,Humanities,人文學科,Humanities and Social Sciences,人文社會科學,HUM,,,,
文法学院社教学系三年级,文法學院社教學系三年級,Education,教育,Humanities,人文學科,Humanities and Social Sciences,人文社會科學,HUM,,,,
文法学院社教学系二年级,文法學院社教學系二年級,Education,教育,Humanities,人文學科,Humanities and Social Sciences,人文社會科學,HUM,,,,
文法学院社会教育学系,文法學院社會教育學系,Education,教育,Humanities,人文學科,Humanities and Social Sciences,人文社會科學,HUM,,,,
文法学院社会教育学系一年级,文法學院社會教育學系一年級,Education,教育,Humanities,人文學科,Humanities and Social Sciences,人文社會科學,HUM,,,,
文法学院税专学系一年级,文法學院稅專學系一年級,Education,教育,Humanities,人文學科,Humanities and Social Sciences,人文社會科學,HUM,,,,
文法社会教育一年级,文法社會教育一年級,Education,教育,Humanities,人文學科,Humanities and Social Sciences,人文社會科學,HUM,,,,
文理_教育,文理_教育,Education,教育,Social Sciences,社會科學,Humanities and Social Sciences,人文社會科學,HUM,,,,
文理院教育系,文理院教育系,Education,教育,Humanities,人文學科,Humanities and Social Sciences,人文社會科學,HUM,,,,
文科教育,文科教育,Education,教育,Humanities,人文學科,Humanities and Social Sciences,人文社會科學,HUM,,,,
文科教育学研究所,文科教育學研究所,Education,教育,Humanities,人文學科,Humanities and Social Sciences,人文社會科學,HUM,,,,
文科教育系,文科教育系,Education,教育,Humanities,人文學科,Humanities and Social Sciences,人文社會科學,HUM,,,,
浙东分校师范学院初级部,浙東分校師範學院初級部,Education,教育,Humanities,人文學科,Humanities and Social Sciences,人文社會科學,HUM,,,,
汉学院教育学系一年级,漢學院教育學系一年級,Education,教育,Humanities,人文學科,Humanities and Social Sciences,人文社會科學,HUM,,,,
汉学院教育学系二年级,漢學院教育學系二年級,Education,教育,Humanities,人文學科,Humanities and Social Sciences,人文社會科學,HUM,,,,
汉学院教育学系四年级,漢學院教育學系四年級,Education,教育,Humanities,人文學科,Humanities and Social Sciences,人文社會科學,HUM,,,,
理学院电化教育,理學院電化教育,Education,教育,Humanities,人文學科,Humanities and Social Sciences,人文社會科學,HUM,,,,
理学院电化教育专修科,理學院電化教育專修科,Education,教育,Humanities,人文學科,Humanities and Social Sciences,人文社會科學,HUM,,,,
理学院电化教育科,理學院電化教育科,Education,教育,Humanities,人文學科,Humanities and Social Sciences,人文社會科學,HUM,,,,
社会科教育,社會科教育,Education,教育,Humanities,人文學科,Humanities and Social Sciences,人文社會科學,HUM,,,,
电化教育专修扮播音教育组,電化教育專修扮播音教育組,Education,教育,Humanities,人文學科,Humanities and Social Sciences,人文社會科學,HUM,,,,
电化教育专修科,電化教育專修科,Education,教育,Humanities,人文學科,Humanities and Social Sciences,人文社會科學,HUM,,,,
电教专修科,電教專修科,Education,教育,Humanities,人文學科,Humanities and Social Sciences,人文社會科學,HUM,,,,
预乙教育,預乙教育,Education,教育,Humanities,人文學科,Humanities and Social Sciences,人文社會科學,HUM,,,,
预甲  教育,預甲  教育,Education,教育,Social Sciences,社會科學,Humanities and Social Sciences,人文社會科學,HUM,,,,
体专,體專,Education,教育,Humanities,人文學科,Humanities and Social Sciences,人文社會科學,HUM,,,,
体专*,體專*,Education,教育,Humanities,人文學科,Humanities and Social Sciences,人文社會科學,HUM,,,,
体育,體育,Education,教育,Humanities,人文學科,Humanities and Social Sciences,人文社會科學,HUM,,,,
体育及教育行政,體育及教育行政,Education,教育,Humanities,人文學科,Humanities and Social Sciences,人文社會科學,HUM,,,,
体育学系,體育學系,Education,教育,Humanities,人文學科,Humanities and Social Sciences,人文社會科學,HUM,,,,
工_机电,工_機電,Electrical Engineering,電氣工程,Engineering Sciences,工程科學,Engineering,工程,ENG,,,,
工_电机工程,工_電機工程,Electrical Engineering,電氣工程,Engineering Sciences,工程科學,Engineering,工程,ENG,,,,
工学系电信专修科,工學系電信專修科,Electrical Engineering,電氣工程,Engineering Sciences,工程科學,Engineering,工程,ENG,,,,
工学系电信组,工學系電信組,Electrical Engineering,電氣工程,Engineering Sciences,工程科學,Engineering,工程,ENG,,,,
工学系电机,工學系電機,Electrical Engineering,電氣工程,Engineering Sciences,工程科學,Engineering,工程,ENG,,,,
工学系电机工程,工學系電機工程,Electrical Engineering,電氣工程,Engineering Sciences,工程科學,Engineering,工程,ENG,,,,
工学系电机工程系,工學系電機工程系,Electrical Engineering,電氣工程,Engineering Sciences,工程科學,Engineering,工程,ENG,,,,
工学院电信专修科,工學院電信專修科,Electrical Engineering,電氣工程,Engineering Sciences,工程科學,Engineering,工程,ENG,,,,
工学院电信研究所,工學院電信研究所,Electrical Engineering,電氣工程,Engineering Sciences,工程科學,Engineering,工程,ENG,,,,
工学院电信系,工學院電信系,Electrical Engineering,電氣工程,Engineering Sciences,工程科學,Engineering,工程,ENG,,,,
工学院电工系,工學院電工系,Electrical Engineering,電氣工程,Engineering Sciences,工程科學,Engineering,工程,ENG,,,,
工学院电机学系,工學院電機學系,Electrical Engineering,電氣工程,Engineering Sciences,工程科學,Engineering,工程,ENG,,,,
工学院电机工程,工學院電機工程,Electrical Engineering,電氣工程,Engineering Sciences,工程科學,Engineering,工程,ENG,,,,
工学院电机工程学系,工學院電機工程學系,Electrical Engineering,電氣工程,Engineering Sciences,工程科學,Engineering,工程,ENG,,,,
工学院电机工程系,工學院電機工程系,Electrical Engineering,電氣工程,Engineering Sciences,工程科學,Engineering,工程,ENG,,,,
工学院电机工程系发电组,工學院電機工程系發電組,Electrical Engineering,電氣工程,Engineering Sciences,工程科學,Engineering,工程,ENG,,,,
工学院电机工程系电信组,工學院電機工程系電信組,Electrical Engineering,電氣工程,Engineering Sciences,工程科學,Engineering,工程,ENG,,,,
工学院电机科,工學院電機科,Electrical Engineering,電氣工程,Engineering Sciences,工程科學,Engineering,工程,ENG,,,,
工学院电机系,工學院電機系,Electrical Engineering,電氣工程,Engineering Sciences,工程科學,Engineering,工程,ENG,,,,
工学院电气学系,工學院電氣學系,Electrical Engineering,電氣工程,Engineering Sciences,工程科學,Engineering,工程,ENG,,,,
工学院电气工程系,工學院電氣工程系,Electrical Engineering,電氣工程,Engineering Sciences,工程科學,Engineering,工程,ENG,,,,
工理学院物理，电机工程系,工理學院物理，電機工程系,Electrical Engineering,電氣工程,Engineering Sciences,工程科學,Engineering,工程,ENG,,,,
工院电机系,工院電機系,Electrical Engineering,電氣工程,Engineering Sciences,工程科學,Engineering,工程,ENG,,,,
文学院政治系转理学院电机工程系,文學院政治系轉理學院電機工程系,Electrical Engineering,電氣工程,Engineering Sciences,工程科學,Engineering,工程,ENG,,,,
有线电,有線電,Electrical Engineering,電氣工程,Engineering Sciences,工程科學,Engineering,工程,ENG,,,,
染织科转电机科,染織科轉電機科,Electrical Engineering,電氣工程,Engineering Sciences,工程科學,Engineering,工程,ENG,,,,
机电,機電,Electrical Engineering,電氣工程,Engineering Sciences,工程科學,Engineering,工程,ENG,,,,
机电学系,機電學系,Electrical Engineering,電氣工程,Engineering Sciences,工程科學,Engineering,工程,ENG,,,,
机电工程学系,機電工程學系,Electrical Engineering,電氣工程,Engineering Sciences,工程科學,Engineering,工程,ENG,,,,
机电工程系,機電工程系,Electrical Engineering,電氣工程,Engineering Sciences,工程科學,Engineering,工程,ENG,,,,
机电科,機電科,Electrical Engineering,電氣工程,Engineering Sciences,工程科學,Engineering,工程,ENG,,,,
机电系,機電系,Electrical Engineering,電氣工程,Engineering Sciences,工程科學,Engineering,工程,ENG,,,,
火力发电,火力發電,Electrical Engineering,電氣工程,Engineering Sciences,工程科學,Engineering,工程,ENG,,,,
无线电,無線電,Electrical Engineering,電氣工程,Engineering Sciences,工程科學,Engineering,工程,ENG,,,,
无线电工学,無線電工學,Electrical Engineering,電氣工程,Engineering Sciences,工程科學,Engineering,工程,ENG,,,,
无线电工程,無線電工程,Electrical Engineering,電氣工程,Engineering Sciences,工程科學,Engineering,工程,ENG,,,,
热力发电厂,熱力發電廠,Electrical Engineering,電氣工程,Engineering Sciences,工程科學,Engineering,工程,ENG,,,,
热力发电厂机械专修科,熱力發電廠機械專修科,Electrical Engineering,電氣工程,Engineering Sciences,工程科學,Engineering,工程,ENG,,,,
热力发电机械专修科,熱力發電機械專修科,Electrical Engineering,電氣工程,Engineering Sciences,工程科學,Engineering,工程,ENG,,,,
热力发电机设备,熱力發電機設備,Electrical Engineering,電氣工程,Engineering Sciences,工程科學,Engineering,工程,ENG,,,,
热力发电网电,熱力發電網電,Electrical Engineering,電氣工程,Engineering Sciences,工程科學,Engineering,工程,ENG,,,,
热力发电设备,熱力發電設備,Electrical Engineering,電氣工程,Engineering Sciences,工程科學,Engineering,工程,ENG,,,,
热力发电设计专业,熱力發電設計專業,Electrical Engineering,電氣工程,Engineering Sciences,工程科學,Engineering,工程,ENG,,,,
理学系电机工程,理學系電機工程,Electrical Engineering,電氣工程,Engineering Sciences,工程科學,Engineering,工程,ENG,,,,
理学院播音组,理學院播音組,Electrical Engineering,電氣工程,Engineering Sciences,工程科學,Engineering,工程,ENG,,,,
理学院数学系转理学院电机工程系,理學院數學系轉理學院電機工程系,Electrical Engineering,電氣工程,Engineering Sciences,工程科學,Engineering,工程,ENG,,,,
理学院物理系转理学院电机工程系,理學院物理系轉理學院電機工程系,Electrical Engineering,電氣工程,Engineering Sciences,工程科學,Engineering,工程,ENG,,,,
理学院物理系转理学院电机系,理學院物理系轉理學院電機系,Electrical Engineering,電氣工程,Engineering Sciences,工程科學,Engineering,工程,ENG,,,,
理学院电化专修班,理學院電化專修班,Electrical Engineering,電氣工程,Engineering Sciences,工程科學,Engineering,工程,ENG,,,,
理学院电化专修科,理學院電化專修科,Electrical Engineering,電氣工程,Engineering Sciences,工程科學,Engineering,工程,ENG,,,,
理学院电专,理學院電專,Electrical Engineering,電氣工程,Engineering Sciences,工程科學,Engineering,工程,ENG,,,,
理学院电专科,理學院電專科,Electrical Engineering,電氣工程,Engineering Sciences,工程科學,Engineering,工程,ENG,,,,
理学院电专系,理學院電專系,Electrical Engineering,電氣工程,Engineering Sciences,工程科學,Engineering,工程,ENG,,,,
理学院电工系,理學院電工系,Electrical Engineering,電氣工程,Engineering Sciences,工程科學,Engineering,工程,ENG,,,,
理学院电影播音专修科,理學院電影播音專修科,Electrical Engineering,電氣工程,Engineering Sciences,工程科學,Engineering,工程,ENG,,,,
理学院电影科,理學院電影科,Electrical Engineering,電氣工程,Engineering Sciences,工程科學,Engineering,工程,ENG,,,,
理学院电教专科,理學院電教專科,Electrical Engineering,電氣工程,Engineering Sciences,工程科學,Engineering,工程,ENG,,,,
理学院电教系,理學院電教系,Electrical Engineering,電氣工程,Engineering Sciences,工程科學,Engineering,工程,ENG,,,,
理学院电机工程,理學院電機工程,Electrical Engineering,電氣工程,Engineering Sciences,工程科學,Engineering,工程,ENG,,,,
理学院电机工程学系,理學院電機工程學系,Electrical Engineering,電氣工程,Engineering Sciences,工程科學,Engineering,工程,ENG,,,,
理学院电机工程系,理學院電機工程系,Electrical Engineering,電氣工程,Engineering Sciences,工程科學,Engineering,工程,ENG,,,,
理学院电机系,理學院電機系,Electrical Engineering,電氣工程,Engineering Sciences,工程科學,Engineering,工程,ENG,,,,
发动厂水电调配电系统,發動廠水電調配電系統,Electrical Engineering,電氣工程,Engineering Sciences,工程科學,Engineering,工程,ENG,,,,
发电,發電,Electrical Engineering,電氣工程,Engineering Sciences,工程科學,Engineering,工程,ENG,,,,
发电厂及电力网,發電廠及電力網,Electrical Engineering,電氣工程,Engineering Sciences,工程科學,Engineering,工程,ENG,,,,
发电厂配电系统专业,發電廠配電系統專業,Electrical Engineering,電氣工程,Engineering Sciences,工程科學,Engineering,工程,ENG,,,,
发电厂配电网及联合输电系统,發電廠配電網及聯合輸電系統,Electrical Engineering,電氣工程,Engineering Sciences,工程科學,Engineering,工程,ENG,,,,
发电厂配电调配系统,發電廠配電調配系統,Electrical Engineering,電氣工程,Engineering Sciences,工程科學,Engineering,工程,ENG,,,,
发电厂配电调配电系统,發電廠配電調配電系統,Electrical Engineering,電氣工程,Engineering Sciences,工程科學,Engineering,工程,ENG,,,,
发电厂配电调配电系统专业,發電廠配電調配電系統專業,Electrical Engineering,電氣工程,Engineering Sciences,工程科學,Engineering,工程,ENG,,,,
发电厂电力系统,發電廠電力系統,Electrical Engineering,電氣工程,Engineering Sciences,工程科學,Engineering,工程,ENG,,,,
发电机施工,發電機施工,Electrical Engineering,電氣工程,Engineering Sciences,工程科學,Engineering,工程,ENG,,,,
发电机配电调配电系统,發電機配電調配電系統,Electrical Engineering,電氣工程,Engineering Sciences,工程科學,Engineering,工程,ENG,,,,
发电配电调配电系统专业,發電配電調配電系統專業,Electrical Engineering,電氣工程,Engineering Sciences,工程科學,Engineering,工程,ENG,,,,
自动控制,自動控制,Electrical Engineering,電氣工程,Engineering Sciences,工程科學,Engineering,工程,ENG,,,,
轮杭,輪杭,Electrical Engineering,電氣工程,Engineering Sciences,工程科學,Engineering,工程,ENG,,,,
轮机专修科,輪機專修科,Electrical Engineering,電氣工程,Engineering Sciences,工程科學,Engineering,工程,ENG,,,,
轮机工程系,輪機工程系,Electrical Engineering,電氣工程,Engineering Sciences,工程科學,Engineering,工程,ENG,,,,
轮机科,輪機科,Electrical Engineering,電氣工程,Engineering Sciences,工程科學,Engineering,工程,ENG,,,,
农学院农业经济系转理学院电机工程系,農學院農業經濟系轉理學院電機工程系,Electrical Engineering,電氣工程,Engineering Sciences,工程科學,Engineering,工程,ENG,,,,
农学院农艺系作物组转理学院电机工程系,農學院農藝系作物組轉理學院電機工程系,Electrical Engineering,電氣工程,Engineering Sciences,工程科學,Engineering,工程,ENG,,,,
电,電,Electrical Engineering,電氣工程,Engineering Sciences,工程科學,Engineering,工程,ENG,,,,
电一上,電一上,Electrical Engineering,電氣工程,Engineering Sciences,工程科學,Engineering,工程,ENG,,,,
电信,電信,Electrical Engineering,電氣工程,Engineering Sciences,工程科學,Engineering,工程,ENG,,,,
电信工程系,電信工程系,Electrical Engineering,電氣工程,Engineering Sciences,工程科學,Engineering,工程,ENG,,,,
电信班,電信班,Electrical Engineering,電氣工程,Engineering Sciences,工程科學,Engineering,工程,ENG,,,,
电信研究所,電信研究所,Electrical Engineering,電氣工程,Engineering Sciences,工程科學,Engineering,工程,ENG,,,,
电信研究所电讯系,電信研究所電訊系,Electrical Engineering,電氣工程,Engineering Sciences,工程科學,Engineering,工程,ENG,,,,
电信科,電信科,Electrical Engineering,電氣工程,Engineering Sciences,工程科學,Engineering,工程,ENG,,,,
电信系,電信系,Electrical Engineering,電氣工程,Engineering Sciences,工程科學,Engineering,工程,ENG,,,,
电力工程系,電力工程系,Electrical Engineering,電氣工程,Engineering Sciences,工程科學,Engineering,工程,ENG,,,,
电力工程系专修科工业企业电气化专业,電力工程系專修科工業企業電氣化專業,Electrical Engineering,電氣工程,Engineering Sciences,工程科學,Engineering,工程,ENG,,,,
电力工程系专修科轮电及配电专业,電力工程系專修科輪電及配電專業,Electrical Engineering,電氣工程,Engineering Sciences,工程科學,Engineering,工程,ENG,,,,
电力工程系专修科输电及配电专业,電力工程系專修科輸電及配電專業,Electrical Engineering,電氣工程,Engineering Sciences,工程科學,Engineering,工程,ENG,,,,
电力工程系本科工业企业电气化,電力工程系本科工業企業電氣化,Electrical Engineering,電氣工程,Engineering Sciences,工程科學,Engineering,工程,ENG,,,,
电力工程系本科发电厂配电纲及配电系统专业,電力工程系本科發電廠配電綱及配電系統專業,Electrical Engineering,電氣工程,Engineering Sciences,工程科學,Engineering,工程,ENG,,,,
电报,電報,Electrical Engineering,電氣工程,Engineering Sciences,工程科學,Engineering,工程,ENG,,,,
电子学,電子學,Electrical Engineering,電氣工程,Engineering Sciences,工程科學,Engineering,工程,ENG,,,,
电子工程,電子工程,Electrical Engineering,電氣工程,Engineering Sciences,工程科學,Engineering,工程,ENG,,,,
电子管制造,電子管制造,Electrical Engineering,電氣工程,Engineering Sciences,工程科學,Engineering,工程,ENG,,,,
电学,電學,Electrical Engineering,電氣工程,Engineering Sciences,工程科學,Engineering,工程,ENG,,,,
电专,電專,Electrical Engineering,電氣工程,Engineering Sciences,工程科學,Engineering,工程,ENG,,,,
电专科,電專科,Electrical Engineering,電氣工程,Engineering Sciences,工程科學,Engineering,工程,ENG,,,,
电工,電工,Electrical Engineering,電氣工程,Engineering Sciences,工程科學,Engineering,工程,ENG,,,,
电工器制造系,電工器制造系,Electrical Engineering,電氣工程,Engineering Sciences,工程科學,Engineering,工程,ENG,,,,
电工器制造系本科电气绝缘与电缆技术专业,電工器制造系本科電氣絕緣與電纜技術專業,Electrical Engineering,電氣工程,Engineering Sciences,工程科學,Engineering,工程,ENG,,,,
电工器材制造系专修科电机制造专业,電工器材制造系專修科電機制造專業,Electrical Engineering,電氣工程,Engineering Sciences,工程科學,Engineering,工程,ENG,,,,
电工器材制造系本科电械与电器制造专业,電工器材制造系本科電械與電器制造專業,Electrical Engineering,電氣工程,Engineering Sciences,工程科學,Engineering,工程,ENG,,,,
电工器材制造系本科电机与电器制造专业,電工器材制造系本科電機與電器制造專業,Electrical Engineering,電氣工程,Engineering Sciences,工程科學,Engineering,工程,ENG,,,,
电工器材制造系本科电机与电器专业,電工器材制造系本科電機與電器專業,Electrical Engineering,電氣工程,Engineering Sciences,工程科學,Engineering,工程,ENG,,,,
电工器材製造系专修科电机製造专业,電工器材製造系專修科電機製造專業,Electrical Engineering,電氣工程,Engineering Sciences,工程科學,Engineering,工程,ENG,,,,
电工器材製造系本科电机與电器专业,電工器材製造系本科電機與電器專業,Electrical Engineering,電氣工程,Engineering Sciences,工程科學,Engineering,工程,ENG,,,,
电工器材製电机與电器製造专业造系本科,電工器材製電機與電器製造專業造系本科,Electrical Engineering,電氣工程,Engineering Sciences,工程科學,Engineering,工程,ENG,,,,
电工学,電工學,Electrical Engineering,電氣工程,Engineering Sciences,工程科學,Engineering,工程,ENG,,,,
电工学系,電工學系,Electrical Engineering,電氣工程,Engineering Sciences,工程科學,Engineering,工程,ENG,,,,
电工系,電工系,Electrical Engineering,電氣工程,Engineering Sciences,工程科學,Engineering,工程,ENG,,,,
电械,電械,Electrical Engineering,電氣工程,Engineering Sciences,工程科學,Engineering,工程,ENG,,,,
电械工程学系,電械工程學系,Electrical Engineering,電氣工程,Engineering Sciences,工程科學,Engineering,工程,ENG,,,,
电机,電機,Electrical Engineering,電氣工程,Engineering Sciences,工程科學,Engineering,工程,ENG,,,,
电机 系,電機 系,Electrical Engineering,電氣工程,Engineering Sciences,工程科學,Engineering,工程,ENG,,,,
电机制造,電機制造,Electrical Engineering,電氣工程,Engineering Sciences,工程科學,Engineering,工程,ENG,,,,
电机及电器,電機及電器,Electrical Engineering,電氣工程,Engineering Sciences,工程科學,Engineering,工程,ENG,,,,
电机及电器专业,電機及電器專業,Electrical Engineering,電氣工程,Engineering Sciences,工程科學,Engineering,工程,ENG,,,,
电机和电器,電機和電器,Electrical Engineering,電氣工程,Engineering Sciences,工程科學,Engineering,工程,ENG,,,,
电机和电器制造,電機和電器制造,Electrical Engineering,電氣工程,Engineering Sciences,工程科學,Engineering,工程,ENG,,,,
电机学,電機學,Electrical Engineering,電氣工程,Engineering Sciences,工程科學,Engineering,工程,ENG,,,,
电机学系,電機學系,Electrical Engineering,電氣工程,Engineering Sciences,工程科學,Engineering,工程,ENG,,,,
电机专修科,電機專修科,Electrical Engineering,電氣工程,Engineering Sciences,工程科學,Engineering,工程,ENG,,,,
电机专修科系 有线电专业,電機專修科系 有線電專業,Electrical Engineering,電氣工程,Engineering Sciences,工程科學,Engineering,工程,ENG,,,,
电机专修科系 发电厂配电网及联合输电系统专业,電機專修科系 發電廠配電網及聯合輸電系統專業,Electrical Engineering,電氣工程,Engineering Sciences,工程科學,Engineering,工程,ENG,,,,
电机专修科系 发电厂电机专业,電機專修科系 發電廠電機專業,Electrical Engineering,電氣工程,Engineering Sciences,工程科學,Engineering,工程,ENG,,,,
电机工科,電機工科,Electrical Engineering,電氣工程,Engineering Sciences,工程科學,Engineering,工程,ENG,,,,
电机工程,電機工程,Electrical Engineering,電氣工程,Engineering Sciences,工程科學,Engineering,工程,ENG,,,,
电机工程学,電機工程學,Electrical Engineering,電氣工程,Engineering Sciences,工程科學,Engineering,工程,ENG,,,,
电机工程学系,電機工程學系,Electrical Engineering,電氣工程,Engineering Sciences,工程科學,Engineering,工程,ENG,,,,
电机工程学系  发电厂配电网及联合输电系统专业,電機工程學系  發電廠配電網及聯合輸電系統專業,Electrical Engineering,電氣工程,Engineering Sciences,工程科學,Engineering,工程,ENG,,,,
电机工程学系 热力发电厂专门化专业,電機工程學系 熱力發電廠專門化專業,Electrical Engineering,電氣工程,Engineering Sciences,工程科學,Engineering,工程,ENG,,,,
电机工程学系 发电厂配电网及其配电小流专业,電機工程學系 發電廠配電網及其配電小流專業,Electrical Engineering,電氣工程,Engineering Sciences,工程科學,Engineering,工程,ENG,,,,
电机工程学系 发电厂配电网及其配电系统,電機工程學系 發電廠配電網及其配電系統,Electrical Engineering,電氣工程,Engineering Sciences,工程科學,Engineering,工程,ENG,,,,
电机工程学系 电机制造专业,電機工程學系 電機制造專業,Electrical Engineering,電氣工程,Engineering Sciences,工程科學,Engineering,工程,ENG,,,,
电机工程学系 电机和电器电机制造专业,電機工程學系 電機和電器電機制造專業,Electrical Engineering,電氣工程,Engineering Sciences,工程科學,Engineering,工程,ENG,,,,
电机工程学院,電機工程學院,Electrical Engineering,電氣工程,Engineering Sciences,工程科學,Engineering,工程,ENG,,,,
电机工程科,電機工程科,Electrical Engineering,電氣工程,Engineering Sciences,工程科學,Engineering,工程,ENG,,,,
电机工程系,電機工程系,Electrical Engineering,電氣工程,Engineering Sciences,工程科學,Engineering,工程,ENG,,,,
电机工程系毕,電機工程系畢,Electrical Engineering,電氣工程,Engineering Sciences,工程科學,Engineering,工程,ENG,,,,
电机科,電機科,Electrical Engineering,電氣工程,Engineering Sciences,工程科學,Engineering,工程,ENG,,,,
电机系,電機系,Electrical Engineering,電氣工程,Engineering Sciences,工程科學,Engineering,工程,ENG,,,,
电机系电机制造,電機系電機制造,Electrical Engineering,電氣工程,Engineering Sciences,工程科學,Engineering,工程,ENG,,,,
电机与电器,電機與電器,Electrical Engineering,電氣工程,Engineering Sciences,工程科學,Engineering,工程,ENG,,,,
电机与电器工程,電機與電器工程,Electrical Engineering,電氣工程,Engineering Sciences,工程科學,Engineering,工程,ENG,,,,
电机电信,電機電信,Electrical Engineering,電氣工程,Engineering Sciences,工程科學,Engineering,工程,ENG,,,,
电机电信班,電機電信班,Electrical Engineering,電氣工程,Engineering Sciences,工程科學,Engineering,工程,ENG,,,,
电机电力班,電機電力班,Electrical Engineering,電氣工程,Engineering Sciences,工程科學,Engineering,工程,ENG,,,,
电气工程,電氣工程,Electrical Engineering,電氣工程,Engineering Sciences,工程科學,Engineering,工程,ENG,,,,
电气工程科,電氣工程科,Electrical Engineering,電氣工程,Engineering Sciences,工程科學,Engineering,工程,ENG,,,,
电研究所,電研究所,Electrical Engineering,電氣工程,Engineering Sciences,工程科學,Engineering,工程,ENG,,,,
电科,電科,Electrical Engineering,電氣工程,Engineering Sciences,工程科學,Engineering,工程,ENG,,,,
电脑工程,電腦工程,Electrical Engineering,電氣工程,Engineering Sciences,工程科學,Engineering,工程,ENG,,,,
电讯,電訊,Electrical Engineering,電氣工程,Engineering Sciences,工程科學,Engineering,工程,ENG,,,,
电讯学系,電訊學系,Electrical Engineering,電氣工程,Engineering Sciences,工程科學,Engineering,工程,ENG,,,,
电讯专修科,電訊專修科,Electrical Engineering,電氣工程,Engineering Sciences,工程科學,Engineering,工程,ENG,,,,
电讯工程系专修科市内电话,電訊工程系專修科市內電話,Electrical Engineering,電氣工程,Engineering Sciences,工程科學,Engineering,工程,ENG,,,,
电讯工程系专修科长途电讯专业,電訊工程系專修科長途電訊專業,Electrical Engineering,電氣工程,Engineering Sciences,工程科學,Engineering,工程,ENG,,,,
电讯工程系专科长途电讯专业,電訊工程系專科長途電訊專業,Electrical Engineering,電氣工程,Engineering Sciences,工程科學,Engineering,工程,ENG,,,,
电讯工程系本科电话电报通讯专业,電訊工程系本科電話電報通訊專業,Electrical Engineering,電氣工程,Engineering Sciences,工程科學,Engineering,工程,ENG,,,,
电讯志修科,電訊志修科,Electrical Engineering,電氣工程,Engineering Sciences,工程科學,Engineering,工程,ENG,,,,
电讯科,電訊科,Electrical Engineering,電氣工程,Engineering Sciences,工程科學,Engineering,工程,ENG,,,,
电讯系,電訊系,Electrical Engineering,電氣工程,Engineering Sciences,工程科學,Engineering,工程,ENG,,,,
电讯组,電訊組,Electrical Engineering,電氣工程,Engineering Sciences,工程科學,Engineering,工程,ENG,,,,
高电压,高電壓,Electrical Engineering,電氣工程,Engineering Sciences,工程科學,Engineering,工程,ENG,,,,
ENGINEERING,ENGINEERING,Engineering,工程學,Engineering Sciences,工程科學,Engineering,工程,ENG,,,,
工,工,Engineering,工程學,Engineering Sciences,工程科學,Engineering,工程,ENG,,,,
工,工,Engineering,工程學,Engineering Sciences,工程科學,Engineering,工程,ENG,,,,
工学,工學,Engineering,工程學,Engineering Sciences,工程科學,Engineering,工程,ENG,,,,
工学院,工學院,Engineering,工程學,Engineering Sciences,工程科學,Engineering,工程,ENG,,,,
工科,工科,Engineering,工程學,Engineering Sciences,工程科學,Engineering,工程,ENG,,,,
工科 法律,工科 法律,Engineering,工程學,Engineering Sciences,工程科學,Engineering,工程,ENG,,,,
工科，1年级,工科，1年級,Engineering,工程學,Engineering Sciences,工程科學,Engineering,工程,ENG,,,,
工科，2年级,工科，2年級,Engineering,工程學,Engineering Sciences,工程科學,Engineering,工程,ENG,,,,
工程,工程,Engineering,工程學,Engineering Sciences,工程科學,Engineering,工程,ENG,,,,
工程学,工程學,Engineering,工程學,Engineering Sciences,工程科學,Engineering,工程,ENG,,,,
工程师,工程師,Engineering,工程學,Engineering Sciences,工程科學,Engineering,工程,ENG,,,,
工程机械,工程機械,Engineering,工程學,Engineering Sciences,工程科學,Engineering,工程,ENG,,,,
工程测量,工程測量,Engineering,工程學,Engineering Sciences,工程科學,Engineering,工程,ENG,,,,
工程班,工程班,Engineering,工程學,Engineering Sciences,工程科學,Engineering,工程,ENG,,,,
工程科,工程科,Engineering,工程學,Engineering Sciences,工程科學,Engineering,工程,ENG,,,,
理工,理工,Engineering,工程學,Engineering Sciences,工程科學,Engineering,工程,ENG,,,,
理工,理工,Engineering,工程學,Engineering Sciences,工程科學,Engineering,工程,ENG,,,,
理工学系,理工學系,Engineering,工程學,Engineering Sciences,工程科學,Engineering,工程,ENG,,,,
理工祖,理工祖,Engineering,工程學,Engineering Sciences,工程科學,Engineering,工程,ENG,,,,
理工科,理工科,Engineering,工程學,Engineering Sciences,工程科學,Engineering,工程,ENG,,,,
理工组,理工組,Engineering,工程學,Engineering Sciences,工程科學,Engineering,工程,ENG,,,,
给水及下水道专业,給水及下水道專業,Engineering,工程學,Engineering Sciences,工程科學,Engineering,工程,ENG,,,,
给水排水,給水排水,Engineering,工程學,Engineering Sciences,工程科學,Engineering,工程,ENG,,,,
前工艺系,前工藝系,Fine Arts,美術,Humanities,人文學科,Humanities and Social Sciences,人文社會科學,HUM,,,,
前艺专,前藝專,Fine Arts,美術,Humanities,人文學科,Humanities and Social Sciences,人文社會科學,HUM,,,,
国画,國畫,Fine Arts,美術,Humanities,人文學科,Humanities and Social Sciences,人文社會科學,HUM,,,,
国艺,國藝,Fine Arts,美術,Humanities,人文學科,Humanities and Social Sciences,人文社會科學,HUM,,,,
工艺系,工藝系,Fine Arts,美術,Humanities,人文學科,Humanities and Social Sciences,人文社會科學,HUM,,,,
,戲劇,Fine Arts,美術,Humanities,人文學科,Humanities and Social Sciences,人文社會科學,HUM,,,,
本学院工艺系,本學院工藝系,Fine Arts,美術,Humanities,人文學科,Humanities and Social Sciences,人文社會科學,HUM,,,,
本校西画系,本校西畫系,Fine Arts,美術,Humanities,人文學科,Humanities and Social Sciences,人文社會科學,HUM,,,,
本院工艺系,本院工藝系,Fine Arts,美術,Humanities,人文學科,Humanities and Social Sciences,人文社會科學,HUM,,,,
美术,美術,Fine Arts,美術,Humanities,人文學科,Humanities and Social Sciences,人文社會科學,HUM,,,,
美术科,美術科,Fine Arts,美術,Humanities,人文學科,Humanities and Social Sciences,人文社會科學,HUM,,,,
美术系,美術系,Fine Arts,美術,Humanities,人文學科,Humanities and Social Sciences,人文社會科學,HUM,,,,
艺术,藝術,Fine Arts,美術,Humanities,人文學科,Humanities and Social Sciences,人文社會科學,HUM,,,,
艺术学院工艺系,藝術學院工藝系,Fine Arts,美術,Humanities,人文學科,Humanities and Social Sciences,人文社會科學,HUM,,,,
艺术科工艺系,藝術科工藝系,Fine Arts,美術,Humanities,人文學科,Humanities and Social Sciences,人文社會科學,HUM,,,,
艺术科西画系,藝術科西畫系,Fine Arts,美術,Humanities,人文學科,Humanities and Social Sciences,人文社會科學,HUM,,,,
艺术系,藝術系,Fine Arts,美術,Humanities,人文學科,Humanities and Social Sciences,人文社會科學,HUM,,,,
艺术院,藝術院,Fine Arts,美術,Humanities,人文學科,Humanities and Social Sciences,人文社會科學,HUM,,,,
艺术院工业系,藝術院工業系,Fine Arts,美術,Humanities,人文學科,Humanities and Social Sciences,人文社會科學,HUM,,,,
,西洋畫,Fine Arts,美術,Humanities,人文學科,Humanities and Social Sciences,人文社會科學,HUM,,,,
西洋美术史,西洋美術史,Fine Arts,美術,Humanities,人文學科,Humanities and Social Sciences,人文社會科學,HUM,,,,
西画系,西畫系,Fine Arts,美術,Humanities,人文學科,Humanities and Social Sciences,人文社會科學,HUM,,,,
西画系二年,西畫系二年,Fine Arts,美術,Humanities,人文學科,Humanities and Social Sciences,人文社會科學,HUM,,,,
辽宁艺术专科国画系,遼甯藝術專科國畫系,Fine Arts,美術,Humanities,人文學科,Humanities and Social Sciences,人文社會科學,HUM,,,,
辽宁艺术专科学校文艺系,遼甯藝術專科學校文藝系,Fine Arts,美術,Humanities,人文學科,Humanities and Social Sciences,人文社會科學,HUM,,,,
,地政,Geography,地理學,Humanities,人文學科,Humanities and Social Sciences,人文社會科學,ESS,,,,
地理,地理,Geography,地理學,Humanities,人文學科,Humanities and Social Sciences,人文社會科學,ESS,,,,
地理（师范）,地理（師範）,Geography,地理學,Humanities,人文學科,Humanities and Social Sciences,人文社會科學,ESS,,,,
地理学,地理學,Geography,地理學,Humanities,人文學科,Humanities and Social Sciences,人文社會科學,ESS,,,,
地理学系,地理學系,Geography,地理學,Humanities,人文學科,Humanities and Social Sciences,人文社會科學,ESS,,,,
地理科,地理科,Geography,地理學,Humanities,人文學科,Humanities and Social Sciences,人文社會科學,ESS,,,,
地理系,地理系,Geography,地理學,Humanities,人文學科,Humanities and Social Sciences,人文社會科學,ESS,,,,
地理系/气象学系,地理系/氣象學系,Geography,地理學,Humanities,人文學科,Humanities and Social Sciences,人文社會科學,ESS,,,,
文科研究所史地学部人文地理组,文科研究所史地學部人文地理組,Geography,地理學,Humanities,人文學科,Humanities and Social Sciences,人文社會科學,ESS,,,,
理 地理,理 地理,Geography,地理學,Earth Sciences,地球科學,Science,科學,ESS,,,,
理_地理,理_地理,Geography,地理學,Earth Sciences,地球科學,Science,科學,ESS,,,,
理地理,理地理,Geography,地理學,Humanities,人文學科,Humanities and Social Sciences,人文社會科學,ESS,,,,
理学院地理系,理學院地理系,Geography,地理學,Humanities,人文學科,Humanities and Social Sciences,人文社會科學,ESS,,,,
Geology,Geology,Geology and Mineralogy,地質礦物學,Earth Sciences,地球科學,Science,科學,ESS,,,,
土壤学部,土壤學部,Geology and Mineralogy,地質礦物學,Earth Sciences,地球科學,Science,科學,ESS,,,,
土壤组,土壤組,Geology and Mineralogy,地質礦物學,Earth Sciences,地球科學,Science,科學,ESS,,,,
地学地质组,地學地質組,Geology and Mineralogy,地質礦物學,Earth Sciences,地球科學,Science,科學,ESS,,,,
地学系,地學系,Geology and Mineralogy,地質礦物學,Earth Sciences,地球科學,Science,科學,ESS,,,,
地学系地质学系,地學系地質學系,Geology and Mineralogy,地質礦物學,Earth Sciences,地球科學,Science,科學,ESS,,,,
地学系地质组,地學系地質組,Geology and Mineralogy,地質礦物學,Earth Sciences,地球科學,Science,科學,ESS,,,,
地学系师范生,地學系師範生,Geology and Mineralogy,地質礦物學,Earth Sciences,地球科學,Science,科學,ESS,,,,
地学组,地學組,Geology and Mineralogy,地質礦物學,Earth Sciences,地球科學,Science,科學,ESS,,,,
地现学系,地現學系,Geology and Mineralogy,地質礦物學,Earth Sciences,地球科學,Science,科學,ESS,,,,
地质,地質,Geology and Mineralogy,地質礦物學,Earth Sciences,地球科學,Science,科學,ESS,,,,
"地质
（西南联大）","地質
（西南聯大）",Geology and Mineralogy,地質礦物學,Earth Sciences,地球科學,Science,科學,ESS,,,,
"地质
地质学部研究生","地質
地質學部研究生",Geology and Mineralogy,地質礦物學,Earth Sciences,地球科學,Science,科學,ESS,,,,
"地质
外文","地質
外文",Geology and Mineralogy,地質礦物學,Earth Sciences,地球科學,Science,科學,ESS,,,,
"地质
教育","地質
教育",Geology and Mineralogy,地質礦物學,Earth Sciences,地球科學,Science,科學,ESS,,,,
"地质
英文","地質
英文",Geology and Mineralogy,地質礦物學,Earth Sciences,地球科學,Science,科學,ESS,,,,
地质（师范）,地質（師範）,Geology and Mineralogy,地質礦物學,Earth Sciences,地球科學,Science,科學,ESS,,,,
地质地理,地質地理,Geology and Mineralogy,地質礦物學,Earth Sciences,地球科學,Science,科學,ESS,,,,
地质地理学,地質地理學,Geology and Mineralogy,地質礦物學,Earth Sciences,地球科學,Science,科學,ESS,,,,
地质地理学系,地質地理學系,Geology and Mineralogy,地質礦物學,Earth Sciences,地球科學,Science,科學,ESS,,,,
地质学,地質學,Geology and Mineralogy,地質礦物學,Earth Sciences,地球科學,Science,科學,ESS,,,,
地质学系,地質學系,Geology and Mineralogy,地質礦物學,Earth Sciences,地球科學,Science,科學,ESS,,,,
地质学系地二,地質學系地二,Geology and Mineralogy,地質礦物學,Earth Sciences,地球科學,Science,科學,ESS,,,,
地质学部,地質學部,Geology and Mineralogy,地質礦物學,Earth Sciences,地球科學,Science,科學,ESS,,,,
"地质学部
研究生","地質學部
研究生",Geology and Mineralogy,地質礦物學,Earth Sciences,地球科學,Science,科學,ESS,,,,
地质学部研究生,地質學部研究生,Geology and Mineralogy,地質礦物學,Earth Sciences,地球科學,Science,科學,ESS,,,,
地质矿学,地質礦學,Geology and Mineralogy,地質礦物學,Earth Sciences,地球科學,Science,科學,ESS,,,,
地质系,地質系,Geology and Mineralogy,地質礦物學,Earth Sciences,地球科學,Science,科學,ESS,,,,
地质组,地質組,Geology and Mineralogy,地質礦物學,Earth Sciences,地球科學,Science,科學,ESS,,,,
文科研究所史地学部地形组,文科研究所史地學部地形組,Geology and Mineralogy,地質礦物學,Earth Sciences,地球科學,Science,科學,ESS,,,,
"暂不入系
地质","暫不入系
地質",Geology and Mineralogy,地質礦物學,Earth Sciences,地球科學,Science,科學,ESS,,,,
理学院地质系,理學院地質系,Geology and Mineralogy,地質礦物學,Earth Sciences,地球科學,Science,科學,ESS,,,,
"理预
地质","理預
地質",Geology and Mineralogy,地質礦物學,Earth Sciences,地球科學,Science,科學,ESS,,,,
"理预
地质
化学","理預
地質
化學",Geology and Mineralogy,地質礦物學,Earth Sciences,地球科學,Science,科學,ESS,,,,
自然科地质系,自然科地質系,Geology and Mineralogy,地質礦物學,Earth Sciences,地球科學,Science,科學,ESS,,,,
Hist,Hist,History,歷史,Humanities,人文學科,Humanities and Social Sciences,人文社會科學,HUM,,,,
History,History,History,歷史,Humanities,人文學科,Humanities and Social Sciences,人文社會科學,HUM,,,,
交预 史学,交預 史學,History,歷史,Humanities,人文學科,Humanities and Social Sciences,人文社會科學,HUM,,,,
史地,史地,History,歷史,Humanities,人文學科,Humanities and Social Sciences,人文社會科學,HUM,,,,
史地学,史地學,History,歷史,Humanities,人文學科,Humanities and Social Sciences,人文社會科學,HUM,,,,
史地学系,史地學系,History,歷史,Humanities,人文學科,Humanities and Social Sciences,人文社會科學,HUM,,,,
史地系,史地系,History,歷史,Humanities,人文學科,Humanities and Social Sciences,人文社會科學,HUM,,,,
史地组,史地組,History,歷史,Humanities,人文學科,Humanities and Social Sciences,人文社會科學,HUM,,,,
史学,史學,History,歷史,Humanities,人文學科,Humanities and Social Sciences,人文社會科學,HUM,,,,
"史学
（西南联大）","史學
（西南聯大）",History,歷史,Humanities,人文學科,Humanities and Social Sciences,人文社會科學,HUM,,,,
"史学
史学类研究生","史學
史學類研究生",History,歷史,Humanities,人文學科,Humanities and Social Sciences,人文社會科學,HUM,,,,
"史学
国文","史學
國文",History,歷史,Humanities,人文學科,Humanities and Social Sciences,人文社會科學,HUM,,,,
"史学
政治","史學
政治",History,歷史,Humanities,人文學科,Humanities and Social Sciences,人文社會科學,HUM,,,,
"史学
法律","史學
法律",History,歷史,Humanities,人文學科,Humanities and Social Sciences,人文社會科學,HUM,,,,
史学（选）,史學（選）,History,歷史,Humanities,人文學科,Humanities and Social Sciences,人文社會科學,HUM,,,,
史学主系：政治副系,史學主系：政治副系,History,歷史,Humanities,人文學科,Humanities and Social Sciences,人文社會科學,HUM,,,,
史学主系地理副系,史學主系地理副系,History,歷史,Humanities,人文學科,Humanities and Social Sciences,人文社會科學,HUM,,,,
史学哲学,史學哲學,History,歷史,Humanities,人文學科,Humanities and Social Sciences,人文社會科學,HUM,,,,
史学系,史學系,History,歷史,Humanities,人文學科,Humanities and Social Sciences,人文社會科學,HUM,,,,
史学与政治学系,史學與政治學系,History,歷史,Humanities,人文學科,Humanities and Social Sciences,人文社會科學,HUM,,,,
史学部,史學部,History,歷史,Humanities,人文學科,Humanities and Social Sciences,人文社會科學,HUM,,,,
史学院史学系三年级,史學院史學系三年級,History,歷史,Humanities,人文學科,Humanities and Social Sciences,人文社會科學,HUM,,,,
史学类研究生,史學類研究生,History,歷史,Humanities,人文學科,Humanities and Social Sciences,人文社會科學,HUM,,,,
史政,史政,History,歷史,Humanities,人文學科,Humanities and Social Sciences,人文社會科學,HUM,,,,
专修科史地组,專修科史地組,History,歷史,Humanities,人文學科,Humanities and Social Sciences,人文社會科學,HUM,,,,
专修科文史地组,專修科文史地組,History,歷史,Humanities,人文學科,Humanities and Social Sciences,人文社會科學,HUM,,,,
师范学院史学系,師範學院史學系,History,歷史,Humanities,人文學科,Humanities and Social Sciences,人文社會科學,HUM,,,,
师范学院专修史学系,師範學院專修史學系,History,歷史,Humanities,人文學科,Humanities and Social Sciences,人文社會科學,HUM,,,,
教育主系史学副系,教育主系史學副系,History,歷史,Humanities,人文學科,Humanities and Social Sciences,人文社會科學,HUM,,,,
文史,文史,History,歷史,Humanities,人文學科,Humanities and Social Sciences,人文社會科學,HUM,,,,
文史地,文史地,History,歷史,Humanities,人文學科,Humanities and Social Sciences,人文社會科學,HUM,,,,
文史地学,文史地學,History,歷史,Humanities,人文學科,Humanities and Social Sciences,人文社會科學,HUM,,,,
文史地学系,文史地學系,History,歷史,Humanities,人文學科,Humanities and Social Sciences,人文社會科學,HUM,,,,
文史地专修科,文史地專修科,History,歷史,Humanities,人文學科,Humanities and Social Sciences,人文社會科學,HUM,,,,
文史地系,文史地系,History,歷史,Humanities,人文學科,Humanities and Social Sciences,人文社會科學,HUM,,,,
文史地组,文史地組,History,歷史,Humanities,人文學科,Humanities and Social Sciences,人文社會科學,HUM,,,,
文史地组学系,文史地組學系,History,歷史,Humanities,人文學科,Humanities and Social Sciences,人文社會科學,HUM,,,,
文史学,文史學,History,歷史,Humanities,人文學科,Humanities and Social Sciences,人文社會科學,HUM,,,,
文史学院文史学系,文史學院文史學系,History,歷史,Humanities,人文學科,Humanities and Social Sciences,人文社會科學,HUM,,,,
文史专修,文史專修,History,歷史,Humanities,人文學科,Humanities and Social Sciences,人文社會科學,HUM,,,,
文史科,文史科,History,歷史,Humanities,人文學科,Humanities and Social Sciences,人文社會科學,HUM,,,,
文史系,文史系,History,歷史,Humanities,人文學科,Humanities and Social Sciences,人文社會科學,HUM,,,,
文史组,文史組,History,歷史,Humanities,人文學科,Humanities and Social Sciences,人文社會科學,HUM,,,,
文学院中国历史学系一年级,文學院中國曆史學系一年級,History,歷史,Humanities,人文學科,Humanities and Social Sciences,人文社會科學,HUM,,,,
文学院史地学系,文學院史地學系,History,歷史,Humanities,人文學科,Humanities and Social Sciences,人文社會科學,HUM,,,,
文学院史地研究所,文學院史地研究所,History,歷史,Humanities,人文學科,Humanities and Social Sciences,人文社會科學,HUM,,,,
文学院史地系,文學院史地系,History,歷史,Humanities,人文學科,Humanities and Social Sciences,人文社會科學,HUM,,,,
文学院史学系,文學院史學系,History,歷史,Humanities,人文學科,Humanities and Social Sciences,人文社會科學,HUM,,,,
文学院政治系，后转入历史系,文學院政治系，後轉入曆史系,History,歷史,Humanities,人文學科,Humanities and Social Sciences,人文社會科學,HUM,,,,
文学院文史学系,文學院文史學系,History,歷史,Humanities,人文學科,Humanities and Social Sciences,人文社會科學,HUM,,,,
文学院文史学系一年级,文學院文史學系一年級,History,歷史,Humanities,人文學科,Humanities and Social Sciences,人文社會科學,HUM,,,,
文学院文科研究所史学部,文學院文科研究所史學部,History,歷史,Humanities,人文學科,Humanities and Social Sciences,人文社會科學,HUM,,,,
文学院历史学系,文學院曆史學系,History,歷史,Humanities,人文學科,Humanities and Social Sciences,人文社會科學,HUM,,,,
文学院历史学系一年级,文學院曆史學系一年級,History,歷史,Humanities,人文學科,Humanities and Social Sciences,人文社會科學,HUM,,,,
文学院历史学系二年级,文學院曆史學系二年級,History,歷史,Humanities,人文學科,Humanities and Social Sciences,人文社會科學,HUM,,,,
文学院历史政治,文學院曆史政治,History,歷史,Humanities,人文學科,Humanities and Social Sciences,人文社會科學,HUM,,,,
文学院历史政治系,文學院曆史政治系,History,歷史,Humanities,人文學科,Humanities and Social Sciences,人文社會科學,HUM,,,,
文学院历史政治系政治组,文學院曆史政治系政治組,History,歷史,Humanities,人文學科,Humanities and Social Sciences,人文社會科學,HUM,,,,
文学院历史系,文學院曆史系,History,歷史,Humanities,人文學科,Humanities and Social Sciences,人文社會科學,HUM,,,,
文学院历史系，后转入文学院社会系,文學院曆史系，後轉入文學院社會系,History,歷史,Humanities,人文學科,Humanities and Social Sciences,人文社會科學,HUM,,,,
文法学院中国历史学系一年级,文法學院中國曆史學系一年級,History,歷史,Humanities,人文學科,Humanities and Social Sciences,人文社會科學,HUM,,,,
文法学院史学系三年级,文法學院史學系三年級,History,歷史,Humanities,人文學科,Humanities and Social Sciences,人文社會科學,HUM,,,,
文法学院文史学系,文法學院文史學系,History,歷史,Humanities,人文學科,Humanities and Social Sciences,人文社會科學,HUM,,,,
文法学院文史学系一年级,文法學院文史學系一年級,History,歷史,Humanities,人文學科,Humanities and Social Sciences,人文社會科學,HUM,,,,
文法学院文史学系四年级,文法學院文史學系四年級,History,歷史,Humanities,人文學科,Humanities and Social Sciences,人文社會科學,HUM,,,,
文法学院文史系,文法學院文史系,History,歷史,Humanities,人文學科,Humanities and Social Sciences,人文社會科學,HUM,,,,
文理_史学,文理_史學,History,歷史,Humanities,人文學科,Humanities and Social Sciences,人文社會科學,HUM,,,,
文理_地理,文理_地理,History,歷史,Humanities,人文學科,Humanities and Social Sciences,人文社會科學,HUM,,,,
文科史学系,文科史學系,History,歷史,Humanities,人文學科,Humanities and Social Sciences,人文社會科學,HUM,,,,
文科研究所史地学部,文科研究所史地學部,History,歷史,Humanities,人文學科,Humanities and Social Sciences,人文社會科學,HUM,,,,
文科研究所史地学部史学组,文科研究所史地學部史學組,History,歷史,Humanities,人文學科,Humanities and Social Sciences,人文社會科學,HUM,,,,
文科研究所史地学部历史组,文科研究所史地學部曆史組,History,歷史,Humanities,人文學科,Humanities and Social Sciences,人文社會科學,HUM,,,,
文科研究所史学,文科研究所史學,History,歷史,Humanities,人文學科,Humanities and Social Sciences,人文社會科學,HUM,,,,
文科研究所史学部,文科研究所史學部,History,歷史,Humanities,人文學科,Humanities and Social Sciences,人文社會科學,HUM,,,,
文科研究所历史学,文科研究所曆史學,History,歷史,Humanities,人文學科,Humanities and Social Sciences,人文社會科學,HUM,,,,
文科研究所历史学部,文科研究所曆史學部,History,歷史,Humanities,人文學科,Humanities and Social Sciences,人文社會科學,HUM,,,,
文科研究所历史系,文科研究所曆史系,History,歷史,Humanities,人文學科,Humanities and Social Sciences,人文社會科學,HUM,,,,
文科研究所历史组,文科研究所曆史組,History,歷史,Humanities,人文學科,Humanities and Social Sciences,人文社會科學,HUM,,,,
文院历史系,文院曆史系,History,歷史,Humanities,人文學科,Humanities and Social Sciences,人文社會科學,HUM,,,,
文预 史学,文預 史學,History,歷史,Humanities,人文學科,Humanities and Social Sciences,人文社會科學,HUM,,,,
历史,曆史,History,歷史,Humanities,人文學科,Humanities and Social Sciences,人文社會科學,HUM,,,,
历史*,曆史*,History,歷史,Humanities,人文學科,Humanities and Social Sciences,人文社會科學,HUM,,,,
历史学,曆史學,History,歷史,Humanities,人文學科,Humanities and Social Sciences,人文社會科學,HUM,,,,
历史学研究所,曆史學研究所,History,歷史,Humanities,人文學科,Humanities and Social Sciences,人文社會科學,HUM,,,,
历史学系,曆史學系,History,歷史,Humanities,人文學科,Humanities and Social Sciences,人文社會科學,HUM,,,,
历史学部,曆史學部,History,歷史,Humanities,人文學科,Humanities and Social Sciences,人文社會科學,HUM,,,,
历史政治,曆史政治,History,歷史,Humanities,人文學科,Humanities and Social Sciences,人文社會科學,HUM,,,,
历史文学,曆史文學,History,歷史,Humanities,人文學科,Humanities and Social Sciences,人文社會科學,HUM,,,,
历史研究,曆史研究,History,歷史,Humanities,人文學科,Humanities and Social Sciences,人文社會科學,HUM,,,,
历史研究所,曆史研究所,History,歷史,Humanities,人文學科,Humanities and Social Sciences,人文社會科學,HUM,,,,
历史研究部,曆史研究部,History,歷史,Humanities,人文學科,Humanities and Social Sciences,人文社會科學,HUM,,,,
历史社会,曆史社會,History,歷史,Humanities,人文學科,Humanities and Social Sciences,人文社會科學,HUM,,,,
历史系,曆史系,History,歷史,Humanities,人文學科,Humanities and Social Sciences,人文社會科學,HUM,,,,
本科历史系，2学期,本科曆史系，2學期,History,歷史,Humanities,人文學科,Humanities and Social Sciences,人文社會科學,HUM,,,,
历史,歷史,History,歷史,Humanities,人文學科,Humanities and Social Sciences,人文社會科學,HUM,,,,
汉学院历史学系,漢學院曆史學系,History,歷史,Humanities,人文學科,Humanities and Social Sciences,人文社會科學,HUM,,,,
汉学院历史学系一年级,漢學院曆史學系一年級,History,歷史,Humanities,人文學科,Humanities and Social Sciences,人文社會科學,HUM,,,,
汉学院历史学系二年级,漢學院曆史學系二年級,History,歷史,Humanities,人文學科,Humanities and Social Sciences,人文社會科學,HUM,,,,
"理预
史学","理預
史學",History,歷史,Humanities,人文學科,Humanities and Social Sciences,人文社會科學,HUM,,,,
家学,家学,Home Economics,其它,Other,其它,Other,其它,OTH,,,,
家学习,家學習,Home Economics,其它,Other,其它,Other,其它,OTH,,,,
家政,家政,Home Economics,其它,Other,其它,Other,其它,OTH,,,,
家政*,家政*,Home Economics,其它,Other,其它,Other,其它,OTH,,,,
家政组,家政組,Home Economics,其它,Other,其它,Other,其它,OTH,,,,
戊工学院,戊工學院,Home Economics,其它,Other,其它,Other,其它,OTH,,,,
Humanities,Humanities,Humanities,人文學科,Humanities,人文學科,Humanities and Social Sciences,人文社會科學,HUM,,,,
上下水道,上下水道專業,Hydraulic Engineering,水利工程,Engineering Sciences,工程科學,Engineering,工程,ENG,,,,
上下水道专业,上下水道專業,Hydraulic Engineering,水利工程,Engineering Sciences,工程科學,Engineering,工程,ENG,,,,
上水水道,上下水道專業,Hydraulic Engineering,水利工程,Engineering Sciences,工程科學,Engineering,工程,ENG,,,,
代办水文专修科,代辦水文專修科,Hydraulic Engineering,水利工程,Engineering Sciences,工程科學,Engineering,工程,ENG,,,,
代辨水文专修科,代辨水文專修科,Hydraulic Engineering,水利工程,Engineering Sciences,工程科學,Engineering,工程,ENG,,,,
工学系水利工程,工學系水利工程,Hydraulic Engineering,水利工程,Engineering Sciences,工程科學,Engineering,工程,ENG,,,,
工学院水利工程,工學院水利工程,Hydraulic Engineering,水利工程,Engineering Sciences,工程科學,Engineering,工程,ENG,,,,
工学院水利工程系,工學院水利工程系,Hydraulic Engineering,水利工程,Engineering Sciences,工程科學,Engineering,工程,ENG,,,,
工学院电机、水利工程系,工學院電機、水利工程系,Hydraulic Engineering,水利工程,Engineering Sciences,工程科學,Engineering,工程,ENG,,,,
振田水利专修科,振田水利專修科,Hydraulic Engineering,水利工程,Engineering Sciences,工程科學,Engineering,工程,ENG,,,,
水利,水利,Hydraulic Engineering,水利工程,Engineering Sciences,工程科學,Engineering,工程,ENG,,,,
水利学系,水利學系,Hydraulic Engineering,水利工程,Engineering Sciences,工程科學,Engineering,工程,ENG,,,,
水利专修科,水利專修科,Hydraulic Engineering,水利工程,Engineering Sciences,工程科學,Engineering,工程,ENG,,,,
水利工程,水利工程,Hydraulic Engineering,水利工程,Engineering Sciences,工程科學,Engineering,工程,ENG,,,,
水利工程、构造工程,水利工程、構造工程,Hydraulic Engineering,水利工程,Engineering Sciences,工程科學,Engineering,工程,ENG,,,,
水利工程专修科,水利工程專修科,Hydraulic Engineering,水利工程,Engineering Sciences,工程科學,Engineering,工程,ENG,,,,
水利工程系,水利工程系,Hydraulic Engineering,水利工程,Engineering Sciences,工程科學,Engineering,工程,ENG,,,,
水利发电装置,水利發電裝置,Hydraulic Engineering,水利工程,Engineering Sciences,工程科學,Engineering,工程,ENG,,,,
水利系,水利系,Hydraulic Engineering,水利工程,Engineering Sciences,工程科學,Engineering,工程,ENG,,,,
水力,水力,Hydraulic Engineering,水利工程,Engineering Sciences,工程科學,Engineering,工程,ENG,,,,
水力动力装置,水力動力裝置,Hydraulic Engineering,水利工程,Engineering Sciences,工程科學,Engineering,工程,ENG,,,,
水力工程专修科,水力工程專修科,Hydraulic Engineering,水利工程,Engineering Sciences,工程科學,Engineering,工程,ENG,,,,
水力工程志修科,水力工程志修科,Hydraulic Engineering,水利工程,Engineering Sciences,工程科學,Engineering,工程,ENG,,,,
水力发电土木专修,水力發電土木專修,Hydraulic Engineering,水利工程,Engineering Sciences,工程科學,Engineering,工程,ENG,,,,
水力发电设备,水力發電設備,Hydraulic Engineering,水利工程,Engineering Sciences,工程科學,Engineering,工程,ENG,,,,
水力系,水力系,Hydraulic Engineering,水利工程,Engineering Sciences,工程科學,Engineering,工程,ENG,,,,
水工,水工,Hydraulic Engineering,水利工程,Engineering Sciences,工程科學,Engineering,工程,ENG,,,,
水工工程专修科,水工工程專修科,Hydraulic Engineering,水利工程,Engineering Sciences,工程科學,Engineering,工程,ENG,,,,
水文专修科,水文專修科,Hydraulic Engineering,水利工程,Engineering Sciences,工程科學,Engineering,工程,ENG,,,,
水文测验干部训练班,水文測驗幹部訓練班,Hydraulic Engineering,水利工程,Engineering Sciences,工程科學,Engineering,工程,ENG,,,,
水能利用,水能利用,Hydraulic Engineering,水利工程,Engineering Sciences,工程科學,Engineering,工程,ENG,,,,
水电专业,水電專業,Hydraulic Engineering,水利工程,Engineering Sciences,工程科學,Engineering,工程,ENG,,,,
河川水利发电站的水力建筑,河川水利發電站的水力建築,Hydraulic Engineering,水利工程,Engineering Sciences,工程科學,Engineering,工程,ENG,,,,
河川水力发电站的水力技术建筑,河川水力發電站的水力技術建築,Hydraulic Engineering,水利工程,Engineering Sciences,工程科學,Engineering,工程,ENG,,,,
河川水力发电站的水力技术建筑物,河川水力發電站的水力技術建築物,Hydraulic Engineering,水利工程,Engineering Sciences,工程科學,Engineering,工程,ENG,,,,
河川水力发电站的水工建筑专修,河川水力發電站的水工建築專修,Hydraulic Engineering,水利工程,Engineering Sciences,工程科學,Engineering,工程,ENG,,,,
河川水力发电站的水工建筑专业,河川水力發電站的水工建築專業,Hydraulic Engineering,水利工程,Engineering Sciences,工程科學,Engineering,工程,ENG,,,,
河川结构及水电站的水工建筑,河川結構及水電站的水工建築,Hydraulic Engineering,水利工程,Engineering Sciences,工程科學,Engineering,工程,ENG,,,,
灌溉,灌溉,Hydraulic Engineering,水利工程,Engineering Sciences,工程科學,Engineering,工程,PSC,,,,
农田水利,農田水利,Hydraulic Engineering,水利工程,Engineering Sciences,工程科學,Engineering,工程,ENG,,,,
农田水利专修,農田水利專修,Hydraulic Engineering,水利工程,Engineering Sciences,工程科學,Engineering,工程,ENG,,,,
农田水利专修科,農田水利專修科,Hydraulic Engineering,水利工程,Engineering Sciences,工程科學,Engineering,工程,ENG,,,,
农田水利工程专修,農田水利工程專修,Hydraulic Engineering,水利工程,Engineering Sciences,工程科學,Engineering,工程,ENG,,,,
农田水利工程专修科,農田水利工程專修科,Hydraulic Engineering,水利工程,Engineering Sciences,工程科學,Engineering,工程,ENG,,,,
农田水力工程,農田水力工程,Hydraulic Engineering,水利工程,Engineering Sciences,工程科學,Engineering,工程,ENG,,,,
国际关係,國際關係,International Law and Relations,國際法與關係,Social Sciences,社會科學,Humanities and Social Sciences,人文社會科學,SSC,,,,
政治外交,政治外交,International Law and Relations,國際法與關係,Social Sciences,社會科學,Humanities and Social Sciences,人文社會科學,SSC,,,,
JOUNALISM,JOURNALISM,Journalism,新聞學,Social Sciences,社會科學,Humanities and Social Sciences,人文社會科學,SSC,,,,
JOUR,JOURNALISM,Journalism,新聞學,Social Sciences,社會科學,Humanities and Social Sciences,人文社會科學,SSC,,,,
JOURNALISM,JOURNALISM,Journalism,新聞學,Social Sciences,社會科學,Humanities and Social Sciences,人文社會科學,SSC,,,,
文学院新闻学系二年,文學院新聞學系二年,Journalism,新聞學,Social Sciences,社會科學,Humanities and Social Sciences,人文社會科學,SSC,,,,
文学院新闻系二年,文學院新聞系二年,Journalism,新聞學,Social Sciences,社會科學,Humanities and Social Sciences,人文社會科學,SSC,,,,
文新闻,文新聞,Journalism,新聞學,Social Sciences,社會科學,Humanities and Social Sciences,人文社會科學,SSC,,,,
文科新闻学系,文科新聞學系,Journalism,新聞學,Social Sciences,社會科學,Humanities and Social Sciences,人文社會科學,SSC,,,,
文科新闻系,文科新聞系,Journalism,新聞學,Social Sciences,社會科學,Humanities and Social Sciences,人文社會科學,SSC,,,,
新文学二年,新文學二年,Journalism,新聞學,Social Sciences,社會科學,Humanities and Social Sciences,人文社會科學,SSC,,,,
新闻,新聞,Journalism,新聞學,Social Sciences,社會科學,Humanities and Social Sciences,人文社會科學,SSC,,,,
新闻二年,新聞二年,Journalism,新聞學,Social Sciences,社會科學,Humanities and Social Sciences,人文社會科學,SSC,,,,
新闻学,新聞學,Journalism,新聞學,Social Sciences,社會科學,Humanities and Social Sciences,人文社會科學,SSC,,,,
新闻学系二年,新聞學系二年,Journalism,新聞學,Social Sciences,社會科學,Humanities and Social Sciences,人文社會科學,SSC,,,,
新闻学习,新聞學習,Journalism,新聞學,Social Sciences,社會科學,Humanities and Social Sciences,人文社會科學,SSC,,,,
新闻系,新聞系,Journalism,新聞學,Social Sciences,社會科學,Humanities and Social Sciences,人文社會科學,SSC,,,,
新闻系一年,新聞系一年,Journalism,新聞學,Social Sciences,社會科學,Humanities and Social Sciences,人文社會科學,SSC,,,,
新闻系二年,新聞系二年,Journalism,新聞學,Social Sciences,社會科學,Humanities and Social Sciences,人文社會科學,SSC,,,,
新闻系第二学年,新聞系第二學年,Journalism,新聞學,Social Sciences,社會科學,Humanities and Social Sciences,人文社會科學,SSC,,,,
新闻经济系,新聞經濟系,Journalism,新聞學,Social Sciences,社會科學,Humanities and Social Sciences,人文社會科學,SSC,,,,
本院音乐系转新闻系二年,本院音樂系轉新聞系二年,Journalism,新聞學,Social Sciences,社會科學,Humanities and Social Sciences,人文社會科學,SSC,,,,
父 新闻,父 新聞,Journalism,新聞學,Social Sciences,社會科學,Humanities and Social Sciences,人文社會科學,SSC,,,,
一年文学系,中國文學,Languages and Literature,文學與外語,Humanities,人文學科,Humanities and Social Sciences,人文社會科學,HUM,,,,
中化,中化,Languages and Literature,文學與外語,Humanities,人文學科,Humanities and Social Sciences,人文社會科學,HUM,,,,
中国工合,中國工合,Languages and Literature,文學與外語,Humanities,人文學科,Humanities and Social Sciences,人文社會科學,HUM,,,,
中国文,中國文學,Languages and Literature,文學與外語,Humanities,人文學科,Humanities and Social Sciences,人文社會科學,HUM,,,,
中国文学,中國文學,Languages and Literature,文學與外語,Humanities,人文學科,Humanities and Social Sciences,人文社會科學,HUM,,,,
中国文学系,中國文學,Languages and Literature,文學與外語,Humanities,人文學科,Humanities and Social Sciences,人文社會科學,HUM,,,,
中国文学系一,中國文學,Languages and Literature,文學與外語,Humanities,人文學科,Humanities and Social Sciences,人文社會科學,HUM,,,,
中国文学系一年,中國文學,Languages and Literature,文學與外語,Humanities,人文學科,Humanities and Social Sciences,人文社會科學,HUM,,,,
中国文学系一年生,中國文學,Languages and Literature,文學與外語,Humanities,人文學科,Humanities and Social Sciences,人文社會科學,HUM,,,,
中国文学系二年,中國文學,Languages and Literature,文學與外語,Humanities,人文學科,Humanities and Social Sciences,人文社會科學,HUM,,,,
中国文学系二年生,中國文學,Languages and Literature,文學與外語,Humanities,人文學科,Humanities and Social Sciences,人文社會科學,HUM,,,,
中国文学系二年级,中國文學,Languages and Literature,文學與外語,Humanities,人文學科,Humanities and Social Sciences,人文社會科學,HUM,,,,
中国文学系夜校,中國文學,Languages and Literature,文學與外語,Humanities,人文學科,Humanities and Social Sciences,人文社會科學,HUM,,,,
中国文学系文一,中國文學,Languages and Literature,文學與外語,Humanities,人文學科,Humanities and Social Sciences,人文社會科學,HUM,,,,
中国文学系文一年,中國文學,Languages and Literature,文學與外語,Humanities,人文學科,Humanities and Social Sciences,人文社會科學,HUM,,,,
中国文学系文一年级,中國文學,Languages and Literature,文學與外語,Humanities,人文學科,Humanities and Social Sciences,人文社會科學,HUM,,,,
中国文学系第一教室,中國文學,Languages and Literature,文學與外語,Humanities,人文學科,Humanities and Social Sciences,人文社會科學,HUM,,,,
中国文学系第二教室,中國文學,Languages and Literature,文學與外語,Humanities,人文學科,Humanities and Social Sciences,人文社會科學,HUM,,,,
"中国文学组
研究生",中國文學,Languages and Literature,文學與外語,Humanities,人文學科,Humanities and Social Sciences,人文社會科學,HUM,,,,
中国文学组研究生,中國文學,Languages and Literature,文學與外語,Humanities,人文學科,Humanities and Social Sciences,人文社會科學,HUM,,,,
"中国文学部
研究生",中國文學,Languages and Literature,文學與外語,Humanities,人文學科,Humanities and Social Sciences,人文社會科學,HUM,,,,
中国文学部研究生,中國文學,Languages and Literature,文學與外語,Humanities,人文學科,Humanities and Social Sciences,人文社會科學,HUM,,,,
中国文学门,中國文學,Languages and Literature,文學與外語,Humanities,人文學科,Humanities and Social Sciences,人文社會科學,HUM,,,,
"中国语学组
研究生",中國語學,Languages and Literature,文學與外語,Humanities,人文學科,Humanities and Social Sciences,人文社會科學,HUM,,,,
"中国语学部
研究生",中國語學,Languages and Literature,文學與外語,Humanities,人文學科,Humanities and Social Sciences,人文社會科學,HUM,,,,
中国语学部研究生,中國語學,Languages and Literature,文學與外語,Humanities,人文學科,Humanities and Social Sciences,人文社會科學,HUM,,,,
中国语文,中國語文,Languages and Literature,文學與外語,Humanities,人文學科,Humanities and Social Sciences,人文社會科學,HUM,,,,
中国语文外文班,中國語文,Languages and Literature,文學與外語,Humanities,人文學科,Humanities and Social Sciences,人文社會科學,HUM,,,,
中国语文学系,中國語文,Languages and Literature,文學與外語,Humanities,人文學科,Humanities and Social Sciences,人文社會科學,HUM,,,,
"中国语文学类
研究生",中國語文,Languages and Literature,文學與外語,Humanities,人文學科,Humanities and Social Sciences,人文社會科學,HUM,,,,
中国语文专修,中國語文,Languages and Literature,文學與外語,Humanities,人文學科,Humanities and Social Sciences,人文社會科學,HUM,,,,
中国语文专修班,中國語文,Languages and Literature,文學與外語,Humanities,人文學科,Humanities and Social Sciences,人文社會科學,HUM,,,,
中国语文系,中國語文,Languages and Literature,文學與外語,Humanities,人文學科,Humanities and Social Sciences,人文社會科學,HUM,,,,
"中国语言
文学类研究生",中國語文,Languages and Literature,文學與外語,Humanities,人文學科,Humanities and Social Sciences,人文社會科學,HUM,,,,
中国语言专修班,中國語文,Languages and Literature,文學與外語,Humanities,人文學科,Humanities and Social Sciences,人文社會科學,HUM,,,,
中国语言文学,中國語文,Languages and Literature,文學與外語,Humanities,人文學科,Humanities and Social Sciences,人文社會科學,HUM,,,,
"中国语言文学
类研究生",中國語文,Languages and Literature,文學與外語,Humanities,人文學科,Humanities and Social Sciences,人文社會科學,HUM,,,,
中国语言文学系,中國語文,Languages and Literature,文學與外語,Humanities,人文學科,Humanities and Social Sciences,人文社會科學,HUM,,,,
"中国语言文学类
研究生",中國語文,Languages and Literature,文學與外語,Humanities,人文學科,Humanities and Social Sciences,人文社會科學,HUM,,,,
中国语言文学类研究生,中國語文,Languages and Literature,文學與外語,Humanities,人文學科,Humanities and Social Sciences,人文社會科學,HUM,,,,
中文,中國語文,Languages and Literature,文學與外語,Humanities,人文學科,Humanities and Social Sciences,人文社會科學,HUM,,,,
"中文
中国语学组
研究生",中國語文,Languages and Literature,文學與外語,Humanities,人文學科,Humanities and Social Sciences,人文社會科學,HUM,,,,
"中文
史学",歷史學,Languages and Literature,文學與外語,Humanities,人文學科,Humanities and Social Sciences,人文社會科學,HUM,,,,
"中文
哲学",中國哲學,Philosophy,哲學,Humanities,人文學科,Humanities and Social Sciences,人文社會科學,HUM,,,,
"中文
哲学组研究生",中國哲學,Philosophy,哲學,Humanities,人文學科,Humanities and Social Sciences,人文社會科學,HUM,,,,
"中文
经济",中國語文,Languages and Literature,文學與外語,Humanities,人文學科,Humanities and Social Sciences,人文社會科學,HUM,,,,
"中文
英文",中國語文,Languages and Literature,文學與外語,Humanities,人文學科,Humanities and Social Sciences,人文社會科學,HUM,,,,
中文一年,中國語文,Languages and Literature,文學與外語,Humanities,人文學科,Humanities and Social Sciences,人文社會科學,HUM,,,,
中文乙一,中國語文,Languages and Literature,文學與外語,Humanities,人文學科,Humanities and Social Sciences,人文社會科學,HUM,,,,
中文二年,中國語文,Languages and Literature,文學與外語,Humanities,人文學科,Humanities and Social Sciences,人文社會科學,HUM,,,,
中文学,中國語文,Languages and Literature,文學與外語,Humanities,人文學科,Humanities and Social Sciences,人文社會科學,HUM,,,,
中文学系,中國語文,Languages and Literature,文學與外語,Humanities,人文學科,Humanities and Social Sciences,人文社會科學,HUM,,,,
中文学系一年生,中國語文,Languages and Literature,文學與外語,Humanities,人文學科,Humanities and Social Sciences,人文社會科學,HUM,,,,
中文文学系文一,中國語文,Languages and Literature,文學與外語,Humanities,人文學科,Humanities and Social Sciences,人文社會科學,HUM,,,,
中文研究所,中國語文,Languages and Literature,文學與外語,Humanities,人文學科,Humanities and Social Sciences,人文社會科學,HUM,,,,
中文系,中國語文,Languages and Literature,文學與外語,Humanities,人文學科,Humanities and Social Sciences,人文社會科學,HUM,,,,
中文系一年,中國語文,Languages and Literature,文學與外語,Humanities,人文學科,Humanities and Social Sciences,人文社會科學,HUM,,,,
中文系一年生,中國語文,Languages and Literature,文學與外語,Humanities,人文學科,Humanities and Social Sciences,人文社會科學,HUM,,,,
中文系二年,中國語文,Languages and Literature,文學與外語,Humanities,人文學科,Humanities and Social Sciences,人文社會科學,HUM,,,,
中文系文一,中國語文,Languages and Literature,文學與外語,Humanities,人文學科,Humanities and Social Sciences,人文社會科學,HUM,,,,
中文系文二,中國語文,Languages and Literature,文學與外語,Humanities,人文學科,Humanities and Social Sciences,人文社會科學,HUM,,,,
中文部,中國語文,Languages and Literature,文學與外語,Humanities,人文學科,Humanities and Social Sciences,人文社會科學,HUM,,,,
俄文,俄文,Languages and Literature,文學與外語,Humanities,人文學科,Humanities and Social Sciences,人文社會科學,HUM,,,,
"俄文
国文","俄文
國文",Languages and Literature,文學與外語,Humanities,人文學科,Humanities and Social Sciences,人文社會科學,HUM,,,,
"俄文
法律","俄文
法律",Languages and Literature,文學與外語,Humanities,人文學科,Humanities and Social Sciences,人文社會科學,HUM,,,,
俄文组,俄文組,Languages and Literature,文學與外語,Humanities,人文學科,Humanities and Social Sciences,人文社會科學,HUM,,,,
储学馆英文,儲學館英文,Languages and Literature,文學與外語,Humanities,人文學科,Humanities and Social Sciences,人文社會科學,HUM,,,,
入本学院中文系,入本學院中文系,Languages and Literature,文學與外語,Humanities,人文學科,Humanities and Social Sciences,人文社會科學,HUM,,,,
,國學,Languages and Literature,文學與外語,Humanities,人文學科,Humanities and Social Sciences,人文社會科學,HUM,,,,
国学研究所,國學研究所,Languages and Literature,文學與外語,Humanities,人文學科,Humanities and Social Sciences,人文社會科學,HUM,,,,
国文,國文,Languages and Literature,文學與外語,Humanities,人文學科,Humanities and Social Sciences,人文社會科學,HUM,,,,
"国文
哲学","國文
哲學",Languages and Literature,文學與外語,Humanities,人文學科,Humanities and Social Sciences,人文社會科學,HUM,,,,
"国文
教育","國文
教育",Languages and Literature,文學與外語,Humanities,人文學科,Humanities and Social Sciences,人文社會科學,HUM,,,,
"国文
法律","國文
法律",Languages and Literature,文學與外語,Humanities,人文學科,Humanities and Social Sciences,人文社會科學,HUM,,,,
"国文
经济","國文
經濟",Languages and Literature,文學與外語,Humanities,人文學科,Humanities and Social Sciences,人文社會科學,HUM,,,,
国文 一年,國文 一年,Languages and Literature,文學與外語,Humanities,人文學科,Humanities and Social Sciences,人文社會科學,HUM,,,,
国文（选）,國文（選）,Languages and Literature,文學與外語,Humanities,人文學科,Humanities and Social Sciences,人文社會科學,HUM,,,,
"国文（选）
哲学（选）","國文（選）
哲學（選）",Languages and Literature,文學與外語,Humanities,人文學科,Humanities and Social Sciences,人文社會科學,HUM,,,,
国文克,國文克,Languages and Literature,文學與外語,Humanities,人文學科,Humanities and Social Sciences,人文社會科學,HUM,,,,
国文学,國文學,Languages and Literature,文學與外語,Humanities,人文學科,Humanities and Social Sciences,人文社會科學,HUM,,,,
国文学系,國文學系,Languages and Literature,文學與外語,Humanities,人文學科,Humanities and Social Sciences,人文社會科學,HUM,,,,
国文学院师范学系,國文學院師範學系,Languages and Literature,文學與外語,Humanities,人文學科,Humanities and Social Sciences,人文社會科學,HUM,,,,
国文专修科,國文專修科,Languages and Literature,文學與外語,Humanities,人文學科,Humanities and Social Sciences,人文社會科學,HUM,,,,
国文研究,國文研究,Languages and Literature,文學與外語,Humanities,人文學科,Humanities and Social Sciences,人文社會科學,HUM,,,,
国文研究所,國文研究所,Languages and Literature,文學與外語,Humanities,人文學科,Humanities and Social Sciences,人文社會科學,HUM,,,,
国文科,國文科,Languages and Literature,文學與外語,Humanities,人文學科,Humanities and Social Sciences,人文社會科學,HUM,,,,
国文系,國文系,Languages and Literature,文學與外語,Humanities,人文學科,Humanities and Social Sciences,人文社會科學,HUM,,,,
国文系一年,國文系一年,Languages and Literature,文學與外語,Humanities,人文學科,Humanities and Social Sciences,人文社會科學,HUM,,,,
国文组,國文組,Languages and Literature,文學與外語,Humanities,人文學科,Humanities and Social Sciences,人文社會科學,HUM,,,,
国语，1950年转入教育,國語，1950年轉入教育,Languages and Literature,文學與外語,Humanities,人文學科,Humanities and Social Sciences,人文社會科學,HUM,,,,
国语学系,國語學系,Languages and Literature,文學與外語,Humanities,人文學科,Humanities and Social Sciences,人文社會科學,HUM,,,,
国语专修学系,國語專修學系,Languages and Literature,文學與外語,Humanities,人文學科,Humanities and Social Sciences,人文社會科學,HUM,,,,
外国 文学,外國 文學,Languages and Literature,文學與外語,Humanities,人文學科,Humanities and Social Sciences,人文社會科學,HUM,,,,
外国文（英文组）主系,外國文（英文組）主系,Languages and Literature,文學與外語,Humanities,人文學科,Humanities and Social Sciences,人文社會科學,HUM,,,,
外国文学,外國文學,Languages and Literature,文學與外語,Humanities,人文學科,Humanities and Social Sciences,人文社會科學,HUM,,,,
外国文学系,外國文學系,Languages and Literature,文學與外語,Humanities,人文學科,Humanities and Social Sciences,人文社會科學,HUM,,,,
外国文学系一年生,外國文學系一年生,Languages and Literature,文學與外語,Humanities,人文學科,Humanities and Social Sciences,人文社會科學,HUM,,,,
外国文学系俄文组,外國文學系俄文組,Languages and Literature,文學與外語,Humanities,人文學科,Humanities and Social Sciences,人文社會科學,HUM,,,,
外国文学系英文组,外國文學系英文組,Languages and Literature,文學與外語,Humanities,人文學科,Humanities and Social Sciences,人文社會科學,HUM,,,,
外国语,外國語,Languages and Literature,文學與外語,Humanities,人文學科,Humanities and Social Sciences,人文社會科學,HUM,,,,
外国语学系,外國語學系,Languages and Literature,文學與外語,Humanities,人文學科,Humanities and Social Sciences,人文社會科學,HUM,,,,
外国语文,外國語文,Languages and Literature,文學與外語,Humanities,人文學科,Humanities and Social Sciences,人文社會科學,HUM,,,,
外国语文学,外國語文學,Languages and Literature,文學與外語,Humanities,人文學科,Humanities and Social Sciences,人文社會科學,HUM,,,,
外国语文学 一年,外國語文學 一年,Languages and Literature,文學與外語,Humanities,人文學科,Humanities and Social Sciences,人文社會科學,HUM,,,,
外国语文学系,外國語文學系,Languages and Literature,文學與外語,Humanities,人文學科,Humanities and Social Sciences,人文社會科學,HUM,,,,
外国语文学系 英文专业,外國語文學系 英文專業,Languages and Literature,文學與外語,Humanities,人文學科,Humanities and Social Sciences,人文社會科學,HUM,,,,
外国语文学系一年,外國語文學系一年,Languages and Literature,文學與外語,Humanities,人文學科,Humanities and Social Sciences,人文社會科學,HUM,,,,
外国语文学系俄文组,外國語文學系俄文組,Languages and Literature,文學與外語,Humanities,人文學科,Humanities and Social Sciences,人文社會科學,HUM,,,,
外国语文学系英文组,外國語文學系英文組,Languages and Literature,文學與外語,Humanities,人文學科,Humanities and Social Sciences,人文社會科學,HUM,,,,
外国语文研究所,外國語文研究所,Languages and Literature,文學與外語,Humanities,人文學科,Humanities and Social Sciences,人文社會科學,HUM,,,,
外国语文系,外國語文系,Languages and Literature,文學與外語,Humanities,人文學科,Humanities and Social Sciences,人文社會科學,HUM,,,,
外国语文部,外國語文部,Languages and Literature,文學與外語,Humanities,人文學科,Humanities and Social Sciences,人文社會科學,HUM,,,,
外国语系,外國語系,Languages and Literature,文學與外語,Humanities,人文學科,Humanities and Social Sciences,人文社會科學,HUM,,,,
外国语系英文组,外國語系英文組,Languages and Literature,文學與外語,Humanities,人文學科,Humanities and Social Sciences,人文社會科學,HUM,,,,
外国语言,外國語言,Languages and Literature,文學與外語,Humanities,人文學科,Humanities and Social Sciences,人文社會科學,HUM,,,,
外国语言学系,外國語言學系,Languages and Literature,文學與外語,Humanities,人文學科,Humanities and Social Sciences,人文社會科學,HUM,,,,
外国语言文学系,外國語言文學系,Languages and Literature,文學與外語,Humanities,人文學科,Humanities and Social Sciences,人文社會科學,HUM,,,,
外国语言文学部,外國語言文學部,Languages and Literature,文學與外語,Humanities,人文學科,Humanities and Social Sciences,人文社會科學,HUM,,,,
外国语语文,外國語語文,Languages and Literature,文學與外語,Humanities,人文學科,Humanities and Social Sciences,人文社會科學,HUM,,,,
外学系,外學系,Languages and Literature,文學與外語,Humanities,人文學科,Humanities and Social Sciences,人文社會科學,HUM,,,,
外文,外文,Languages and Literature,文學與外語,Humanities,人文學科,Humanities and Social Sciences,人文社會科學,HUM,,,,
"外文
教育","外文
教育",Languages and Literature,文學與外語,Humanities,人文學科,Humanities and Social Sciences,人文社會科學,HUM,,,,
外文（英文，概况表）,外文（英文，概況表）,Languages and Literature,文學與外語,Humanities,人文學科,Humanities and Social Sciences,人文社會科學,HUM,,,,
外文俄文组,外文俄文組,Languages and Literature,文學與外語,Humanities,人文學科,Humanities and Social Sciences,人文社會科學,HUM,,,,
外文学,外文學,Languages and Literature,文學與外語,Humanities,人文學科,Humanities and Social Sciences,人文社會科學,HUM,,,,
外文学系,外文學系,Languages and Literature,文學與外語,Humanities,人文學科,Humanities and Social Sciences,人文社會科學,HUM,,,,
外文研究所,外文研究所,Languages and Literature,文學與外語,Humanities,人文學科,Humanities and Social Sciences,人文社會科學,HUM,,,,
外文系,外文系,Languages and Literature,文學與外語,Humanities,人文學科,Humanities and Social Sciences,人文社會科學,HUM,,,,
外文系（英文组）,外文系（英文組）,Languages and Literature,文學與外語,Humanities,人文學科,Humanities and Social Sciences,人文社會科學,HUM,,,,
外文系一年,外文系一年,Languages and Literature,文學與外語,Humanities,人文學科,Humanities and Social Sciences,人文社會科學,HUM,,,,
外文系一年生,外文系一年生,Languages and Literature,文學與外語,Humanities,人文學科,Humanities and Social Sciences,人文社會科學,HUM,,,,
外文系一年级俄文组,外文系一年級俄文組,Languages and Literature,文學與外語,Humanities,人文學科,Humanities and Social Sciences,人文社會科學,HUM,,,,
外文系俄文组,外文系俄文組,Languages and Literature,文學與外語,Humanities,人文學科,Humanities and Social Sciences,人文社會科學,HUM,,,,
外文系系,外文系系,Languages and Literature,文學與外語,Humanities,人文學科,Humanities and Social Sciences,人文社會科學,HUM,,,,
外文系英文系,外文系英文系,Languages and Literature,文學與外語,Humanities,人文學科,Humanities and Social Sciences,人文社會科學,HUM,,,,
外文系英文组,外文系英文組,Languages and Literature,文學與外語,Humanities,人文學科,Humanities and Social Sciences,人文社會科學,HUM,,,,
外文西语,外文西語,Languages and Literature,文學與外語,Humanities,人文學科,Humanities and Social Sciences,人文社會科學,HUM,,,,
外文部,外文部,Languages and Literature,文學與外語,Humanities,人文學科,Humanities and Social Sciences,人文社會科學,HUM,,,,
外籍学生中国语文专修科,外籍學生中國語文專修科,Languages and Literature,文學與外語,Humanities,人文學科,Humanities and Social Sciences,人文社會科學,HUM,,,,
外语,外語,Languages and Literature,文學與外語,Humanities,人文學科,Humanities and Social Sciences,人文社會科學,HUM,,,,
外语学,外語學,Languages and Literature,文學與外語,Humanities,人文學科,Humanities and Social Sciences,人文社會科學,HUM,,,,
外语学系,外語學系,Languages and Literature,文學與外語,Humanities,人文學科,Humanities and Social Sciences,人文社會科學,HUM,,,,
外语学院,外語學院,Languages and Literature,文學與外語,Humanities,人文學科,Humanities and Social Sciences,人文社會科學,HUM,,,,
外语文学,外語文學,Languages and Literature,文學與外語,Humanities,人文學科,Humanities and Social Sciences,人文社會科學,HUM,,,,
外语系,外語系,Languages and Literature,文學與外語,Humanities,人文學科,Humanities and Social Sciences,人文社會科學,HUM,,,,
外语系英文组,外語系英文組,Languages and Literature,文學與外語,Humanities,人文學科,Humanities and Social Sciences,人文社會科學,HUM,,,,
外语系部,外語系部,Languages and Literature,文學與外語,Humanities,人文學科,Humanities and Social Sciences,人文社會科學,HUM,,,,
师范学院国文学系,師範學院國文學系,Languages and Literature,文學與外語,Humanities,人文學科,Humanities and Social Sciences,人文社會科學,HUM,,,,
师范学院英文学系,師範學院英文學系,Languages and Literature,文學與外語,Humanities,人文學科,Humanities and Social Sciences,人文社會科學,HUM,,,,
师范学院英文系,師範學院英文系,Languages and Literature,文學與外語,Humanities,人文學科,Humanities and Social Sciences,人文社會科學,HUM,,,,
师范学院英语学系,師範學院英語學系,Languages and Literature,文學與外語,Humanities,人文學科,Humanities and Social Sciences,人文社會科學,HUM,,,,
师范学院英语系,師範學院英語系,Languages and Literature,文學與外語,Humanities,人文學科,Humanities and Social Sciences,人文社會科學,HUM,,,,
德文,德文,Languages and Literature,文學與外語,Humanities,人文學科,Humanities and Social Sciences,人文社會科學,HUM,,,,
"德文
国文","德文
國文",Languages and Literature,文學與外語,Humanities,人文學科,Humanities and Social Sciences,人文社會科學,HUM,,,,
"德文
法律","德文
法律",Languages and Literature,文學與外語,Humanities,人文學科,Humanities and Social Sciences,人文社會科學,HUM,,,,
德文组,德文組,Languages and Literature,文學與外語,Humanities,人文學科,Humanities and Social Sciences,人文社會科學,HUM,,,,
拉丁文学,拉丁文學,Languages and Literature,文學與外語,Humanities,人文學科,Humanities and Social Sciences,人文社會科學,HUM,,,,
"教育
中文","教育
中文",Languages and Literature,文學與外語,Humanities,人文學科,Humanities and Social Sciences,人文社會科學,HUM,,,,
"教育
国文","教育
國文",Languages and Literature,文學與外語,Humanities,人文學科,Humanities and Social Sciences,人文社會科學,HUM,,,,
教育主系国文副系,教育主系國文副系,Languages and Literature,文學與外語,Humanities,人文學科,Humanities and Social Sciences,人文社會科學,HUM,,,,
文,文,Languages and Literature,文學與外語,Humanities,人文學科,Humanities and Social Sciences,人文社會科學,HUM,,,,
文  中文,文  中文,Languages and Literature,文學與外語,Humanities,人文學科,Humanities and Social Sciences,人文社會科學,HUM,,,,
文  外文,文  外文,Languages and Literature,文學與外語,Humanities,人文學科,Humanities and Social Sciences,人文社會科學,HUM,,,,
文  教育,文  教育,Languages and Literature,文學與外語,Humanities,人文學科,Humanities and Social Sciences,人文社會科學,HUM,,,,
文  新闻,文  新聞,Languages and Literature,文學與外語,Humanities,人文學科,Humanities and Social Sciences,人文社會科學,HUM,,,,
文 中国文学 一年,文 中國文學 一年,Languages and Literature,文學與外語,Humanities,人文學科,Humanities and Social Sciences,人文社會科學,HUM,,,,
文 中国文学 乙,文 中國文學 乙,Languages and Literature,文學與外語,Humanities,人文學科,Humanities and Social Sciences,人文社會科學,HUM,,,,
文 中文,文 中文,Languages and Literature,文學與外語,Humanities,人文學科,Humanities and Social Sciences,人文社會科學,HUM,,,,
文 中文系 一年,文 中文系 一年,Languages and Literature,文學與外語,Humanities,人文學科,Humanities and Social Sciences,人文社會科學,HUM,,,,
文 史,文 史,Languages and Literature,文學與外語,Humanities,人文學科,Humanities and Social Sciences,人文社會科學,HUM,,,,
文 史地,文 史地,Languages and Literature,文學與外語,Humanities,人文學科,Humanities and Social Sciences,人文社會科學,HUM,,,,
文 史学,文 史學,Languages and Literature,文學與外語,Humanities,人文學科,Humanities and Social Sciences,人文社會科學,HUM,,,,
文 国文系 一年,文 國文系 一年,Languages and Literature,文學與外語,Humanities,人文學科,Humanities and Social Sciences,人文社會科學,HUM,,,,
文 地理,文 地理,Languages and Literature,文學與外語,Humanities,人文學科,Humanities and Social Sciences,人文社會科學,HUM,,,,
文 外国语文,文 外國語文,Languages and Literature,文學與外語,Humanities,人文學科,Humanities and Social Sciences,人文社會科學,HUM,,,,
文 外国语文学 一年,文 外國語文學 一年,Languages and Literature,文學與外語,Humanities,人文學科,Humanities and Social Sciences,人文社會科學,HUM,,,,
文 外国语文学 一年级 第一学期,文 外國語文學 一年級 第一學期,Languages and Literature,文學與外語,Humanities,人文學科,Humanities and Social Sciences,人文社會科學,HUM,,,,
文 外国语文学 一年级 第二学期,文 外國語文學 一年級 第二學期,Languages and Literature,文學與外語,Humanities,人文學科,Humanities and Social Sciences,人文社會科學,HUM,,,,
文 外国语文学 三年级 第二学期,文 外國語文學 三年級 第二學期,Languages and Literature,文學與外語,Humanities,人文學科,Humanities and Social Sciences,人文社會科學,HUM,,,,
文 外国语文学 乙,文 外國語文學 乙,Languages and Literature,文學與外語,Humanities,人文學科,Humanities and Social Sciences,人文社會科學,HUM,,,,
文 外文,文 外文,Languages and Literature,文學與外語,Humanities,人文學科,Humanities and Social Sciences,人文社會科學,HUM,,,,
文 外文系 一年,文 外文系 一年,Languages and Literature,文學與外語,Humanities,人文學科,Humanities and Social Sciences,人文社會科學,HUM,,,,
文 外语系 一年,文 外語系 一年,Languages and Literature,文學與外語,Humanities,人文學科,Humanities and Social Sciences,人文社會科學,HUM,,,,
文 厂史,文 廠史,Languages and Literature,文學與外語,Humanities,人文學科,Humanities and Social Sciences,人文社會科學,HUM,,,,
文 政治,文 政治,Languages and Literature,文學與外語,Humanities,人文學科,Humanities and Social Sciences,人文社會科學,HUM,,,,
文 政治学 一年,文 政治學 一年,Languages and Literature,文學與外語,Humanities,人文學科,Humanities and Social Sciences,人文社會科學,HUM,,,,
文 政治学 一年级 第二学期,文 政治學 一年級 第二學期,Languages and Literature,文學與外語,Humanities,人文學科,Humanities and Social Sciences,人文社會科學,HUM,,,,
文 政治学 二年级 第一学期,文 政治學 二年級 第一學期,Languages and Literature,文學與外語,Humanities,人文學科,Humanities and Social Sciences,人文社會科學,HUM,,,,
文 政治学 二年级 第二学期,文 政治學 二年級 第二學期,Languages and Literature,文學與外語,Humanities,人文學科,Humanities and Social Sciences,人文社會科學,HUM,,,,
文 政治学 编级生,文 政治學 編級生,Languages and Literature,文學與外語,Humanities,人文學科,Humanities and Social Sciences,人文社會科學,HUM,,,,
文 政治系 一年,文 政治系 一年,Languages and Literature,文學與外語,Humanities,人文學科,Humanities and Social Sciences,人文社會科學,HUM,,,,
文 政治系 乙,文 政治系 乙,Languages and Literature,文學與外語,Humanities,人文學科,Humanities and Social Sciences,人文社會科學,HUM,,,,
文 教,文 教,Languages and Literature,文學與外語,Humanities,人文學科,Humanities and Social Sciences,人文社會科學,HUM,,,,
文 教育,文 教育,Languages and Literature,文學與外語,Humanities,人文學科,Humanities and Social Sciences,人文社會科學,HUM,,,,
文 教育学,文 教育學,Languages and Literature,文學與外語,Humanities,人文學科,Humanities and Social Sciences,人文社會科學,HUM,,,,
文 教育学 一年,文 教育學 一年,Languages and Literature,文學與外語,Humanities,人文學科,Humanities and Social Sciences,人文社會科學,HUM,,,,
文 教育学 一年级 第一学期,文 教育學 一年級 第一學期,Languages and Literature,文學與外語,Humanities,人文學科,Humanities and Social Sciences,人文社會科學,HUM,,,,
文 教育学 一年级 第二学期,文 教育學 一年級 第二學期,Languages and Literature,文學與外語,Humanities,人文學科,Humanities and Social Sciences,人文社會科學,HUM,,,,
文 教育学 三年级,文 教育學 三年級,Languages and Literature,文學與外語,Humanities,人文學科,Humanities and Social Sciences,人文社會科學,HUM,,,,
文 教育学 三年级 第二学期,文 教育學 三年級 第二學期,Languages and Literature,文學與外語,Humanities,人文學科,Humanities and Social Sciences,人文社會科學,HUM,,,,
文 教育学 二年级 第二学期,文 教育學 二年級 第二學期,Languages and Literature,文學與外語,Humanities,人文學科,Humanities and Social Sciences,人文社會科學,HUM,,,,
文 教育系 一年,文 教育系 一年,Languages and Literature,文學與外語,Humanities,人文學科,Humanities and Social Sciences,人文社會科學,HUM,,,,
文 教育系 乙,文 教育系 乙,Languages and Literature,文學與外語,Humanities,人文學科,Humanities and Social Sciences,人文社會科學,HUM,,,,
文 新闻,文 新聞,Languages and Literature,文學與外語,Humanities,人文學科,Humanities and Social Sciences,人文社會科學,HUM,,,,
文 历史,文 曆史,Languages and Literature,文學與外語,Humanities,人文學科,Humanities and Social Sciences,人文社會科學,HUM,,,,
文 英文系 一年,文 英文系 一年,Languages and Literature,文學與外語,Humanities,人文學科,Humanities and Social Sciences,人文社會科學,HUM,,,,
文，中文,文，中文,Languages and Literature,文學與外語,Humanities,人文學科,Humanities and Social Sciences,人文社會科學,HUM,,,,
文，儿童福利,文，兒童福利,Languages and Literature,文學與外語,Humanities,人文學科,Humanities and Social Sciences,人文社會科學,HUM,,,,
文，商,文，商,Languages and Literature,文學與外語,Humanities,人文學科,Humanities and Social Sciences,人文社會科學,HUM,,,,
文，外文,文，外文,Languages and Literature,文學與外語,Humanities,人文學科,Humanities and Social Sciences,人文社會科學,HUM,,,,
文，政治,文，政治,Languages and Literature,文學與外語,Humanities,人文學科,Humanities and Social Sciences,人文社會科學,HUM,,,,
文，教育,文，教育,Languages and Literature,文學與外語,Humanities,人文學科,Humanities and Social Sciences,人文社會科學,HUM,,,,
文，历史政治,文，曆史政治,Languages and Literature,文學與外語,Humanities,人文學科,Humanities and Social Sciences,人文社會科學,HUM,,,,
文，社会系,文，社會系,Languages and Literature,文學與外語,Humanities,人文學科,Humanities and Social Sciences,人文社會科學,HUM,,,,
文，经济,文，經濟,Languages and Literature,文學與外語,Humanities,人文學科,Humanities and Social Sciences,人文社會科學,HUM,,,,
文，经纪商,文，經紀商,Languages and Literature,文學與外語,Humanities,人文學科,Humanities and Social Sciences,人文社會科學,HUM,,,,
文，英文,文，英文,Languages and Literature,文學與外語,Humanities,人文學科,Humanities and Social Sciences,人文社會科學,HUM,,,,
文一,文一,Languages and Literature,文學與外語,Humanities,人文學科,Humanities and Social Sciences,人文社會科學,HUM,,,,
文乙,文乙,Languages and Literature,文學與外語,Humanities,人文學科,Humanities and Social Sciences,人文社會科學,HUM,,,,
文二,文二,Languages and Literature,文學與外語,Humanities,人文學科,Humanities and Social Sciences,人文社會科學,HUM,,,,
文史科英文系,文史科英文系,Languages and Literature,文學與外語,Humanities,人文學科,Humanities and Social Sciences,人文社會科學,HUM,,,,
文史科英语,文史科英語,Languages and Literature,文學與外語,Humanities,人文學科,Humanities and Social Sciences,人文社會科學,HUM,,,,
文外文,文外文,Languages and Literature,文學與外語,Humanities,人文學科,Humanities and Social Sciences,人文社會科學,HUM,,,,
文学,文學,Languages and Literature,文學與外語,Humanities,人文學科,Humanities and Social Sciences,人文社會科學,HUM,,,,
文学、戏剧,文學、戲劇,Languages and Literature,文學與外語,Humanities,人文學科,Humanities and Social Sciences,人文社會科學,HUM,,,,
文学一,文學一,Languages and Literature,文學與外語,Humanities,人文學科,Humanities and Social Sciences,人文社會科學,HUM,,,,
文学班一年,文學班一年,Languages and Literature,文學與外語,Humanities,人文學科,Humanities and Social Sciences,人文社會科學,HUM,,,,
文学系,文學系,Languages and Literature,文學與外語,Humanities,人文學科,Humanities and Social Sciences,人文社會科學,HUM,,,,
文学系一,文學系一,Languages and Literature,文學與外語,Humanities,人文學科,Humanities and Social Sciences,人文社會科學,HUM,,,,
文学系一年,文學系一年,Languages and Literature,文學與外語,Humanities,人文學科,Humanities and Social Sciences,人文社會科學,HUM,,,,
文学系一年生,文學系一年生,Languages and Literature,文學與外語,Humanities,人文學科,Humanities and Social Sciences,人文社會科學,HUM,,,,
文学系二,文學系二,Languages and Literature,文學與外語,Humanities,人文學科,Humanities and Social Sciences,人文社會科學,HUM,,,,
文学系二年,文學系二年,Languages and Literature,文學與外語,Humanities,人文學科,Humanities and Social Sciences,人文社會科學,HUM,,,,
文学系二年级,文學系二年級,Languages and Literature,文學與外語,Humanities,人文學科,Humanities and Social Sciences,人文社會科學,HUM,,,,
文学系文一,文學系文一,Languages and Literature,文學與外語,Humanities,人文學科,Humanities and Social Sciences,人文社會科學,HUM,,,,
文学系文一年,文學系文一年,Languages and Literature,文學與外語,Humanities,人文學科,Humanities and Social Sciences,人文社會科學,HUM,,,,
文学系第一文教室,文學系第一文教室,Languages and Literature,文學與外語,Humanities,人文學科,Humanities and Social Sciences,人文社會科學,HUM,,,,
文学系第二,文學系第二,Languages and Literature,文學與外語,Humanities,人文學科,Humanities and Social Sciences,人文社會科學,HUM,,,,
文学系第二教室,文學系第二教室,Languages and Literature,文學與外語,Humanities,人文學科,Humanities and Social Sciences,人文社會科學,HUM,,,,
文学院,文學院,Languages and Literature,文學與外語,Humanities,人文學科,Humanities and Social Sciences,人文社會科學,HUM,,,,
文学院【】,文學院【】,Languages and Literature,文學與外語,Humanities,人文學科,Humanities and Social Sciences,人文社會科學,HUM,,,,
文学院中国外国语文学系一年级,文學院中國外國語文學系一年級,Languages and Literature,文學與外語,Humanities,人文學科,Humanities and Social Sciences,人文社會科學,HUM,,,,
文学院中国外文学系一年级,文學院中國外文學系一年級,Languages and Literature,文學與外語,Humanities,人文學科,Humanities and Social Sciences,人文社會科學,HUM,,,,
文学院中国文学,文學院中國文學,Languages and Literature,文學與外語,Humanities,人文學科,Humanities and Social Sciences,人文社會科學,HUM,,,,
文学院中国文学专修科,文學院中國文學專修科,Languages and Literature,文學與外語,Humanities,人文學科,Humanities and Social Sciences,人文社會科學,HUM,,,,
文学院中国文学系,文學院中國文學系,Languages and Literature,文學與外語,Humanities,人文學科,Humanities and Social Sciences,人文社會科學,HUM,,,,
文学院中国文学系一年,文學院中國文學系一年,Languages and Literature,文學與外語,Humanities,人文學科,Humanities and Social Sciences,人文社會科學,HUM,,,,
文学院中国文学系一年级,文學院中國文學系一年級,Languages and Literature,文學與外語,Humanities,人文學科,Humanities and Social Sciences,人文社會科學,HUM,,,,
文学院中国文学系三年级,文學院中國文學系三年級,Languages and Literature,文學與外語,Humanities,人文學科,Humanities and Social Sciences,人文社會科學,HUM,,,,
文学院中国文学系二年,文學院中國文學系二年,Languages and Literature,文學與外語,Humanities,人文學科,Humanities and Social Sciences,人文社會科學,HUM,,,,
文学院中国文学系二年级,文學院中國文學系二年級,Languages and Literature,文學與外語,Humanities,人文學科,Humanities and Social Sciences,人文社會科學,HUM,,,,
文学院中国文学系四年级,文學院中國文學系四年級,Languages and Literature,文學與外語,Humanities,人文學科,Humanities and Social Sciences,人文社會科學,HUM,,,,
文学院中国文学系文二,文學院中國文學系文二,Languages and Literature,文學與外語,Humanities,人文學科,Humanities and Social Sciences,人文社會科學,HUM,,,,
文学院中国语言文学,文學院中國語言文學,Languages and Literature,文學與外語,Humanities,人文學科,Humanities and Social Sciences,人文社會科學,HUM,,,,
文学院中文,文學院中文,Languages and Literature,文學與外語,Humanities,人文學科,Humanities and Social Sciences,人文社會科學,HUM,,,,
文学院中文学系,文學院中文學系,Languages and Literature,文學與外語,Humanities,人文學科,Humanities and Social Sciences,人文社會科學,HUM,,,,
文学院中文系,文學院中文系,Languages and Literature,文學與外語,Humanities,人文學科,Humanities and Social Sciences,人文社會科學,HUM,,,,
文学院中文系二,文學院中文系二,Languages and Literature,文學與外語,Humanities,人文學科,Humanities and Social Sciences,人文社會科學,HUM,,,,
文学院国文专修,文學院國文專修,Languages and Literature,文學與外語,Humanities,人文學科,Humanities and Social Sciences,人文社會科學,HUM,,,,
文学院国文专修科,文學院國文專修科,Languages and Literature,文學與外語,Humanities,人文學科,Humanities and Social Sciences,人文社會科學,HUM,,,,
文学院国文系,文學院國文系,Languages and Literature,文學與外語,Humanities,人文學科,Humanities and Social Sciences,人文社會科學,HUM,,,,
文学院外国文学系,文學院外國文學系,Languages and Literature,文學與外語,Humanities,人文學科,Humanities and Social Sciences,人文社會科學,HUM,,,,
文学院外国文学系俄文组,文學院外國文學系俄文組,Languages and Literature,文學與外語,Humanities,人文學科,Humanities and Social Sciences,人文社會科學,HUM,,,,
文学院外国文学系英文组,文學院外國文學系英文組,Languages and Literature,文學與外語,Humanities,人文學科,Humanities and Social Sciences,人文社會科學,HUM,,,,
文学院外国语文学系,文學院外國語文學系,Languages and Literature,文學與外語,Humanities,人文學科,Humanities and Social Sciences,人文社會科學,HUM,,,,
文学院外国语文学系一年级,文學院外國語文學系一年級,Languages and Literature,文學與外語,Humanities,人文學科,Humanities and Social Sciences,人文社會科學,HUM,,,,
文学院外国语文学系三年级,文學院外國語文學系三年級,Languages and Literature,文學與外語,Humanities,人文學科,Humanities and Social Sciences,人文社會科學,HUM,,,,
文学院外国语文学系转理学院电机工程系,文學院外國語文學系轉理學院電機工程系,Languages and Literature,文學與外語,Humanities,人文學科,Humanities and Social Sciences,人文社會科學,HUM,,,,
文学院外国语文系,文學院外國語文系,Languages and Literature,文學與外語,Humanities,人文學科,Humanities and Social Sciences,人文社會科學,HUM,,,,
文学院外国语文系，后转入文学院政治系,文學院外國語文系，後轉入文學院政治系,Languages and Literature,文學與外語,Humanities,人文學科,Humanities and Social Sciences,人文社會科學,HUM,,,,
文学院外国语系,文學院外國語系,Languages and Literature,文學與外語,Humanities,人文學科,Humanities and Social Sciences,人文社會科學,HUM,,,,
文学院外文学系,文學院外文學系,Languages and Literature,文學與外語,Humanities,人文學科,Humanities and Social Sciences,人文社會科學,HUM,,,,
文学院外文学系一年级,文學院外文學系一年級,Languages and Literature,文學與外語,Humanities,人文學科,Humanities and Social Sciences,人文社會科學,HUM,,,,
文学院外文系,文學院外文系,Languages and Literature,文學與外語,Humanities,人文學科,Humanities and Social Sciences,人文社會科學,HUM,,,,
文学院外文系 俄文组,文學院外文系 俄文組,Languages and Literature,文學與外語,Humanities,人文學科,Humanities and Social Sciences,人文社會科學,HUM,,,,
文学院外文系（英文组）,文學院外文系（英文組）,Languages and Literature,文學與外語,Humanities,人文學科,Humanities and Social Sciences,人文社會科學,HUM,,,,
文学院外文系（农学院农业经济系）,文學院外文系（農學院農業經濟系）,Languages and Literature,文學與外語,Humanities,人文學科,Humanities and Social Sciences,人文社會科學,HUM,,,,
文学院外文系俄文组,文學院外文系俄文組,Languages and Literature,文學與外語,Humanities,人文學科,Humanities and Social Sciences,人文社會科學,HUM,,,,
文学院外文系特别生,文學院外文系特別生,Languages and Literature,文學與外語,Humanities,人文學科,Humanities and Social Sciences,人文社會科學,HUM,,,,
文学院外文系英文组,文學院外文系英文組,Languages and Literature,文學與外語,Humanities,人文學科,Humanities and Social Sciences,人文社會科學,HUM,,,,
文学院外语学习,文學院外語學習,Languages and Literature,文學與外語,Humanities,人文學科,Humanities and Social Sciences,人文社會科學,HUM,,,,
文学院外语系,文學院外語系,Languages and Literature,文學與外語,Humanities,人文學科,Humanities and Social Sciences,人文社會科學,HUM,,,,
文学院文学系,文學院文學系,Languages and Literature,文學與外語,Humanities,人文學科,Humanities and Social Sciences,人文社會科學,HUM,,,,
文学院文学系二年,文學院文學系二年,Languages and Literature,文學與外語,Humanities,人文學科,Humanities and Social Sciences,人文社會科學,HUM,,,,
文学院文科中文系,文學院文科中文系,Languages and Literature,文學與外語,Humanities,人文學科,Humanities and Social Sciences,人文社會科學,HUM,,,,
文学院本科外文系英文组一年,文學院本科外文系英文組一年,Languages and Literature,文學與外語,Humanities,人文學科,Humanities and Social Sciences,人文社會科學,HUM,,,,
文学院洋文学系,文學院洋文學系,Languages and Literature,文學與外語,Humanities,人文學科,Humanities and Social Sciences,人文社會科學,HUM,,,,
文学院英国语言文学,文學院英國語言文學,Languages and Literature,文學與外語,Humanities,人文學科,Humanities and Social Sciences,人文社會科學,HUM,,,,
文学院英文学校,文學院英文學校,Languages and Literature,文學與外語,Humanities,人文學科,Humanities and Social Sciences,人文社會科學,HUM,,,,
文学院英文学习,文學院英文學習,Languages and Literature,文學與外語,Humanities,人文學科,Humanities and Social Sciences,人文社會科學,HUM,,,,
文学院英文教育系,文學院英文教育系,Languages and Literature,文學與外語,Humanities,人文學科,Humanities and Social Sciences,人文社會科學,HUM,,,,
文学院英文系,文學院英文系,Languages and Literature,文學與外語,Humanities,人文學科,Humanities and Social Sciences,人文社會科學,HUM,,,,
文学院英语系,文學院英語系,Languages and Literature,文學與外語,Humanities,人文學科,Humanities and Social Sciences,人文社會科學,HUM,,,,
文本中哲,文本中哲,Languages and Literature,文學與外語,Humanities,人文學科,Humanities and Social Sciences,人文社會科學,HUM,,,,
文本中文,文本中文,Languages and Literature,文學與外語,Humanities,人文學科,Humanities and Social Sciences,人文社會科學,HUM,,,,
"文本中文
哲学","文本中文
哲學",Languages and Literature,文學與外語,Humanities,人文學科,Humanities and Social Sciences,人文社會科學,HUM,,,,
文本国文,文本國文,Languages and Literature,文學與外語,Humanities,人文學科,Humanities and Social Sciences,人文社會科學,HUM,,,,
"文本国文
哲学","文本國文
哲學",Languages and Literature,文學與外語,Humanities,人文學科,Humanities and Social Sciences,人文社會科學,HUM,,,,
文本科中文系,文本科中文系,Languages and Literature,文學與外語,Humanities,人文學科,Humanities and Social Sciences,人文社會科學,HUM,,,,
文本英文,文本英文,Languages and Literature,文學與外語,Humanities,人文學科,Humanities and Social Sciences,人文社會科學,HUM,,,,
,文法學,Languages and Literature,文學與外語,Humanities,人文學科,Humanities and Social Sciences,人文社會科學,HUM,,,,
文法学院中国外国语文学系一年级,文法學院中國外國語文學系一年級,Languages and Literature,文學與外語,Humanities,人文學科,Humanities and Social Sciences,人文社會科學,HUM,,,,
文法学院中国外文学系一年级,文法學院中國外文學系一年級,Languages and Literature,文學與外語,Humanities,人文學科,Humanities and Social Sciences,人文社會科學,HUM,,,,
文法学院中国文学系一年级,文法學院中國文學系一年級,Languages and Literature,文學與外語,Humanities,人文學科,Humanities and Social Sciences,人文社會科學,HUM,,,,
文理学院中文系,文理學院中文系,Languages and Literature,文學與外語,Humanities,人文學科,Humanities and Social Sciences,人文社會科學,HUM,,,,
文理学院外文系,文理學院外文系,Languages and Literature,文學與外語,Humanities,人文學科,Humanities and Social Sciences,人文社會科學,HUM,,,,
文理学院外文系英文组,文理學院外文系英文組,Languages and Literature,文學與外語,Humanities,人文學科,Humanities and Social Sciences,人文社會科學,HUM,,,,
文理学院英文系,文理學院英文系,Languages and Literature,文學與外語,Humanities,人文學科,Humanities and Social Sciences,人文社會科學,HUM,,,,
文科,文科,Languages and Literature,文學與外語,Humanities,人文學科,Humanities and Social Sciences,人文社會科學,HUM,,,,
文科，1年,文科，1年,Languages and Literature,文學與外語,Humanities,人文學科,Humanities and Social Sciences,人文社會科學,HUM,,,,
文科，1年级,文科，1年級,Languages and Literature,文學與外語,Humanities,人文學科,Humanities and Social Sciences,人文社會科學,HUM,,,,
文科，2学期,文科，2學期,Languages and Literature,文學與外語,Humanities,人文學科,Humanities and Social Sciences,人文社會科學,HUM,,,,
文科，2年级,文科，2年級,Languages and Literature,文學與外語,Humanities,人文學科,Humanities and Social Sciences,人文社會科學,HUM,,,,
文科，3年级,文科，3年級,Languages and Literature,文學與外語,Humanities,人文學科,Humanities and Social Sciences,人文社會科學,HUM,,,,
文科，二年级,文科，二年級,Languages and Literature,文學與外語,Humanities,人文學科,Humanities and Social Sciences,人文社會科學,HUM,,,,
文科，社会科，2年级,文科，社會科，2年級,Languages and Literature,文學與外語,Humanities,人文學科,Humanities and Social Sciences,人文社會科學,HUM,,,,
文科一年,文科一年,Languages and Literature,文學與外語,Humanities,人文學科,Humanities and Social Sciences,人文社會科學,HUM,,,,
文科三年,文科三年,Languages and Literature,文學與外語,Humanities,人文學科,Humanities and Social Sciences,人文社會科學,HUM,,,,
文科中国文学系,文科中國文學系,Languages and Literature,文學與外語,Humanities,人文學科,Humanities and Social Sciences,人文社會科學,HUM,,,,
文科中国文学系二,文科中國文學系二,Languages and Literature,文學與外語,Humanities,人文學科,Humanities and Social Sciences,人文社會科學,HUM,,,,
文科中国语言文学系,文科中國語言文學系,Languages and Literature,文學與外語,Humanities,人文學科,Humanities and Social Sciences,人文社會科學,HUM,,,,
文科中文,文科中文,Languages and Literature,文學與外語,Humanities,人文學科,Humanities and Social Sciences,人文社會科學,HUM,,,,
文科中文系,文科中文系,Languages and Literature,文學與外語,Humanities,人文學科,Humanities and Social Sciences,人文社會科學,HUM,,,,
文科中文系二年,文科中文系二年,Languages and Literature,文學與外語,Humanities,人文學科,Humanities and Social Sciences,人文社會科學,HUM,,,,
文科外国文学系,文科外國文學系,Languages and Literature,文學與外語,Humanities,人文學科,Humanities and Social Sciences,人文社會科學,HUM,,,,
文科外国文系,文科外國文系,Languages and Literature,文學與外語,Humanities,人文學科,Humanities and Social Sciences,人文社會科學,HUM,,,,
文科文学,文科文學,Languages and Literature,文學與外語,Humanities,人文學科,Humanities and Social Sciences,人文社會科學,HUM,,,,
文科文学系,文科文學系,Languages and Literature,文學與外語,Humanities,人文學科,Humanities and Social Sciences,人文社會科學,HUM,,,,
文科本科,文科本科,Languages and Literature,文學與外語,Humanities,人文學科,Humanities and Social Sciences,人文社會科學,HUM,,,,
文科理科,文科理科,Languages and Literature,文學與外語,Humanities,人文學科,Humanities and Social Sciences,人文社會科學,HUM,,,,
文科研究所,文科研究所,Languages and Literature,文學與外語,Humanities,人文學科,Humanities and Social Sciences,人文社會科學,HUM,,,,
文科研究所中国语言文学系部文学组,文科研究所中國語言文學系部文學組,Languages and Literature,文學與外語,Humanities,人文學科,Humanities and Social Sciences,人文社會科學,HUM,,,,
文科研究所中文系,文科研究所中文系,Languages and Literature,文學與外語,Humanities,人文學科,Humanities and Social Sciences,人文社會科學,HUM,,,,
文科英文,文科英文,Languages and Literature,文學與外語,Humanities,人文學科,Humanities and Social Sciences,人文社會科學,HUM,,,,
文科英文系,文科英文系,Languages and Literature,文學與外語,Humanities,人文學科,Humanities and Social Sciences,人文社會科學,HUM,,,,
文科英文系系,文科英文系系,Languages and Literature,文學與外語,Humanities,人文學科,Humanities and Social Sciences,人文社會科學,HUM,,,,
文科英语系,文科英語系,Languages and Literature,文學與外語,Humanities,人文學科,Humanities and Social Sciences,人文社會科學,HUM,,,,
文组,文組,Languages and Literature,文學與外語,Humanities,人文學科,Humanities and Social Sciences,人文社會科學,HUM,,,,
文语系,文語系,Languages and Literature,文學與外語,Humanities,人文學科,Humanities and Social Sciences,人文社會科學,HUM,,,,
文预,文預,Languages and Literature,文學與外語,Humanities,人文學科,Humanities and Social Sciences,人文社會科學,HUM,,,,
"文预
俄文","文預
俄文",Languages and Literature,文學與外語,Humanities,人文學科,Humanities and Social Sciences,人文社會科學,HUM,,,,
"文预
史学","文預
史學",Languages and Literature,文學與外語,Humanities,人文學科,Humanities and Social Sciences,人文社會科學,HUM,,,,
"文预
哲学","文預
哲學",Languages and Literature,文學與外語,Humanities,人文學科,Humanities and Social Sciences,人文社會科學,HUM,,,,
"文预
国文","文預
國文",Languages and Literature,文學與外語,Humanities,人文學科,Humanities and Social Sciences,人文社會科學,HUM,,,,
"文预
德文","文預
德文",Languages and Literature,文學與外語,Humanities,人文學科,Humanities and Social Sciences,人文社會科學,HUM,,,,
"文预
政治","文預
政治",Languages and Literature,文學與外語,Humanities,人文學科,Humanities and Social Sciences,人文社會科學,HUM,,,,
"文预
法学","文預
法學",Languages and Literature,文學與外語,Humanities,人文學科,Humanities and Social Sciences,人文社會科學,HUM,,,,
"文预
法律","文預
法律",Languages and Literature,文學與外語,Humanities,人文學科,Humanities and Social Sciences,人文社會科學,HUM,,,,
"文预
法文","文預
法文",Languages and Literature,文學與外語,Humanities,人文學科,Humanities and Social Sciences,人文社會科學,HUM,,,,
"文预
理预","文預
理預",Languages and Literature,文學與外語,Humanities,人文學科,Humanities and Social Sciences,人文社會科學,HUM,,,,
"文预
经济","文預
經濟",Languages and Literature,文學與外語,Humanities,人文學科,Humanities and Social Sciences,人文社會科學,HUM,,,,
"文预
英文","文預
英文",Languages and Literature,文學與外語,Humanities,人文學科,Humanities and Social Sciences,人文社會科學,HUM,,,,
"文预
英文
经济","文預
英文
經濟",Languages and Literature,文學與外語,Humanities,人文學科,Humanities and Social Sciences,人文社會科學,HUM,,,,
文预科，2年级,文預科，2年級,Languages and Literature,文學與外語,Humanities,人文學科,Humanities and Social Sciences,人文社會科學,HUM,,,,
日文 史学,日文 史學,Languages and Literature,文學與外語,Humanities,人文學科,Humanities and Social Sciences,人文社會科學,HUM,,,,
日班专修,日班專修,Languages and Literature,文學與外語,Humanities,人文學科,Humanities and Social Sciences,人文社會科學,HUM,,,,
普通文科,普通文科,Languages and Literature,文學與外語,Humanities,人文學科,Humanities and Social Sciences,人文社會科學,HUM,,,,
本学院中国文学系二年,本學院中國文學系二年,Languages and Literature,文學與外語,Humanities,人文學科,Humanities and Social Sciences,人文社會科學,HUM,,,,
本学院文学系,本學院文學系,Languages and Literature,文學與外語,Humanities,人文學科,Humanities and Social Sciences,人文社會科學,HUM,,,,
本学院文学系二年级,本學院文學系二年級,Languages and Literature,文學與外語,Humanities,人文學科,Humanities and Social Sciences,人文社會科學,HUM,,,,
本学院新文学系二年,本學院新文學系二年,Languages and Literature,文學與外語,Humanities,人文學科,Humanities and Social Sciences,人文社會科學,HUM,,,,
本科一年中文系,本科一年中文系,Languages and Literature,文學與外語,Humanities,人文學科,Humanities and Social Sciences,人文社會科學,HUM,,,,
本科中文,本科中文,Languages and Literature,文學與外語,Humanities,人文學科,Humanities and Social Sciences,人文社會科學,HUM,,,,
本科二年文学系,本科二年文學系,Languages and Literature,文學與外語,Humanities,人文學科,Humanities and Social Sciences,人文社會科學,HUM,,,,
本科外文系一年,本科外文系一年,Languages and Literature,文學與外語,Humanities,人文學科,Humanities and Social Sciences,人文社會科學,HUM,,,,
本科文科,本科文科,Languages and Literature,文學與外語,Humanities,人文學科,Humanities and Social Sciences,人文社會科學,HUM,,,,
本院外文系英文组,本院外文系英文組,Languages and Literature,文學與外語,Humanities,人文學科,Humanities and Social Sciences,人文社會科學,HUM,,,,
本院文学系,本院文學系,Languages and Literature,文學與外語,Humanities,人文學科,Humanities and Social Sciences,人文社會科學,HUM,,,,
本院文学系第二教室,本院文學系第二教室,Languages and Literature,文學與外語,Humanities,人文學科,Humanities and Social Sciences,人文社會科學,HUM,,,,
法文,法文,Languages and Literature,文學與外語,Humanities,人文學科,Humanities and Social Sciences,人文社會科學,HUM,,,,
"法文
哲学","法文
哲學",Languages and Literature,文學與外語,Humanities,人文學科,Humanities and Social Sciences,人文社會科學,HUM,,,,
"法文
经济","法文
經濟",Languages and Literature,文學與外語,Humanities,人文學科,Humanities and Social Sciences,人文社會科學,HUM,,,,
法文（选）,法文（選）,Languages and Literature,文學與外語,Humanities,人文學科,Humanities and Social Sciences,人文社會科學,HUM,,,,
法文（选）文预,法文（選）文預,Languages and Literature,文學與外語,Humanities,人文學科,Humanities and Social Sciences,人文社會科學,HUM,,,,
法文组,法文組,Languages and Literature,文學與外語,Humanities,人文學科,Humanities and Social Sciences,人文社會科學,HUM,,,,
"法预
德文","法預
德文",Languages and Literature,文學與外語,Humanities,人文學科,Humanities and Social Sciences,人文社會科學,HUM,,,,
"法预
法文","法預
法文",Languages and Literature,文學與外語,Humanities,人文學科,Humanities and Social Sciences,人文社會科學,HUM,,,,
"法预
法文
法律","法預
法文
法律",Languages and Literature,文學與外語,Humanities,人文學科,Humanities and Social Sciences,人文社會科學,HUM,,,,
"法预
英文","法預
英文",Languages and Literature,文學與外語,Humanities,人文學科,Humanities and Social Sciences,人文社會科學,HUM,,,,
法预英文,法預英文,Languages and Literature,文學與外語,Humanities,人文學科,Humanities and Social Sciences,人文社會科學,HUM,,,,
潍县广文学堂,濰縣廣文學堂,Languages and Literature,文學與外語,Humanities,人文學科,Humanities and Social Sciences,人文社會科學,HUM,,,,
研究学院中文系,研究學院中文系,Languages and Literature,文學與外語,Humanities,人文學科,Humanities and Social Sciences,人文社會科學,HUM,,,,
研究所国学门,研究所國學門,Languages and Literature,文學與外語,Humanities,人文學科,Humanities and Social Sciences,人文社會科學,HUM,,,,
研究所国文门,研究所國文門,Languages and Literature,文學與外語,Humanities,人文學科,Humanities and Social Sciences,人文社會科學,HUM,,,,
经,經,Languages and Literature,文學與外語,Humanities,人文學科,Humanities and Social Sciences,人文社會科學,HUM,,,,
经学周礼,經學周禮,Languages and Literature,文學與外語,Humanities,人文學科,Humanities and Social Sciences,人文社會科學,HUM,,,,
经学左传,經學左傳,Languages and Literature,文學與外語,Humanities,人文學科,Humanities and Social Sciences,人文社會科學,HUM,,,,
经学毛诗,經學毛詩,Languages and Literature,文學與外語,Humanities,人文學科,Humanities and Social Sciences,人文社會科學,HUM,,,,
联大中文系,聯大中文系,Languages and Literature,文學與外語,Humanities,人文學科,Humanities and Social Sciences,人文社會科學,HUM,,,,
英吉利语言文学系,英吉利語言文學系,Languages and Literature,文學與外語,Humanities,人文學科,Humanities and Social Sciences,人文社會科學,HUM,,,,
英国文学,英國文學,Languages and Literature,文學與外語,Humanities,人文學科,Humanities and Social Sciences,人文社會科學,HUM,,,,
英国文学系,英國文學系,Languages and Literature,文學與外語,Humanities,人文學科,Humanities and Social Sciences,人文社會科學,HUM,,,,
英国语言文学系,英國語言文學系,Languages and Literature,文學與外語,Humanities,人文學科,Humanities and Social Sciences,人文社會科學,HUM,,,,
英文,英文,Languages and Literature,文學與外語,Humanities,人文學科,Humanities and Social Sciences,人文社會科學,HUM,,,,
"英文
史学类研究生","英文
史學類研究生",Languages and Literature,文學與外語,Humanities,人文學科,Humanities and Social Sciences,人文社會科學,HUM,,,,
"英文
哲学","英文
哲學",Languages and Literature,文學與外語,Humanities,人文學科,Humanities and Social Sciences,人文社會科學,HUM,,,,
"英文
国文","英文
國文",Languages and Literature,文學與外語,Humanities,人文學科,Humanities and Social Sciences,人文社會科學,HUM,,,,
"英文
教育","英文
教育",Languages and Literature,文學與外語,Humanities,人文學科,Humanities and Social Sciences,人文社會科學,HUM,,,,
"英文
文预","英文
文預",Languages and Literature,文學與外語,Humanities,人文學科,Humanities and Social Sciences,人文社會科學,HUM,,,,
"英文
经济","英文
經濟",Languages and Literature,文學與外語,Humanities,人文學科,Humanities and Social Sciences,人文社會科學,HUM,,,,
英文 一年,英文 一年,Languages and Literature,文學與外語,Humanities,人文學科,Humanities and Social Sciences,人文社會科學,HUM,,,,
英文（选）,英文（選）,Languages and Literature,文學與外語,Humanities,人文學科,Humanities and Social Sciences,人文社會科學,HUM,,,,
英文（选））,英文（選））,Languages and Literature,文學與外語,Humanities,人文學科,Humanities and Social Sciences,人文社會科學,HUM,,,,
英文*,英文*,Languages and Literature,文學與外語,Humanities,人文學科,Humanities and Social Sciences,人文社會科學,HUM,,,,
英文主系,英文主系,Languages and Literature,文學與外語,Humanities,人文學科,Humanities and Social Sciences,人文社會科學,HUM,,,,
英文主系：国文副系,英文主系：國文副系,Languages and Literature,文學與外語,Humanities,人文學科,Humanities and Social Sciences,人文社會科學,HUM,,,,
英文学,英文學,Languages and Literature,文學與外語,Humanities,人文學科,Humanities and Social Sciences,人文社會科學,HUM,,,,
英文学系,英文學系,Languages and Literature,文學與外語,Humanities,人文學科,Humanities and Social Sciences,人文社會科學,HUM,,,,
英文系,英文系,Languages and Literature,文學與外語,Humanities,人文學科,Humanities and Social Sciences,人文社會科學,HUM,,,,
英文组,英文組,Languages and Literature,文學與外語,Humanities,人文學科,Humanities and Social Sciences,人文社會科學,HUM,,,,
英语,英語,Languages and Literature,文學與外語,Humanities,人文學科,Humanities and Social Sciences,人文社會科學,HUM,,,,
英语学系,英語學系,Languages and Literature,文學與外語,Humanities,人文學科,Humanities and Social Sciences,人文社會科學,HUM,,,,
英语班外文系,英語班外文系,Languages and Literature,文學與外語,Humanities,人文學科,Humanities and Social Sciences,人文社會科學,HUM,,,,
英语系,英語系,Languages and Literature,文學與外語,Humanities,人文學科,Humanities and Social Sciences,人文社會科學,HUM,,,,
英语部,英語部,Languages and Literature,文學與外語,Humanities,人文學科,Humanities and Social Sciences,人文社會科學,HUM,,,,
艺专文学系,藝專文學系,Languages and Literature,文學與外語,Humanities,人文學科,Humanities and Social Sciences,人文社會科學,HUM,,,,
艺术专科文学系,藝術專科文學系,Languages and Literature,文學與外語,Humanities,人文學科,Humanities and Social Sciences,人文社會科學,HUM,,,,
西文,西文,Languages and Literature,文學與外語,Humanities,人文學科,Humanities and Social Sciences,人文社會科學,HUM,,,,
西洋文学系,西洋文學系,Languages and Literature,文學與外語,Humanities,人文學科,Humanities and Social Sciences,人文社會科學,HUM,,,,
西语,西語,Languages and Literature,文學與外語,Humanities,人文學科,Humanities and Social Sciences,人文社會科學,HUM,,,,
西语系,西語系,Languages and Literature,文學與外語,Humanities,人文學科,Humanities and Social Sciences,人文社會科學,HUM,,,,
,語文,Languages and Literature,文學與外語,Humanities,人文學科,Humanities and Social Sciences,人文社會科學,HUM,,,,
语文学系,語文學系,Languages and Literature,文學與外語,Humanities,人文學科,Humanities and Social Sciences,人文社會科學,HUM,,,,
语言,語言,Languages and Literature,文學與外語,Humanities,人文學科,Humanities and Social Sciences,人文社會科學,HUM,,,,
语言学,語言學,Languages and Literature,文學與外語,Humanities,人文學科,Humanities and Social Sciences,人文社會科學,HUM,,,,
语言学系,語言學系,Languages and Literature,文學與外語,Humanities,人文學科,Humanities and Social Sciences,人文社會科學,HUM,,,,
语言文学部,語言文學部,Languages and Literature,文學與外語,Humanities,人文學科,Humanities and Social Sciences,人文社會科學,HUM,,,,
语言组,語言組,Languages and Literature,文學與外語,Humanities,人文學科,Humanities and Social Sciences,人文社會科學,HUM,,,,
译学,譯學,Languages and Literature,文學與外語,Humanities,人文學科,Humanities and Social Sciences,人文社會科學,HUM,,,,
译学管俄文,譯學管俄文,Languages and Literature,文學與外語,Humanities,人文學科,Humanities and Social Sciences,人文社會科學,HUM,,,,
译学管英文,譯學管英文,Languages and Literature,文學與外語,Humanities,人文學科,Humanities and Social Sciences,人文社會科學,HUM,,,,
译学馆,譯學館,Languages and Literature,文學與外語,Humanities,人文學科,Humanities and Social Sciences,人文社會科學,HUM,,,,
译学馆俄文,譯學館俄文,Languages and Literature,文學與外語,Humanities,人文學科,Humanities and Social Sciences,人文社會科學,HUM,,,,
译学馆德文,譯學館德文,Languages and Literature,文學與外語,Humanities,人文學科,Humanities and Social Sciences,人文社會科學,HUM,,,,
译学馆日文,譯學館日文,Languages and Literature,文學與外語,Humanities,人文學科,Humanities and Social Sciences,人文社會科學,HUM,,,,
译学馆法文,譯學館法文,Languages and Literature,文學與外語,Humanities,人文學科,Humanities and Social Sciences,人文社會科學,HUM,,,,
译学馆英文,譯學館英文,Languages and Literature,文學與外語,Humanities,人文學科,Humanities and Social Sciences,人文社會科學,HUM,,,,
译法馆法文班,譯法館法文班,Languages and Literature,文學與外語,Humanities,人文學科,Humanities and Social Sciences,人文社會科學,HUM,,,,
辽东学院中国文学系,遼東學院中國文學系,Languages and Literature,文學與外語,Humanities,人文學科,Humanities and Social Sciences,人文社會科學,HUM,,,,
辽东学院中国文学系一年生,遼東學院中國文學系一年生,Languages and Literature,文學與外語,Humanities,人文學科,Humanities and Social Sciences,人文社會科學,HUM,,,,
辽东学院中国文学系二年级,遼東學院中國文學系二年級,Languages and Literature,文學與外語,Humanities,人文學科,Humanities and Social Sciences,人文社會科學,HUM,,,,
辽东学院文学系一年,遼東學院文學系一年,Languages and Literature,文學與外語,Humanities,人文學科,Humanities and Social Sciences,人文社會科學,HUM,,,,
辽宁艺专文学系,遼甯藝專文學系,Languages and Literature,文學與外語,Humanities,人文學科,Humanities and Social Sciences,人文社會科學,HUM,,,,
辽宁艺术专科学校文学系,遼甯藝術專科學校文學系,Languages and Literature,文學與外語,Humanities,人文學科,Humanities and Social Sciences,人文社會科學,HUM,,,,
青州广德书院,青州廣德書院,Languages and Literature,文學與外語,Humanities,人文學科,Humanities and Social Sciences,人文社會科學,HUM,,,,
预乙英文,預乙英文,Languages and Literature,文學與外語,Humanities,人文學科,Humanities and Social Sciences,人文社會科學,HUM,,,,
预科法文,預科法文,Languages and Literature,文學與外語,Humanities,人文學科,Humanities and Social Sciences,人文社會科學,HUM,,,,
中 中文,文學,Languages and Literature,文學與外語,Humanities,人文學科,Humanities and Social Sciences,人文社會科學,HUM,,,,
交预 国文,交預 國文,Languages and Literature,文學與外語,Humanities,人文學科,Humanities and Social Sciences,人文社會科學,HUM,,,,
交预 英文,交預 英文,Languages and Literature,文學與外語,Humanities,人文學科,Humanities and Social Sciences,人文社會科學,HUM,,,,
文学院，外国语文系,文學院，外國語文系,Languages and Literature,文學與外語,Humanities,人文學科,Humanities and Social Sciences,人文社會科學,HUM,,,,
文学院政治经济系，后转入外文系,文學院政治經濟系，後轉入外文系,Languages and Literature,文學與外語,Humanities,人文學科,Humanities and Social Sciences,人文社會科學,HUM,,,,
文学院政治经济系，后转入英文系，后转入经济系,文學院政治經濟系，後轉入英文系，後轉入經濟系,Languages and Literature,文學與外語,Humanities,人文學科,Humanities and Social Sciences,人文社會科學,HUM,,,,
文学院行政组，后转入文学院外文系,文學院行政組，後轉入文學院外文系,Languages and Literature,文學與外語,Humanities,人文學科,Humanities and Social Sciences,人文社會科學,HUM,,,,
文本中文 法律,文本中文 法律,Languages and Literature,文學與外語,Humanities,人文學科,Humanities and Social Sciences,人文社會科學,HUM,,,,
文理_中文,文理_中文,Languages and Literature,文學與外語,Humanities,人文學科,Humanities and Social Sciences,人文社會科學,HUM,,,,
文理_外国文学系,文理_外國文學系,Languages and Literature,文學與外語,Humanities,人文學科,Humanities and Social Sciences,人文社會科學,HUM,,,,
文理_外国语文学,文理_外國語文學,Languages and Literature,文學與外語,Humanities,人文學科,Humanities and Social Sciences,人文社會科學,HUM,,,,
"理预
国文","理預
國文",Languages and Literature,文學與外語,Humanities,人文學科,Humanities and Social Sciences,人文社會科學,HUM,,,,
"理预
国文
哲学","理預
國文
哲學",Languages and Literature,文學與外語,Humanities,人文學科,Humanities and Social Sciences,人文社會科學,HUM,,,,
"理预
文预","理預
文預",Languages and Literature,文學與外語,Humanities,人文學科,Humanities and Social Sciences,人文社會科學,HUM,,,,
"理预
文预
国文","理預
文預
國文",Languages and Literature,文學與外語,Humanities,人文學科,Humanities and Social Sciences,人文社會科學,HUM,,,,
"理预
文预
国文
哲学","理預
文預
國文
哲學",Languages and Literature,文學與外語,Humanities,人文學科,Humanities and Social Sciences,人文社會科學,HUM,,,,
"理预
文预
经济
政治","理預
文預
經濟
政治",Languages and Literature,文學與外語,Humanities,人文學科,Humanities and Social Sciences,人文社會科學,HUM,,,,
"理预
英文","理預
英文",Languages and Literature,文學與外語,Humanities,人文學科,Humanities and Social Sciences,人文社會科學,HUM,,,,
"理预
英文
教育","理預
英文
教育",Languages and Literature,文學與外語,Humanities,人文學科,Humanities and Social Sciences,人文社會科學,HUM,,,,
预乙国文,預乙國文,Languages and Literature,文學與外語,Humanities,人文學科,Humanities and Social Sciences,人文社會科學,HUM,,,,
Law,Law,Law,法律,Social Sciences,社會科學,Humanities and Social Sciences,人文社會科學,SSC,,,,
一年法律系,法律,Law,法律,Social Sciences,社會科學,Humanities and Social Sciences,人文社會科學,SSC,,,,
先修班文法班,先修班文法班,Law,法律,Social Sciences,社會科學,Humanities and Social Sciences,人文社會科學,SSC,,,,
先修班文法系,先修班文法系,Law,法律,Social Sciences,社會科學,Humanities and Social Sciences,人文社會科學,SSC,,,,
先修班文法组,先修班文法組,Law,法律,Social Sciences,社會科學,Humanities and Social Sciences,人文社會科學,SSC,,,,
入法学院法律系二年级,入法學院法律系二年級,Law,法律,Social Sciences,社會科學,Humanities and Social Sciences,人文社會科學,SSC,,,,
司法学系,司法學系,Law,法律,Social Sciences,社會科學,Humanities and Social Sciences,人文社會科學,SSC,,,,
司法组,司法組,Law,法律,Social Sciences,社會科學,Humanities and Social Sciences,人文社會科學,SSC,,,,
司法组学系,司法組學系,Law,法律,Social Sciences,社會科學,Humanities and Social Sciences,人文社會科學,SSC,,,,
司法组系,司法組系,Law,法律,Social Sciences,社會科學,Humanities and Social Sciences,人文社會科學,SSC,,,,
司法院,司法院,Law,法律,Social Sciences,社會科學,Humanities and Social Sciences,人文社會科學,SSC,,,,
文法组,文法組,Law,法律,Social Sciences,社會科學,Humanities and Social Sciences,人文社會科學,SSC,,,,
文法组学,文法組學,Law,法律,Social Sciences,社會科學,Humanities and Social Sciences,人文社會科學,SSC,,,,
本学院法律系,本學院法律系,Law,法律,Social Sciences,社會科學,Humanities and Social Sciences,人文社會科學,SSC,,,,
本科法律系一年,本科法律系一年,Law,法律,Social Sciences,社會科學,Humanities and Social Sciences,人文社會科學,SSC,,,,
本科法律系二年,本科法律系二年,Law,法律,Social Sciences,社會科學,Humanities and Social Sciences,人文社會科學,SSC,,,,
法,法,Law,法律,Social Sciences,社會科學,Humanities and Social Sciences,人文社會科學,SSC,,,,
法 化学,法 化學,Law,法律,Social Sciences,社會科學,Humanities and Social Sciences,人文社會科學,SSC,,,,
法 律,法 律,Law,法律,Social Sciences,社會科學,Humanities and Social Sciences,人文社會科學,SSC,,,,
法 政治,法 政治,Law,法律,Social Sciences,社會科學,Humanities and Social Sciences,人文社會科學,SSC,,,,
法 教育,法 教育,Law,法律,Social Sciences,社會科學,Humanities and Social Sciences,人文社會科學,SSC,,,,
法 法律,法 法律,Law,法律,Social Sciences,社會科學,Humanities and Social Sciences,人文社會科學,SSC,,,,
法，法律,法，法律,Law,法律,Social Sciences,社會科學,Humanities and Social Sciences,人文社會科學,SSC,,,,
法二年,法二年,Law,法律,Social Sciences,社會科學,Humanities and Social Sciences,人文社會科學,SSC,,,,
法学,法學,Law,法律,Social Sciences,社會科學,Humanities and Social Sciences,人文社會科學,SSC,,,,
法学法律系,法學法律系,Law,法律,Social Sciences,社會科學,Humanities and Social Sciences,人文社會科學,SSC,,,,
法学系,法學系,Law,法律,Social Sciences,社會科學,Humanities and Social Sciences,人文社會科學,SSC,,,,
法学系一年生,法學系一年生,Law,法律,Social Sciences,社會科學,Humanities and Social Sciences,人文社會科學,SSC,,,,
法学系二年,法學系二年,Law,法律,Social Sciences,社會科學,Humanities and Social Sciences,人文社會科學,SSC,,,,
法学院,法學院,Law,法律,Social Sciences,社會科學,Humanities and Social Sciences,人文社會科學,SSC,,,,
法学院中文法律系,法學院中文法律系,Law,法律,Social Sciences,社會科學,Humanities and Social Sciences,人文社會科學,SSC,,,,
法学院司法系,法學院司法系,Law,法律,Social Sciences,社會科學,Humanities and Social Sciences,人文社會科學,SSC,,,,
法学院司法组,法學院司法組,Law,法律,Social Sciences,社會科學,Humanities and Social Sciences,人文社會科學,SSC,,,,
法学院司法组系,法學院司法組系,Law,法律,Social Sciences,社會科學,Humanities and Social Sciences,人文社會科學,SSC,,,,
法学院法学系,法學院法學系,Law,法律,Social Sciences,社會科學,Humanities and Social Sciences,人文社會科學,SSC,,,,
法学院法律学系,法學院法律學系,Law,法律,Social Sciences,社會科學,Humanities and Social Sciences,人文社會科學,SSC,,,,
法学院法律学系一年级,法學院法律學系一年級,Law,法律,Social Sciences,社會科學,Humanities and Social Sciences,人文社會科學,SSC,,,,
法学院法律系,法學院法律系,Law,法律,Social Sciences,社會科學,Humanities and Social Sciences,人文社會科學,SSC,,,,
法学院法律系一年,法學院法律系一年,Law,法律,Social Sciences,社會科學,Humanities and Social Sciences,人文社會科學,SSC,,,,
法律,法律,Law,法律,Social Sciences,社會科學,Humanities and Social Sciences,人文社會科學,SSC,,,,
"法律
史学","法律
史學",Law,法律,Social Sciences,社會科學,Humanities and Social Sciences,人文社會科學,SSC,,,,
"法律
哲学","法律
哲學",Law,法律,Social Sciences,社會科學,Humanities and Social Sciences,人文社會科學,SSC,,,,
"法律
国文","法律
國文",Law,法律,Social Sciences,社會科學,Humanities and Social Sciences,人文社會科學,SSC,,,,
"法律
政治","法律
政治",Law,法律,Social Sciences,社會科學,Humanities and Social Sciences,人文社會科學,SSC,,,,
"法律
法律学类研究生","法律
法律學類研究生",Law,法律,Social Sciences,社會科學,Humanities and Social Sciences,人文社會科學,SSC,,,,
"法律
法律学类研究生（助教兼）","法律
法律學類研究生（助教兼）",Law,法律,Social Sciences,社會科學,Humanities and Social Sciences,人文社會科學,SSC,,,,
"法律
经济","法律
經濟",Law,法律,Social Sciences,社會科學,Humanities and Social Sciences,人文社會科學,SSC,,,,
法律 法预,法律 法預,Law,法律,Social Sciences,社會科學,Humanities and Social Sciences,人文社會科學,SSC,,,,
法律（联大）,法律（聯大）,Law,法律,Social Sciences,社會科學,Humanities and Social Sciences,人文社會科學,SSC,,,,
法律（选）,法律（選）,Law,法律,Social Sciences,社會科學,Humanities and Social Sciences,人文社會科學,SSC,,,,
"法律（选）
法律（本）","法律（選）
法律（本）",Law,法律,Social Sciences,社會科學,Humanities and Social Sciences,人文社會科學,SSC,,,,
法律一年,法律一年,Law,法律,Social Sciences,社會科學,Humanities and Social Sciences,人文社會科學,SSC,,,,
法律二年,法律二年,Law,法律,Social Sciences,社會科學,Humanities and Social Sciences,人文社會科學,SSC,,,,
法律司法系,法律司法系,Law,法律,Social Sciences,社會科學,Humanities and Social Sciences,人文社會科學,SSC,,,,
法律学,法律學,Law,法律,Social Sciences,社會科學,Humanities and Social Sciences,人文社會科學,SSC,,,,
法律学系,法律學系,Law,法律,Social Sciences,社會科學,Humanities and Social Sciences,人文社會科學,SSC,,,,
法律学系中文一年,法律學系中文一年,Law,法律,Social Sciences,社會科學,Humanities and Social Sciences,人文社會科學,SSC,,,,
法律学系二年,法律學系二年,Law,法律,Social Sciences,社會科學,Humanities and Social Sciences,人文社會科學,SSC,,,,
法律学类,法律學類,Law,法律,Social Sciences,社會科學,Humanities and Social Sciences,人文社會科學,SSC,,,,
"法律学类
研究生","法律學類
研究生",Law,法律,Social Sciences,社會科學,Humanities and Social Sciences,人文社會科學,SSC,,,,
法律学类研究生,法律學類研究生,Law,法律,Social Sciences,社會科學,Humanities and Social Sciences,人文社會科學,SSC,,,,
法律科,法律科,Law,法律,Social Sciences,社會科學,Humanities and Social Sciences,人文社會科學,SSC,,,,
法律科专门部,法律科專門部,Law,法律,Social Sciences,社會科學,Humanities and Social Sciences,人文社會科學,SSC,,,,
法律系,法律系,Law,法律,Social Sciences,社會科學,Humanities and Social Sciences,人文社會科學,SSC,,,,
法律系（司法组）,法律系（司法組）,Law,法律,Social Sciences,社會科學,Humanities and Social Sciences,人文社會科學,SSC,,,,
法律系（司法组）学系,法律系（司法組）學系,Law,法律,Social Sciences,社會科學,Humanities and Social Sciences,人文社會科學,SSC,,,,
法律系一年,法律系一年,Law,法律,Social Sciences,社會科學,Humanities and Social Sciences,人文社會科學,SSC,,,,
法律系一年生,法律系一年生,Law,法律,Social Sciences,社會科學,Humanities and Social Sciences,人文社會科學,SSC,,,,
法律系一年级,法律系一年級,Law,法律,Social Sciences,社會科學,Humanities and Social Sciences,人文社會科學,SSC,,,,
法律系三年,法律系三年,Law,法律,Social Sciences,社會科學,Humanities and Social Sciences,人文社會科學,SSC,,,,
法律系二年,法律系二年,Law,法律,Social Sciences,社會科學,Humanities and Social Sciences,人文社會科學,SSC,,,,
法律系二年生,法律系二年生,Law,法律,Social Sciences,社會科學,Humanities and Social Sciences,人文社會科學,SSC,,,,
法律系二年级,法律系二年級,Law,法律,Social Sciences,社會科學,Humanities and Social Sciences,人文社會科學,SSC,,,,
法律系司法组,法律系司法組,Law,法律,Social Sciences,社會科學,Humanities and Social Sciences,人文社會科學,SSC,,,,
法律系毕业生,法律系畢業生,Law,法律,Social Sciences,社會科學,Humanities and Social Sciences,人文社會科學,SSC,,,,
法律系行政法学组,法律系行政法學組,Law,法律,Social Sciences,社會科學,Humanities and Social Sciences,人文社會科學,SSC,,,,
,法政,Law,法律,Social Sciences,社會科學,Humanities and Social Sciences,人文社會科學,SSC,,,,
法本,法本,Law,法律,Social Sciences,社會科學,Humanities and Social Sciences,人文社會科學,SSC,,,,
法本法律,法本法律,Law,法律,Social Sciences,社會科學,Humanities and Social Sciences,人文社會科學,SSC,,,,
"法本法律
英文","法本法律
英文",Law,法律,Social Sciences,社會科學,Humanities and Social Sciences,人文社會科學,SSC,,,,
法本科,法本科,Law,法律,Social Sciences,社會科學,Humanities and Social Sciences,人文社會科學,SSC,,,,
法法律,法法律,Law,法律,Social Sciences,社會科學,Humanities and Social Sciences,人文社會科學,SSC,,,,
法津,法津,Law,法律,Social Sciences,社會科學,Humanities and Social Sciences,人文社會科學,SSC,,,,
法科,法科,Law,法律,Social Sciences,社會科學,Humanities and Social Sciences,人文社會科學,SSC,,,,
"法科
国文研究所","法科
國文研究所",Law,法律,Social Sciences,社會科學,Humanities and Social Sciences,人文社會科學,SSC,,,,
"法科
法律","法科
法律",Law,法律,Social Sciences,社會科學,Humanities and Social Sciences,人文社會科學,SSC,,,,
法科，3年级,法科，3年級,Law,法律,Social Sciences,社會科學,Humanities and Social Sciences,人文社會科學,SSC,,,,
法科政治,法科政治,Law,法律,Social Sciences,社會科學,Humanities and Social Sciences,人文社會科學,SSC,,,,
法科政治系,法科政治系,Law,法律,Social Sciences,社會科學,Humanities and Social Sciences,人文社會科學,SSC,,,,
法科政治系二年,法科政治系二年,Law,法律,Social Sciences,社會科學,Humanities and Social Sciences,人文社會科學,SSC,,,,
法科政治系二年级,法科政治系二年級,Law,法律,Social Sciences,社會科學,Humanities and Social Sciences,人文社會科學,SSC,,,,
法科法律,法科法律,Law,法律,Social Sciences,社會科學,Humanities and Social Sciences,人文社會科學,SSC,,,,
法科法律学系,法科法律學系,Law,法律,Social Sciences,社會科學,Humanities and Social Sciences,人文社會科學,SSC,,,,
法科法律系,法科法律系,Law,法律,Social Sciences,社會科學,Humanities and Social Sciences,人文社會科學,SSC,,,,
法科法律系一年,法科法律系一年,Law,法律,Social Sciences,社會科學,Humanities and Social Sciences,人文社會科學,SSC,,,,
法科法律系二年,法科法律系二年,Law,法律,Social Sciences,社會科學,Humanities and Social Sciences,人文社會科學,SSC,,,,
法科科,法科科,Law,法律,Social Sciences,社會科學,Humanities and Social Sciences,人文社會科學,SSC,,,,
法组,法組,Law,法律,Social Sciences,社會科學,Humanities and Social Sciences,人文社會科學,SSC,,,,
法预,法預,Law,法律,Social Sciences,社會科學,Humanities and Social Sciences,人文社會科學,SSC,,,,
"法预
史学","法預
史學",Law,法律,Social Sciences,社會科學,Humanities and Social Sciences,人文社會科學,SSC,,,,
"法预
哲学","法預
哲學",Law,法律,Social Sciences,社會科學,Humanities and Social Sciences,人文社會科學,SSC,,,,
"法预
哲学
国文","法預
哲學
國文",Law,法律,Social Sciences,社會科學,Humanities and Social Sciences,人文社會科學,SSC,,,,
"法预
政治","法預
政治",Law,法律,Social Sciences,社會科學,Humanities and Social Sciences,人文社會科學,SSC,,,,
"法预
政治
国文","法預
政治
國文",Law,法律,Social Sciences,社會科學,Humanities and Social Sciences,人文社會科學,SSC,,,,
"法预
文预","法預
文預",Law,法律,Social Sciences,社會科學,Humanities and Social Sciences,人文社會科學,SSC,,,,
"法预
江津","法預
江津",Law,法律,Social Sciences,社會科學,Humanities and Social Sciences,人文社會科學,SSC,,,,
"法预
法律","法預
法律",Law,法律,Social Sciences,社會科學,Humanities and Social Sciences,人文社會科學,SSC,,,,
"法预
法律
中文","法預
法律
中文",Law,法律,Social Sciences,社會科學,Humanities and Social Sciences,人文社會科學,SSC,,,,
"法预
理预","法預
理預",Law,法律,Social Sciences,社會科學,Humanities and Social Sciences,人文社會科學,SSC,,,,
法预 法律,法預 法律,Law,法律,Social Sciences,社會科學,Humanities and Social Sciences,人文社會科學,SSC,,,,
法预法律,法預法律,Law,法律,Social Sciences,社會科學,Humanities and Social Sciences,人文社會科學,SSC,,,,
法预法治,法預法治,Law,法律,Social Sciences,社會科學,Humanities and Social Sciences,人文社會科學,SSC,,,,
渤海大学法律二年,渤海大學法律二年,Law,法律,Social Sciences,社會科學,Humanities and Social Sciences,人文社會科學,SSC,,,,
"理预
法律","理預
法律",Law,法律,Social Sciences,社會科學,Humanities and Social Sciences,人文社會科學,SSC,,,,
"理预
法预","理預
法預",Law,法律,Social Sciences,社會科學,Humanities and Social Sciences,人文社會科學,SSC,,,,
"理预
法预
经济","理預
法預
經濟",Law,法律,Social Sciences,社會科學,Humanities and Social Sciences,人文社會科學,SSC,,,,
社会科学法律系,社會科學法律系,Law,法律,Social Sciences,社會科學,Humanities and Social Sciences,人文社會科學,SSC,,,,
社会科法律,社會科法律,Law,法律,Social Sciences,社會科學,Humanities and Social Sciences,人文社會科學,SSC,,,,
社会科法科,社會科法科,Law,法律,Social Sciences,社會科學,Humanities and Social Sciences,人文社會科學,SSC,,,,
行政法学组,行政法學組,Law,法律,Social Sciences,社會科學,Humanities and Social Sciences,人文社會科學,SSC,,,,
辽东学院法律系,遼東學院法律系,Law,法律,Social Sciences,社會科學,Humanities and Social Sciences,人文社會科學,SSC,,,,
辽东学院法科法律系,遼東學院法科法律系,Law,法律,Social Sciences,社會科學,Humanities and Social Sciences,人文社會科學,SSC,,,,
医学院附设高级司法检验员训练班,醫學院附設高級司法檢驗員訓練班,Law,法律,Social Sciences,社會科學,Humanities and Social Sciences,人文社會科學,SSC,,,,
预乙 法律,預乙 法律,Law,法律,Social Sciences,社會科學,Humanities and Social Sciences,人文社會科學,SSC,,,,
"预法
法律","預法
法律",Law,法律,Social Sciences,社會科學,Humanities and Social Sciences,人文社會科學,SSC,,,,
预科一 法本法律,預科一 法本法律,Law,法律,Social Sciences,社會科學,Humanities and Social Sciences,人文社會科學,SSC,,,,
博物科,博物科,Library Science,圖書館學,Humanities,人文學科,Humanities and Social Sciences,人文社會科學,SSC,,,,
博物系,博物系,Library Science,圖書館學,Humanities,人文學科,Humanities and Social Sciences,人文社會科學,SSC,,,,
博物系,圖書,Library Science,圖書館學,Humanities,人文學科,Humanities and Social Sciences,人文社會科學,SSC,,,,
图书馆学,圖書館學,Library Science,圖書館學,Humanities,人文學科,Humanities and Social Sciences,人文社會科學,SSC,,,,
师范馆博物科,師範館博物科,Library Science,圖書館學,Humanities,人文學科,Humanities and Social Sciences,人文社會科學,SSC,,,,
馆学科,館學科,Library Science,圖書館學,Humanities,人文學科,Humanities and Social Sciences,人文社會科學,SSC,,,,
商船科,商船科,Marine Engineering,海洋工程,Engineering Sciences,工程科學,Engineering,工程,ENG,,,,
工学系航海专修科,工學系航海專修科,Marine Engineering,海洋工程,Engineering Sciences,工程科學,Engineering,工程,ENG,,,,
工学系造船工程,工學系造船工程,Marine Engineering,海洋工程,Engineering Sciences,工程科學,Engineering,工程,ENG,,,,
工学院航海(轮机)专科修,工學院航海(輪機)專科修,Marine Engineering,海洋工程,Engineering Sciences,工程科學,Engineering,工程,ENG,,,,
工学院航海专修科,工學院航海專修科,Marine Engineering,海洋工程,Engineering Sciences,工程科學,Engineering,工程,ENG,,,,
工学院航空(造船)工程学系,工學院航空(造船)工程學系,Marine Engineering,海洋工程,Engineering Sciences,工程科學,Engineering,工程,ENG,,,,
工学院航空造船工程学系,工學院航空造船工程學系,Marine Engineering,海洋工程,Engineering Sciences,工程科學,Engineering,工程,ENG,,,,
工学院造船,工學院造船,Marine Engineering,海洋工程,Engineering Sciences,工程科學,Engineering,工程,ENG,,,,
工学院造船工程系,工學院造船工程系,Marine Engineering,海洋工程,Engineering Sciences,工程科學,Engineering,工程,ENG,,,,
工学院造船系,工學院造船系,Marine Engineering,海洋工程,Engineering Sciences,工程科學,Engineering,工程,ENG,,,,
海军建筑科,海軍建築科,Marine Engineering,海洋工程,Engineering Sciences,工程科學,Engineering,工程,ENG,,,,
海军造船学,海軍造船學,Marine Engineering,海洋工程,Engineering Sciences,工程科學,Engineering,工程,ENG,,,,
,航海,Marine Engineering,海洋工程,Engineering Sciences,工程科學,Engineering,工程,ENG,,,,
航海专修科,航海專修科,Marine Engineering,海洋工程,Engineering Sciences,工程科學,Engineering,工程,ENG,,,,
航海科,航海科,Marine Engineering,海洋工程,Engineering Sciences,工程科學,Engineering,工程,ENG,,,,
,航測,Marine Engineering,海洋工程,Engineering Sciences,工程科學,Engineering,工程,ENG,,,,
,航空測量,Marine Engineering,海洋工程,Engineering Sciences,工程科學,Engineering,工程,ENG,,,,
船一,船一,Marine Engineering,海洋工程,Engineering Sciences,工程科學,Engineering,工程,ENG,,,,
船工,船工,Marine Engineering,海洋工程,Engineering Sciences,工程科學,Engineering,工程,ENG,,,,
,船駕駛,Marine Engineering,海洋工程,Engineering Sciences,工程科學,Engineering,工程,ENG,,,,
造船,造船,Marine Engineering,海洋工程,Engineering Sciences,工程科學,Engineering,工程,ENG,,,,
造船工程,造船工程,Marine Engineering,海洋工程,Engineering Sciences,工程科學,Engineering,工程,ENG,,,,
造船工程系,造船工程系,Marine Engineering,海洋工程,Engineering Sciences,工程科學,Engineering,工程,ENG,,,,
造船工程系专修科船舶制造,造船工程系專修科船舶制造,Marine Engineering,海洋工程,Engineering Sciences,工程科學,Engineering,工程,ENG,,,,
造船工程系专修科船舶製造专业,造船工程系專修科船舶製造專業,Marine Engineering,海洋工程,Engineering Sciences,工程科學,Engineering,工程,ENG,,,,
造船工程系本科船舶,造船工程系本科船舶,Marine Engineering,海洋工程,Engineering Sciences,工程科學,Engineering,工程,ENG,,,,
造船工程系本科船舶专业,造船工程系本科船舶專業,Marine Engineering,海洋工程,Engineering Sciences,工程科學,Engineering,工程,ENG,,,,
造船工程系本科船舶製造专业,造船工程系本科船舶製造專業,Marine Engineering,海洋工程,Engineering Sciences,工程科學,Engineering,工程,ENG,,,,
造船系,造船系,Marine Engineering,海洋工程,Engineering Sciences,工程科學,Engineering,工程,ENG,,,,
高船,高船,Marine Engineering,海洋工程,Engineering Sciences,工程科學,Engineering,工程,ENG,,,,
专修科数理化组,專修科數理化組,Mathematics,數學,Physical Sciences,物理科學,Science,科學,PSC,,,,
师范学院数学系,師範學院數學系,Mathematics,數學,Physical Sciences,物理科學,Science,科學,PSC,,,,
师范专修科（数理化）,師範專修科（數理化）,Mathematics,數學,Physical Sciences,物理科學,Science,科學,PSC,,,,
师范专修科数理化学系,師範專修科數理化學系,Mathematics,數學,Physical Sciences,物理科學,Science,科學,PSC,,,,
师范专科数理化,師範專科數理化,Mathematics,數學,Physical Sciences,物理科學,Science,科學,PSC,,,,
数学,數學,Mathematics,數學,Physical Sciences,物理科學,Science,科學,PSC,,,,
"数学
化学","數學
化學",Mathematics,數學,Physical Sciences,物理科學,Science,科學,PSC,,,,
"数学
地质","數學
地質",Mathematics,數學,Physical Sciences,物理科學,Science,科學,PSC,,,,
"数学
教育","數學
教育",Mathematics,數學,Physical Sciences,物理科學,Science,科學,PSC,,,,
"数学
数学类研究生","數學
數學類研究生",Mathematics,數學,Physical Sciences,物理科學,Science,科學,PSC,,,,
"数学
数学类研究生
（助教兼）","數學
數學類研究生
（助教兼）",Mathematics,數學,Physical Sciences,物理科學,Science,科學,PSC,,,,
"数学
生物","數學
生物",Mathematics,數學,Physical Sciences,物理科學,Science,科學,PSC,,,,
数学主系,數學主系,Mathematics,數學,Physical Sciences,物理科學,Science,科學,PSC,,,,
数学学系,數學學系,Mathematics,數學,Physical Sciences,物理科學,Science,科學,PSC,,,,
数学专修科,數學專修科,Mathematics,數學,Physical Sciences,物理科學,Science,科學,PSC,,,,
数学物理,數學物理,Mathematics,數學,Physical Sciences,物理科學,Science,科學,PSC,,,,
数学科,數學科,Mathematics,數學,Physical Sciences,物理科學,Science,科學,PSC,,,,
数学系,數學系,Mathematics,數學,Physical Sciences,物理科學,Science,科學,PSC,,,,
数学系  数学专业,數學系  數學專業,Mathematics,數學,Physical Sciences,物理科學,Science,科學,PSC,,,,
数学系 数学专业,數學系 數學專業,Mathematics,數學,Physical Sciences,物理科學,Science,科學,PSC,,,,
数学系（师）,數學系（師）,Mathematics,數學,Physical Sciences,物理科學,Science,科學,PSC,,,,
数学类研究生,數學類研究生,Mathematics,數學,Physical Sciences,物理科學,Science,科學,PSC,,,,
数理,數理,Mathematics,數學,Physical Sciences,物理科學,Science,科學,PSC,,,,
数理 一年,數理 一年,Mathematics,數學,Physical Sciences,物理科學,Science,科學,PSC,,,,
数理化,數理化,Mathematics,數學,Physical Sciences,物理科學,Science,科學,PSC,,,,
数理化学,數理化學,Mathematics,數學,Physical Sciences,物理科學,Science,科學,PSC,,,,
数理化专科,數理化專科,Mathematics,數學,Physical Sciences,物理科學,Science,科學,PSC,,,,
数理化理,數理化理,Mathematics,數學,Physical Sciences,物理科學,Science,科學,PSC,,,,
数理化系,數理化系,Mathematics,數學,Physical Sciences,物理科學,Science,科學,PSC,,,,
数理化组,數理化組,Mathematics,數學,Physical Sciences,物理科學,Science,科學,PSC,,,,
,數理學,Mathematics,數學,Physical Sciences,物理科學,Science,科學,PSC,,,,
数理学系,數理學系,Mathematics,數學,Physical Sciences,物理科學,Science,科學,PSC,,,,
数理科，2年级,數理科，2年級,Mathematics,數學,Physical Sciences,物理科學,Science,科學,PSC,,,,
数理系,數理系,Mathematics,數學,Physical Sciences,物理科學,Science,科學,PSC,,,,
数理组,數理組,Mathematics,數學,Physical Sciences,物理科學,Science,科學,PSC,,,,
文理_数学,文理_數學,Mathematics,數學,Physical Sciences,物理科學,Science,科學,PSC,,,,
文理学院数理学系,文理學院數理學系,Mathematics,數學,Physical Sciences,物理科學,Science,科學,PSC,,,,
"暂不入系
数学","暫不入系
數學",Mathematics,數學,Physical Sciences,物理科學,Science,科學,PSC,,,,
物理主系：数学副系,物理主系：數學副系,Mathematics,數學,Physical Sciences,物理科學,Science,科學,PSC,,,,
物理主系数学副系,物理主系數學副系,Mathematics,數學,Physical Sciences,物理科學,Science,科學,PSC,,,,
理 天数,理 天數,Mathematics,數學,Physical Sciences,物理科學,Science,科學,PSC,,,,
理 天文数学,理 天文數學,Mathematics,數學,Physical Sciences,物理科學,Science,科學,PSC,,,,
理 教理,理 教理,Mathematics,數學,Physical Sciences,物理科學,Science,科學,PSC,,,,
理 数学,理 數學,Mathematics,數學,Physical Sciences,物理科學,Science,科學,PSC,,,,
理 数理,理 數理,Mathematics,數學,Physical Sciences,物理科學,Science,科學,PSC,,,,
理，数学,理，數學,Mathematics,數學,Physical Sciences,物理科學,Science,科學,PSC,,,,
理学系数学,理學系數學,Mathematics,數學,Physical Sciences,物理科學,Science,科學,PSC,,,,
理学系数学系,理學系數學系,Mathematics,數學,Physical Sciences,物理科學,Science,科學,PSC,,,,
理学院 数学系,理學院 數學系,Mathematics,數學,Physical Sciences,物理科學,Science,科學,PSC,,,,
理学院数学学系,理學院數學學系,Mathematics,數學,Physical Sciences,物理科學,Science,科學,PSC,,,,
理学院数学学系一年级,理學院數學學系一年級,Mathematics,數學,Physical Sciences,物理科學,Science,科學,PSC,,,,
理学院数学研究所,理學院數學研究所,Mathematics,數學,Physical Sciences,物理科學,Science,科學,PSC,,,,
理学院数学系,理學院數學系,Mathematics,數學,Physical Sciences,物理科學,Science,科學,PSC,,,,
理学院数学系一年级,理學院數學系一年級,Mathematics,數學,Physical Sciences,物理科學,Science,科學,PSC,,,,
理学院数理系,理學院數理系,Mathematics,數學,Physical Sciences,物理科學,Science,科學,PSC,,,,
理学院算学系,理學院算學系,Mathematics,數學,Physical Sciences,物理科學,Science,科學,PSC,,,,
理工学院数学系,理工學院數學系,Mathematics,數學,Physical Sciences,物理科學,Science,科學,PSC,,,,
理数理,理數理,Mathematics,數學,Physical Sciences,物理科學,Science,科學,PSC,,,,
理本数学,理本數學,Mathematics,數學,Physical Sciences,物理科學,Science,科學,PSC,,,,
理科师范数理化,理科師範數理化,Mathematics,數學,Physical Sciences,物理科學,Science,科學,PSC,,,,
理科数学系,理科數學系,Mathematics,數學,Physical Sciences,物理科學,Science,科學,PSC,,,,
理科研究所数学部,理科研究所數學部,Mathematics,數學,Physical Sciences,物理科學,Science,科學,PSC,,,,
理科算学系,理科算學系,Mathematics,數學,Physical Sciences,物理科學,Science,科學,PSC,,,,
"理预
数学","理預
數學",Mathematics,數學,Physical Sciences,物理科學,Science,科學,PSC,,,,
"理预
数学
经济","理預
數學
經濟",Mathematics,數學,Physical Sciences,物理科學,Science,科學,PSC,,,,
生命统计专修科,生命統計專修科,Mathematics,數學,Physical Sciences,物理科學,Science,科學,PSC,,,,
算学,算學,Mathematics,數學,Physical Sciences,物理科學,Science,科學,PSC,,,,
算学学系,算學學系,Mathematics,數學,Physical Sciences,物理科學,Science,科學,PSC,,,,
算学系,算學系,Mathematics,數學,Physical Sciences,物理科學,Science,科學,PSC,,,,
算学组,算學組,Mathematics,數學,Physical Sciences,物理科學,Science,科學,PSC,,,,
算学部,算學部,Mathematics,數學,Physical Sciences,物理科學,Science,科學,PSC,,,,
,統計學,Mathematics,數學,Physical Sciences,物理科學,Science,科學,PSC,,,,
统计组,統計組,Mathematics,數學,Physical Sciences,物理科學,Science,科學,PSC,,,,
预科二  数学,預科二  數學,Mathematics,數學,Physical Sciences,物理科學,Science,科學,PSC,,,,
制造组,制造組,Mechanical Engineering,機械工程,Engineering Sciences,工程科學,Engineering,工程,ENG,,,,
力学,力學,Mechanical Engineering,機械工程,Engineering Sciences,工程科學,Engineering,工程,ENG,,,,
动力,動力,Mechanical Engineering,機械工程,Engineering Sciences,工程科學,Engineering,工程,ENG,,,,
动力机械,動力機械,Mechanical Engineering,機械工程,Engineering Sciences,工程科學,Engineering,工程,ENG,,,,
动力机械学系,動力機械學系,Mechanical Engineering,機械工程,Engineering Sciences,工程科學,Engineering,工程,ENG,,,,
动力机械系,動力機械系,Mechanical Engineering,機械工程,Engineering Sciences,工程科學,Engineering,工程,ENG,,,,
动力机械系动力发电厂设信,動力機械系動力發電廠設信,Mechanical Engineering,機械工程,Engineering Sciences,工程科學,Engineering,工程,ENG,,,,
动力机械系本科动力机械组,動力機械系本科動力機械組,Mechanical Engineering,機械工程,Engineering Sciences,工程科學,Engineering,工程,ENG,,,,
动力机械系本科汽车制造专业,動力機械系本科汽車制造專業,Mechanical Engineering,機械工程,Engineering Sciences,工程科學,Engineering,工程,ENG,,,,
動力机械系本科汽车製造专业,動力機械系本科汽車製造專業,Mechanical Engineering,機械工程,Engineering Sciences,工程科學,Engineering,工程,ENG,,,,
动力机械系本科运输制造专业,動力機械系本科運輸制造專業,Mechanical Engineering,機械工程,Engineering Sciences,工程科學,Engineering,工程,ENG,,,,
动力发电设备,動力發電設備,Mechanical Engineering,機械工程,Engineering Sciences,工程科學,Engineering,工程,ENG,,,,
动力系,動力系,Mechanical Engineering,機械工程,Engineering Sciences,工程科學,Engineering,工程,ENG,,,,
动力组,動力組,Mechanical Engineering,機械工程,Engineering Sciences,工程科學,Engineering,工程,ENG,,,,
专机,專機,Mechanical Engineering,機械工程,Engineering Sciences,工程科學,Engineering,工程,ENG,,,,
专纺,專紡,Mechanical Engineering,機械工程,Engineering Sciences,工程科學,Engineering,工程,ENG,,,,
工 机械工程 一年,工 機械工程 一年,Mechanical Engineering,機械工程,Engineering Sciences,工程科學,Engineering,工程,ENG,,,,
工 机械工程 一年级,工 機械工程 一年級,Mechanical Engineering,機械工程,Engineering Sciences,工程科學,Engineering,工程,ENG,,,,
工 机械工程 一年级 第一学期,工 機械工程 一年級 第一學期,Mechanical Engineering,機械工程,Engineering Sciences,工程科學,Engineering,工程,ENG,,,,
工 机械工程 一年级 第二学期,工 機械工程 一年級 第二學期,Mechanical Engineering,機械工程,Engineering Sciences,工程科學,Engineering,工程,ENG,,,,
工 机械工程 三年级,工 機械工程 三年級,Mechanical Engineering,機械工程,Engineering Sciences,工程科學,Engineering,工程,ENG,,,,
工 机械工程 乙,工 機械工程 乙,Mechanical Engineering,機械工程,Engineering Sciences,工程科學,Engineering,工程,ENG,,,,
工 机械工程 二年,工 機械工程 二年,Mechanical Engineering,機械工程,Engineering Sciences,工程科學,Engineering,工程,ENG,,,,
工 机械工程 二年级,工 機械工程 二年級,Mechanical Engineering,機械工程,Engineering Sciences,工程科學,Engineering,工程,ENG,,,,
工 机械工程 二年级 第一学期,工 機械工程 二年級 第一學期,Mechanical Engineering,機械工程,Engineering Sciences,工程科學,Engineering,工程,ENG,,,,
工 机械工程 二年级 第二学期,工 機械工程 二年級 第二學期,Mechanical Engineering,機械工程,Engineering Sciences,工程科學,Engineering,工程,ENG,,,,
工 机械系 一年,工 機械系 一年,Mechanical Engineering,機械工程,Engineering Sciences,工程科學,Engineering,工程,ENG,,,,
工 机械系 乙,工 機械系 乙,Mechanical Engineering,機械工程,Engineering Sciences,工程科學,Engineering,工程,ENG,,,,
工学系机械,工學系機械,Mechanical Engineering,機械工程,Engineering Sciences,工程科學,Engineering,工程,ENG,,,,
工学系机械工程,工學系機械工程,Mechanical Engineering,機械工程,Engineering Sciences,工程科學,Engineering,工程,ENG,,,,
工学系纺织工程,工學系紡織工程,Mechanical Engineering,機械工程,Engineering Sciences,工程科學,Engineering,工程,ENG,,,,
工学系轮机工程,工學系輪機工程,Mechanical Engineering,機械工程,Engineering Sciences,工程科學,Engineering,工程,ENG,,,,
工学院 机械系,工學院 機械系,Mechanical Engineering,機械工程,Engineering Sciences,工程科學,Engineering,工程,ENG,,,,
工学院土机电系一年级,工學院土機電系一年級,Mechanical Engineering,機械工程,Engineering Sciences,工程科學,Engineering,工程,ENG,,,,
工学院机工系,工學院機工系,Mechanical Engineering,機械工程,Engineering Sciences,工程科學,Engineering,工程,ENG,,,,
工学院机械,工學院機械,Mechanical Engineering,機械工程,Engineering Sciences,工程科學,Engineering,工程,ENG,,,,
工学院机械学系,工學院機械學系,Mechanical Engineering,機械工程,Engineering Sciences,工程科學,Engineering,工程,ENG,,,,
工学院机械工程,工學院機械工程,Mechanical Engineering,機械工程,Engineering Sciences,工程科學,Engineering,工程,ENG,,,,
工学院机械工程学系,工學院機械工程學系,Mechanical Engineering,機械工程,Engineering Sciences,工程科學,Engineering,工程,ENG,,,,
工学院机械工程学系一年级,工學院機械工程學系一年級,Mechanical Engineering,機械工程,Engineering Sciences,工程科學,Engineering,工程,ENG,,,,
工学院机械工程学院,工學院機械工程學院,Mechanical Engineering,機械工程,Engineering Sciences,工程科學,Engineering,工程,ENG,,,,
工学院机械工程系,工學院機械工程系,Mechanical Engineering,機械工程,Engineering Sciences,工程科學,Engineering,工程,ENG,,,,
工学院机械工程系動力机械组,工學院機械工程系動力機械組,Mechanical Engineering,機械工程,Engineering Sciences,工程科學,Engineering,工程,ENG,,,,
工学院机械系,工學院機械系,Mechanical Engineering,機械工程,Engineering Sciences,工程科學,Engineering,工程,ENG,,,,
工学院机械系二年级,工學院機械系二年級,Mechanical Engineering,機械工程,Engineering Sciences,工程科學,Engineering,工程,ENG,,,,
工学院机电学系,工學院機電學系,Mechanical Engineering,機械工程,Engineering Sciences,工程科學,Engineering,工程,ENG,,,,
工学院机电学系一年级,工學院機電學系一年級,Mechanical Engineering,機械工程,Engineering Sciences,工程科學,Engineering,工程,ENG,,,,
工学院机电学系二年级,工學院機電學系二年級,Mechanical Engineering,機械工程,Engineering Sciences,工程科學,Engineering,工程,ENG,,,,
工学院机电工程学系一年级,工學院機電工程學系一年級,Mechanical Engineering,機械工程,Engineering Sciences,工程科學,Engineering,工程,ENG,,,,
工学院纺织工程系,工學院紡織工程系,Mechanical Engineering,機械工程,Engineering Sciences,工程科學,Engineering,工程,ENG,,,,
工学院纺织工程系纺织机械组,工學院紡織工程系紡織機械組,Mechanical Engineering,機械工程,Engineering Sciences,工程科學,Engineering,工程,ENG,,,,
工学院纺织系,工學院紡織系,Mechanical Engineering,機械工程,Engineering Sciences,工程科學,Engineering,工程,ENG,,,,
工学院轮机专修科,工學院輪機專修科,Mechanical Engineering,機械工程,Engineering Sciences,工程科學,Engineering,工程,ENG,,,,
工学院轮机工程系,工學院輪機工程系,Mechanical Engineering,機械工程,Engineering Sciences,工程科學,Engineering,工程,ENG,,,,
工学院造船机械工程系轮机组,工學院造船機械工程系輪機組,Mechanical Engineering,機械工程,Engineering Sciences,工程科學,Engineering,工程,ENG,,,,
工程学院机电学系,工程學院機電學系,Mechanical Engineering,機械工程,Engineering Sciences,工程科學,Engineering,工程,ENG,,,,
林业专修科,林業專修科,Mechanical Engineering,機械工程,Engineering Sciences,工程科學,Engineering,工程,ENG,,,,
染织,染織,Mechanical Engineering,機械工程,Engineering Sciences,工程科學,Engineering,工程,ENG,,,,
染织学系,染織學系,Mechanical Engineering,機械工程,Engineering Sciences,工程科學,Engineering,工程,ENG,,,,
染织机械,染織機械,Mechanical Engineering,機械工程,Engineering Sciences,工程科學,Engineering,工程,ENG,,,,
染织科,染織科,Mechanical Engineering,機械工程,Engineering Sciences,工程科學,Engineering,工程,ENG,,,,
染织科转机械科,染織科轉機械科,Mechanical Engineering,機械工程,Engineering Sciences,工程科學,Engineering,工程,ENG,,,,
染色,染色,Mechanical Engineering,機械工程,Engineering Sciences,工程科學,Engineering,工程,ENG,,,,
梁织科,梁織科,Mechanical Engineering,機械工程,Engineering Sciences,工程科學,Engineering,工程,ENG,,,,
械机工程学系,械機工程學系,Mechanical Engineering,機械工程,Engineering Sciences,工程科學,Engineering,工程,ENG,,,,
棉纺,棉紡,Mechanical Engineering,機械工程,Engineering Sciences,工程科學,Engineering,工程,ENG,,,,
机一上,機一上,Mechanical Engineering,機械工程,Engineering Sciences,工程科學,Engineering,工程,ENG,,,,
机工,機工,Mechanical Engineering,機械工程,Engineering Sciences,工程科學,Engineering,工程,ENG,,,,
机工系,機工系,Mechanical Engineering,機械工程,Engineering Sciences,工程科學,Engineering,工程,ENG,,,,
机械,機械,Mechanical Engineering,機械工程,Engineering Sciences,工程科學,Engineering,工程,ENG,,,,
机械 系,機械 系,Mechanical Engineering,機械工程,Engineering Sciences,工程科學,Engineering,工程,ENG,,,,
机械【】科，1年级,機械【】科，1年級,Mechanical Engineering,機械工程,Engineering Sciences,工程科學,Engineering,工程,ENG,,,,
机械制造,機械制造,Mechanical Engineering,機械工程,Engineering Sciences,工程科學,Engineering,工程,ENG,,,,
机械制造工程,機械制造工程,Mechanical Engineering,機械工程,Engineering Sciences,工程科學,Engineering,工程,ENG,,,,
机械制造工程专业,機械制造工程專業,Mechanical Engineering,機械工程,Engineering Sciences,工程科學,Engineering,工程,ENG,,,,
机械制造工艺及金属切削,機械制造工藝及金屬切削,Mechanical Engineering,機械工程,Engineering Sciences,工程科學,Engineering,工程,ENG,,,,
机械制造系,機械制造系,Mechanical Engineering,機械工程,Engineering Sciences,工程科學,Engineering,工程,ENG,,,,
机械制造系专修科金工专业,機械制造系專修科金工專業,Mechanical Engineering,機械工程,Engineering Sciences,工程科學,Engineering,工程,ENG,,,,
机械制造系本科金蜀切削机床及其工具,機械制造系本科金蜀切削機床及其工具,Mechanical Engineering,機械工程,Engineering Sciences,工程科學,Engineering,工程,ENG,,,,
机械学,機械學,Mechanical Engineering,機械工程,Engineering Sciences,工程科學,Engineering,工程,ENG,,,,
机械学系,機械學系,Mechanical Engineering,機械工程,Engineering Sciences,工程科學,Engineering,工程,ENG,,,,
机械学系机车门,機械學系機車門,Mechanical Engineering,機械工程,Engineering Sciences,工程科學,Engineering,工程,ENG,,,,
机械专修,機械專修,Mechanical Engineering,機械工程,Engineering Sciences,工程科學,Engineering,工程,ENG,,,,
机械专修科,機械專修科,Mechanical Engineering,機械工程,Engineering Sciences,工程科學,Engineering,工程,ENG,,,,
机械专修科 金工专业,機械專修科 金工專業,Mechanical Engineering,機械工程,Engineering Sciences,工程科學,Engineering,工程,ENG,,,,
机械专修科 金工工具专业,機械專修科 金工工具專業,Mechanical Engineering,機械工程,Engineering Sciences,工程科學,Engineering,工程,ENG,,,,
机械专修科系  金工专业,機械專修科系  金工專業,Mechanical Engineering,機械工程,Engineering Sciences,工程科學,Engineering,工程,ENG,,,,
机械专修科系  金工工具专业,機械專修科系  金工工具專業,Mechanical Engineering,機械工程,Engineering Sciences,工程科學,Engineering,工程,ENG,,,,
机械专修科系  铸工专业,機械專修科系  鑄工專業,Mechanical Engineering,機械工程,Engineering Sciences,工程科學,Engineering,工程,ENG,,,,
机械专修科金工专业,機械專修科金工專業,Mechanical Engineering,機械工程,Engineering Sciences,工程科學,Engineering,工程,ENG,,,,
机械专修科金工工具专业,機械專修科金工工具專業,Mechanical Engineering,機械工程,Engineering Sciences,工程科學,Engineering,工程,ENG,,,,
机械工程,機械工程,Mechanical Engineering,機械工程,Engineering Sciences,工程科學,Engineering,工程,ENG,,,,
机械工程力学,機械工程力學,Mechanical Engineering,機械工程,Engineering Sciences,工程科學,Engineering,工程,ENG,,,,
机械工程学,機械工程學,Mechanical Engineering,機械工程,Engineering Sciences,工程科學,Engineering,工程,ENG,,,,
机械工程学系,機械工程學系,Mechanical Engineering,機械工程,Engineering Sciences,工程科學,Engineering,工程,ENG,,,,
机械工程学系 光学仪器制造专业,機械工程學系 光學儀器制造專業,Mechanical Engineering,機械工程,Engineering Sciences,工程科學,Engineering,工程,ENG,,,,
机械工程学系 机械制造专业,機械工程學系 機械制造專業,Mechanical Engineering,機械工程,Engineering Sciences,工程科學,Engineering,工程,ENG,,,,
机械工程学系 金属切削机床及其工具专业,機械工程學系 金屬切削機床及其工具專業,Mechanical Engineering,機械工程,Engineering Sciences,工程科學,Engineering,工程,ENG,,,,
机械工程学系 金工专业,機械工程學系 金工專業,Mechanical Engineering,機械工程,Engineering Sciences,工程科學,Engineering,工程,ENG,,,,
机械工程学系 金工工具专业,機械工程學系 金工工具專業,Mechanical Engineering,機械工程,Engineering Sciences,工程科學,Engineering,工程,ENG,,,,
机械工程学系 铸工专业,機械工程學系 鑄工專業,Mechanical Engineering,機械工程,Engineering Sciences,工程科學,Engineering,工程,ENG,,,,
机械工程学系 铸造机及其铸造工程专业,機械工程學系 鑄造機及其鑄造工程專業,Mechanical Engineering,機械工程,Engineering Sciences,工程科學,Engineering,工程,ENG,,,,
机械工程学系一年级,機械工程學系一年級,Mechanical Engineering,機械工程,Engineering Sciences,工程科學,Engineering,工程,ENG,,,,
机械工程学系三年级,機械工程學系三年級,Mechanical Engineering,機械工程,Engineering Sciences,工程科學,Engineering,工程,ENG,,,,
机械工程学系光学仪器制造专业,機械工程學系光學儀器制造專業,Mechanical Engineering,機械工程,Engineering Sciences,工程科學,Engineering,工程,ENG,,,,
机械工程学系机械制造专业,機械工程學系機械制造專業,Mechanical Engineering,機械工程,Engineering Sciences,工程科學,Engineering,工程,ENG,,,,
机械工程学院,機械工程學院,Mechanical Engineering,機械工程,Engineering Sciences,工程科學,Engineering,工程,ENG,,,,
机械工程科,機械工程科,Mechanical Engineering,機械工程,Engineering Sciences,工程科學,Engineering,工程,ENG,,,,
机械工程科一年级,機械工程科一年級,Mechanical Engineering,機械工程,Engineering Sciences,工程科學,Engineering,工程,ENG,,,,
机械工程科三年级,機械工程科三年級,Mechanical Engineering,機械工程,Engineering Sciences,工程科學,Engineering,工程,ENG,,,,
机械工程系,機械工程系,Mechanical Engineering,機械工程,Engineering Sciences,工程科學,Engineering,工程,ENG,,,,
机械工程系 机械专业,機械工程系 機械專業,Mechanical Engineering,機械工程,Engineering Sciences,工程科學,Engineering,工程,ENG,,,,
机械工程系一年级,機械工程系一年級,Mechanical Engineering,機械工程,Engineering Sciences,工程科學,Engineering,工程,ENG,,,,
机械工程系三年级,機械工程系三年級,Mechanical Engineering,機械工程,Engineering Sciences,工程科學,Engineering,工程,ENG,,,,
机械工程系二年级,機械工程系二年級,Mechanical Engineering,機械工程,Engineering Sciences,工程科學,Engineering,工程,ENG,,,,
机械科,機械科,Mechanical Engineering,機械工程,Engineering Sciences,工程科學,Engineering,工程,ENG,,,,
机械系,機械系,Mechanical Engineering,機械工程,Engineering Sciences,工程科學,Engineering,工程,ENG,,,,
机械系 光学仪器制造专业,機械系 光學儀器制造專業,Mechanical Engineering,機械工程,Engineering Sciences,工程科學,Engineering,工程,ENG,,,,
机械系 机械工程专业,機械系 機械工程專業,Mechanical Engineering,機械工程,Engineering Sciences,工程科學,Engineering,工程,ENG,,,,
机械系 金工专业,機械系 金工專業,Mechanical Engineering,機械工程,Engineering Sciences,工程科學,Engineering,工程,ENG,,,,
机械系 金工工具专业,機械系 金工工具專業,Mechanical Engineering,機械工程,Engineering Sciences,工程科學,Engineering,工程,ENG,,,,
机械系 铸工专业,機械系 鑄工專業,Mechanical Engineering,機械工程,Engineering Sciences,工程科學,Engineering,工程,ENG,,,,
机械系一年级,機械系一年級,Mechanical Engineering,機械工程,Engineering Sciences,工程科學,Engineering,工程,ENG,,,,
机械系光学仪器制造,機械系光學儀器制造,Mechanical Engineering,機械工程,Engineering Sciences,工程科學,Engineering,工程,ENG,,,,
机械系学,機械系學,Mechanical Engineering,機械工程,Engineering Sciences,工程科學,Engineering,工程,ENG,,,,
机械系从军专业,機械系從軍專業,Mechanical Engineering,機械工程,Engineering Sciences,工程科學,Engineering,工程,ENG,,,,
机械系机械专业,機械系機械專業,Mechanical Engineering,機械工程,Engineering Sciences,工程科學,Engineering,工程,ENG,,,,
机械系铁道门,機械系鐵道門,Mechanical Engineering,機械工程,Engineering Sciences,工程科學,Engineering,工程,ENG,,,,
机械组,機械組,Mechanical Engineering,機械工程,Engineering Sciences,工程科學,Engineering,工程,ENG,,,,
机械製造系专修科熟處理专业,機械製造系專修科熟處理專業,Mechanical Engineering,機械工程,Engineering Sciences,工程科學,Engineering,工程,ENG,,,,
机械製造系本科机械製造工程专业,機械製造系本科機械製造工程專業,Mechanical Engineering,機械工程,Engineering Sciences,工程科學,Engineering,工程,ENG,,,,
机械设计,機械設計,Mechanical Engineering,機械工程,Engineering Sciences,工程科學,Engineering,工程,ENG,,,,
机织,機織,Mechanical Engineering,機械工程,Engineering Sciences,工程科學,Engineering,工程,ENG,,,,
机织染色,機織染色,Mechanical Engineering,機械工程,Engineering Sciences,工程科學,Engineering,工程,ENG,,,,
机车建造,機車建造,Mechanical Engineering,機械工程,Engineering Sciences,工程科學,Engineering,工程,ENG,,,,
汽车,汽車,Mechanical Engineering,機械工程,Engineering Sciences,工程科學,Engineering,工程,ENG,,,,
汽车专修科,汽車專修科,Mechanical Engineering,機械工程,Engineering Sciences,工程科學,Engineering,工程,ENG,,,,
汽车专业,汽車專業,Mechanical Engineering,機械工程,Engineering Sciences,工程科學,Engineering,工程,ENG,,,,
汽车工程,汽車工程,Mechanical Engineering,機械工程,Engineering Sciences,工程科學,Engineering,工程,ENG,,,,
汽车干路,汽車幹路,Mechanical Engineering,機械工程,Engineering Sciences,工程科學,Engineering,工程,ENG,,,,
汽车拖拉机,汽車拖拉機,Mechanical Engineering,機械工程,Engineering Sciences,工程科學,Engineering,工程,ENG,,,,
汽车系,汽車系,Mechanical Engineering,機械工程,Engineering Sciences,工程科學,Engineering,工程,ENG,,,,
汽车组,汽車組,Mechanical Engineering,機械工程,Engineering Sciences,工程科學,Engineering,工程,ENG,,,,
理学院汽专,理學院汽專,Mechanical Engineering,機械工程,Engineering Sciences,工程科學,Engineering,工程,ENG,,,,
理学院汽车专修科,理學院汽車專修科,Mechanical Engineering,機械工程,Engineering Sciences,工程科學,Engineering,工程,ENG,,,,
理学院汽车工程专修科,理學院汽車工程專修科,Mechanical Engineering,機械工程,Engineering Sciences,工程科學,Engineering,工程,ENG,,,,
发动机拖工专业,發動機拖工專業,Mechanical Engineering,機械工程,Engineering Sciences,工程科學,Engineering,工程,ENG,,,,
发动机施工,發動機施工,Mechanical Engineering,機械工程,Engineering Sciences,工程科學,Engineering,工程,ENG,,,,
发动机施工专业,發動機施工專業,Mechanical Engineering,機械工程,Engineering Sciences,工程科學,Engineering,工程,ENG,,,,
发动机设计,發動機設計,Mechanical Engineering,機械工程,Engineering Sciences,工程科學,Engineering,工程,ENG,,,,
发动机设计专业,發動機設計專業,Mechanical Engineering,機械工程,Engineering Sciences,工程科學,Engineering,工程,ENG,,,,
石油矿厂机械,石油礦廠機械,Mechanical Engineering,機械工程,Engineering Sciences,工程科學,Engineering,工程,ENG,,,,
石油矿采机械,石油礦采機械,Mechanical Engineering,機械工程,Engineering Sciences,工程科學,Engineering,工程,ENG,,,,
纺,紡,Mechanical Engineering,機械工程,Engineering Sciences,工程科學,Engineering,工程,ENG,,,,
纺一下,紡一下,Mechanical Engineering,機械工程,Engineering Sciences,工程科學,Engineering,工程,ENG,,,,
纺织,紡織,Mechanical Engineering,機械工程,Engineering Sciences,工程科學,Engineering,工程,ENG,,,,
纺织工程学系一年级,紡織工程學系一年級,Mechanical Engineering,機械工程,Engineering Sciences,工程科學,Engineering,工程,ENG,,,,
纺织工程科,紡織工程科,Mechanical Engineering,機械工程,Engineering Sciences,工程科學,Engineering,工程,ENG,,,,
纺织工程科一年级,紡織工程科一年級,Mechanical Engineering,機械工程,Engineering Sciences,工程科學,Engineering,工程,ENG,,,,
纺织工程系,紡織工程系,Mechanical Engineering,機械工程,Engineering Sciences,工程科學,Engineering,工程,ENG,,,,
纺织工程系一年级,紡織工程系一年級,Mechanical Engineering,機械工程,Engineering Sciences,工程科學,Engineering,工程,ENG,,,,
纺织工程系三年级,紡織工程系三年級,Mechanical Engineering,機械工程,Engineering Sciences,工程科學,Engineering,工程,ENG,,,,
纺织系,紡織系,Mechanical Engineering,機械工程,Engineering Sciences,工程科學,Engineering,工程,ENG,,,,
纺织系一年级,紡織系一年級,Mechanical Engineering,機械工程,Engineering Sciences,工程科學,Engineering,工程,ENG,,,,
轮机,輪機,Mechanical Engineering,機械工程,Engineering Sciences,工程科學,Engineering,工程,ENG,,,,
农业机械系,農業機械系,Mechanical Engineering,機械工程,Engineering Sciences,工程科學,Engineering,工程,ENG,,,,
,造紙工程,Mechanical Engineering,機械工程,Engineering Sciences,工程科學,Engineering,工程,ENG,,,,
运输起重机械系,運輸起重機械系,Mechanical Engineering,機械工程,Engineering Sciences,工程科學,Engineering,工程,ENG,,,,
运输起重机械製造系(本科),運輸起重機械製造系(本科),Mechanical Engineering,機械工程,Engineering Sciences,工程科學,Engineering,工程,ENG,,,,
金属压力加工及机械学系,金屬壓力加工及機械學系,Mechanical Engineering,機械工程,Engineering Sciences,工程科學,Engineering,工程,ENG,,,,
铸造工程及其机械专业,鑄造工程及其機械專業,Mechanical Engineering,機械工程,Engineering Sciences,工程科學,Engineering,工程,ENG,,,,
电器机械,電器機械,Mechanical Engineering,機械工程,Engineering Sciences,工程科學,Engineering,工程,ENG,,,,
电气机械,電氣機械,Mechanical Engineering,機械工程,Engineering Sciences,工程科學,Engineering,工程,ENG,,,,
电气机械 染织？,電氣機械 染織？,Mechanical Engineering,機械工程,Engineering Sciences,工程科學,Engineering,工程,ENG,,,,
电气机械科,電氣機械科,Mechanical Engineering,機械工程,Engineering Sciences,工程科學,Engineering,工程,ENG,,,,
高纺,高紡,Mechanical Engineering,機械工程,Engineering Sciences,工程科學,Engineering,工程,ENG,,,,
1ST YEAR MEDICAL,1ST YEAR MEDICAL,Medicine and Surgery,醫學,Health Sciences,健康科學,Science,科學,BSC,,,,
MEDICAL,MEDICINE,Medicine and Surgery,醫學,Health Sciences,健康科學,Science,科學,BSC,,,,
MEDICAL OF ARTS,MEDICINE,Medicine and Surgery,醫學,Health Sciences,健康科學,Science,科學,BSC,,,,
MEDICIAN,MEDICINE,Medicine and Surgery,醫學,Health Sciences,健康科學,Science,科學,BSC,,,,
MEDICINE,MEDICINE,Medicine and Surgery,醫學,Health Sciences,健康科學,Science,科學,BSC,,,,
Pre medical,MEDICINE,Medicine and Surgery,醫學,Health Sciences,健康科學,Science,科學,BSC,,,,
SCIENCE AND MEDCINE,SCIENCE AND MEDCINE,Medicine and Surgery,醫學,Health Sciences,健康科學,Science,科學,BSC,,,,
SCIENCE OF MEDICINE,SCIENCE OF MEDICINE,Medicine and Surgery,醫學,Health Sciences,健康科學,Science,科學,BSC,,,,
Tropical Medicine,MEDICINE,Medicine and Surgery,醫學,Health Sciences,健康科學,Science,科學,BSC,,,,
中大医学院,中大醫學院,Medicine and Surgery,醫學,Health Sciences,健康科學,Science,科學,BSC,,,,
内科学研究所,內科學研究所,Medicine and Surgery,醫學,Health Sciences,健康科學,Science,科學,BSC,,,,
前北平协和女子医学校,前北平協和女子醫學校,Medicine and Surgery,醫學,Health Sciences,健康科學,Science,科學,BSC,,,,
前汉口大同医学院,前漢口大同醫學院,Medicine and Surgery,醫學,Health Sciences,健康科學,Science,科學,BSC,,,,
前金陵大学医学院,前金陵大學醫學院,Medicine and Surgery,醫學,Health Sciences,健康科學,Science,科學,BSC,,,,
协和医科大学,協和醫科大學,Medicine and Surgery,醫學,Health Sciences,健康科學,Science,科學,BSC,,,,
外科研究所,外科研究所,Medicine and Surgery,醫學,Health Sciences,健康科學,Science,科學,BSC,,,,
大学部医预科,大學部醫預科,Medicine and Surgery,醫學,Health Sciences,健康科學,Science,科學,BSC,,,,
山东济南齐鲁大学医学院,山東濟南齊魯大學醫學院,Medicine and Surgery,醫學,Health Sciences,健康科學,Science,科學,BSC,,,,
新制医本科,新制醫本科,Medicine and Surgery,醫學,Health Sciences,健康科學,Science,科學,BSC,,,,
法医系,法醫系,Medicine and Surgery,醫學,Health Sciences,健康科學,Science,科學,BSC,,,,
牙医学,牙醫學,Medicine and Surgery,醫學,Health Sciences,健康科學,Science,科學,BSC,,,,
病理研究所,病理研究所,Medicine and Surgery,醫學,Health Sciences,健康科學,Science,科學,BSC,,,,
旧制医学系,舊制醫學系,Medicine and Surgery,醫學,Health Sciences,健康科學,Science,科學,BSC,,,,
旧制医本科,舊制醫本科,Medicine and Surgery,醫學,Health Sciences,健康科學,Science,科學,BSC,,,,
旧制医科,舊制醫科,Medicine and Surgery,醫學,Health Sciences,健康科學,Science,科學,BSC,,,,
旧制医预科,舊制醫預科,Medicine and Surgery,醫學,Health Sciences,健康科學,Science,科學,BSC,,,,
旧学部医科,舊學部醫科,Medicine and Surgery,醫學,Health Sciences,健康科學,Science,科學,BSC,,,,
药学,藥學,Medicine and Surgery,醫學,Health Sciences,健康科學,Science,科學,BSC,,,,
药学专修科,藥學專修科,Medicine and Surgery,醫學,Health Sciences,健康科學,Science,科學,BSC,,,,
药学科,藥學科,Medicine and Surgery,醫學,Health Sciences,健康科學,Science,科學,BSC,,,,
药学系,藥學系,Medicine and Surgery,醫學,Health Sciences,健康科學,Science,科學,BSC,,,,
药专科,藥專科,Medicine and Surgery,醫學,Health Sciences,健康科學,Science,科學,BSC,,,,
药业专修科,藥業專修科,Medicine and Surgery,醫學,Health Sciences,健康科學,Science,科學,BSC,,,,
药科,藥科,Medicine and Surgery,醫學,Health Sciences,健康科學,Science,科學,BSC,,,,
药科4年,藥科4年,Medicine and Surgery,醫學,Health Sciences,健康科學,Science,科學,BSC,,,,
卫生工程及公共卫生,衛生工程及公共衛生,Medicine and Surgery,醫學,Health Sciences,健康科學,Science,科學,BSC,,,,
卫生与免疫,衛生與免疫,Medicine and Surgery,醫學,Health Sciences,健康科學,Science,科學,BSC,,,,
医,醫,Medicine and Surgery,醫學,Health Sciences,健康科學,Science,科學,BSC,,,,
医一部,醫一部,Medicine and Surgery,醫學,Health Sciences,健康科學,Science,科學,BSC,,,,
医大,醫大,Medicine and Surgery,醫學,Health Sciences,健康科學,Science,科學,BSC,,,,
"医大
外文","醫大
外文",Medicine and Surgery,醫學,Health Sciences,健康科學,Science,科學,BSC,,,,
"医大
数学","醫大
數學",Medicine and Surgery,醫學,Health Sciences,健康科學,Science,科學,BSC,,,,
医学,醫學,Medicine and Surgery,醫學,Health Sciences,健康科學,Science,科學,BSC,,,,
医学专门部,醫學專門部,Medicine and Surgery,醫學,Health Sciences,健康科學,Science,科學,BSC,,,,
医学法预,醫學法預,Medicine and Surgery,醫學,Health Sciences,健康科學,Science,科學,BSC,,,,
医学科,醫學科,Medicine and Surgery,醫學,Health Sciences,健康科學,Science,科學,BSC,,,,
医学系,醫學系,Medicine and Surgery,醫學,Health Sciences,健康科學,Science,科學,BSC,,,,
医学组,醫學組,Medicine and Surgery,醫學,Health Sciences,健康科學,Science,科學,BSC,,,,
医学院,醫學院,Medicine and Surgery,醫學,Health Sciences,健康科學,Science,科學,BSC,,,,
医学院？,醫學院？,Medicine and Surgery,醫學,Health Sciences,健康科學,Science,科學,BSC,,,,
医学院校,醫學院校,Medicine and Surgery,醫學,Health Sciences,健康科學,Science,科學,BSC,,,,
医学院医学系,醫學院醫學系,Medicine and Surgery,醫學,Health Sciences,健康科學,Science,科學,BSC,,,,
医学院医学系三年级,醫學院醫學系三年級,Medicine and Surgery,醫學,Health Sciences,健康科學,Science,科學,BSC,,,,
医专,醫專,Medicine and Surgery,醫學,Health Sciences,健康科學,Science,科學,BSC,,,,
"医专
中文","醫專
中文",Medicine and Surgery,醫學,Health Sciences,健康科學,Science,科學,BSC,,,,
"医专
机械","醫專
機械",Medicine and Surgery,醫學,Health Sciences,健康科學,Science,科學,BSC,,,,
医本,醫本,Medicine and Surgery,醫學,Health Sciences,健康科學,Science,科學,BSC,,,,
医本科,醫本科,Medicine and Surgery,醫學,Health Sciences,健康科學,Science,科學,BSC,,,,
医校,醫校,Medicine and Surgery,醫學,Health Sciences,健康科學,Science,科學,BSC,,,,
医科,醫科,Medicine and Surgery,醫學,Health Sciences,健康科學,Science,科學,BSC,,,,
医科研究所病理学,醫科研究所病理學,Medicine and Surgery,醫學,Health Sciences,健康科學,Science,科學,BSC,,,,
医组,醫組,Medicine and Surgery,醫學,Health Sciences,健康科學,Science,科學,BSC,,,,
医继,醫繼,Medicine and Surgery,醫學,Health Sciences,健康科學,Science,科學,BSC,,,,
医药,醫藥,Medicine and Surgery,醫學,Health Sciences,健康科學,Science,科學,BSC,,,,
医院,醫院,Medicine and Surgery,醫學,Health Sciences,健康科學,Science,科學,BSC,,,,
医预,醫預,Medicine and Surgery,醫學,Health Sciences,健康科學,Science,科學,BSC,,,,
医预*,醫預*,Medicine and Surgery,醫學,Health Sciences,健康科學,Science,科學,BSC,,,,
医预科,醫預科,Medicine and Surgery,醫學,Health Sciences,健康科學,Science,科學,BSC,,,,
医预科，2年级,醫預科，2年級,Medicine and Surgery,醫學,Health Sciences,健康科學,Science,科學,BSC,,,,
齿学,齒學,Medicine and Surgery,醫學,Health Sciences,健康科學,Science,科學,BSC,,,,
齿科学,齒科學,Medicine and Surgery,醫學,Health Sciences,健康科學,Science,科學,BSC,,,,
地学气象,地學氣象,Meteorology,氣象學,Physical Sciences,物理科學,Science,科學,PSC,,,,
地质地理气象,地質地理氣象,Meteorology,氣象學,Physical Sciences,物理科學,Science,科學,PSC,,,,
地质地理气象学系,地質地理氣象學系,Meteorology,氣象學,Physical Sciences,物理科學,Science,科學,PSC,,,,
地质地理气象系,地質地理氣象系,Meteorology,氣象學,Physical Sciences,物理科學,Science,科學,PSC,,,,
文科研究所史地学部气象组,文科研究所史地學部氣象組,Meteorology,氣象學,Physical Sciences,物理科學,Science,科學,PSC,,,,
气象,氣象,Meteorology,氣象學,Physical Sciences,物理科學,Science,科學,PSC,,,,
气象学,氣象學,Meteorology,氣象學,Physical Sciences,物理科學,Science,科學,PSC,,,,
气象学系,氣象學系,Meteorology,氣象學,Physical Sciences,物理科學,Science,科學,PSC,,,,
气象系,氣象系,Meteorology,氣象學,Physical Sciences,物理科學,Science,科學,PSC,,,,
气象观测,氣象觀測,Meteorology,氣象學,Physical Sciences,物理科學,Science,科學,PSC,,,,
气象观测班,氣象觀測班,Meteorology,氣象學,Physical Sciences,物理科學,Science,科學,PSC,,,,
工兵科,工兵科,Military engineering,工兵學,Engineering Sciences,工程科學,Engineering,工程,ENG,,,,
步科专门炮科专门,步科專門炮科專門,Military engineering,工兵學,Engineering Sciences,工程科學,Engineering,工程,ENG,,,,
礮兵科,礮兵科,Military Engineering,工兵學,Engineering Sciences,工程科學,Engineering,工程,ENG,,,,
輜重兵科,輜重兵科,Military Engineering,工兵學,Engineering Sciences,工程科學,Engineering,工程,ENG,,,,
兵科,兵科,Military Training,軍事教育,Military Education,軍事教育,Military,軍事,MIL,,,,
,槍炮專,Military Training,軍事教育,Military Education,軍事教育,Military,軍事,MIL,,,,
步兵科,步兵科,Military Training,軍事教育,Military Education,軍事教育,Military,軍事,MIL,,,,
,步科,Military Training,軍事教育,Military Education,軍事教育,Military,軍事,MIL,,,,
,炮兵,Military Training,軍事教育,Military Education,軍事教育,Military,軍事,MIL,,,,
军事,軍事,Military Training,軍事教育,Military Education,軍事教育,Military,軍事,MIL,,,,
军事政治,軍事政治,Military Training,軍事教育,Military Education,軍事教育,Military,軍事,MIL,,,,
军队,軍隊,Military Training,軍事教育,Military Education,軍事教育,Military,軍事,MIL,,,,
,馬兵,Military Training,軍事教育,Military Education,軍事教育,Military,軍事,MIL,,,,
骑兵科,騎兵科,Military Training,軍事教育,Military Education,軍事教育,Military,軍事,MIL,,,,
中炉炼钢,中爐煉鋼,Mining and Metallurgy,採礦冶金學,Engineering Sciences,工程科學,Engineering,工程,ENG,,,,
冶金,冶金,Mining and Metallurgy,採礦冶金學,Engineering Sciences,工程科學,Engineering,工程,ENG,,,,
冶金学,冶金學,Mining and Metallurgy,採礦冶金學,Engineering Sciences,工程科學,Engineering,工程,ENG,,,,
冶金系,冶金系,Mining and Metallurgy,採礦冶金學,Engineering Sciences,工程科學,Engineering,工程,ENG,,,,
工本矿冶,工本礦冶,Mining and Metallurgy,採礦冶金學,Engineering Sciences,工程科學,Engineering,工程,ENG,,,,
工科采冶门,工科采冶門,Mining and Metallurgy,採礦冶金學,Engineering Sciences,工程科學,Engineering,工程,ENG,,,,
托专,托專,Mining and Metallurgy,採礦冶金學,Engineering Sciences,工程科學,Engineering,工程,ENG,,,,
採矿,採礦,Mining and Metallurgy,採礦冶金學,Engineering Sciences,工程科學,Engineering,工程,ENG,,,,
,採礦冶金,Mining and Metallurgy,採礦冶金學,Engineering Sciences,工程科學,Engineering,工程,ENG,,,,
採矿冶金科,採礦冶金科,Mining and Metallurgy,採礦冶金學,Engineering Sciences,工程科學,Engineering,工程,ENG,,,,
採矿学,採礦學,Mining and Metallurgy,採礦冶金學,Engineering Sciences,工程科學,Engineering,工程,ENG,,,,
採矿工程,採礦工程,Mining and Metallurgy,採礦冶金學,Engineering Sciences,工程科學,Engineering,工程,ENG,,,,
採矿工程系,採礦工程系,Mining and Metallurgy,採礦冶金學,Engineering Sciences,工程科學,Engineering,工程,ENG,,,,
探矿学,探礦學,Mining and Metallurgy,採礦冶金學,Engineering Sciences,工程科學,Engineering,工程,ENG,,,,
探矿专业,探礦專業,Mining and Metallurgy,採礦冶金學,Engineering Sciences,工程科學,Engineering,工程,ENG,,,,
探矿工程,探礦工程,Mining and Metallurgy,採礦冶金學,Engineering Sciences,工程科學,Engineering,工程,ENG,,,,
探矿工程学,探礦工程學,Mining and Metallurgy,採礦冶金學,Engineering Sciences,工程科學,Engineering,工程,ENG,,,,
探矿系,探礦系,Mining and Metallurgy,採礦冶金學,Engineering Sciences,工程科學,Engineering,工程,ENG,,,,
推销广告,推銷廣告,Mining and Metallurgy,採礦冶金學,Engineering Sciences,工程科學,Engineering,工程,ENG,,,,
有色金属,有色金屬,Mining and Metallurgy,採礦冶金學,Engineering Sciences,工程科學,Engineering,工程,ENG,,,,
有色金属及炼钢专业,有色金屬及煉鋼專業,Mining and Metallurgy,採礦冶金學,Engineering Sciences,工程科學,Engineering,工程,ENG,,,,
有色金属或炼铜专业,有色金屬或煉銅專業,Mining and Metallurgy,採礦冶金學,Engineering Sciences,工程科學,Engineering,工程,ENG,,,,
有色金属或炼钢专业,有色金屬或煉鋼專業,Mining and Metallurgy,採礦冶金學,Engineering Sciences,工程科學,Engineering,工程,ENG,,,,
炼油工程,煉油工程,Mining and Metallurgy,採礦冶金學,Engineering Sciences,工程科學,Engineering,工程,ENG,,,,
炼钢,煉鋼,Mining and Metallurgy,採礦冶金學,Engineering Sciences,工程科學,Engineering,工程,ENG,,,,
热处理,熱處理,Mining and Metallurgy,採礦冶金學,Engineering Sciences,工程科學,Engineering,工程,ENG,,,,
"理预
采冶","理預
采冶",Mining and Metallurgy,採礦冶金學,Engineering Sciences,工程科學,Engineering,工程,ENG,,,,
"理预
采冶门","理預
采冶門",Mining and Metallurgy,採礦冶金學,Engineering Sciences,工程科學,Engineering,工程,ENG,,,,
石油,石油,Mining and Metallurgy,採礦冶金學,Engineering Sciences,工程科學,Engineering,工程,ENG,,,,
石油及瓦斯工业,石油及瓦斯工業,Mining and Metallurgy,採礦冶金學,Engineering Sciences,工程科學,Engineering,工程,ENG,,,,
石油及瓦斯工业专业,石油及瓦斯工業專業,Mining and Metallurgy,採礦冶金學,Engineering Sciences,工程科學,Engineering,工程,ENG,,,,
石油炼制,石油煉制,Mining and Metallurgy,採礦冶金學,Engineering Sciences,工程科學,Engineering,工程,ENG,,,,
石油钻井,石油鑽井,Mining and Metallurgy,採礦冶金學,Engineering Sciences,工程科學,Engineering,工程,ENG,,,,
石油钻井专修科,石油鑽井專修科,Mining and Metallurgy,採礦冶金學,Engineering Sciences,工程科學,Engineering,工程,ENG,,,,
石油钻井专业,石油鑽井專業,Mining and Metallurgy,採礦冶金學,Engineering Sciences,工程科學,Engineering,工程,ENG,,,,
石油开采,石油開采,Mining and Metallurgy,採礦冶金學,Engineering Sciences,工程科學,Engineering,工程,ENG,,,,
矿,礦,Mining and Metallurgy,採礦冶金學,Engineering Sciences,工程科學,Engineering,工程,ENG,,,,
矿冶,礦冶,Mining and Metallurgy,採礦冶金學,Engineering Sciences,工程科學,Engineering,工程,ENG,,,,
矿冶工程,礦冶工程,Mining and Metallurgy,採礦冶金學,Engineering Sciences,工程科學,Engineering,工程,ENG,,,,
矿冶系,礦冶系,Mining and Metallurgy,採礦冶金學,Engineering Sciences,工程科學,Engineering,工程,ENG,,,,
矿业,礦業,Mining and Metallurgy,採礦冶金學,Engineering Sciences,工程科學,Engineering,工程,ENG,,,,
矿业系,礦業系,Mining and Metallurgy,採礦冶金學,Engineering Sciences,工程科學,Engineering,工程,ENG,,,,
,礦質工程,Mining and Metallurgy,採礦冶金學,Engineering Sciences,工程科學,Engineering,工程,ENG,,,,
扎钢专业,紮鋼專業,Mining and Metallurgy,採礦冶金學,Engineering Sciences,工程科學,Engineering,工程,ENG,,,,
轧钢,軋鋼,Mining and Metallurgy,採礦冶金學,Engineering Sciences,工程科學,Engineering,工程,ENG,,,,
轧钢系,軋鋼系,Mining and Metallurgy,採礦冶金學,Engineering Sciences,工程科學,Engineering,工程,ENG,,,,
选矿,選礦,Mining and Metallurgy,採礦冶金學,Engineering Sciences,工程科學,Engineering,工程,ENG,,,,
采冶,采冶,Mining and Metallurgy,採礦冶金學,Engineering Sciences,工程科學,Engineering,工程,ENG,,,,
采冶门,采冶門,Mining and Metallurgy,採礦冶金學,Engineering Sciences,工程科學,Engineering,工程,ENG,,,,
采矿,采礦,Mining and Metallurgy,採礦冶金學,Engineering Sciences,工程科學,Engineering,工程,ENG,,,,
采矿学,采礦學,Mining and Metallurgy,採礦冶金學,Engineering Sciences,工程科學,Engineering,工程,ENG,,,,
采矿学系,采礦學系,Mining and Metallurgy,採礦冶金學,Engineering Sciences,工程科學,Engineering,工程,ENG,,,,
采矿工程,采礦工程,Mining and Metallurgy,採礦冶金學,Engineering Sciences,工程科學,Engineering,工程,ENG,,,,
采矿工程学,采礦工程學,Mining and Metallurgy,採礦冶金學,Engineering Sciences,工程科學,Engineering,工程,ENG,,,,
采矿工程学系,采礦工程學系,Mining and Metallurgy,採礦冶金學,Engineering Sciences,工程科學,Engineering,工程,ENG,,,,
采矿系,采礦系,Mining and Metallurgy,採礦冶金學,Engineering Sciences,工程科學,Engineering,工程,ENG,,,,
金属切削,金屬切削,Mining and Metallurgy,採礦冶金學,Engineering Sciences,工程科學,Engineering,工程,ENG,,,,
金属切削及其工具,金屬切削及其工具,Mining and Metallurgy,採礦冶金學,Engineering Sciences,工程科學,Engineering,工程,ENG,,,,
金属切削及工具,金屬切削及工具,Mining and Metallurgy,採礦冶金學,Engineering Sciences,工程科學,Engineering,工程,ENG,,,,
金属切削机床及其工具,金屬切削機床及其工具,Mining and Metallurgy,採礦冶金學,Engineering Sciences,工程科學,Engineering,工程,ENG,,,,
金属切削机床及工具,金屬切削機床及工具,Mining and Metallurgy,採礦冶金學,Engineering Sciences,工程科學,Engineering,工程,ENG,,,,
金属压力加工及加工厂机,金屬壓力加工及加工廠機,Mining and Metallurgy,採礦冶金學,Engineering Sciences,工程科學,Engineering,工程,ENG,,,,
金属组,金屬組,Mining and Metallurgy,採礦冶金學,Engineering Sciences,工程科學,Engineering,工程,ENG,,,,
金属采矿,金屬采礦,Mining and Metallurgy,採礦冶金學,Engineering Sciences,工程科學,Engineering,工程,ENG,,,,
金工,金工,Mining and Metallurgy,採礦冶金學,Engineering Sciences,工程科學,Engineering,工程,ENG,,,,
金工工具,金工工具,Mining and Metallurgy,採礦冶金學,Engineering Sciences,工程科學,Engineering,工程,ENG,,,,
金相及热处理,金相及熱處理,Mining and Metallurgy,採礦冶金學,Engineering Sciences,工程科學,Engineering,工程,ENG,,,,
金相及热处理专业,金相及熱處理專業,Mining and Metallurgy,採礦冶金學,Engineering Sciences,工程科學,Engineering,工程,ENG,,,,
金相热处理,金相熱處理,Mining and Metallurgy,採礦冶金學,Engineering Sciences,工程科學,Engineering,工程,ENG,,,,
钢铁或有色金属,鋼鐵或有色金屬,Mining and Metallurgy,採礦冶金學,Engineering Sciences,工程科學,Engineering,工程,ENG,,,,
铸工,鑄工,Mining and Metallurgy,採礦冶金學,Engineering Sciences,工程科學,Engineering,工程,ENG,,,,
铸造工程,鑄造工程,Mining and Metallurgy,採礦冶金學,Engineering Sciences,工程科學,Engineering,工程,ENG,,,,
铸造工程专修科,鑄造工程專修科,Mining and Metallurgy,採礦冶金學,Engineering Sciences,工程科學,Engineering,工程,ENG,,,,
铸造机及其铸造工程,鑄造機及其鑄造工程,Mining and Metallurgy,採礦冶金學,Engineering Sciences,工程科學,Engineering,工程,ENG,,,,
铸造机及制造工程,鑄造機及制造工程,Mining and Metallurgy,採礦冶金學,Engineering Sciences,工程科學,Engineering,工程,ENG,,,,
铸造机及工制造工程,鑄造機及工制造工程,Mining and Metallurgy,採礦冶金學,Engineering Sciences,工程科學,Engineering,工程,ENG,,,,
钻井系,鑽井系,Mining and Metallurgy,採礦冶金學,Engineering Sciences,工程科學,Engineering,工程,ENG,,,,
电冶,電冶,Mining and Metallurgy,採礦冶金學,Engineering Sciences,工程科學,Engineering,工程,ENG,,,,
电冶专业,電冶專業,Mining and Metallurgy,採礦冶金學,Engineering Sciences,工程科學,Engineering,工程,ENG,,,,
电冶系,電冶系,Mining and Metallurgy,採礦冶金學,Engineering Sciences,工程科學,Engineering,工程,ENG,,,,
电冶组,電冶組,Mining and Metallurgy,採礦冶金學,Engineering Sciences,工程科學,Engineering,工程,ENG,,,,
电炉,電爐,Mining and Metallurgy,採礦冶金學,Engineering Sciences,工程科學,Engineering,工程,ENG,,,,
预科二   工本矿冶,預科二   工本礦冶,Mining and Metallurgy,採礦冶金學,Engineering Sciences,工程科學,Engineering,工程,ENG,,,,
预科二 采冶门,預科二 采冶門,Mining and Metallurgy,採礦冶金學,Engineering Sciences,工程科學,Engineering,工程,ENG,,,,
前艺术专门学校音乐系,前藝術專門學校音樂系,Music,音樂,Humanities,人文學科,Humanities and Social Sciences,人文社會科學,HUM,,,,
文学院音乐系,文學院音樂系,Music,音樂,Humanities,人文學科,Humanities and Social Sciences,人文社會科學,HUM,,,,
本院音乐系二年,本院音樂系二年,Music,音樂,Humanities,人文學科,Humanities and Social Sciences,人文社會科學,HUM,,,,
编级音乐系二年生,編級音樂系二年生,Music,音樂,Humanities,人文學科,Humanities and Social Sciences,人文社會科學,HUM,,,,
艺术科音乐系,藝術科音樂系,Music,音樂,Humanities,人文學科,Humanities and Social Sciences,人文社會科學,HUM,,,,
辽东学院音乐系,遼東學院音樂系,Music,音樂,Humanities,人文學科,Humanities and Social Sciences,人文社會科學,HUM,,,,
音乐,音樂,Music,音樂,Humanities,人文學科,Humanities and Social Sciences,人文社會科學,HUM,,,,
音乐*,音樂*,Music,音樂,Humanities,人文學科,Humanities and Social Sciences,人文社會科學,HUM,,,,
音乐二年,音樂二年,Music,音樂,Humanities,人文學科,Humanities and Social Sciences,人文社會科學,HUM,,,,
音乐教育,音樂教育,Music,音樂,Humanities,人文學科,Humanities and Social Sciences,人文社會科學,HUM,,,,
音乐系,音樂系,Music,音樂,Humanities,人文學科,Humanities and Social Sciences,人文社會科學,HUM,,,,
音乐系二年,音樂系二年,Music,音樂,Humanities,人文學科,Humanities and Social Sciences,人文社會科學,HUM,,,,
音乐系二年生,音樂系二年生,Music,音樂,Humanities,人文學科,Humanities and Social Sciences,人文社會科學,HUM,,,,
音乐系二年级,音樂系二年級,Music,音樂,Humanities,人文學科,Humanities and Social Sciences,人文社會科學,HUM,,,,
体育音乐系,體育音樂系,Music,音樂,Humanities,人文學科,Humanities and Social Sciences,人文社會科學,HUM,,,,
先修,先修,Other,其它,Other,其它,Other,其它,OTH,,,,
先修二年,先修二年,Other,其它,Other,其它,Other,其它,OTH,,,,
先修二年级,先修二年級,Other,其它,Other,其它,Other,其它,OTH,,,,
先修本二年生,先修本二年生,Other,其它,Other,其它,Other,其它,OTH,,,,
先修班,先修班,Other,其它,Other,其它,Other,其它,OTH,,,,
先修班（本年6月入学）,先修班（本年6月入學）,Other,其它,Other,其它,Other,其它,OTH,,,,
先修班2年,先修班2年,Other,其它,Other,其它,Other,其它,OTH,,,,
先修班一,先修班一,Other,其它,Other,其它,Other,其它,OTH,,,,
先修班一年,先修班一年,Other,其它,Other,其它,Other,其它,OTH,,,,
先修班一年生,先修班一年生,Other,其它,Other,其它,Other,其它,OTH,,,,
先修班一年级,先修班一年級,Other,其它,Other,其它,Other,其它,OTH,,,,
先修班二年,先修班二年,Other,其它,Other,其它,Other,其它,OTH,,,,
先修班二年级,先修班二年級,Other,其它,Other,其它,Other,其它,OTH,,,,
先修班文组,先修班文組,Other,其它,Other,其它,Other,其它,OTH,,,,
先修班混合组,先修班混合組,Other,其它,Other,其它,Other,其它,OTH,,,,
先修班理工组,先修班理工組,Other,其它,Other,其它,Other,其它,OTH,,,,
先修班第一教室,先修班第一教室,Other,其它,Other,其它,Other,其它,OTH,,,,
先修班第三教室,先修班第三教室,Other,其它,Other,其它,Other,其它,OTH,,,,
先修班第二教室,先修班第二教室,Other,其它,Other,其它,Other,其它,OTH,,,,
先修系,先修系,Other,其它,Other,其它,Other,其它,OTH,,,,
入本院先修班,入本院先修班,Other,其它,Other,其它,Other,其它,OTH,,,,
公民讯育,公民訊育,Other,其它,Other,其它,Other,其它,OTH,,,,
公民训育,公民訓育,Other,其它,Other,其它,Other,其它,OTH,,,,
公民训育学系,公民訓育學系,Other,其它,Other,其它,Other,其它,OTH,,,,
公民训育系,公民訓育系,Other,其它,Other,其它,Other,其它,OTH,,,,
公训,公訓,Other,其它,Other,其它,Other,其它,OTH,,,,
公路及汽车干路,公路及汽車幹路,Other,其它,Other,其它,Other,其它,OTH,,,,
最初先修班1年,最初先修班1年,Other,其它,Other,其它,Other,其它,OTH,,,,
原理学系,原理學系,Other,其它,Other,其它,Other,其它,OTH,,,,
合作,合作,Other,其它,Other,其它,Other,其它,OTH,,,,
合作学,合作學,Other,其它,Other,其它,Other,其它,OTH,,,,
合作社,合作社,Other,其它,Other,其它,Other,其它,OTH,,,,
合作科,合作科,Other,其它,Other,其它,Other,其它,OTH,,,,
合作系,合作系,Other,其它,Other,其它,Other,其它,OTH,,,,
国专,國專,Other,其它,Other,其它,Other,其它,OTH,,,,
图工科,圖工科,Other,其他,Other,其他,Other,其他,OTH,,,,
大学部,大學部,Other,其它,Other,其它,Other,其它,OTH,,,,
大学部本科,大學部本科,Other,其它,Other,其它,Other,其它,OTH,,,,
戊文,戊文,Other,其它,Other,其它,Other,其它,OTH,,,,
戊文组,戊文組,Other,其它,Other,其它,Other,其它,OTH,,,,
文理学院家政学系,文理學院家政學系,Other,其它,Other,其它,Other,其它,OTH,,,,
文理学院理学系,文理學院理學系,Other,其它,Other,其它,Other,其它,OTH,,,,
文算,文算,Other,其它,Other,其它,Other,其它,OTH,,,,
新制本科,新制本科,Other,其它,Other,其它,Other,其它,OTH,,,,
方法学系,方法學系,Other,其它,Other,其它,Other,其它,OTH,,,,
暖气通风,暖氣通風,Other,其它,Other,其它,Other,其它,OTH,,,,
沪新中学,滬新中學,Other,其它,Other,其它,Other,其它,OTH,,,,
理学系,理學系,Other,其它,Other,其它,Other,其它,OTH,,,,
旧制大学部,舊制大學部,Other,其它,Other,其它,Other,其它,OTH,,,,
旧制学部,舊制學部,Other,其它,Other,其它,Other,其它,OTH,,,,
旧制本科,舊制本科,Other,其它,Other,其它,Other,其它,OTH,,,,
旧学部,舊學部,Other,其它,Other,其它,Other,其它,OTH,,,,
警察,警察,Other,其它,Other,其它,Other,其它,OTH,,,,
附属优级选科,附屬優級選科,Other,其他,Other,其他,Other,其他,OTH,,,,
驾驶,駕駛,Other,其他,Other,其他,Other,其他,OTH,,,,
驾驶科,駕駛科,Other,其它,Other,其它,Other,其它,OTH,,,,
戏剧科,戲劇科,Performing Arts,表演藝術,Humanities,人文學科,Humanities and Social Sciences,人文社會科學,HUM,,,,
药,藥,Pharmacology,藥物學,Health Sciences,健康科學,Science,科學,BSC,,,,
理_药学,理_藥學,Pharmacology ,藥物學,Health Sciences,健康科學,Science,科學,BSC,,,,
药物,藥物,Pharmacology ,藥物學,Health Sciences,健康科學,Science,科學,BSC,,,,
PHILOSOPHY,PHILOSOPHY,Philosophy,哲學,Humanities,人文學科,Humanities and Social Sciences,人文社會科學,HUM,,,,
中国哲学,中國哲學,Philosophy,哲學,Humanities,人文學科,Humanities and Social Sciences,人文社會科學,HUM,,,,
伦理学,倫理學,Philosophy,哲學,Humanities,人文學科,Humanities and Social Sciences,人文社會科學,HUM,,,,
哲学,哲學,Philosophy,哲學,Humanities,人文學科,Humanities and Social Sciences,人文社會科學,HUM,,,,
"哲学
中国语言文学类研究生","哲學
中國語言文學類研究生",Philosophy,哲學,Humanities,人文學科,Humanities and Social Sciences,人文社會科學,HUM,,,,
"哲学
中文","哲學
中文",Philosophy,哲學,Humanities,人文學科,Humanities and Social Sciences,人文社會科學,HUM,,,,
"哲学
史学","哲學
史學",Philosophy,哲學,Humanities,人文學科,Humanities and Social Sciences,人文社會科學,HUM,,,,
"哲学
史学类研究生","哲學
史學類研究生",Philosophy,哲學,Humanities,人文學科,Humanities and Social Sciences,人文社會科學,HUM,,,,
"哲学
哲学组研究生","哲學
哲學組研究生",Philosophy,哲學,Humanities,人文學科,Humanities and Social Sciences,人文社會科學,HUM,,,,
"哲学
国文","哲學
國文",Philosophy,哲學,Humanities,人文學科,Humanities and Social Sciences,人文社會科學,HUM,,,,
"哲学
政治","哲學
政治",Philosophy,哲學,Humanities,人文學科,Humanities and Social Sciences,人文社會科學,HUM,,,,
"哲学
教育","哲學
教育",Philosophy,哲學,Humanities,人文學科,Humanities and Social Sciences,人文社會科學,HUM,,,,
"哲学
法律","哲學
法律",Philosophy,哲學,Humanities,人文學科,Humanities and Social Sciences,人文社會科學,HUM,,,,
"哲学
经济","哲學
經濟",Philosophy,哲學,Humanities,人文學科,Humanities and Social Sciences,人文社會科學,HUM,,,,
"哲学
英文","哲學
英文",Philosophy,哲學,Humanities,人文學科,Humanities and Social Sciences,人文社會科學,HUM,,,,
哲学 选,哲學 選,Philosophy,哲學,Humanities,人文學科,Humanities and Social Sciences,人文社會科學,HUM,,,,
哲学‘’,哲學‘’,Philosophy,哲學,Humanities,人文學科,Humanities and Social Sciences,人文社會科學,HUM,,,,
哲学（选）,哲學（選）,Philosophy,哲學,Humanities,人文學科,Humanities and Social Sciences,人文社會科學,HUM,,,,
哲学史组,哲學史組,Philosophy,哲學,Humanities,人文學科,Humanities and Social Sciences,人文社會科學,HUM,,,,
哲学学系,哲學學系,Philosophy,哲學,Humanities,人文學科,Humanities and Social Sciences,人文社會科學,HUM,,,,
哲学心理教育,哲學心理教育,Philosophy,哲學,Humanities,人文學科,Humanities and Social Sciences,人文社會科學,HUM,,,,
哲学教育学系,哲學教育學系,Philosophy,哲學,Humanities,人文學科,Humanities and Social Sciences,人文社會科學,HUM,,,,
哲学教育系,哲學教育系,Philosophy,哲學,Humanities,人文學科,Humanities and Social Sciences,人文社會科學,HUM,,,,
哲学研究所,哲學研究所,Philosophy,哲學,Humanities,人文學科,Humanities and Social Sciences,人文社會科學,HUM,,,,
哲学系,哲學系,Philosophy,哲學,Humanities,人文學科,Humanities and Social Sciences,人文社會科學,HUM,,,,
哲学系哲学史,哲學系哲學史,Philosophy,哲學,Humanities,人文學科,Humanities and Social Sciences,人文社會科學,HUM,,,,
哲学组,哲學組,Philosophy,哲學,Humanities,人文學科,Humanities and Social Sciences,人文社會科學,HUM,,,,
哲学组研究生,哲學組研究生,Philosophy,哲學,Humanities,人文學科,Humanities and Social Sciences,人文社會科學,HUM,,,,
哲学部,哲學部,Philosophy,哲學,Humanities,人文學科,Humanities and Social Sciences,人文社會科學,HUM,,,,
文史科哲学系,文史科哲學系,Philosophy,哲學,Humanities,人文學科,Humanities and Social Sciences,人文社會科學,HUM,,,,
文哲学系,文哲學系,Philosophy,哲學,Humanities,人文學科,Humanities and Social Sciences,人文社會科學,HUM,,,,
文学院哲学心理,文學院哲學心理,Philosophy,哲學,Humanities,人文學科,Humanities and Social Sciences,人文社會科學,HUM,,,,
文学院哲学心理教育系哲学组,文學院哲學心理教育系哲學組,Philosophy,哲學,Humanities,人文學科,Humanities and Social Sciences,人文社會科學,HUM,,,,
文学院哲学系,文學院哲學系,Philosophy,哲學,Humanities,人文學科,Humanities and Social Sciences,人文社會科學,HUM,,,,
文学院哲学系？社会系？,文學院哲學系？社會系？,Philosophy,哲學,Humanities,人文學科,Humanities and Social Sciences,人文社會科學,HUM,,,,
文学院哲学组,文學院哲學組,Philosophy,哲學,Humanities,人文學科,Humanities and Social Sciences,人文社會科學,HUM,,,,
文学院哲心教系哲学组,文學院哲心教系哲學組,Philosophy,哲學,Humanities,人文學科,Humanities and Social Sciences,人文社會科學,HUM,,,,
文本哲学,文本哲學,Philosophy,哲學,Humanities,人文學科,Humanities and Social Sciences,人文社會科學,HUM,,,,
文本哲学系,文本哲學系,Philosophy,哲學,Humanities,人文學科,Humanities and Social Sciences,人文社會科學,HUM,,,,
文科哲学,文科哲學,Philosophy,哲學,Humanities,人文學科,Humanities and Social Sciences,人文社會科學,HUM,,,,
文科哲学系,文科哲學系,Philosophy,哲學,Humanities,人文學科,Humanities and Social Sciences,人文社會科學,HUM,,,,
本科哲学系,本科哲學系,Philosophy,哲學,Humanities,人文學科,Humanities and Social Sciences,人文社會科學,HUM,,,,
理学院化工系转文学院哲心系哲学组,理學院化工系轉文學院哲心系哲學組,Philosophy,哲學,Humanities,人文學科,Humanities and Social Sciences,人文社會科學,HUM,,,,
"理预
哲学","理預
哲學",Philosophy,哲學,Humanities,人文學科,Humanities and Social Sciences,人文社會科學,HUM,,,,
"理预
哲学
英文","理預
哲學
英文",Philosophy,哲學,Humanities,人文學科,Humanities and Social Sciences,人文社會科學,HUM,,,,
联大哲学系,聯大哲學系,Philosophy,哲學,Humanities,人文學科,Humanities and Social Sciences,人文社會科學,HUM,,,,
放射线科研究所,放射線科研究所,Physics,物理學,Physical Sciences,物理科學,Science,科學,PSC,,,,
数学主系物理副系,數學主系物理副系,Physics,物理學,Physical Sciences,物理科學,Science,科學,PSC,,,,
文理_物理,文理_物理,Physics,物理學,Physical Sciences,物理科學,Science,科學,PSC,,,,
文理_物理学系,文理_物理學系,Physics,物理學,Physical Sciences,物理科學,Science,科學,PSC,,,,
文理学院物理学系,文理學院物理學系,Physics,物理學,Physical Sciences,物理科學,Science,科學,PSC,,,,
"暂不入系
物理","暫不入系
物理",Physics,物理學,Physical Sciences,物理科學,Science,科學,PSC,,,,
格致科,格致科,Physics,物理學,Physical Sciences,物理科學,Science,科學,PSC,,,,
物理,物理,Physics,物理學,Physical Sciences,物理科學,Science,科學,PSC,,,,
"物理
化学","物理
化學",Physics,物理學,Physical Sciences,物理科學,Science,科學,PSC,,,,
"物理
哲学","物理
哲學",Physics,物理學,Physical Sciences,物理科學,Science,科學,PSC,,,,
"物理
地质","物理
地質",Physics,物理學,Physical Sciences,物理科學,Science,科學,PSC,,,,
"物理
数学","物理
數學",Physics,物理學,Physical Sciences,物理科學,Science,科學,PSC,,,,
"物理
暂不入系","物理
暫不入系",Physics,物理學,Physical Sciences,物理科學,Science,科學,PSC,,,,
"物理
物理学部研究生","物理
物理學部研究生",Physics,物理學,Physical Sciences,物理科學,Science,科學,PSC,,,,
"物理
物理学部研究生（助教兼）","物理
物理學部研究生（助教兼）",Physics,物理學,Physical Sciences,物理科學,Science,科學,PSC,,,,
"物理
英文","物理
英文",Physics,物理學,Physical Sciences,物理科學,Science,科學,PSC,,,,
物理主系,物理主系,Physics,物理學,Physical Sciences,物理科學,Science,科學,PSC,,,,
物理主系：化学副系,物理主系：化學副系,Physics,物理學,Physical Sciences,物理科學,Science,科學,PSC,,,,
物理主系化学副系,物理主系化學副系,Physics,物理學,Physical Sciences,物理科學,Science,科學,PSC,,,,
物理学,物理學,Physics,物理學,Physical Sciences,物理科學,Science,科學,PSC,,,,
物理学系,物理學系,Physics,物理學,Physical Sciences,物理科學,Science,科學,PSC,,,,
物理学系 物理专业,物理學系 物理專業,Physics,物理學,Physical Sciences,物理科學,Science,科學,PSC,,,,
物理学部,物理學部,Physics,物理學,Physical Sciences,物理科學,Science,科學,PSC,,,,
"物理学部
究研生","物理學部
究研生",Physics,物理學,Physical Sciences,物理科學,Science,科學,PSC,,,,
物理学部研究生,物理學部研究生,Physics,物理學,Physical Sciences,物理科學,Science,科學,PSC,,,,
物理工程,物理工程,Physics,物理學,Physical Sciences,物理科學,Science,科學,PSC,,,,
物理数学,物理數學,Physics,物理學,Physical Sciences,物理科學,Science,科學,PSC,,,,
物理研究所,物理研究所,Physics,物理學,Physical Sciences,物理科學,Science,科學,PSC,,,,
物理系,物理系,Physics,物理學,Physical Sciences,物理科學,Science,科學,PSC,,,,
物理组,物理組,Physics,物理學,Physical Sciences,物理科學,Science,科學,PSC,,,,
理  物理,理  物理,Physics,物理學,Physical Sciences,物理科學,Science,科學,PSC,,,,
理 物理,理 物理,Physics,物理學,Physical Sciences,物理科學,Science,科學,PSC,,,,
理学系物理,理學系物理,Physics,物理學,Physical Sciences,物理科學,Science,科學,PSC,,,,
理学院数学系，后转入理学院物理系,理學院數學系，後轉入理學院物理系,Physics,物理學,Physical Sciences,物理科學,Science,科學,PSC,,,,
理学院数物理学系一年级,理學院數物理學系一年級,Physics,物理學,Physical Sciences,物理科學,Science,科學,PSC,,,,
理学院物理学,理學院物理學,Physics,物理學,Physical Sciences,物理科學,Science,科學,PSC,,,,
理学院物理学系,理學院物理學系,Physics,物理學,Physical Sciences,物理科學,Science,科學,PSC,,,,
理学院物理学系一年级,理學院物理學系一年級,Physics,物理學,Physical Sciences,物理科學,Science,科學,PSC,,,,
理学院物理学系二年级,理學院物理學系二年級,Physics,物理學,Physical Sciences,物理科學,Science,科學,PSC,,,,
理学院物理学院,理學院物理學院,Physics,物理學,Physical Sciences,物理科學,Science,科學,PSC,,,,
理学院物理研究所,理學院物理研究所,Physics,物理學,Physical Sciences,物理科學,Science,科學,PSC,,,,
理学院物理系,理學院物理系,Physics,物理學,Physical Sciences,物理科學,Science,科學,PSC,,,,
理学院物理系一年级,理學院物理系一年級,Physics,物理學,Physical Sciences,物理科學,Science,科學,PSC,,,,
理学院电专科，后转入理学院物理系,理學院電專科，後轉入理學院物理系,Physics,物理學,Physical Sciences,物理科學,Science,科學,PSC,,,,
理工学院物理学系,理工學院物理學系,Physics,物理學,Physical Sciences,物理科學,Science,科學,PSC,,,,
理工学院物理系,理工學院物理系,Physics,物理學,Physical Sciences,物理科學,Science,科學,PSC,,,,
理本物理,理本物理,Physics,物理學,Physical Sciences,物理科學,Science,科學,PSC,,,,
理物学系,理物學系,Physics,物理學,Physical Sciences,物理科學,Science,科學,PSC,,,,
理物理,理物理,Physics,物理學,Physical Sciences,物理科學,Science,科學,PSC,,,,
理科物理系,理科物理系,Physics,物理學,Physical Sciences,物理科學,Science,科學,PSC,,,,
理科研究所物理部,理科研究所物理部,Physics,物理學,Physical Sciences,物理科學,Science,科學,PSC,,,,
"理预
物理","理預
物理",Physics,物理學,Physical Sciences,物理科學,Science,科學,PSC,,,,
"理预
物理
英文","理預
物理
英文",Physics,物理學,Physical Sciences,物理科學,Science,科學,PSC,,,,
理预物理,理預物理,Physics,物理學,Physical Sciences,物理科學,Science,科學,PSC,,,,
自然科物理系,自然科物理系,Physics,物理學,Physical Sciences,物理科學,Science,科學,PSC,,,,
电信专修科,電信專修科,Physics,物理學,Physical Sciences,物理科學,Science,科學,PSC,,,,
预甲物理,預甲物理,Physics,物理學,Physical Sciences,物理科學,Science,科學,PSC,,,,
生理,生理,Physiology,生理學,Health Sciences,健康科學,Science,科學,PSC,,,,
生理科,生理科,Physiology,生理學,Health Sciences,健康科學,Science,科學,PSC,,,,
生理系,生理系,Physiology,生理學,Health Sciences,健康科學,Science,科學,PSC,,,,
前艺专文学系，后入本学院政经系,前藝專文學系，後入本學院政經系,Political Economy,政治經濟學,Social Sciences,社會科學,Humanities and Social Sciences,人文社會科學,SSC,,,,
政治经济,政治經濟,Political Economy,政治經濟學,Social Sciences,社會科學,Humanities and Social Sciences,人文社會科學,SSC,,,,
政治经济学，1年级,政治經濟學，1年級,Political Economy,政治經濟學,Social Sciences,社會科學,Humanities and Social Sciences,人文社會科學,SSC,,,,
政治经济系,政治經濟系,Political Economy,政治經濟學,Social Sciences,社會科學,Humanities and Social Sciences,人文社會科學,SSC,,,,
政经一年乙班,政經一年乙班,Political Economy,政治經濟學,Social Sciences,社會科學,Humanities and Social Sciences,人文社會科學,SSC,,,,
政经一年生,政經一年生,Political Economy,政治經濟學,Social Sciences,社會科學,Humanities and Social Sciences,人文社會科學,SSC,,,,
政经史地,政經史地,Political Economy,政治經濟學,Social Sciences,社會科學,Humanities and Social Sciences,人文社會科學,SSC,,,,
政经学,政經學,Political Economy,政治經濟學,Social Sciences,社會科學,Humanities and Social Sciences,人文社會科學,SSC,,,,
政经学系2,政經學系2,Political Economy,政治經濟學,Social Sciences,社會科學,Humanities and Social Sciences,人文社會科學,SSC,,,,
政经学系一年生,政經學系一年生,Political Economy,政治經濟學,Social Sciences,社會科學,Humanities and Social Sciences,人文社會科學,SSC,,,,
政经专修科,政經專修科,Political Economy,政治經濟學,Social Sciences,社會科學,Humanities and Social Sciences,人文社會科學,SSC,,,,
政经济,政經濟,Political Economy,政治經濟學,Social Sciences,社會科學,Humanities and Social Sciences,人文社會科學,SSC,,,,
政经科,政經科,Political Economy,政治經濟學,Social Sciences,社會科學,Humanities and Social Sciences,人文社會科學,SSC,,,,
政经系,政經系,Political Economy,政治經濟學,Social Sciences,社會科學,Humanities and Social Sciences,人文社會科學,SSC,,,,
政经系1年,政經系1年,Political Economy,政治經濟學,Social Sciences,社會科學,Humanities and Social Sciences,人文社會科學,SSC,,,,
政经系1年乙班,政經系1年乙班,Political Economy,政治經濟學,Social Sciences,社會科學,Humanities and Social Sciences,人文社會科學,SSC,,,,
政经系2年,政經系2年,Political Economy,政治經濟學,Social Sciences,社會科學,Humanities and Social Sciences,人文社會科學,SSC,,,,
政经系一年,政經系一年,Political Economy,政治經濟學,Social Sciences,社會科學,Humanities and Social Sciences,人文社會科學,SSC,,,,
政经系一年B班,政經系一年B班,Political Economy,政治經濟學,Social Sciences,社會科學,Humanities and Social Sciences,人文社會科學,SSC,,,,
政经系一年乙班,政經系一年乙班,Political Economy,政治經濟學,Social Sciences,社會科學,Humanities and Social Sciences,人文社會科學,SSC,,,,
政经系一年生,政經系一年生,Political Economy,政治經濟學,Social Sciences,社會科學,Humanities and Social Sciences,人文社會科學,SSC,,,,
政经系一年级,政經系一年級,Political Economy,政治經濟學,Social Sciences,社會科學,Humanities and Social Sciences,人文社會科學,SSC,,,,
政经系乙班,政經系乙班,Political Economy,政治經濟學,Social Sciences,社會科學,Humanities and Social Sciences,人文社會科學,SSC,,,,
政经系二学年,政經系二學年,Political Economy,政治經濟學,Social Sciences,社會科學,Humanities and Social Sciences,人文社會科學,SSC,,,,
政经系二年,政經系二年,Political Economy,政治經濟學,Social Sciences,社會科學,Humanities and Social Sciences,人文社會科學,SSC,,,,
政经系二年生,政經系二年生,Political Economy,政治經濟學,Social Sciences,社會科學,Humanities and Social Sciences,人文社會科學,SSC,,,,
政经系二年级,政經系二年級,Political Economy,政治經濟學,Social Sciences,社會科學,Humanities and Social Sciences,人文社會科學,SSC,,,,
政经系准予升级二年,政經系准予升級二年,Political Economy,政治經濟學,Social Sciences,社會科學,Humanities and Social Sciences,人文社會科學,SSC,,,,
政经系经济专修科二年,政經系經濟專修科二年,Political Economy,政治經濟學,Social Sciences,社會科學,Humanities and Social Sciences,人文社會科學,SSC,,,,
文学院，政治经济系,文學院，政治經濟系,Political Economy,政治經濟學,Social Sciences,社會科學,Humanities and Social Sciences,人文社會科學,SSC,,,,
Eco.&Pol.Science,Eco.&Pol.Science,Political science,政治學,Social Sciences,社會科學,Humanities and Social Sciences,人文社會科學,SSC,,,,
POLITIAL SCIENCE,POLITICAL SCIENCE,Political Science,政治學,Social Sciences,社會科學,Humanities and Social Sciences,人文社會科學,SSC,,,,
国际关系,國際關系,Political science,政治學,Social Sciences,社會科學,Humanities and Social Sciences,人文社會科學,SSC,,,,
,外交,Political science,政治學,Social Sciences,社會科學,Humanities and Social Sciences,人文社會科學,SSC,,,,
,市政,Political science,政治學,Social Sciences,社會科學,Humanities and Social Sciences,人文社會科學,SSC,,,,
政,政,Political science,政治學,Social Sciences,社會科學,Humanities and Social Sciences,人文社會科學,SSC,,,,
政一,政一,Political science,政治學,Social Sciences,社會科學,Humanities and Social Sciences,人文社會科學,SSC,,,,
政一乙,政一乙,Political science,政治學,Social Sciences,社會科學,Humanities and Social Sciences,人文社會科學,SSC,,,,
政三,政三,Political science,政治學,Social Sciences,社會科學,Humanities and Social Sciences,人文社會科學,SSC,,,,
政二年,政二年,Political science,政治學,Social Sciences,社會科學,Humanities and Social Sciences,人文社會科學,SSC,,,,
政学,政學,Political science,政治學,Social Sciences,社會科學,Humanities and Social Sciences,人文社會科學,SSC,,,,
政治,政治,Political science,政治學,Social Sciences,社會科學,Humanities and Social Sciences,人文社會科學,SSC,,,,
"政治
史学","政治
史學",Political science,政治學,Social Sciences,社會科學,Humanities and Social Sciences,人文社會科學,SSC,,,,
"政治
国文","政治
國文",Political science,政治學,Social Sciences,社會科學,Humanities and Social Sciences,人文社會科學,SSC,,,,
"政治
政治学类
研究生","政治
政治學類
研究生",Political science,政治學,Social Sciences,社會科學,Humanities and Social Sciences,人文社會科學,SSC,,,,
"政治
教育","政治
教育",Political science,政治學,Social Sciences,社會科學,Humanities and Social Sciences,人文社會科學,SSC,,,,
"政治
法律","政治
法律",Political science,政治學,Social Sciences,社會科學,Humanities and Social Sciences,人文社會科學,SSC,,,,
"政治
经济","政治
經濟",Political science,政治學,Social Sciences,社會科學,Humanities and Social Sciences,人文社會科學,SSC,,,,
"政治
英文","政治
英文",Political science,政治學,Social Sciences,社會科學,Humanities and Social Sciences,人文社會科學,SSC,,,,
"政治
预科二","政治
預科二",Political science,政治學,Social Sciences,社會科學,Humanities and Social Sciences,人文社會科學,SSC,,,,
政治 一年,政治 一年,Political science,政治學,Social Sciences,社會科學,Humanities and Social Sciences,人文社會科學,SSC,,,,
政治，2年级期满,政治，2年級期滿,Political science,政治學,Social Sciences,社會科學,Humanities and Social Sciences,人文社會科學,SSC,,,,
政治一年,政治一年,Political science,政治學,Social Sciences,社會科學,Humanities and Social Sciences,人文社會科學,SSC,,,,
政治主系史学副系,政治主系史學副系,Political science,政治學,Social Sciences,社會科學,Humanities and Social Sciences,人文社會科學,SSC,,,,
政治主系史学经济副系,政治主系史學經濟副系,Political science,政治學,Social Sciences,社會科學,Humanities and Social Sciences,人文社會科學,SSC,,,,
政治二年,政治二年,Political science,政治學,Social Sciences,社會科學,Humanities and Social Sciences,人文社會科學,SSC,,,,
政治制度,政治制度,Political science,政治學,Social Sciences,社會科學,Humanities and Social Sciences,人文社會科學,SSC,,,,
政治学,政治學,Political science,政治學,Social Sciences,社會科學,Humanities and Social Sciences,人文社會科學,SSC,,,,
政治学系,政治學系,Political science,政治學,Social Sciences,社會科學,Humanities and Social Sciences,人文社會科學,SSC,,,,
政治学系一年,政治學系一年,Political science,政治學,Social Sciences,社會科學,Humanities and Social Sciences,人文社會科學,SSC,,,,
政治学系二年,政治學系二年,Political science,政治學,Social Sciences,社會科學,Humanities and Social Sciences,人文社會科學,SSC,,,,
政治研究,政治研究,Political science,政治學,Social Sciences,社會科學,Humanities and Social Sciences,人文社會科學,SSC,,,,
政治研究所,政治研究所,Political science,政治學,Social Sciences,社會科學,Humanities and Social Sciences,人文社會科學,SSC,,,,
政治科,政治科,Political science,政治學,Social Sciences,社會科學,Humanities and Social Sciences,人文社會科學,SSC,,,,
政治科，1年级（完3）,政治科，1年級（完3）,Political science,政治學,Social Sciences,社會科學,Humanities and Social Sciences,人文社會科學,SSC,,,,
政治科，3年级,政治科，3年級,Political science,政治學,Social Sciences,社會科學,Humanities and Social Sciences,人文社會科學,SSC,,,,
政治系,政治系,Political science,政治學,Social Sciences,社會科學,Humanities and Social Sciences,人文社會科學,SSC,,,,
政治系一年,政治系一年,Political science,政治學,Social Sciences,社會科學,Humanities and Social Sciences,人文社會科學,SSC,,,,
政治系三年,政治系三年,Political science,政治學,Social Sciences,社會科學,Humanities and Social Sciences,人文社會科學,SSC,,,,
政治系二年,政治系二年,Political science,政治學,Social Sciences,社會科學,Humanities and Social Sciences,人文社會科學,SSC,,,,
文学院政治学,文學院政治學,Political science,政治學,Social Sciences,社會科學,Humanities and Social Sciences,人文社會科學,SSC,,,,
文学院政治学系,文學院政治學系,Political science,政治學,Social Sciences,社會科學,Humanities and Social Sciences,人文社會科學,SSC,,,,
文学院政治系,文學院政治系,Political science,政治學,Social Sciences,社會科學,Humanities and Social Sciences,人文社會科學,SSC,,,,
文学院历史政治学系,文學院曆史政治學系,Political science,政治學,Social Sciences,社會科學,Humanities and Social Sciences,人文社會科學,SSC,,,,
文法学政治系二年级,文法學政治系二年級,Political science,政治學,Social Sciences,社會科學,Humanities and Social Sciences,人文社會科學,SSC,,,,
文法学院 政治学系,文法學院 政治學系,Political science,政治學,Social Sciences,社會科學,Humanities and Social Sciences,人文社會科學,SSC,,,,
文法学院中国政治学系一年级,文法學院中國政治學系一年級,Political science,政治學,Social Sciences,社會科學,Humanities and Social Sciences,人文社會科學,SSC,,,,
文法学院政治学系,文法學院政治學系,Political science,政治學,Social Sciences,社會科學,Humanities and Social Sciences,人文社會科學,SSC,,,,
文法学院政治学系一年级,文法學院政治學系一年級,Political science,政治學,Social Sciences,社會科學,Humanities and Social Sciences,人文社會科學,SSC,,,,
文法学院政治学系三年级,文法學院政治學系三年級,Political science,政治學,Social Sciences,社會科學,Humanities and Social Sciences,人文社會科學,SSC,,,,
文法学院政治学系二年级,文法學院政治學系二年級,Political science,政治學,Social Sciences,社會科學,Humanities and Social Sciences,人文社會科學,SSC,,,,
文法学院政治系四年级,文法學院政治系四年級,Political science,政治學,Social Sciences,社會科學,Humanities and Social Sciences,人文社會科學,SSC,,,,
文法院政治三,文法院政治三,Political science,政治學,Social Sciences,社會科學,Humanities and Social Sciences,人文社會科學,SSC,,,,
文理学院政治学系,文理學院政治學系,Political science,政治學,Social Sciences,社會科學,Humanities and Social Sciences,人文社會科學,SSC,,,,
文科政治系,文科政治系,Political science,政治學,Social Sciences,社會科學,Humanities and Social Sciences,人文社會科學,SSC,,,,
文院历政治系,文院曆政治系,Political science,政治學,Social Sciences,社會科學,Humanities and Social Sciences,人文社會科學,SSC,,,,
"暂不入系
政治","暫不入系
政治",Political Science,政治學,Social Sciences,社會科學,Humanities and Social Sciences,人文社會科學,SSC,,,,
本校政治系一年,本校政治系一年,Political science,政治學,Social Sciences,社會科學,Humanities and Social Sciences,人文社會科學,SSC,,,,
法_政治,法_政治,Political Science,政治學,Social Sciences,社會科學,Humanities and Social Sciences,人文社會科學,SSC,,,,
法学院中国政治学系一年级,法學院中國政治學系一年級,Political science,政治學,Social Sciences,社會科學,Humanities and Social Sciences,人文社會科學,SSC,,,,
法学院政治学系,法學院政治學系,Political science,政治學,Social Sciences,社會科學,Humanities and Social Sciences,人文社會科學,SSC,,,,
法学院政治学系一年级,法學院政治學系一年級,Political science,政治學,Social Sciences,社會科學,Humanities and Social Sciences,人文社會科學,SSC,,,,
法学院政治学系三年级,法學院政治學系三年級,Political science,政治學,Social Sciences,社會科學,Humanities and Social Sciences,人文社會科學,SSC,,,,
法学院政治学系二下年级,法學院政治學系二下年級,Political science,政治學,Social Sciences,社會科學,Humanities and Social Sciences,人文社會科學,SSC,,,,
法学院政治学系二年级,法學院政治學系二年級,Political science,政治學,Social Sciences,社會科學,Humanities and Social Sciences,人文社會科學,SSC,,,,
法学院政治系,法學院政治系,Political science,政治學,Social Sciences,社會科學,Humanities and Social Sciences,人文社會科學,SSC,,,,
法学院政治系二年,法學院政治系二年,Political science,政治學,Social Sciences,社會科學,Humanities and Social Sciences,人文社會科學,SSC,,,,
法学院政治系二年级,法學院政治系二年級,Political science,政治學,Social Sciences,社會科學,Humanities and Social Sciences,人文社會科學,SSC,,,,
法库政治学系二年,法庫政治學系二年,Political science,政治學,Social Sciences,社會科學,Humanities and Social Sciences,人文社會科學,SSC,,,,
法律政治,法律政治,Political science,政治學,Social Sciences,社會科學,Humanities and Social Sciences,人文社會科學,SSC,,,,
法政大学专门部,法政大學專門部,Political science,政治學,Social Sciences,社會科學,Humanities and Social Sciences,人文社會科學,SSC,,,,
法政科,法政科,Political science,政治學,Social Sciences,社會科學,Humanities and Social Sciences,人文社會科學,SSC,,,,
法本政治,法本政治,Political science,政治學,Social Sciences,社會科學,Humanities and Social Sciences,人文社會科學,SSC,,,,
法科政治学系,法科政治學系,Political science,政治學,Social Sciences,社會科學,Humanities and Social Sciences,人文社會科學,SSC,,,,
法院政治系,法院政治系,Political science,政治學,Social Sciences,社會科學,Humanities and Social Sciences,人文社會科學,SSC,,,,
法预 政治,法預 政治,Political Science,政治學,Social Sciences,社會科學,Humanities and Social Sciences,人文社會科學,SSC,,,,
,行政學,Political science,政治學,Social Sciences,社會科學,Humanities and Social Sciences,人文社會科學,SSC,,,,
预乙 政治,預乙 政治,Political Science,政治學,Social Sciences,社會科學,Humanities and Social Sciences,人文社會科學,SSC,,,,
预乙政治,預乙政治,Political science,政治學,Social Sciences,社會科學,Humanities and Social Sciences,人文社會科學,SSC,,,,
预科一 法本政治,預科一 法本政治,Political Science,政治學,Social Sciences,社會科學,Humanities and Social Sciences,人文社會科學,SSC,,,,
"优 师范科
农化","優 師範科
農化",Preparatory,預備科,Other,其他,Other,其他,OTH,,,,
大学预科,大學預科,Preparatory,預備科,Preparatory,預備科,Preparatory,預備科,OTH,,,,
"文预科
哲学","文預科
哲學",Preparatory,預備科,Preparatory,預備科,Preparatory,預備科,OTH,,,,
新制预科,新制預科,Preparatory,預備科,Preparatory,預備科,Preparatory,預備科,OTH,,,,
理预科，2年级,理預科，2年級,Preparatory,預備科,Other,其他,Other,其他,OTH,,,,
预一,預一,Preparatory,預備科,Preparatory,預備科,Preparatory,預備科,OTH,,,,
预一部,預一部,Preparatory,預備科,Preparatory,預備科,Preparatory,預備科,OTH,,,,
"预一部
政治","預一部
政治",Preparatory,預備科,Preparatory,預備科,Preparatory,預備科,OTH,,,,
"预一部
经济","預一部
經濟",Preparatory,預備科,Preparatory,預備科,Preparatory,預備科,OTH,,,,
预乙,預乙,Preparatory,預備科,Preparatory,預備科,Preparatory,預備科,OTH,,,,
"预乙
俄文","預乙
俄文",Preparatory,預備科,Preparatory,預備科,Preparatory,預備科,OTH,,,,
"预乙
史学","預乙
史學",Preparatory,預備科,Preparatory,預備科,Preparatory,預備科,OTH,,,,
"预乙
哲学","預乙
哲學",Preparatory,預備科,Preparatory,預備科,Preparatory,預備科,OTH,,,,
"预乙
哲学
政治","預乙
哲學
政治",Preparatory,預備科,Preparatory,預備科,Preparatory,預備科,OTH,,,,
"预乙
哲学
政治
经济","預乙
哲學
政治
經濟",Preparatory,預備科,Preparatory,預備科,Preparatory,預備科,OTH,,,,
"预乙
国文","預乙
國文",Preparatory,預備科,Preparatory,預備科,Preparatory,預備科,OTH,,,,
"预乙
国文
史学","預乙
國文
史學",Preparatory,預備科,Preparatory,預備科,Preparatory,預備科,OTH,,,,
"预乙
地质","預乙
地質",Preparatory,預備科,Preparatory,預備科,Preparatory,預備科,OTH,,,,
"预乙
外语","預乙
外語",Preparatory,預備科,Preparatory,預備科,Preparatory,預備科,OTH,,,,
"预乙
德文","預乙
德文",Preparatory,預備科,Preparatory,預備科,Preparatory,預備科,OTH,,,,
"预乙
心理","預乙
心理",Preparatory,預備科,Preparatory,預備科,Preparatory,預備科,OTH,,,,
"预乙
心理
哲学","預乙
心理
哲學",Preparatory,預備科,Preparatory,預備科,Preparatory,預備科,OTH,,,,
"预乙
政治","預乙
政治",Preparatory,預備科,Preparatory,預備科,Preparatory,預備科,OTH,,,,
"预乙
政治
国文","預乙
政治
國文",Preparatory,預備科,Preparatory,預備科,Preparatory,預備科,OTH,,,,
"预乙
教育","預乙
教育",Preparatory,預備科,Preparatory,預備科,Preparatory,預備科,OTH,,,,
"预乙
法律","預乙
法律",Preparatory,預備科,Preparatory,預備科,Preparatory,預備科,OTH,,,,
"预乙
法律
史学","預乙
法律
史學",Preparatory,預備科,Preparatory,預備科,Preparatory,預備科,OTH,,,,
"预乙
法文","預乙
法文",Preparatory,預備科,Preparatory,預備科,Preparatory,預備科,OTH,,,,
"预乙
经济","預乙
經濟",Preparatory,預備科,Preparatory,預備科,Preparatory,預備科,OTH,,,,
"预乙
经济
法律","預乙
經濟
法律",Preparatory,預備科,Preparatory,預備科,Preparatory,預備科,OTH,,,,
"预乙
英文","預乙
英文",Preparatory,預備科,Preparatory,預備科,Preparatory,預備科,OTH,,,,
"预乙
英文
国文","預乙
英文
國文",Preparatory,預備科,Preparatory,預備科,Preparatory,預備科,OTH,,,,
"预乙
英文
政治","預乙
英文
政治",Preparatory,預備科,Preparatory,預備科,Preparatory,預備科,OTH,,,,
"预乙
西文","預乙
西文",Preparatory,預備科,Preparatory,預備科,Preparatory,預備科,OTH,,,,
"预乙
预甲","預乙
預甲",Preparatory,預備科,Preparatory,預備科,Preparatory,預備科,OTH,,,,
"预乙
预甲
化学","預乙
預甲
化學",Preparatory,預備科,Preparatory,預備科,Preparatory,預備科,OTH,,,,
预乙 经济 国文,預乙 經濟 國文,Preparatory,預備科,Humanities,預備科,Preparatory,預備科,OTH,,,,
预二,預二,Preparatory,預備科,Humanities,預備科,Preparatory,預備科,OTH,,,,
"预二
地质","預二
地質",Preparatory,預備科,Humanities,預備科,Preparatory,預備科,OTH,,,,
"预二
政治","預二
政治",Preparatory,預備科,Humanities,預備科,Preparatory,預備科,OTH,,,,
预二部,預二部,Preparatory,預備科,Humanities,預備科,Preparatory,預備科,OTH,,,,
"预二部
国文","預二部
國文",Preparatory,預備科,Humanities,預備科,Preparatory,預備科,OTH,,,,
"预二部
探治","預二部
探治",Preparatory,預備科,Humanities,預備科,Preparatory,預備科,OTH,,,,
"预二部
采冶","預二部
采冶",Preparatory,預備科,Humanities,預備科,Preparatory,預備科,OTH,,,,
预备,預備,Preparatory,預備科,Humanities,預備科,Preparatory,預備科,OTH,,,,
预备科,預備科,Preparatory,預備科,Humanities,預備科,Preparatory,預備科,OTH,,,,
"预备科
土木","預備科
土木",Preparatory,預備科,Humanities,預備科,Preparatory,預備科,OTH,,,,
"预备科
法律","預備科
法律",Preparatory,預備科,Humanities,預備科,Preparatory,預備科,OTH,,,,
"预备科
矿冶","預備科
礦冶",Preparatory,預備科,Humanities,預備科,Preparatory,預備科,OTH,,,,
"预备科 
法律","預備科 
法律",Preparatory,預備科,Humanities,預備科,Preparatory,預備科,OTH,,,,
预工,預工,Preparatory,預備科,Humanities,預備科,Preparatory,預備科,OTH,,,,
"预文
国文","預文
國文",Preparatory,預備科,Humanities,預備科,Preparatory,預備科,OTH,,,,
"预理
数学","預理
數學",Preparatory,預備科,Humanities,預備科,Preparatory,預備科,OTH,,,,
预理科,預理科,Preparatory,預備科,Humanities,預備科,Preparatory,預備科,OTH,,,,
预甲,預甲,Preparatory,預備科,Humanities,預備科,Preparatory,預備科,OTH,,,,
"预甲
化学","預甲
化學",Preparatory,預備科,Humanities,預備科,Preparatory,預備科,OTH,,,,
"预甲
化学
教育","預甲
化學
教育",Preparatory,預備科,Humanities,預備科,Preparatory,預備科,OTH,,,,
"预甲
化学
物理
地质","預甲
化學
物理
地質",Preparatory,預備科,Humanities,預備科,Preparatory,預備科,OTH,,,,
"预甲
化学
经济","預甲
化學
經濟",Preparatory,預備科,Humanities,預備科,Preparatory,預備科,OTH,,,,
"预甲
史学","預甲
史學",Preparatory,預備科,Humanities,預備科,Preparatory,預備科,OTH,,,,
"预甲
哲学","預甲
哲學",Preparatory,預備科,Humanities,預備科,Preparatory,預備科,OTH,,,,
"预甲
国文","預甲
國文",Preparatory,預備科,Humanities,預備科,Preparatory,預備科,OTH,,,,
"预甲
地质","預甲
地質",Preparatory,預備科,Humanities,預備科,Preparatory,預備科,OTH,,,,
"预甲
地质
数学","預甲
地質
數學",Preparatory,預備科,Humanities,預備科,Preparatory,預備科,OTH,,,,
"预甲
政治","預甲
政治",Preparatory,預備科,Humanities,預備科,Preparatory,預備科,OTH,,,,
"预甲
教育","預甲
教育",Preparatory,預備科,Humanities,預備科,Preparatory,預備科,OTH,,,,
"预甲
数学","預甲
數學",Preparatory,預備科,Humanities,預備科,Preparatory,預備科,OTH,,,,
"预甲
物理","預甲
物理",Preparatory,預備科,Humanities,預備科,Preparatory,預備科,OTH,,,,
"预甲
物理
教育","預甲
物理
教育",Preparatory,預備科,Humanities,預備科,Preparatory,預備科,OTH,,,,
"预甲
生物","預甲
生物",Preparatory,預備科,Humanities,預備科,Preparatory,預備科,OTH,,,,
"预甲
经济","預甲
經濟",Preparatory,預備科,Humanities,預備科,Preparatory,預備科,OTH,,,,
"预甲
经济
教育","預甲
經濟
教育",Preparatory,預備科,Humanities,預備科,Preparatory,預備科,OTH,,,,
"预甲
英文","預甲
英文",Preparatory,預備科,Humanities,預備科,Preparatory,預備科,OTH,,,,
"预甲
预乙","預甲
預乙",Preparatory,預備科,Humanities,預備科,Preparatory,預備科,OTH,,,,
"预甲
预乙

史学","預甲
預乙

史學",Preparatory,預備科,Humanities,預備科,Preparatory,預備科,OTH,,,,
"预甲
预乙
法律","預甲
預乙
法律",Preparatory,預備科,Humanities,預備科,Preparatory,預備科,OTH,,,,
"预甲 
物理","預甲 
物理",Preparatory,預備科,Humanities,預備科,Preparatory,預備科,OTH,,,,
"预甲 
物理
教育","預甲 
物理
教育",Preparatory,預備科,Humanities,預備科,Preparatory,預備科,OTH,,,,
预甲  预乙,預甲  預乙,Preparatory,預備科,Humanities,預備科,Preparatory,預備科,OTH,,,,
预科,預科,Preparatory,預備科,Humanities,預備科,Preparatory,預備科,OTH,,,,
"预科
土木","預科
土木",Preparatory,預備科,Humanities,預備科,Preparatory,預備科,OTH,,,,
"预科
地质","預科
地質",Preparatory,預備科,Humanities,預備科,Preparatory,預備科,OTH,,,,
"预科
工本矿冶","預科
工本礦冶",Preparatory,預備科,Humanities,預備科,Preparatory,預備科,OTH,,,,
"预科
工科","預科
工科",Preparatory,預備科,Humanities,預備科,Preparatory,預備科,OTH,,,,
"预科
法律","預科
法律",Preparatory,預備科,Humanities,預備科,Preparatory,預備科,OTH,,,,
"预科
法本法律","預科
法本法律",Preparatory,預備科,Humanities,預備科,Preparatory,預備科,OTH,,,,
"预科
法科","預科
法科",Preparatory,預備科,Humanities,預備科,Preparatory,預備科,OTH,,,,
"预科
法预","預科
法預",Preparatory,預備科,Humanities,預備科,Preparatory,預備科,OTH,,,,
"预科
物理数学","預科
物理數學",Preparatory,預備科,Humanities,預備科,Preparatory,預備科,OTH,,,,
"预科
理科","預科
理科",Preparatory,預備科,Humanities,預備科,Preparatory,預備科,OTH,,,,
"预科
经济","預科
經濟",Preparatory,預備科,Humanities,預備科,Preparatory,預備科,OTH,,,,
预科，1年级,預科，1年級,Preparatory,預備科,Humanities,預備科,Preparatory,預備科,OTH,,,,
预科，2年级,預科，2年級,Preparatory,預備科,Humanities,預備科,Preparatory,預備科,OTH,,,,
预科，3年级,預科，3年級,Preparatory,預備科,Humanities,預備科,Preparatory,預備科,OTH,,,,
预科一,預科一,Preparatory,預備科,Humanities,預備科,Preparatory,預備科,OTH,,,,
"预科一

法律","預科一

法律",Preparatory,預備科,Humanities,預備科,Preparatory,預備科,OTH,,,,
"预科一
中文
史学","預科一
中文
史學",Preparatory,預備科,Humanities,預備科,Preparatory,預備科,OTH,,,,
"预科一
化学","預科一
化學",Preparatory,預備科,Humanities,預備科,Preparatory,預備科,OTH,,,,
"预科一
史学","預科一
史學",Preparatory,預備科,Humanities,預備科,Preparatory,預備科,OTH,,,,
"预科一
哲学","預科一
哲學",Preparatory,預備科,Humanities,預備科,Preparatory,預備科,OTH,,,,
"预科一
商业","預科一
商業",Preparatory,預備科,Humanities,預備科,Preparatory,預備科,OTH,,,,
"预科一
国文","預科一
國文",Preparatory,預備科,Humanities,預備科,Preparatory,預備科,OTH,,,,
"预科一
工本土木","預科一
工本土木",Preparatory,預備科,Humanities,預備科,Preparatory,預備科,OTH,,,,
"预科一
政治","預科一
政治",Preparatory,預備科,Humanities,預備科,Preparatory,預備科,OTH,,,,
"预科一
文本国文","預科一
文本國文",Preparatory,預備科,Humanities,預備科,Preparatory,預備科,OTH,,,,
"预科一
文科","預科一
文科",Preparatory,預備科,Humanities,預備科,Preparatory,預備科,OTH,,,,
"预科一
法律","預科一
法律",Preparatory,預備科,Humanities,預備科,Preparatory,預備科,OTH,,,,
"预科一
法律
英文","預科一
法律
英文",Preparatory,預備科,Humanities,預備科,Preparatory,預備科,OTH,,,,
"预科一
法本商业","預科一
法本商業",Preparatory,預備科,Humanities,預備科,Preparatory,預備科,OTH,,,,
"预科一
法本政治","預科一
法本政治",Preparatory,預備科,Humanities,預備科,Preparatory,預備科,OTH,,,,
"预科一
法本法律","預科一
法本法律",Preparatory,預備科,Humanities,預備科,Preparatory,預備科,OTH,,,,
"预科一
法本经","預科一
法本經",Preparatory,預備科,Humanities,預備科,Preparatory,預備科,OTH,,,,
"预科一
法本经济","預科一
法本經濟",Preparatory,預備科,Humanities,預備科,Preparatory,預備科,OTH,,,,
"预科一
法科","預科一
法科",Preparatory,預備科,Humanities,預備科,Preparatory,預備科,OTH,,,,
"预科一
理本化学","預科一
理本化學",Preparatory,預備科,Humanities,預備科,Preparatory,預備科,OTH,,,,
"预科一
经济","預科一
經濟",Preparatory,預備科,Humanities,預備科,Preparatory,預備科,OTH,,,,
"预科一
英文","預科一
英文",Preparatory,預備科,Humanities,預備科,Preparatory,預備科,OTH,,,,
"预科一 
法本商业","預科一 
法本商業",Preparatory,預備科,Humanities,預備科,Preparatory,預備科,OTH,,,,
预科二,預科二,Preparatory,預備科,Humanities,預備科,Preparatory,預備科,OTH,,,,
"预科二
化学","預科二
化學",Preparatory,預備科,Humanities,預備科,Preparatory,預備科,OTH,,,,
"预科二
土木","預科二
土木",Preparatory,預備科,Humanities,預備科,Preparatory,預備科,OTH,,,,
"预科二
土木门","預科二
土木門",Preparatory,預備科,Humanities,預備科,Preparatory,預備科,OTH,,,,
"预科二
地质","預科二
地質",Preparatory,預備科,Humanities,預備科,Preparatory,預備科,OTH,,,,
"预科二
工本土木","預科二
工本土木",Preparatory,預備科,Humanities,預備科,Preparatory,預備科,OTH,,,,
"预科二
工本土木门","預科二
工本土木門",Preparatory,預備科,Humanities,預備科,Preparatory,預備科,OTH,,,,
"预科二
工本矿冶","預科二
工本礦冶",Preparatory,預備科,Humanities,預備科,Preparatory,預備科,OTH,,,,
"预科二
工本矿治","預科二
工本礦治",Preparatory,預備科,Humanities,預備科,Preparatory,預備科,OTH,,,,
"预科二
工科","預科二
工科",Preparatory,預備科,Humanities,預備科,Preparatory,預備科,OTH,,,,
"预科二
德文","預科二
德文",Preparatory,預備科,Humanities,預備科,Preparatory,預備科,OTH,,,,
"预科二
探治门","預科二
探治門",Preparatory,預備科,Humanities,預備科,Preparatory,預備科,OTH,,,,
"预科二
政治","預科二
政治",Preparatory,預備科,Humanities,預備科,Preparatory,預備科,OTH,,,,
"预科二
数学","預科二
數學",Preparatory,預備科,Humanities,預備科,Preparatory,預備科,OTH,,,,
"预科二
法文","預科二
法文",Preparatory,預備科,Humanities,預備科,Preparatory,預備科,OTH,,,,
"预科二
法本商业","預科二
法本商業",Preparatory,預備科,Humanities,預備科,Preparatory,預備科,OTH,,,,
"预科二
法本法律","預科二
法本法律",Preparatory,預備科,Humanities,預備科,Preparatory,預備科,OTH,,,,
"预科二
法本经济","預科二
法本經濟",Preparatory,預備科,Humanities,預備科,Preparatory,預備科,OTH,,,,
"预科二
物理","預科二
物理",Preparatory,預備科,Humanities,預備科,Preparatory,預備科,OTH,,,,
"预科二
理本化学","預科二
理本化學",Preparatory,預備科,Humanities,預備科,Preparatory,預備科,OTH,,,,
"预科二
理本数学","預科二
理本數學",Preparatory,預備科,Humanities,預備科,Preparatory,預備科,OTH,,,,
"预科二
理本物理","預科二
理本物理",Preparatory,預備科,Humanities,預備科,Preparatory,預備科,OTH,,,,
"预科二
理科","預科二
理科",Preparatory,預備科,Humanities,預備科,Preparatory,預備科,OTH,,,,
"预科二
英文","預科二
英文",Preparatory,預備科,Humanities,預備科,Preparatory,預備科,OTH,,,,
"预科二
采冶","預科二
采冶",Preparatory,預備科,Humanities,預備科,Preparatory,預備科,OTH,,,,
"预科二
预备科","預科二
預備科",Preparatory,預備科,Humanities,預備科,Preparatory,預備科,OTH,,,,
"预科二
预科
经济","預科二
預科
經濟",Preparatory,預備科,Humanities,預備科,Preparatory,預備科,OTH,,,,
预科二 理科,預科二 理科,Preparatory,預備科,Humanities,預備科,Preparatory,預備科,OTH,,,,
预科二年,預科二年,Preparatory,預備科,Humanities,預備科,Preparatory,預備科,OTH,,,,
预科专门部,預科專門部,Preparatory,預備科,Humanities,預備科,Humanities and Social Sciences,人文社會科學,OTH,,,,
"预科旁听
预一部","預科旁聽
預一部",Preparatory,預備科,Humanities,預備科,Preparatory,預備科,OTH,,,,
"预科旁听
预二部","預科旁聽
預二部",Preparatory,預備科,Humanities,預備科,Preparatory,預備科,OTH,,,,
预科毕业,預科畢業,Preparatory,預備科,Humanities,預備科,Preparatory,預備科,OTH,,,,
预部,預部,Preparatory,預備科,Humanities,預備科,Preparatory,預備科,OTH,,,,
哲学心理,哲學心理,Psychology,心理學,Social Sciences,社會科學,Humanities and Social Sciences,人文社會科學,SSC,,,,
哲学心理学系,哲學心理學系,Psychology,心理學,Social Sciences,社會科學,Humanities and Social Sciences,人文社會科學,SSC,,,,
哲学心理系,哲學心理系,Psychology,心理學,Social Sciences,社會科學,Humanities and Social Sciences,人文社會科學,SSC,,,,
哲心,哲心,Psychology,心理學,Social Sciences,社會科學,Humanities and Social Sciences,人文社會科學,SSC,,,,
哲心学,哲心學,Psychology,心理學,Social Sciences,社會科學,Humanities and Social Sciences,人文社會科學,SSC,,,,
哲心学系,哲心學系,Psychology,心理學,Social Sciences,社會科學,Humanities and Social Sciences,人文社會科學,SSC,,,,
哲心系,哲心系,Psychology,心理學,Social Sciences,社會科學,Humanities and Social Sciences,人文社會科學,SSC,,,,
哲理,哲理,Psychology,心理學,Social Sciences,社會科學,Humanities and Social Sciences,人文社會科學,SSC,,,,
师范研究所教育心理学,師範研究所教育心理學,Psychology,心理學,Social Sciences,社會科學,Humanities and Social Sciences,人文社會科學,SSC,,,,
心理,心理,Psychology,心理學,Social Sciences,社會科學,Humanities and Social Sciences,人文社會科學,SSC,,,,
"心理
心理学类研究生","心理
心理學類研究生",Psychology,心理學,Social Sciences,社會科學,Humanities and Social Sciences,人文社會科學,SSC,,,,
"心理 
教育","心理 
教育",Psychology,心理學,Social Sciences,社會科學,Humanities and Social Sciences,人文社會科學,SSC,,,,
心理主系教育副系,心理主系教育副系,Psychology,心理學,Social Sciences,社會科學,Humanities and Social Sciences,人文社會科學,SSC,,,,
心理学,心理學,Psychology,心理學,Social Sciences,社會科學,Humanities and Social Sciences,人文社會科學,SSC,,,,
心理学系,心理學系,Psychology,心理學,Social Sciences,社會科學,Humanities and Social Sciences,人文社會科學,SSC,,,,
心理学部,心理學部,Psychology,心理學,Social Sciences,社會科學,Humanities and Social Sciences,人文社會科學,SSC,,,,
心理学类研究生（助教兼）,心理學類研究生（助教兼）,Psychology,心理學,Social Sciences,社會科學,Humanities and Social Sciences,人文社會科學,SSC,,,,
心理研究所,心理研究所,Psychology,心理學,Social Sciences,社會科學,Humanities and Social Sciences,人文社會科學,SSC,,,,
心理系,心理系,Psychology,心理學,Social Sciences,社會科學,Humanities and Social Sciences,人文社會科學,SSC,,,,
心理组,心理組,Psychology,心理學,Social Sciences,社會科學,Humanities and Social Sciences,人文社會科學,SSC,,,,
教育主系，心理副系,教育主系，心理副系,Psychology,心理學,Social Sciences,社會科學,Humanities and Social Sciences,人文社會科學,SSC,,,,
教育主系心理副系,教育主系心理副系,Psychology,心理學,Social Sciences,社會科學,Humanities and Social Sciences,人文社會科學,SSC,,,,
教育心理学,教育心理學,Psychology,心理學,Social Sciences,社會科學,Humanities and Social Sciences,人文社會科學,SSC,,,,
教育心理学系,教育心理學系,Psychology,心理學,Social Sciences,社會科學,Humanities and Social Sciences,人文社會科學,SSC,,,,
教育研究所教育心理,教育研究所教育心理,Psychology,心理學,Social Sciences,社會科學,Humanities and Social Sciences,人文社會科學,SSC,,,,
文学院哲学心理教育系心理组,文學院哲學心理教育系心理組,Psychology,心理學,Social Sciences,社會科學,Humanities and Social Sciences,人文社會科學,SSC,,,,
文学院哲学心理系,文學院哲學心理系,Psychology,心理學,Social Sciences,社會科學,Humanities and Social Sciences,人文社會科學,SSC,,,,
文学院哲学心理系心理组,文學院哲學心理系心理組,Psychology,心理學,Social Sciences,社會科學,Humanities and Social Sciences,人文社會科學,SSC,,,,
文学院哲学系心理组,文學院哲學系心理組,Psychology,心理學,Social Sciences,社會科學,Humanities and Social Sciences,人文社會科學,SSC,,,,
文学院哲心教系哲学组转文学院哲心教系心理组,文學院哲心教系哲學組轉文學院哲心教系心理組,Psychology,心理學,Social Sciences,社會科學,Humanities and Social Sciences,人文社會科學,SSC,,,,
文学院哲心教系心理组,文學院哲心教系心理組,Psychology,心理學,Social Sciences,社會科學,Humanities and Social Sciences,人文社會科學,SSC,,,,
文学院哲心系,文學院哲心系,Psychology,心理學,Social Sciences,社會科學,Humanities and Social Sciences,人文社會科學,SSC,,,,
文学院哲心系哲学组,文學院哲心系哲學組,Psychology,心理學,Social Sciences,社會科學,Humanities and Social Sciences,人文社會科學,SSC,,,,
文学院哲心系心理学组,文學院哲心系心理學組,Psychology,心理學,Social Sciences,社會科學,Humanities and Social Sciences,人文社會科學,SSC,,,,
文学院哲心系心理组,文學院哲心系心理組,Psychology,心理學,Social Sciences,社會科學,Humanities and Social Sciences,人文社會科學,SSC,,,,
文学院心理学系,文學院心理學系,Psychology,心理學,Social Sciences,社會科學,Humanities and Social Sciences,人文社會科學,SSC,,,,
文学院心理系,文學院心理系,Psychology,心理學,Social Sciences,社會科學,Humanities and Social Sciences,人文社會科學,SSC,,,,
文学院心理组,文學院心理組,Psychology,心理學,Social Sciences,社會科學,Humanities and Social Sciences,人文社會科學,SSC,,,,
文科心理学系,文科心理學系,Psychology,心理學,Social Sciences,社會科學,Humanities and Social Sciences,人文社會科學,SSC,,,,
农学院，后转入文学院哲学心理系,農學院，後轉入文學院哲學心理系,Psychology,心理學,Social Sciences,社會科學,Humanities and Social Sciences,人文社會科學,SSC,,,,
护士教育,公共衛生,Public Health and Hygiene,公衆衞生學,Health Sciences,健康科學,Science,科學,BSC,,,,
公众衞生学,公衆衞生學,Public Health and Hygiene,公衆衞生學,Health Sciences,健康科學,Science,科學,BSC,,,,
助产,助産,Public Health and Hygiene,公衆衞生學,Health Sciences,健康科學,Science,科學,BSC,,,,
文学院儿童福利学系,文學院兒童福利學系,Public Health and Hygiene,公衆衞生學,Health Sciences,健康科學,Science,科學,BSC,,,,
产科,産科,Public Health and Hygiene,公衆衞生學,Health Sciences,健康科學,Science,科學,BSC,,,,
,衛生學,Public Health and Hygiene,公衆衞生學,Health Sciences,健康科學,Science,科學,BSC,,,,
护士,護士,Public Health and Hygiene,公衆衞生學,Health Sciences,健康科學,Science,科學,BSC,,,,
护士学校,護士學校,Public Health and Hygiene,公衆衞生學,Health Sciences,健康科學,Science,科學,BSC,,,,
护士教育,護士教育,Public Health and Hygiene,公衆衞生學,Health Sciences,健康科學,Science,科學,BSC,,,,
护产助理,護産助理,Public Health and Hygiene,公衆衞生學,Health Sciences,健康科學,Science,科學,BSC,,,,
护产助理员,護産助理員,Public Health and Hygiene,公衆衞生學,Health Sciences,健康科學,Science,科學,BSC,,,,
护产助理员训练班,護産助理員訓練班,Public Health and Hygiene,公衆衞生學,Health Sciences,健康科學,Science,科學,BSC,,,,
护产班,護産班,Public Health and Hygiene,公衆衞生學,Health Sciences,健康科學,Science,科學,BSC,,,,
护产班科,護産班科,Public Health and Hygiene,公衆衞生學,Health Sciences,健康科學,Science,科學,BSC,,,,
护产科,護産科,Public Health and Hygiene,公衆衞生學,Health Sciences,健康科學,Science,科學,BSC,,,,
护预,護預,Public Health and Hygiene,公衆衞生學,Health Sciences,健康科學,Science,科學,BSC,,,,
护预 /化学*,護預 /化學*,Public Health and Hygiene,公衆衞生學,Health Sciences,健康科學,Science,科學,BSC,,,,
护预 /社会*,護預 /社會*,Public Health and Hygiene,公衆衞生學,Health Sciences,健康科學,Science,科學,BSC,,,,
护预*,護預*,Public Health and Hygiene,公衆衞生學,Health Sciences,健康科學,Science,科學,BSC,,,,
护预/化学*,護預/化學*,Public Health and Hygiene,公衆衞生學,Health Sciences,健康科學,Science,科學,BSC,,,,
附设高等产科,附設高等産科,Public Health and Hygiene,公衆衞生學,Health Sciences,健康科學,Science,科學,BSC,,,,
高级助产,高級助産,Public Health and Hygiene,公衆衞生學,Health Sciences,健康科學,Science,科學,BSC,,,,
高级助产学校,高級助産學校,Public Health and Hygiene,公衆衞生學,Health Sciences,健康科學,Science,科學,BSC,,,,
高级助产科,高級助産科,Public Health and Hygiene,公衆衞生學,Health Sciences,健康科學,Science,科學,BSC,,,,
高级助产职业学校,高級助産職業學校,Public Health and Hygiene,公衆衞生學,Health Sciences,健康科學,Science,科學,BSC,,,,
高级护士,高級護士,Public Health and Hygiene,公衆衞生學,Health Sciences,健康科學,Science,科學,BSC,,,,
高级护士班,高級護士班,Public Health and Hygiene,公衆衞生學,Health Sciences,健康科學,Science,科學,BSC,,,,
高级护士职业学校,高級護士職業學校,Public Health and Hygiene,公衆衞生學,Health Sciences,健康科學,Science,科學,BSC,,,,
高级护士职业学生,高級護士職業學生,Public Health and Hygiene,公衆衞生學,Health Sciences,健康科學,Science,科學,BSC,,,,
ART OF THEOLOGICAL,ART OF THEOLOGICAL,Religion,宗教,Humanities,人文學科,Humanities and Social Sciences,人文社會科學,HUM,,,,
THECLOGICAL SCHOOL,THEOLOGY,Religion,宗教,Humanities,人文學科,Humanities and Social Sciences,人文社會科學,HUM,,,,
THEOLOGICAL,THEOLOGY,Religion,宗教,Humanities,人文學科,Humanities and Social Sciences,人文社會科學,HUM,,,,
THEOLOGICAL SCHOOL,THEOLOGY,Religion,宗教,Humanities,人文學科,Humanities and Social Sciences,人文社會科學,HUM,,,,
THEOLOGY,THEOLOGY,Religion,宗教,Humanities,人文學科,Humanities and Social Sciences,人文社會科學,HUM,,,,
宗教,宗教,Religion,宗教,Humanities,人文學科,Humanities and Social Sciences,人文社會科學,HUM,,,,
神学,神學,Religion,宗教,Humanities,人文學科,Humanities and Social Sciences,人文社會科學,HUM,,,,
经学系,經學系,Religion,宗教,Humanities,人文學科,Humanities and Social Sciences,人文社會科學,HUM,,,,
葛罗协和神学院,葛羅協和神學院,Religion,宗教,Humanities,人文學科,Humanities and Social Sciences,人文社會科學,HUM,,,,
葛罗纪念神学院,葛羅紀念神學院,Religion,宗教,Humanities,人文學科,Humanities and Social Sciences,人文社會科學,HUM,,,,
SCIENCE,SCIENCE,Science,科學,Science,科學,Science,科學,PSC,,,,
普通科学,普通科學,Science,科學,Science,科學,Science,科學,PSC,,,,
理学,理學,Science,科學,Science,科學,Science,科學,PSC,,,,
理学院,理學院,Science,科學,Science,科學,Science,科學,PSC,,,,
理学院特别生,理學院特別生,Science,科學,Science,科學,Science,科學,PSC,,,,
理学院理科系,理學院理科系,Science,科學,Science,科學,Science,科學,PSC,,,,
理科,理科,Science,科學,Science,科學,Science,科學,PSC,,,,
理科天？系,理科天？系,Science,科學,Science,科學,Science,科學,PSC,,,,
理科师范,理科師範,Science,科學,Science,科學,Science,科學,PSC,,,,
理科研究所,理科研究所,Science,科學,Science,科學,Science,科學,PSC,,,,
理组,理組,Science,科學,Science,科學,Science,科學,PSC,,,,
理预,理預,Science,科學,Science,科學,Science,科學,PSC,,,,
科学,科學,Science,科學,Science,科學,Science,科學,PSC,,,,
科学学院,科學學院,Science,科學,Science,科學,Science,科學,PSC,,,,
SOC.,SOCIOLOGY,Sociology,社會學,Social Sciences,社會科學,Humanities and Social Sciences,人文社會科學,SSC,,,,
SOCIOLOGY,SOCIOLOGY,Sociology,社會學,Social Sciences,社會科學,Humanities and Social Sciences,人文社會科學,SSC,,,,
史学改社会学,史學改社會學,Sociology,社會學,Social Sciences,社會科學,Humanities and Social Sciences,人文社會科學,SSC,,,,
教育学院社会学系,教育學院社會學系,Sociology,社會學,Social Sciences,社會科學,Humanities and Social Sciences,人文社會科學,SSC,,,,
文学院中文系转文学院社会系,文學院中文系轉文學院社會系,Sociology,社會學,Social Sciences,社會科學,Humanities and Social Sciences,人文社會科學,SSC,,,,
文学院哲心教系哲学组转文学院社会系社会福利行政组,文學院哲心教系哲學組轉文學院社會系社會福利行政組,Sociology,社會學,Social Sciences,社會科學,Humanities and Social Sciences,人文社會科學,SSC,,,,
文学院历史社会学系,文學院曆史社會學系,Sociology,社會學,Social Sciences,社會科學,Humanities and Social Sciences,人文社會科學,SSC,,,,
文学院社会学,文學院社會學,Sociology,社會學,Social Sciences,社會科學,Humanities and Social Sciences,人文社會科學,SSC,,,,
文学院社会学研究所社会福利行政组,文學院社會學研究所社會福利行政組,Sociology,社會學,Social Sciences,社會科學,Humanities and Social Sciences,人文社會科學,SSC,,,,
文学院社会学系,文學院社會學系,Sociology,社會學,Social Sciences,社會科學,Humanities and Social Sciences,人文社會科學,SSC,,,,
文学院社会学系社会福利行政组,文學院社會學系社會福利行政組,Sociology,社會學,Social Sciences,社會科學,Humanities and Social Sciences,人文社會科學,SSC,,,,
文学院社会学系转文学院历史系,文學院社會學系轉文學院曆史系,Sociology,社會學,Social Sciences,社會科學,Humanities and Social Sciences,人文社會科學,SSC,,,,
文学院社会学部社会福利行政组,文學院社會學部社會福利行政組,Sociology,社會學,Social Sciences,社會科學,Humanities and Social Sciences,人文社會科學,SSC,,,,
文学院社会学部福利行政组,文學院社會學部福利行政組,Sociology,社會學,Social Sciences,社會科學,Humanities and Social Sciences,人文社會科學,SSC,,,,
文学院社会研究所社会福利组,文學院社會研究所社會福利組,Sociology,社會學,Social Sciences,社會科學,Humanities and Social Sciences,人文社會科學,SSC,,,,
文学院社会研究所社会福利行政组,文學院社會研究所社會福利行政組,Sociology,社會學,Social Sciences,社會科學,Humanities and Social Sciences,人文社會科學,SSC,,,,
文学院社会福利特别研究部,文學院社會福利特別研究部,Sociology,社會學,Social Sciences,社會科學,Humanities and Social Sciences,人文社會科學,SSC,,,,
文学院社会福利研究所,文學院社會福利研究所,Sociology,社會學,Social Sciences,社會科學,Humanities and Social Sciences,人文社會科學,SSC,,,,
文学院社会福利研究部,文學院社會福利研究部,Sociology,社會學,Social Sciences,社會科學,Humanities and Social Sciences,人文社會科學,SSC,,,,
文学院社会福利系,文學院社會福利系,Sociology,社會學,Social Sciences,社會科學,Humanities and Social Sciences,人文社會科學,SSC,,,,
文学院社会福利行政学系,文學院社會福利行政學系,Sociology,社會學,Social Sciences,社會科學,Humanities and Social Sciences,人文社會科學,SSC,,,,
文学院社会福利行政特别研究,文學院社會福利行政特別研究,Sociology,社會學,Social Sciences,社會科學,Humanities and Social Sciences,人文社會科學,SSC,,,,
文学院社会福利行政研究所,文學院社會福利行政研究所,Sociology,社會學,Social Sciences,社會科學,Humanities and Social Sciences,人文社會科學,SSC,,,,
文学院社会福利行政研究部,文學院社會福利行政研究部,Sociology,社會學,Social Sciences,社會科學,Humanities and Social Sciences,人文社會科學,SSC,,,,
文学院社会福利行政系,文學院社會福利行政系,Sociology,社會學,Social Sciences,社會科學,Humanities and Social Sciences,人文社會科學,SSC,,,,
文学院社会福利行政系转文学院社会学系,文學院社會福利行政系轉文學院社會學系,Sociology,社會學,Social Sciences,社會科學,Humanities and Social Sciences,人文社會科學,SSC,,,,
文学院社会福利行政组,文學院社會福利行政組,Sociology,社會學,Social Sciences,社會科學,Humanities and Social Sciences,人文社會科學,SSC,,,,
文学院社会系,文學院社會系,Sociology,社會學,Social Sciences,社會科學,Humanities and Social Sciences,人文社會科學,SSC,,,,
文学院社会系儿童福利组,文學院社會系兒童福利組,Sociology,社會學,Social Sciences,社會科學,Humanities and Social Sciences,人文社會科學,SSC,,,,
文学院社会系研究所,文學院社會系研究所,Sociology,社會學,Social Sciences,社會科學,Humanities and Social Sciences,人文社會科學,SSC,,,,
文学院社会系社会福利行政组,文學院社會系社會福利行政組,Sociology,社會學,Social Sciences,社會科學,Humanities and Social Sciences,人文社會科學,SSC,,,,
文学院社会系社福组,文學院社會系社福組,Sociology,社會學,Social Sciences,社會科學,Humanities and Social Sciences,人文社會科學,SSC,,,,
文学院社会系福利行政组,文學院社會系福利行政組,Sociology,社會學,Social Sciences,社會科學,Humanities and Social Sciences,人文社會科學,SSC,,,,
文学院社研部,文學院社研部,Sociology,社會學,Social Sciences,社會科學,Humanities and Social Sciences,人文社會科學,SSC,,,,
文学院社福行政,文學院社福行政,Sociology,社會學,Social Sciences,社會科學,Humanities and Social Sciences,人文社會科學,SSC,,,,
文法学院社交学系,文法學院社交學系,Sociology,社會學,Social Sciences,社會科學,Humanities and Social Sciences,人文社會科學,SSC,,,,
文法学院社会学系,文法學院社會學系,Sociology,社會學,Social Sciences,社會科學,Humanities and Social Sciences,人文社會科學,SSC,,,,
文法学院社会系,文法學院社會系,Sociology,社會學,Social Sciences,社會科學,Humanities and Social Sciences,人文社會科學,SSC,,,,
文理学院社会学系,文理學院社會學系,Sociology,社會學,Social Sciences,社會科學,Humanities and Social Sciences,人文社會科學,SSC,,,,
文科社会系,文科社會系,Sociology,社會學,Social Sciences,社會科學,Humanities and Social Sciences,人文社會科學,SSC,,,,
文院社会系,文院社會系,Sociology,社會學,Social Sciences,社會科學,Humanities and Social Sciences,人文社會科學,SSC,,,,
历史社会学,曆史社會學,Sociology,社會學,Social Sciences,社會科學,Humanities and Social Sciences,人文社會科學,SSC,,,,
历史社会学系,曆史社會學系,Sociology,社會學,Social Sciences,社會科學,Humanities and Social Sciences,人文社會科學,SSC,,,,
历史社会系,曆史社會系,Sociology,社會學,Social Sciences,社會科學,Humanities and Social Sciences,人文社會科學,SSC,,,,
法学院社会系,法學院社會系,Sociology,社會學,Social Sciences,社會科學,Humanities and Social Sciences,人文社會科學,SSC,,,,
社工,社工,Sociology,社會學,Social Sciences,社會科學,Humanities and Social Sciences,人文社會科學,SSC,,,,
社会,社會,Sociology,社會學,Social Sciences,社會科學,Humanities and Social Sciences,人文社會科學,SSC,,,,
社会学,社會學,Sociology,社會學,Social Sciences,社會科學,Humanities and Social Sciences,人文社會科學,SSC,,,,
社会学，2年级,社會學，2年級,Sociology,社會學,Social Sciences,社會科學,Humanities and Social Sciences,人文社會科學,SSC,,,,
社会学系,社會學系,Sociology,社會學,Social Sciences,社會科學,Humanities and Social Sciences,人文社會科學,SSC,,,,
社会学部,社會學部,Sociology,社會學,Social Sciences,社會科學,Humanities and Social Sciences,人文社會科學,SSC,,,,
社会学部福利行政组,社會學部福利行政組,Sociology,社會學,Social Sciences,社會科學,Humanities and Social Sciences,人文社會科學,SSC,,,,
社会学院研究所社会福利行政组,社會學院研究所社會福利行政組,Sociology,社會學,Social Sciences,社會科學,Humanities and Social Sciences,人文社會科學,SSC,,,,
社会研究所社会福利行政系,社會研究所社會福利行政系,Sociology,社會學,Social Sciences,社會科學,Humanities and Social Sciences,人文社會科學,SSC,,,,
社会科,社會科,Sociology,社會學,Social Sciences,社會科學,Humanities and Social Sciences,人文社會科學,SSC,,,,
社会科学,社會科學,Sociology,社會學,Social Sciences,社會科學,Humanities and Social Sciences,人文社會科學,SSC,,,,
社会科学科,社會科學科,Sociology,社會學,Social Sciences,社會科學,Humanities and Social Sciences,人文社會科學,SSC,,,,
社会科学科政治,社會科學科政治,Sociology,社會學,Social Sciences,社會科學,Humanities and Social Sciences,人文社會科學,SSC,,,,
社会科学科政治系,社會科學科政治系,Sociology,社會學,Social Sciences,社會科學,Humanities and Social Sciences,人文社會科學,SSC,,,,
社会科学系,社會科學系,Sociology,社會學,Social Sciences,社會科學,Humanities and Social Sciences,人文社會科學,SSC,,,,
社会科政治系,社會科政治系,Sociology,社會學,Social Sciences,社會科學,Humanities and Social Sciences,人文社會科學,SSC,,,,
社会科法系,社會科法系,Sociology,社會學,Social Sciences,社會科學,Humanities and Social Sciences,人文社會科學,SSC,,,,
社会系,社會系,Sociology,社會學,Social Sciences,社會科學,Humanities and Social Sciences,人文社會科學,SSC,,,,
社会组,社會組,Sociology,社會學,Social Sciences,社會科學,Humanities and Social Sciences,人文社會科學,SSC,,,,
社会部,社會部,Sociology,社會學,Social Sciences,社會科學,Humanities and Social Sciences,人文社會科學,SSC,,,,
纺织科,紡織科,Textile Engineering,紡織工程,Engineering Sciences,工程科學,Engineering,工程,ENG,,,,
1年级,1年級,Unclear,不明,Unclear,不明,Unclear,不明,UNK,,,,
A,A,Unclear,不明,Unclear,不明,Unclear,不明,UNK,,,,
A.E,A.E,Unclear,不明,Unclear,不明,Unclear,不明,UNK,,,,
A.E.,A.E.,Unclear,不明,Unclear,不明,Unclear,不明,UNK,,,,
Ac,Ac,Unclear,不明,Unclear,不明,Unclear,不明,UNK,,,,
Ae,Ae,Unclear,不明,Unclear,不明,Unclear,不明,UNK,,,,
Ar?,Ar?,Unclear,不明,Unclear,不明,Unclear,不明,UNK,,,,
Arg,Arg,Unclear,不明,Unclear,不明,Unclear,不明,UNK,,,,
Arg（k?）,Arg（k?）,Unclear,不明,Unclear,不明,Unclear,不明,UNK,,,,
ART,ART,Unclear,不明,Unclear,不明,Unclear,不明,UNK,,,,
ART AND SCIENCE,ART AND SCIENCE,Unclear,不明,Unclear,不明,Unclear,不明,UNK,,,,
ARTC,ARTC,Unclear,不明,Unclear,不明,Unclear,不明,UNK,,,,
ARTS,ARTS,Unclear,不明,Unclear,不明,Unclear,不明,UNK,,,,
ARTS AND SCIENCE,ARTS AND SCIENCE,Unclear,不明,Unclear,不明,Unclear,不明,UNK,,,,
ARTS YU?,ARTS YU?,Unclear,不明,Unclear,不明,Unclear,不明,UNK,,,,
C.A.课,C.A.課,Unclear,不明,Unclear,不明,Unclear,不明,UNK,,,,
cic,cic,Unclear,不明,Unclear,不明,Unclear,不明,UNK,,,,
D,D,Unclear,不明,Unclear,不明,Unclear,不明,UNK,,,,
E,E,Unclear,不明,Unclear,不明,Unclear,不明,UNK,,,,
FOUICH,FOUICH,Unclear,不明,Unclear,不明,Unclear,不明,UNK,,,,
Jam,Jam,Unclear,不明,Unclear,不明,Unclear,不明,UNK,,,,
M,M,Unclear,不明,Unclear,不明,Unclear,不明,UNK,,,,
Matt,Matt,Unclear,不明,Unclear,不明,Unclear,不明,UNK,,,,
P.S.,P.S.,Unclear,不明,Unclear,不明,Unclear,不明,UNK,,,,
R,R,Unclear,不明,Unclear,不明,Unclear,不明,UNK,,,,
R.O.T.G,R.O.T.G,Unclear,不明,Unclear,不明,Unclear,不明,UNK,,,,
Reseanb Assoriaten Soriology,Reseanb Assoriaten Soriology,Unclear,不明,Unclear,不明,Unclear,不明,UNK,,,,
S,S,Unclear,不明,Unclear,不明,Unclear,不明,UNK,,,,
W.U.M.C.,W.U.M.C.,Unclear,不明,Unclear,不明,Unclear,不明,UNK,,,,
丁组,丁組,Unclear,不明,Unclear,不明,Unclear,不明,UNK,,,,
不明,不明,Unclear,不明,Unclear,不明,Unclear,不明,UNK,,,,
中等科一年级,中等科一年級,Unclear,不明,Unclear,不明,Unclear,不明,UNK,,,,
中等部一年级,中等部一年級,Unclear,不明,Unclear,不明,Unclear,不明,UNK,,,,
乙组（原填）,乙組,Unclear,不明,Unclear,不明,Unclear,不明,UNK,,,,
乙部,乙部,Unclear,不明,Unclear,不明,Unclear,不明,UNK,,,,
京师大学堂,京師大學堂,Unclear,不明,Unclear,不明,Unclear,不明,UNK,,,,
仕学馆,仕學館,Unclear,不明,Humanities,不明,Unclear,Humanities and Social Sciences,HUM,,,,
仅够自给,僅夠自給,Unclear,不明,Unclear,不明,Unclear,不明,UNK,,,,
夹江,夾江,Unclear,不明,Unclear,不明,Unclear,不明,UNK,,,,
奉准休学一年 未填学籍表,奉准休學一年 未填學籍表,Unclear,不明,Unclear,不明,Unclear,不明,UNK,,,,
学机系,學機系,Unclear,不明,Unclear,不明,Unclear,不明,UNK,,,,
学部,學部,Unclear,不明,Unclear,不明,Unclear,不明,UNK,,,,
学部本科,學部本科,Unclear,不明,Unclear,不明,Unclear,不明,UNK,,,,
专修,專修,Unclear,不明,Unclear,不明,Unclear,不明,UNK,,,,
专修班,專修班,Unclear,不明,Unclear,不明,Unclear,不明,UNK,,,,
专修科,專修科,Unclear,不明,Unclear,不明,Unclear,不明,UNK,,,,
专科,專科,Unclear,不明,Unclear,不明,Unclear,不明,UNK,,,,
专门部,專門部,Unclear,不明,Unclear,不明,Unclear,不明,UNK,,,,
广州高第路,廣州高第路,Unclear,不明,Unclear,不明,Unclear,不明,UNK,,,,
文学院国专,文學院國專,Unclear,不明,Unclear,不明,Unclear,不明,UNK,,,,
文学院国专科,文學院國專科,Unclear,不明,Unclear,不明,Unclear,不明,UNK,,,,
文学院图专,文學院圖專,Unclear,不明,Unclear,不明,Unclear,不明,UNK,,,,
文学院旁听,文學院旁聽,Unclear,不明,Unclear,不明,Unclear,不明,UNK,,,,
文学院特别生,文學院特別生,Unclear,不明,Unclear,不明,Unclear,不明,UNK,,,,
文学院研究所,文學院研究所,Unclear,不明,Unclear,不明,Unclear,不明,UNK,,,,
文学院研究生,文學院研究生,Unclear,不明,Unclear,不明,Unclear,不明,UNK,,,,
文学院社会,文學院社會,Unclear,不明,Unclear,不明,Unclear,不明,UNK,,,,
文本,文本,Unclear,不明,Unclear,不明,Unclear,不明,UNK,,,,
文本一,文本一,Unclear,不明,Unclear,不明,Unclear,不明,UNK,,,,
文本二,文本二,Unclear,不明,Unclear,不明,Unclear,不明,UNK,,,,
文本科,文本科,Unclear,不明,Unclear,不明,Unclear,不明,UNK,,,,
文法学院政二,文法學院政二,Unclear,不明,Unclear,不明,Unclear,不明,UNK,,,,
文法祖,文法祖,Unclear,不明,Unclear,不明,Unclear,不明,UNK,,,,
文理,文理,Unclear,不明,Unclear,不明,Unclear,不明,UNK,,,,
文理，2年级,文理，2年級,Unclear,不明,Unclear,不明,Unclear,不明,UNK,,,,
文理，3年级,文理，3年級,Unclear,不明,Unclear,不明,Unclear,不明,UNK,,,,
文理学院,文理學院,Unclear,不明,Unclear,不明,Unclear,不明,UNK,,,,
文理科，3年级,文理科，3年級,Unclear,不明,Unclear,不明,Unclear,不明,UNK,,,,
普通,普通,Unclear,不明,Unclear,不明,Unclear,不明,UNK,,,,
普通学校,普通學校,Unclear,不明,Unclear,不明,Unclear,不明,UNK,,,,
普通科,普通科,Unclear,不明,Unclear,不明,Unclear,不明,UNK,,,,
普通科，1年级,普通科，1年級,Unclear,不明,Unclear,不明,Unclear,不明,UNK,,,,
暂不入系,暫不入系,Unclear,不明,Unclear,不明,Unclear,不明,UNK,,,,
"暂不入系
物理
数学","暫不入系
物理
數學",Unclear,不明,Unclear,不明,Unclear,不明,UNK,,,,
未详,未詳,Unclear,不明,Unclear,不明,Unclear,不明,UNK,,,,
本,本,Unclear,不明,Unclear,不明,Unclear,不明,UNK,,,,
本一年甲部,本一年甲部,Unclear,不明,Unclear,不明,Unclear,不明,UNK,,,,
本乙,本乙,Unclear,不明,Unclear,不明,Unclear,不明,UNK,,,,
本乙，专修,本乙，專修,Unclear,不明,Unclear,不明,Unclear,不明,UNK,,,,
本乙，建,本乙，建,Unclear,不明,Unclear,不明,Unclear,不明,UNK,,,,
本学院先修班,本學院先修班,Unclear,不明,Unclear,不明,Unclear,不明,UNK,,,,
本学院先修班第一教室,本學院先修班第一教室,Unclear,不明,Unclear,不明,Unclear,不明,UNK,,,,
本市东华西路,本市東華西路,Unclear,不明,Unclear,不明,Unclear,不明,UNK,,,,
本市法政路,本市法政路,Unclear,不明,Unclear,不明,Unclear,不明,UNK,,,,
本市西关十六甫,本市西關十六甫,Unclear,不明,Unclear,不明,Unclear,不明,UNK,,,,
本校先修班,本校先修班,Unclear,不明,Unclear,不明,Unclear,不明,UNK,,,,
本校先修班第二教室,本校先修班第二教室,Unclear,不明,Unclear,不明,Unclear,不明,UNK,,,,
本科,本科,Unclear,不明,Unclear,不明,Unclear,不明,UNK,,,,
本科1年级,本科1年級,Unclear,不明,Unclear,不明,Unclear,不明,UNK,,,,
本科2年级,本科2年級,Unclear,不明,Unclear,不明,Unclear,不明,UNK,,,,
本科一年,本科一年,Unclear,不明,Unclear,不明,Unclear,不明,UNK,,,,
本科乙组,本科乙組,Unclear,不明,Unclear,不明,Unclear,不明,UNK,,,,
本科天？系,本科天？系,Unclear,不明,Unclear,不明,Unclear,不明,UNK,,,,
本科第一年级,本科第一年級,Unclear,不明,Unclear,不明,Unclear,不明,UNK,,,,
本科第三年级,本科第三年級,Unclear,不明,Unclear,不明,Unclear,不明,UNK,,,,
本院先修班,本院先修班,Unclear,不明,Unclear,不明,Unclear,不明,UNK,,,,
本院先修班一年修了,本院先修班一年修了,Unclear,不明,Unclear,不明,Unclear,不明,UNK,,,,
本院第二先修班,本院第二先修班,Unclear,不明,Unclear,不明,Unclear,不明,UNK,,,,
楼冈圩,樓岡圩,Unclear,不明,Unclear,不明,Unclear,不明,UNK,,,,
模糊,模糊,Unclear,不明,Unclear,不明,Unclear,不明,UNK,,,,
机,機,Unclear,不明,Unclear,不明,Unclear,不明,UNK,,,,
橡皮,橡皮,Unclear,不明,Unclear,不明,Unclear,不明,UNK,,,,
正科，2年级,正科，2年級,Unclear,不明,Unclear,不明,Unclear,不明,UNK,,,,
正西学习,正西學習,Unclear,不明,Unclear,不明,Unclear,不明,UNK,,,,
民3——5,民3——5,Unclear,不明,Unclear,不明,Unclear,不明,UNK,,,,
江津,江津,Unclear,不明,Unclear,不明,Unclear,不明,UNK,,,,
沈阳辽东学院先修班,沈陽遼東學院先修班,Unclear,不明,Unclear,不明,Unclear,不明,UNK,,,,
法学院书记官,法學院書記官,Unclear,不明,Unclear,不明,Unclear,不明,UNK,,,,
法学院监狱官,法學院監獄官,Unclear,不明,Unclear,不明,Unclear,不明,UNK,,,,
浙东分校文学院,浙東分校文學院,Unclear,不明,Unclear,不明,Unclear,不明,UNK,,,,
清寒,清寒,Unclear,不明,Unclear,不明,Unclear,不明,UNK,,,,
无,無,Unclear,不明,Unclear,不明,Unclear,不明,UNK,,,,
无主修学系*,無主修學系*,Unclear,不明,Unclear,不明,Unclear,不明,UNK,,,,
无院系,無院系,Unclear,不明,Unclear,不明,Unclear,不明,UNK,,,,
特别学院,特別學院,Unclear,不明,Unclear,不明,Unclear,不明,UNK,,,,
理,理,Unclear,不明,Unclear,不明,Unclear,Science,PSC,,,,
理学院生学系二年级,理學院生學系二年級,Unclear,不明,Unclear,不明,Unclear,Science,PSC,,,,
理本,理本,Unclear,不明,Unclear,不明,Unclear,Science,PSC,,,,
理科，1年级,理科，1年級,Unclear,不明,Unclear,不明,Unclear,Science,PSC,,,,
理科，2年级,理科，2年級,Unclear,不明,Unclear,不明,Unclear,Science,PSC,,,,
登州文会馆,登州文會館,Unclear,不明,Unclear,不明,Unclear,不明,UNK,,,,
研究研究所,研究研究所,Unclear,不明,Unclear,不明,Unclear,不明,UNK,,,,
社一,社一,Unclear,不明,Unclear,不明,Unclear,不明,UNK,,,,
社会（西南联大）,社會（西南聯大）,Unclear,不明,Unclear,不明,Unclear,不明,UNK,,,,
社会*,社會*,Unclear,不明,Unclear,不明,Unclear,不明,UNK,,,,
社会福利研究所,社會福利研究所,Unclear,不明,Unclear,不明,Unclear,不明,UNK,,,,
社会福利行政特别研究部,社會福利行政特別研究部,Unclear,不明,Unclear,不明,Unclear,不明,UNK,,,,
社福研究所,社福研究所,Unclear,不明,Unclear,不明,Unclear,不明,UNK,,,,
福利行政组,福利行政組,Unclear,不明,Unclear,不明,Unclear,不明,UNK,,,,
符,符,Unclear,不明,Unclear,不明,Unclear,不明,UNK,,,,
第一先修班,第一先修班,Unclear,不明,Unclear,不明,Unclear,不明,UNK,,,,
第二先修班,第二先修班,Unclear,不明,Unclear,不明,Unclear,不明,UNK,,,,
缺,缺,Unclear,不明,Unclear,不明,Unclear,不明,UNK,,,,
联系,聯系,Unclear,不明,Unclear,不明,Unclear,不明,UNK,,,,
自然，1学期,自然，1學期,Unclear,不明,Unclear,不明,Unclear,不明,UNK,,,,
自然科,自然科,Unclear,不明,Unclear,不明,Unclear,不明,UNK,,,,
自然科，2年级,自然科，2年級,Unclear,不明,Unclear,不明,Unclear,不明,UNK,,,,
自然科天？系,自然科天？系,Unclear,不明,Unclear,不明,Unclear,不明,UNK,,,,
自然科学,自然科學,Unclear,不明,Unclear,不明,Unclear,不明,UNK,,,,
自然科学科,自然科學科,Unclear,不明,Unclear,不明,Unclear,不明,UNK,,,,
旧制,舊制,Unclear,不明,Unclear,不明,Unclear,不明,UNK,,,,
艺系,藝系,Unclear,不明,Unclear,不明,Unclear,不明,UNK,,,,
补,補,Unclear,不明,Unclear,不明,Unclear,不明,UNK,,,,
补习,補習,Unclear,不明,Unclear,不明,Unclear,不明,UNK,,,,
补习旁听生,補習旁聽生,Unclear,不明,Unclear,不明,Unclear,不明,UNK,,,,
补习班,補習班,Unclear,不明,Unclear,不明,Unclear,不明,UNK,,,,
补习生,補習生,Unclear,不明,Unclear,不明,Unclear,不明,UNK,,,,
西南联大,西南聯大,Unclear,不明,Unclear,不明,Unclear,不明,UNK,,,,
设备,設備,Unclear,不明,Unclear,不明,Unclear,不明,UNK,,,,
试读生,試讀生,Unclear,不明,Unclear,不明,Unclear,不明,UNK,,,,
资中,資中,Unclear,不明,Unclear,不明,Unclear,不明,UNK,,,,
这种,這種,Unclear,不明,Unclear,不明,Unclear,不明,UNK,,,,
辽东学院先修班,遼東學院先修班,Unclear,不明,Unclear,不明,Unclear,不明,UNK,,,,
辽东学院先修班二年,遼東學院先修班二年,Unclear,不明,Unclear,不明,Unclear,不明,UNK,,,,
辽东学院先修班第一教室,遼東學院先修班第一教室,Unclear,不明,Unclear,不明,Unclear,不明,UNK,,,,
长春伪国立经理学院二年修了,長春僞國立經理學院二年修了,Unclear,不明,Unclear,不明,Unclear,不明,UNK,,,,
附设,附設,Unclear,不明,Unclear,不明,Unclear,不明,UNK,,,,
附詜,附詜,Unclear,不明,Unclear,不明,Unclear,不明,UNK,,,,
高中部,高中部,Unclear,不明,Unclear,不明,Unclear,不明,UNK,,,,
高土,高土,Unclear,不明,Unclear,不明,Unclear,不明,UNK,,,,
高机,高機,Unclear,不明,Unclear,不明,Unclear,不明,UNK,,,,
高等实业,高等實業,Unclear,不明,Unclear,不明,Unclear,不明,UNK,,,,
兽医,獸醫,Veterinary Science,獸醫學,Biological Sciences,生物科學,Science,科學,BSC,,,,
兽医学,獸醫學,Veterinary Science,獸醫學,Biological Sciences,生物科學,Science,科學,BSC,,,,
兽医畜牧学系,獸醫畜牧學系,Veterinary Science,獸醫學,Biological Sciences,生物科學,Science,科學,BSC,,,,
畜牧兽医,畜牧獸醫,Veterinary Science,獸醫學,Biological Sciences,生物科學,Science,科學,BSC,,,,
畜牧兽医学系,畜牧獸醫學系,Veterinary Science,獸醫學,Biological Sciences,生物科學,Science,科學,BSC,,,,
畜牧兽医学系一年级,畜牧獸醫學系一年級,Veterinary Science,獸醫學,Biological Sciences,生物科學,Science,科學,BSC,,,,
畜牧兽医系,畜牧獸醫系,Veterinary Science,獸醫學,Biological Sciences,生物科學,Science,科學,BSC,,,,
畜牧畜医,畜牧畜醫,Veterinary Science,獸醫學,Biological Sciences,生物科學,Science,科學,BSC,,,,
畜医,畜醫,Veterinary Science,獸醫學,Biological Sciences,生物科學,Science,科學,BSC,,,,
畜医学系,畜醫學系,Veterinary Science,獸醫學,Biological Sciences,生物科學,Science,科學,BSC,,,,
农学系畜牧兽医学系,農學系畜牧獸醫學系,Veterinary Science,獸醫學,Biological Sciences,生物科學,Science,科學,BSC,,,,
农学院化学畜牧兽医学系一年级,農學院化學畜牧獸醫學系一年級,Veterinary Science,獸醫學,Biological Sciences,生物科學,Science,科學,BSC,,,,
农学院兽医学,農學院獸醫學,Veterinary Science,獸醫學,Biological Sciences,生物科學,Science,科學,BSC,,,,
农学院畜牧兽医,農學院畜牧獸醫,Veterinary Science,獸醫學,Biological Sciences,生物科學,Science,科學,BSC,,,,
农学院畜牧兽医学,農學院畜牧獸醫學,Veterinary Science,獸醫學,Biological Sciences,生物科學,Science,科學,BSC,,,,
农学院畜牧兽医学系,農學院畜牧獸醫學系,Veterinary Science,獸醫學,Biological Sciences,生物科學,Science,科學,BSC,,,,
农学院畜牧兽医学系一年级,農學院畜牧獸醫學系一年級,Veterinary Science,獸醫學,Biological Sciences,生物科學,Science,科學,BSC,,,,
农学院畜牧兽医系,農學院畜牧獸醫系,Veterinary Science,獸醫學,Biological Sciences,生物科學,Science,科學,BSC,,,,
农学院畜牧医学,農學院畜牧醫學,Veterinary Science,獸醫學,Biological Sciences,生物科學,Science,科學,BSC,,,,
农学院畜医学,農學院畜醫學,Veterinary Science,獸醫學,Biological Sciences,生物科學,Science,科學,BSC,,,,
农学院畜医学系,農學院畜醫學系,Veterinary Science,獸醫學,Biological Sciences,生物科學,Science,科學,BSC,,,,
农学院农艺畜牧兽医学系,農學院農藝畜牧獸醫學系,Veterinary Science,獸醫學,Biological Sciences,生物科學,Science,科學,BSC,,,,
农医学系,農醫學系,Veterinary Science,獸醫學,Biological Sciences,生物科學,Science,科學,BSC,,,,
农医学院,農醫學院,Veterinary Science,獸醫學,Biological Sciences,生物科學,Science,科學,BSC,,,,
医农组,醫農組,Veterinary Science,獸醫學,Biological Sciences,生物科學,Science,科學,BSC,,,,
动物,動物,Zoology,動物學,Biological Sciences,生物科學,Science,科學,BSC,,,,
动物学,動物學,Zoology,動物學,Biological Sciences,生物科學,Science,科學,BSC,,,,
动物学校,動物學校,Zoology,動物學,Biological Sciences,生物科學,Science,科學,BSC,,,,
动物学系,動物學系,Zoology,動物學,Biological Sciences,生物科學,Science,科學,BSC,,,,
动物生产系,動物生産系,Zoology,動物學,Biological Sciences,生物科學,Science,科學,BSC,,,,
理，动物,理，動物,Zoology,動物學,Biological Sciences,生物科學,Science,科學,BSC,,,,
理，生物系,理，生物系,Zoology,動物學,Biological Sciences,生物科學,Science,科學,BSC,,,,
理学院动物学系,理學院動物學系,Zoology,動物學,Biological Sciences,生物科學,Science,科學,BSC,,,,
理学院动物学系一年级,理學院動物學系一年級,Zoology,動物學,Biological Sciences,生物科學,Science,科學,BSC,,,,
理学院动物学系三年级,理學院動物學系三年級,Zoology,動物學,Biological Sciences,生物科學,Science,科學,BSC,,,,
外交,電影,电影,外交,Other,其它,Other,其它,Other,其它,OTH,,
