Institution_Srce,Institution_Strd
㈠工部局,工部局
㈠祥泰木行,祥泰木行
㈠腿業工會第一分會,腿業工會第一分會
㈥工部局,工部局
□□□,Remove
○　昌洋行,昌洋行
○　源新聞紙館,源新聞紙館
77師,77師
Ambassador to Soviet Russia,Ministry of Foreign Affairs
"Board of Directors of Hwa Foong Paper Manufac-
turing Co.",Hwa Foong Paper Manufacturing Company 
Chartered Stock and Produce Exchange,Shanghai Chartered Stock and Produce Exchange
Cheng Shih Middle School,Shanghai Cheng Shih Middle School
China Merchants' Steam Navigation Company,Shanghai China Merchants' Steam Navigation Company
Chinese Cotton Goods Exchange,Shanghai China Cotton Goods Exchange
Chinese Electric Power Company,Shanghai Chinese Electric Power Company
Chinese Legation at Washington,Denmark  Germany
Coffe,Remove
Commission for Efficient Administration of the Post Office.,Commission for Efficient Administration of the Post Office 
"Executive Committee of Famine Relief Association for Honan,  Anhwei and Hupeh Provinces",Executive Committee of Famine Relief Association for Honan Anhwei and Hupeh Provinces
Executive Committee of the China Merchants Steam Navigation Co,China Merchants' Steam Navigation Company 
Executive Committees of the China Cotton Goods Exchange,China Cotton Goods Exchange 
Foreign Affairs Department in the office of the Customs Superintendent in Chefoo,Foreign Affairs Department in the office of the Customs Superintendent 
"Great China
University",Great China University 
Great China University Board of Trustees,Great China University 
Hua Fon & Paper Manufactory,Hangchow Hwa Foong Paper Manufacturing Company
Industrial Bank of China,Shanghai Industrial Bank of China
International Famine Relief Commission in Peiping,International Famine Relief Commission 
Jardine Matheson & Co. Ltd.,Shanghai Jardine Matheson & Company
Jen Chi Hospital,Ningpo Jen Chi Hospital
Kiangsu and Chekiang Bank,Shanghai Kiangsu and Chekiang Bank
Kiangsu Province,Jiangsu Provincial Administration 
Kiangsu Provincial Bank,Shanghai Jiangsu Provincial Bank
Legal pracitioner,Legal practitioner
Lester Chinese Hospital of Ningpo,Lester Chinese Hospital Ningpo
NEW-HUDSON名,New Hudson
Sine Laboratory Co., Ltd.
ＳteelDrumsCo,Steel Drums Co.
"T.
China Press Packing Co.",China Press Packing Company 
Tung Wai Bank, Shanghai
一中,Remove
一五二七編緝部,Remove
一元,Remove
一元織造廠,一元織造廠
一分,Remove
一區一,一區一分所
一區一分　所,一區一分所
一區二,一區二分所
一區保衛團第三支團,一區保衛團
一善會,一善會
一國第,Remove
一團三,Remove
一大魚行,一大魚行
一師第,Remove
一枝春,Remove
一枝春茶,一枝春茶樓
一樂春,一樂春茶館
一樂春茶館,一樂春茶館
一法,第一特區地方法院
一特區地方法院,江蘇上海第一特區地方法院
一特區法院,一特區地方法院
一特法院,一特區地方法院
一特院,一特區地方法院
一興肉,一興肉莊
一路,一路分局
一路分,一路分局
一邑尊升堂,Remove
一院,Remove
一黨寺,一黨寺
丁丑科翰林院,翰林院
丁泰記園,丁泰記園
丁聚盛,Remove
丁聚盛紙店,丁聚盛紙店
七一,Remove
七十二師,七十二師
七鋪,Remove
三　昌糖食店,昌糖食店
三　齋肉店,齋肉店
三一印刷股份有限公司,三一印刷公司
三七鋪,Remove
三七鋪巡防,三七鋪巡防局
三井,三井洋行
三井·三菱,三井洋行
三井三蒙,三井洋行
三井公司,三井洋行
三井會社,三井洋行
三井東洋行,三井洋行
三井洋行,三井洋行
三井湯淺三洋行,三井洋行
三井煤棧,三井洋行
三井物產會社,三井洋行
三井行,三井洋行
三亦堂,三亦堂
三元,Remove
三元坊,Remove
三元堂丸藥,Remove
三元昇烟紙,Remove
三元福,Remove
三光,Remove
三分,Remove
三北機器廠,三北機器廠
三北輪埠公司,三北輪船公司
三北輪船公司,三北輪船公司
三北造船廠,三北造船廠
三區一,三區一分所
三區警,三區警署
三十區,Remove
三友梭子廠,三友梭子廠
三合會,三合會
三和,Remove
三和槽,Remove
三和西式皮革製品廠,三和西式皮革製品廠
三圖,Remove
三圖地保,Remove
三增,Remove
三慰公司（地產建築）,三慰公司（地產建築）
三慶,Remove
三慶班,三慶戲班
三慶部,Remove
三新銀行,三新銀行
三方面軍,三方面軍
三明府,Remove
三林司,三林司署
三林司署,三林司署
三林塘司,Remove
三民,Remove
三民化妝品廠,三民化妝品廠
三江,Remove
三江帮,Remove
三江幫,三江幫
三河鎭經募,Remove
三法鄉,Remove
三泰,Remove
三泰南貨,三泰南雜貨店
三泰米行,三泰米行
三泰馬頭,Remove
三洋涇橋義記土行,義記土行
三湖,Remove
三珍齋,三珍齋肉舖
三珍齋肉,三珍齋肉店
三珍齋肉店,三珍齋肉店
三發公司,三發公司
三發洋行,三發洋行
三益,Remove
三益興,Remove
三盛外國蓬,Remove
三等三,Remove
三素肉,三美鮮肉莊
三義,Remove
三興,Remove
三興煙草公司,三興煙草公司
三茂,Remove
三茂南,三茂南貨店
三茂鹹貨店,三茂鹹貨店
三茅閣橋洋貨店,三茅閣橋洋貨店
三莊,三莊理賬處
三菱,三菱公司
三菱·三井·第一·安田·住友,Remove
三菱公司,三菱公司
三菱公司洋行,三菱公司
三進,Remove
三道,Remove
三鋪,Remove
三鐵,Remove
三陽,Remove
三陽泰卽,三陽泰茶食店
三陽泰茶食,三陽泰茶食店
三青團,三青團
三養公司,三養公司
三馬路愛立司西藥行,愛立司西藥行
三馬路招商局,招商輪船局
三馬路與昌協賑公所,協賑公所
三馬路與昌恊賑公所,昌恊賑公所
三馬銷舆昌賬公所,昌賬公所
上　同仁醫院,同仁醫院
上中,Remove
上中實小,Remove
上京館,上京館飯店
上企,Remove
上元企業公司,上元企業公司
上元縣,上元縣
上元縣監,上元縣
上公堂,Remove
上嗔,Remove
上天殯儀舘,上天殯儀舘
上天𣩵儀館,上天殯儀舘
上峯,Remove
上工,Remove
上工部局,工部局
上憲,Remove
上憲協,Remove
上憲委,Remove
上憲札,Remove
上憲衙門,Remove
上控府,Remove
上書畫,Remove
上江兩學,Remove
上江貢監,Remove
上泗祿星堂,上泗祿星堂
上洋四馬路寳文閣,Remove
上洋大藥房,洋大藥房
上洋輪船局,洋輪船局
上海,Remove
上海　准巡局,准巡局
上海　别市農工商局,别市農工商局
上海　孚洋行,孚洋行
上海　署,署
上海三馬路協賑公所,協賑公所
上海三馬路申報館,申報館
上海上海市參議會茶會,上海市參議會茶會
上海上海市參議會茶會 ,上海市參議會茶會
上海上海市立體育專科學校,上海市立體育專科學校
上海中國國貨公司,上海中國國貨公司
上海中國國貨股份有限公司,上海中國國貨公司
上海中國墾業銀行房産部,中國墾業銀行房産部
上海中國婦孺救濟總會,上海中國婦孺救濟總會
上海中國工商保壽公司,中國工商保壽公司
上海中國火柴廠,中國火柴廠
上海中國繡業公會,中國繡業公會
上海中國農工銀行,上海中國農工銀行
上海中國通商銀行南市分行,中國通商銀行
上海中國醫學院學生軍軍訓委分會,中國醫學院學生軍軍訓委分會
上海中國銀行,中國銀行
上海中法新彚報館,中法新彚報館
上海中美商業公司,中美商業公司
上海中醫學會,中醫學會
上海中醫學院華隆醫院,中醫學院華隆醫院
上海五金交易所,五金交易所
上海交大機械工程院長,交大機械工程院
上海交易所,上海交易所
上海交通銀行,交通銀行
上海仁記洋行,仁記洋行
上海仁豐染織廠,仁豐染織廠
上海佛教法物保存館,佛教法物保存館
上海保太藥房,上海保太藥房
上海保嬰籌賑局,上海保嬰籌賑局
上海保安堂,保安堂
上海保險業商業同業公會,上海保險業商業同業公會
上海信義銀行,信義銀行
上海信託公司,上海信託公司
上海偉達飯店,偉達飯店
上海儲運局,上海儲運局
上海元芳洋行,元芳洋行
上海兒童圖書館,兒童圖書館
上海兒童福利促進會,兒童福利促進會
上海內地自來水公司,內地自來水公司
上海內河輪船公司,內河輪船公司
上海公信洋行,公信洋行
上海公共租界工部局,工部局
上海公共租界工部局地皮委員會,工部局
上海公共租界捕房,公共租界總巡捕房
上海公共租界納稅華人會,公共租界納稅華人會
上海公共租界總巡捕房,公共租界總巡捕房
上海公共租界臨時法院,公共租界臨時法院
上海公所,上海公所
上海公濟同人會,公濟同人會
上海六廠,上海六廠
上海六馬路,Remove
上海六馬路仁濟善堂,仁濟善堂
上海六馬路仁濟善堂籌賑公所,仁濟善堂
上海典質業同人友誼會,典質業同人友誼會
上海冠生園食品公司,冠生園食品公司
上海化市絲業會館籌賑公所,上海北市業會舘籌賑公所
上海北區南貨業職工會,上海北區南貨業職工會
上海北區南貨業職工會第一分會,上海北區南貨業職工會
上海北巿盆湯衖絲業會,上海北巿盆湯弄絲業會
上海北巿絲會館,上海北巿絲業會館
上海北巿絲業會,上海北巿絲業會館
上海北巿絲業會館,上海北巿絲業會館
上海北市盆湯弄絲業會,上海北巿絲業會館
上海北市盆湯弄絲業舍,上海北巿絲業會館
上海北市盆湯衖絲業會,上海北巿絲業會館
上海北市盆絲業會館,上海北巿絲業會館
上海北市益湯業會,上海北巿絲業會館
上海北市絲業會,上海北巿絲業會館
上海北市絲業會館,上海北巿絲業會館
上海北市絲業會館籌賑公所,上海北巿絲業會館
上海北市絲業會館籌賑所,上海北巿絲業會館
上海匯　銀行,匯豐銀行
"上海匯衆煙草公司
","上海匯衆煙草公司
"
上海匯豐行,匯豐銀行
上海協,Remove
上海協賬公所,上海協賬公所
上海南北市棕　店,上海南北市棕店
上海南區襪廠職工會第二分會,上海南區襪廠職工會
上海南市中國通商銀行,上海南市中國通商銀行
上海南洋大學圖書館,上海南洋大學
上海南貨職員公會,上海南貨職員公會
上海南貨職員會,上海南貨職員公會
上海及漢陽兵工廠,上海及漢陽兵工廠
上海各機關房屋委員會,Remove
上海同德醫學院及同德醫院,上海同德醫學院及同德醫院
上海吳淞區,上海吳淞區
上海商務印書館,上海商務印書館
上海商務印書館編譯所,上海商務印書館
上海商會,上海總商會
上海商業儲蓄銀行,上海商業儲蓄銀行
上海商業儲蓄銀行小東門分行,上海商業儲蓄銀行
上海商社,上海商社
上海商科大學,上海商科大學
上海四銀行準備庫,上海四銀行準備庫
上海四馬路文報局,文報局
上海國民商業儲蓄銀行,上海國泰商業儲蓄銀行
上海國貨銀行,上海國貨銀行
上海圖書館學,Remove
上海地,Remove
上海地審廳,上海地方審判廳
上海地方,上海地方法院
上海地方協會,上海地方協會
上海地方審判廳,上海地方審判廳
上海地方檢察　委,上海地方檢察廳
上海地方檢察廳,上海地方檢察廳
上海地方檢廳,上海地方檢察廳
上海地方法院,上海地方法院
上海地方法院司法調查團,上海地方法院
上海地方法院檢察處,上海地方法院
上海地方院檢察處,上海地方檢察廳
上海地檢廳,上海地方檢察廳
上海地檢處,上海地方檢察廳
上海地院檢察處,上海地方檢察廳
上海地院檢處,上海地方檢察廳
上海城濠丈放局,上海城濠官產丈放局
上海城濠官產丈放局,上海城濠官產丈放局
上海培元堂戒烟局,培元堂戒煙局
上海大明火柴公司,上海大明火柴公司
上海大東銀行,大東銀行
上海大法公館,法總領事署
上海大清銀行,大清銀行
上海天廚味精廠,上海天廚味精廠
上海太平洋行,上海太平洋行
上海女中,上海女子中小學
上海局,Remove
上海工商業貸款審查委員會,上海工商業貸款審查委員會
"上海工業銀行
","上海工業銀行
"
上海工巡捐,上海工巡捐總局
上海工巡捐局,上海工巡捐總局
上海工巡捐總,上海工巡捐總局
上海工巡捐總局,上海工巡捐總局
上海工巡捐總局庶務處,上海工巡捐總局
上海工逞　局,上海工逞局
上海工部,工部局
上海工部局,工部局
上海巿政府,上海巿政府
上海市,Remove
上海市上海市參議會,上海市參議會
上海市中華國產廠商聯合會,中華國產廠商聯合會
上海市五圖,Remove
上海市人民政府,上海市人民政府
上海市人民法院,上海市人民法院
上海市保衛總團部,上海市保衛總團部
上海市保衞團,上海市保衞團
上海市保衞委員會,上海市保衞委員會
上海市保險商業同業公會,上海市保險商業同業公會
上海市信託商業同業公會,上海市信託商業同業公會
上海市內布織造工業同業公會,上海市內布織造工業同業公會
上海市公安兩局,公安局
上海市公安局,公安局
上海市公安局長,公安局
上海市公所,上海市公所
上海市公所工程處,上海市公所
上海市公所路政工程處,上海市公所
上海市公用局,公用局
上海市冷作業職業工會,上海市勞資仲裁委員會
上海市减低房租委員會,上海市减低房租委員會
上海市减低房租委員會閘北區整理委員會,上海市减低房租委員會
上海市减低房租會,上海市减低房租委員會
上海市勞資仲裁委員會,上海市勞資仲裁委員會
上海市勞資仲裁會,上海市勞資仲裁委員會
上海市勞資伸裁委員會,上海市勞資仲裁委員會
上海市化學原料商業同業公會,上海市化學原料商業同業公會
上海市化粧品工業同業公會,上海市化粧品工業同業公會
上海市參議員,上海市參議會
上海市參議會,上海市參議會
上海市唱機工會第一分會,上海市唱機工會
上海市商會,上海總商會
上海市商會呢絨業同業公會,上海總商會
上海市商會商務委員會,上海總商會
上海市商會監察,上海市總商會
上海市商會組織委員會,上海總商會
上海市商民協會,上海市商民協會
上海市商民協會藥業分會,上海市商民協會藥業分會
上海市商民協會藥業飲片分會,上海市商民協會藥業飲片分會
上海市商民恊會,上海市商民恊會
上海市國貨工廠聯合會,上海市國貨工廠聯合會
上海市土地局,市土地局
上海市土地局第二科,市土地局
上海市地方協會,上海地方協會
上海市審計處,上海市審計處
上海市工人福利委員會,上海市工人福利委員會
上海市工人福利委員會浦東聯絡站,上海市工人福利委員會
上海市工務局,工務局
上海市工業化學原料號業同業公會,上海市工業化學原料號業同業公會
上海市工業協會,上海市工業協會
上海市工業原料市場管理會,上海市工業原料市場管理會
上海市工業油脂業同業公會,上海市工業油脂業同業公會
上海市市民疾病醫藥助金社,市民急病醫藥助金社
上海市律師公會,上海市律師公會
上海市房地產業同業公會,上海市房地產業同業公會
上海市房客總聯合會,上海市房客總聯合會
上海市手帕織造工業同業公會,上海市手帕織造工業同業公會
上海市捲烟工人福利委員會,上海市捲煙工人福利委員會
上海市捲煙業工人福利會,上海市捲煙工人福利委員會
上海市捲菸廠工業同業公會,上海市捲煙廠工業同業公會
上海市政府,上海市政府
上海市政府·上海市參議會,市政府
上海市政府土地估價委員會,上海市政府土地估價委員會
上海市政府土地局,土地局
上海市政府工務局,上海市工務局
上海市政府新聞處,上海市政府
上海市政府會計處,上海市政府
上海市政府社會局,社會局
上海市敎育局,敎育局
上海市新藥業同業公會,上海市新藥業同業公會
上海市新閘區减但房租委員會醬園弄維新里支會,上海市新閘區减但房租委員會
上海市會計師公會,上海市會計師公會
上海市板箱作商業同業公會,上海市板箱作商業同業公會
上海市染煉工業同業公會,上海市染煉工業同業公會
上海市機器工業同業公會,上海市機器工業同業公會
上海市機器染織工業同業公會,上海市機器染織工業同業公會
上海市橡膠商業同業公會,上海市橡膠商業同業公會
上海市毛絨紡織整染工業同業公會,上海市毛絨紡織整染工業同業公會
上海市毛絨線業商業同業公會,上海市毛絨紡織整染工業同業公會
上海市民船業職業工會,上海市民船業職業工會
上海市油廠職工會第三分會,上海市油廠職工會
上海市油漆内作工會第一分會,上海市油漆内作工會
上海市油脂商業同業公會,上海市油脂商業同業公會
上海市減低房租委員會第一區第二十,上海市減低房租委員會
上海市渡船業職業工會,上海市民船業職業工會
上海市漁會,上海市漁會
上海市火柴工業同業公會,上海市火柴工業同業公會
上海市煤業公會,上海市煤業同業公會
上海市煤炭柴工會,上海市煤炭柴工會
上海市煤炭柴工會第一分會,上海市煤炭柴工會
上海市煤炭柴業工會第一分會,上海市煤炭柴工會
上海市熱水瓶工業同業公會,上海市熱水瓶工業同業公會
上海市猪案工會,上海市猪案工會
上海市猪案工會第一分會,上海市猪案工會
上海市百貨商業同業公會,上海市百貨商業同業公會
上海市磚瓦運輸業工會,上海市磚瓦運輸業職業工會
上海市磚瓦運輸業職業工會,上海市磚瓦運輸業職業工會
上海市社會局,上海市社會局
上海市社會局調解科,上海市社會局
上海市社會工作人員訓練班第一期,上海市社會工作人員訓練班
上海市禁煙委員會,上海市禁煙委員會
上海市第一特區民聯合會,上海市第一特區民聯合會
上海市第二特區市民聯合會第四區分會永裕里支會,上海市第一特區民聯合會
上海市米業職工會,上海市米業職工會
上海市米業職工會第一分會,上海市米業職工會
上海市米號商業同業公會,上海市米號商業同業公會
上海市紗廠　五分會,上海市紗廠五分會
上海市紗管工業同業公會,上海市紗管工業同業公會
上海市紙裱業同業公會　規懲戒委　審議組,上海市紙裱業同業公會
上海市經　辦事處,上海市經董辦事處
上海市總商會,上海總商會
上海市臨時參議會,上海市臨時市參議會
上海市臨時市參議會,上海市臨時市參議會
上海市興業信託社,上海市興業信託社
上海市花粉業職工會,上海市花粉業職工會
上海市花粉業職工會第一分會,上海市花粉業職工會
上海市草呢帽工業同業公會,上海市草呢帽工業同業公會
上海市華洋雜貨商業同業公會,上海市華洋雜貨商業同業公會
上海市藥業工會,上海市藥業工會
上海市藥業工會第一分會,上海市藥業工會
上海市衛生局衛生試驗所,上海市衛生局
上海市製帽業職業工會,上海市製帽業職業工會整理委員會
上海市製帽業職業工會整理委員會,上海市製帽業職業工會整理委員會
上海市襯衫工業同業公會,上海市襯衫工業同業公會
上海市調味粉工業同業公會,上海市調味粉工業同業公會
上海市警察局,上海市警察局
上海市警察局保衛團警訓所,上海市警察局
上海市警察局刑事案件分局,上海市警察局
上海市警察局刑事第二科,上海市警察局
上海市警察局刑事處,上海市警察局
上海市警察局刑事處偵緝科,上海市警察局
上海市警察局刑事處匪警局,上海市警察局
上海市警察局刑事處第,上海市警察局
上海市警察局刑事處第二科,上海市警察局
上海市警察局刑事處調查海員工會,上海市警察局
上海市警察局刑事處長寧分局,上海市警察局
上海市警察局刑事警察處,上海市警察局
上海市警察局刑事警處,上海市警察局
上海市警察局刑二科,上海市警察局
上海市警察局刑警處第,上海市警察局
上海市警察局司法處,上海市警察局
上海市警察局吳淞分局,上海市警察局
上海市警察局常熟分局,上海市警察局
上海市警察局徐匯分局,上海市警察局
上海市警察局提籃橋分局,上海市警察局
上海市警察局提籃橋分局二股,上海市警察局
上海市警察局新成分局,上海市警察局
上海市警察局新涇分局,上海市警察局
上海市警察局楊思分局,上海市警察局
上海市警察局榆林分局,上海市警察局
上海市警察局江寧分局,上海市警察局
上海市警察局江寧路分局,上海市警察局
上海市警察局洋涇分局,上海市警察局
上海市警察局盧灣分局,上海市警察局
上海市警察局督察處,上海市警察局
上海市警察局老閘分局,上海市警察局
上海市警察局虹口分局,上海市警察局
上海市警察局虹口分局二股刑事組,上海市警察局
上海市警察局行政處,上海市警察局
上海市警察局警局機動大隊,上海市警察局
上海市警察局邑廟分局,上海市警察局
上海市警察局閘北警察分局,上海市警察局
上海市警察局靜安分局,上海市警察局
上海市警察局靜安寺分局,上海市警察局
上海市警察局高橋分局刑事處,上海市警察局
上海市警察局黃浦分局,上海市警察局
上海市警察局龍華分局,上海市警察局
上海市警察總局,上海市警察局
上海市警局,上海市警察局
上海市財政局,市財政局
上海市財政局局長兼土地局,上海市財政局
上海市貧民急救助金社,上海市貧民急救助金社
上海市軍裝工業同業公會,上海市軍裝工業同業公會
上海市輪渡公司,上海市輪渡公司
上海市輪船商業同業公會,上海市輪船業公會
上海市農工商局,上海市農工商局
上海市造漆工業同業公會,上海市造漆工業同業公會
上海市造紙工業同業公會,上海市造紙工業同業公會
上海市選舉委員會,上海市選舉委員會
上海市醫師公會,上海市醫師公會
上海市金銀工會,上海市金銀工會
上海市金銀工會第一分會,上海市金銀工會
上海市銀樓業職業工會,上海市銀樓業職業工會
上海市銀樓業職業工會整理委員會,上海市銀樓業職業工會
上海市銀行,上海市銀行
上海市銀行公會,上海銀行公會
上海市銀行公會聯合準備庫,上海市銀行公會
上海市銀行南市辦事處,上海市銀行
上海市銀行商業同業公會,上海銀行公會
上海市銀行業同業公會,上海市銀行商業同業公會
上海市銀行業聯合準備委員會,上海市銀行業聯合準備委員會
上海市銅鐵機器業同業公會,上海市銅鐵機器業同業公會
上海市鋼鐵煉製工業公會,上海市鋼鐵煉製工業公會
上海市錢商業同業公會,上海市錢商業同業公會
上海市錢業聯合準備庫,上海市錢業聯合準備庫
上海市電工器材工業同業公會,上海市電工器材工業同業公會
上海市電影業職業工會,上海市電影業職業工會
上海市電影業職業工會第二分會,上海市電影業職業工會
上海市電機絲織工業同業公會,上海市電機絲織工業同業公會
上海市餅乾麵包糖果食品商業同業公會,上海市餅乾麵包糖果食品商業同業公會
上海市高等法院,江蘇上海高等法院
上海市高等法院檢察處,江蘇上海高等法院
上海市鮮肉業同業公會,上海市鮮肉業同業公會
上海市鮮肉業同業公會第一特區分會,上海市鮮肉業同業公會
上海市黃浦區,上海市黃浦區
上海市黨部,上海市黨部
上海平康里,Remove
上海平康里恆濟戒烟局,恆濟戒烟局
上海平康里恒濟戒烟局,恆濟戒烟局
上海幼幼敎養院,上海幼幼敎養院
上海廣報館,廣報館
上海廣學會,廣學會
上海廣益善堂,上海廣益善堂
上海廵捕房,上海廵捕房
上海廵捕房西局,上海廵捕房
上海復旦公學,上海復旦公學
上海怡和洋行,上海怡和洋行
上海急救時疫醫院,上海急救時疫醫院
上海恆豐紗廠,恆豐紗廠
上海恊賑公所,恊賑公所
上海恒豐紗廠,恆豐紗廠
上海戒煙局,上海戒煙局
上海招商局,招商輪船局
上海招商輪船局,招商輪船局
上海捲烟廠工業同業公會,上海捲煙廠工業同業公會
上海提標右營,上海提右營
上海提標右營計七營,上海提右營
上海敎區公敎進行會總會,上海敎區公敎進行會總會
上海敬業書院,敬業書院
上海文報局,文報局
上海文報局内恊賑公所,恊賑公所
上海昌興糖行,上海昌興糖行
上海晨報社,上海晨報社
上海普育善堂,普育善堂
上海會,上海會審公廨
上海會捕局,會捕局
上海有恆豐紗廠,恆豐紗廠
上海東陸銀行,上海東陸銀行
上海某校,Remove
上海棉布市,上海棉布市塲
上海榮康酒樓,上海榮康酒樓
上海機器制縫紉業職工會,上海機器制縫紉業職工會
上海機器局,上海織布機器局
上海機器廠,上海機器廠
上海橡膠製品工業同業公會,上海橡膠製品工業同業公會
上海殯儀舘,上海殯儀舘
上海毛絨紡織廠,上海毛絨紡織廠
上海水泥公司,上海水泥公司
上海永安紡織公司,上海永安紡織公司
上海永年人壽保險公司,上海永年人壽保險公司
上海江蘇銀行,上海江蘇銀行
上海法,Remove
上海法公堂,法界會審公廨
上海法公董局,公董局
上海法租界,Remove
上海法租界公董局,公董局
上海法租界公董局警務處,公董局警務處
上海法租界納稅華人會,法租界納稅華人會
上海法租界總商會,法租界總商會
上海泰安里,Remove
上海泰山煉瓦公司,上海泰山煉瓦公司
上海洋藥捐局,洋藥釐捐局
上海洋藥釐捐局,洋藥釐捐局
上海浙江地方實業銀行,上海浙江地方實業銀行
上海浴室商業同業公會,上海浴室商業同業公會
上海港務整理委員,上海港務整理委員
上海港務整理委員會查緝警衛組,上海港務整理委員會查緝警衛組
上海濟民醫院,上海濟民醫院
上海炮局,上海炮局
上海煤業公棧股份有限公司,上海煤業公棧公司
上海煤業銀行,上海煤業銀行
上海煤氣公司,上海煤氣公司
上海煤油廠高,上海煤油廠高
上海熟煤行,上海熟煤行
上海熾昌新製膠廠,上海熾昌新製膠廠
上海牙刷業同業公會,上海牙刷業同業公會
上海特別市公用局,公用局
上海特別市執行委員會,上海特別市執行委員會
上海特別市政府,上海市政府
上海特別市政府工務局,工務局
上海特別市政府財政局,上海市財政局
上海特別市新藥業同業公會,上海市新藥業同業公會
上海特別市第五區黨部第六區分部執行委員會,國民黨
上海特別市第六區黨部,國民黨
上海特別市第四區黨部二十六分部,國民黨
上海特別市經濟局,經濟局
上海特別市總商會,上海總商會
上海特別市臨時市政府,上海臨時市政府
上海特別市警察局,上海市警察局
上海特別市黨部,上海市黨部
上海特別市黨部第九十三分部,國民黨
上海特别巿政府,上海巿政府
上海特别巿財政局,財政局
上海特别市公安局,公安局
上海特别市公安局户籍科,公安局
上海特别市公安局第一區總署,公安局第一區總署
上海特别市公用局,公用局
上海特别市商民協會,上海市商民協會
上海特别市商民協會藥業分會,上海市商民協會藥業分會
上海特别市商民協會藥業飲片分會,上海市商民協會藥業飲片分會
上海特别市商民協會陽傘業分會,上海市商民協會陽傘業分會
上海特别市商民恊會,上海市商民恊會
上海特别市商民恊會醬酒業業會籌備處,上海市商民恊會醬酒業業會籌備處
上海特别市國術館,上海市國術館
上海特别市土地局,土地局
上海特别市工務,工務局
上海特别市工務局,工務局
上海特别市工務局長,工務局
上海特别市市政府,市政府
上海特别市房客總聯合會,上海市房客總聯合會
上海特别市指導委員會民衆訓練委員會,上海市指導委員會民衆訓練委員會
上海特别市政府,市政府
上海特别市政府公安局,公安局
上海特别市政府土地局,土地局
上海特别市政府財政局,財政局
上海特别市敎育局,敎育局
上海特别市社會局,社會局
上海特别市財政局牛捐承辦所,財政局
上海特别市農工商局,上海市農工商局
上海特别市閘北區救火聯合會,上海市閘北區救火聯合會
上海特别市黨部,上海市黨部
上海特種刑事法庭,上海特種刑事法庭
上海申報館,申報館
上海皮件業同業工會,上海皮件業同業工會
上海直接稅局第三科,上海直接稅局
上海直賑公所,直賑公所
上海硝磺局,硝磺局
上海票據交換所,上海票據交換所
上海福潤局,福潤局
上海禪臣洋行,禪臣洋行
上海租界,Remove
上海租界事務會審分府,英界會審公廨
上海租界會審,英界會審公廨
上海租界會審分府,英界會審公廨
上海第一交通大學電機工程科,上海第一交通大學電機工程科
上海第一特區地方,上海第一特區地方法院
上海籌賑局,籌賑局
上海粮廳,上海粮廳
上海紅星橡膠廠,上海紅星橡膠廠
上海紅白木業工會一分會,上海紅白木業工會
上海納稅華人會,公共租界納稅華人會
上海紡織印染公司,上海紡織印染公司
上海絲業會,上海北巿絲業會館
上海絲業會館,上海北巿絲業會館
上海絲業會館籌賑公所,上海絲業會館籌賑公所
上海絲業籌賑公所,上海絲業會館籌賑公所
上海絲繭總公所,上海絲繭業總公所
上海綢業商業儲蓄銀行,上海綢業商業儲蓄銀行
上海綢緞布染業工會第一二分會,上海綢緞布染業工會
上海縣,上海縣署
上海縣中,上海縣署
上海縣令,Remove
上海縣公,上海縣公署
上海縣公置,上海縣公署
上海縣刑招工,Remove
上海縣學,Remove
上海縣捕役會,上海縣捕役會
上海縣政府財政局,上海縣財政局
上海縣暑,上海縣署
上海縣照,Remove
上海縣獄,上海縣獄
上海縣田大令,Remove
上海縣發堂,Remove
上海縣督捕廳,上海縣署
上海縣知事,上海縣知事公署
上海縣知事公署,上海縣署
上海縣知事會,上海縣知事公署
上海縣知事署,上海縣知事公署
上海縣究辦,Remove
上海縣立,Remove
上海縣署,上海縣署
上海縣草善徵大令製造局,上海縣署
上海縣莫邑尊英會,上海縣署
上海縣莫邑尊製造局,江南製造局
上海縣葉明府,上海縣署
上海縣衙,上海縣署
上海縣衙門,上海縣署
上海縣裝大中,Remove
上海縣裴邑尊貨捐局,貨捐局
上海縣訊,Remove
上海縣訊供收所,上海縣署
上海縣訊辦,Remove
上海縣財政局,上海縣財政局
上海縣轉委水利廳,水利廳
上海縣陰陽學,Remove
上海縣陸大令,上海縣署
上海縣陸邑尊升堂,Remove
上海縣驗明委係,上海縣署
上海縣鹽快,上海縣署
上海縣黃大令,上海縣署
上海縣黄大,上海縣署
上海縣黄大令,上海縣署
上海總商會,上海總商會
上海總商會商業,上海總商會
上海總商會組織委員會,上海總商會組織委員會
上海總醫院,上海總醫院
上海署,上海縣署
上海美新,Remove
上海美興公司機械部,上海美興公司
上海義渡局,上海義渡局
上海翼化堂,上海翼化堂
上海聖教書會,上海聖教書會
上海肺病療養院,上海肺病療養院
上海臨時市政府,上海臨時市政府
上海至中,上海至中商業儲蓄銀行
上海至中商業儲蓄銀,上海至中商業儲蓄銀行
上海至中商業儲蓄銀行,上海至中商業儲蓄銀行
上海興業銀行中棉織染廠,上海興業銀行中棉織染廠
上海船,Remove
上海英工部局,工部局
上海華商證券交易所,上海華商證券交易所
上海華商鑄豐通記搪瓷公司,上海華商鑄豐通記搪瓷公司
上海華商電氣公司,上海華商電氣公司
上海華安印刷製盒廠,上海華安印刷製盒廠
上海華安襪廠,上海華安襪廠
上海華豐紗廠,上海華豐紗廠
上海藥業職工會,上海藥業職工會
上海藥業職工會第一分會,上海藥業職工會
上海虹口元濟堂,元濟善堂
上海虹口元齊堂,元濟善堂
上海衛生局,上海市衛生局
上海裕民國貨毛織公司,上海裕民國貨毛織公司
上海裕民國貨毛織廠,上海裕民國貨毛織廠
上海裕民毛織廠,上海裕民毛織廠
上海製造局,江南製造局
上海西人紗廠公㑹,上海西人紗廠公㑹
上海詠霓園,Remove
上海警察局,上海市警察局
上海警察局刑事處,上海市警察局
上海警察局北四川分局,上海市警察局
上海警察局北站分局,上海市警察局
上海警察局嵩山分局,上海市警察局
上海警察局徐匯分局,上海市警察局
上海警察局提籃橋分局二股,上海市警察局
上海警察局新市街分局,上海市警察局
上海警察局新成分局,上海市警察局
上海警察局普陀分局,上海市警察局
上海警察局老閘分局,上海市警察局
上海警察局蓬萊分局,上海市警察局
上海警察局邑廟分局,上海市警察局
上海警察局長寧分局,上海市警察局
上海警察局閘北分局,上海市警察局
上海警察局靜安分局,上海市警察局
上海警察處刑事處,上海警察處刑事處
上海警局,上海市警察局
上海警局長,上海警局
上海財政委員會,上海財政委員會
上海財政局,財政局
上海貨物稅局,上海貨物稅局
上海貿易公司,上海貿易公司
上海輪船招商局,輪船招商局 
上海通商會議局,通商會議局
上海通記證券號,上海通記證券號
上海道,上海道署
上海道署,上海道署
上海郵務工會,上海郵務職工會
上海郵務職工會,上海郵務職工會
上海酒菜業同業公會,上海酒菜業同業公會
上海醫學院,上海醫學院
上海醬業職工會,上海醬業職工聯合會
上海醬業職工聯合會,上海醬業職工聯合會
上海金業交易所,上海金業交易所
上海銀行俱樂部,上海銀行俱樂部
上海銀行公,上海銀行公會
上海銀行公㑹,上海銀行公㑹
上海銀行公會,上海銀行公會
上海銀行業聯合準備委員會貨物股,上海市銀行業聯合準備委員會
上海鋼鐵股份有限公司,上海鋼鐵公司
上海錢業公會及銀行公會,上海錢業公會及銀行公會
上海錢業監理會,上海錢業監理會
上海鐵管廠,上海鐵管廠
上海長德榨油廠,上海長德榨油廠
上海閘北商會,上海閘北商會
上海閘北延緒山莊,上海閘北延緒山莊
上海關,Remove
上海陳家木橋戒烟局,上海陳家木橋戒煙局
上海電信局,上海電信局
上海電力公司,上海電力公司
上海電報局,上海電報局
上海電報總局,上海電報局
上海電局,上海電報局
上海電機製造廠,上海電機製造廠
上海電行,上海電線行
上海電訊局,上海電訊局
上海電話公司,上海電話公司
上海青年中小學,上海青年中小學
上海飛機修理廠,上海飛機修理廠
上海飛行社,上海飛行社
上海高易籌振公所,上海高易籌振公所
上海高易籌賑公,上海高易籌振公所
上海高易籌賑所,上海高易籌振公所
上海高檢署,江蘇上海高等法院
上海高等法院,江蘇上海高等法院
上海高等法院檢察處,江蘇上海高等法院
上海高等特別刑事法庭,江蘇上海高等法院
上海高等特種刑事法庭,江蘇上海高等法院
上海魚市場,上海魚市場
上海麵粉交易所,上海麵粉交易所
上海黃浦區,上海黃浦區
上海龍華製迭火藥局,上海龍華製迭火藥局
上渡分局,上渡分局
上發昌船廠,發昌船廠
上美領事署,美國領事署
上英,Remove
上虞縣,Remove
上行,Remove
上西商團,西商團
上邑保嬰總局,保嬰總局
上部局,Remove
上院,上議院
上黃酒業,Remove
下城小,Remove
下府縣印委,Remove
下河公幹,Remove
下海浦軋花局,下海浦軋花局
下議院,下議院
下邾司,Remove
下院,下議院
丐黨,Remove
世和,世和洋行
世德堂,世德堂
世界,Remove
世界和平,Remove
世界書局,世界書局
世界渭記五金製造廠,世界渭記五金製造廠
世界社,世界社
世界紅卍字會,世界紅卍字會
世經堂,世經堂
世美齋肉,Remove
世華,Remove
丙丁二店,Remove
丙戌科,Remove
並蒂蓮花館,蒂蓮花館
中　業務局,Remove
中·交,Remove
中一信託公司,中一信託公司
中丞飭府,Remove
中中交,Remove
中云,Remove
中俄會議公署,中俄會議公署
中保,Remove
中信,中信局
中儲,Remove
中共,Remove
中准,Remove
中匯,Remove
中匯印染廠,中匯印染廠
中匯銀行,中匯銀行
中協,Remove
中南味英製造廠,中南味英製造廠
中南銀行,中南銀行
中南飯店,中南飯店
中原委,Remove
中叚,Remove
中和,Remove
中和棧,Remove
中和行,中和洋行
中和造紙廠股份有限公司,中和造紙廠公司
中四,Remove
中國五金彈簧廠,中國五金彈簧廠
中國交通企業公司,中國交通企業公司
中國交通銀行,中國交通銀行
中國人事保險公司,中國人事保險公司
中國企工,Remove
中國企業銀行,中國企業銀行
中國保健公司,中國保健公司
中國保安玻璃醫學儀器廠,中國保安玻璃醫學儀器廠
中國內衣公司,中國內衣公司
中國內衣紡織染廠有限公司,中國內衣公司
中國內衣紡織染廠股份有限公司,中國內衣織染廠
中國內衣織染廠,中國內衣公司
中國全國工業協會上海分會,中國全國工業協會
中國全國工業協會總會,中國全國工業協會
中國公共汽車公司,中國公共汽車公司
中國公所,中國公所
中國切紙公司（泰和祥紙號）,中國切紙公司（泰和祥紙號）
中國勞動協會,中國勞動協會
中國勞動協會北碚工人福利社,中國勞動協會
中國勞動協會工人福利社,中國勞動協會
中國勞工福利協會上海分會,中國勞動協會
中國化學工業社,中國化學工業社
中國化學工業社有限公司,中國化學工業社
中國化學工業社總務科,中國化學工業社
中國化學工業社股份有限公司,中國化學工業社
中國化學工業社股份有限公司營業科,中國化學工業社
中國印刷材料公司,中國印刷材料公司
中國合衆煙廠,中國合衆煙廠
中國國民黨,國民黨
中國國民黨上海　別市執行委員會,國民黨上海市執行委員會
中國國民黨上海特別市執行委員會,國民黨上海執行委員會
中國國民黨上海特別市黨部,國民黨上海特別市黨部
中國國民黨中央政治會議上海分會,國民黨中央政治會議上海分會
中國國民黨江蘇松江縣執行委員會,國民黨江蘇松江縣執行委員會
中國國民黨江蘇省執行委員會,國民黨江蘇省執行委員會
中國國民黨第四十六軍特别黨部,國民黨第四十六軍特别黨部
中國國民黨黑龍江省黨務指導委員會,國民黨黑龍江省黨務指導委員會
中國國貨公司,中國國貨聯合營業公司
中國國貨聯合營業公司,中國國貨聯合營業公司
中國國貨聯合營業公司 - 中國國貨公司,中國國貨聯合營業公司
中國國貨銀行,中國國貨銀行
中國國際委員會,中國國際委員會
中國地方行政研究所,中國地方行政研究所
中國墾業銀行,中國墾業銀行
中國墾業銀行房産部,中國墾業銀行
中國大藥房,中國大藥房
中國天主敎慈善事業協會,中國天主敎慈善事業協會
中國家,Remove
中國實業染織廠,中國實業染織廠
中國工商保壽公司,中國工商保壽公司
中國工業保險公司,中國工業保險公司
中國工業協會上海分會,中國工業協會上海分會
中國工業銀行,中國工業銀行
中國布疋經銷公司,中國布疋經銷公司
中國建業公司,中國建業公司
中國建業地產公司,中國建業地產公司
中國建業貿易公司,中國建業貿易公司
中國建設出版社,中國建設出版社
中國建設印務公司,中國建設印務公司
中國建設服務社,中國建設服務社
中國建設銀公司,中國建設銀公司
中國徵信所,中國徵信所
中國慈幼院西成洋行,中國慈幼院西成洋行
中國救濟婦女會,中國救濟婦女會
中國救濟婦孺總會,中國救濟婦孺總會
中國文化服務總社,中國文化服務總社
中國旅行社,中國旅行社
中國朝廷,中國朝廷
中國染化工程學會,中國染化工程學會
中國棉織業產銷聯營股份有限公司,中國棉織業產銷聯營公司
中國棉織業產銷聯營股份有限公司 ,中國棉織業產銷聯營公司
中國標準紙品公司,中國標準紙品公司
中國水泥公司,中國水泥公司
中國水產物品公司,中國水產物品公司
中國汽車公司,中國汽車公司
中國漁業,Remove
中國漁業公司,中國漁業公司
中國版制公司,中國版制公司
中國瑞倫烟公司,中國瑞倫煙公司
中國福州砲局,中國福州砲局
中國第一信用保險公司,中國第一信用保險公司
"中國籐柳草器廠股份有限公
司","中國籐柳草器廠公
司"
中國糾聚股份,中國糾聚股份公司
中國紅十字會,中國紅十字會總會
中國紅十字會總會,中國紅十字會總會
中國紅十字會總辦事處,中國紅十字會
中國紅十字總會,中國紅十字會
中國紗布公司,中國紗布公司
中國紡建公司,中國紡織建設公司
中國紡織公司,中國紡織公司
中國紡織建設公司,中國紡織建設公司
中國紡織建設公司上海第一針織廠,中國紡織建設公司上海第一針織廠
中國紡織染工業專科學校,中國紡織染工程學院
中國紡織染工程學院,中國紡織染工程學院
中國經濟社武進分社,中國經濟社武進分社
中國總理衙門,總理衙門
中國聯合工程公司,中國聯合工程公司
中國聯業保險公司,中國聯業保險公司
中國股票公司,中國股票公司
中國航業,Remove
中國航空公司,中國航空公司
中國航空協會,中國航空協會總會
中國航空協會總會,中國航空協會總會
中國華一印刷公司,中國華一印刷公司
中國華成烟公司,中國華成煙公司
中國華成烟草公司,華成煙草公司
中國華成菸公司,中國華成烟草公司
中國華成菸草公司,中國華成烟草公司
中國菸葉公司,中國煙葉公司
中國萃衆製造公司,中國萃衆製造公司
中國藥業銀行,中國藥業銀行
中國製釘廠,中國製釘廠
中國製針廠,中國製針廠
中國西南實業協會上海市分會,中國西南實業協會上海市分會
中國農工銀行,中國農工銀行
中國農民銀行,中國農民銀行
中國通商銀行,中國通商銀行
中國通商銀行管理處業務局,中國通商銀行
中國通惠機器股份有限公司,中國通惠機器公司
中國通運公司,中國通運公司
中國金屬器皿製造廠,中國金屬器皿製造廠
中國銀行,中國銀行
中國銀行滬行,中國銀行
中國銀行蘭谿支行,中國銀行
中國電報,中國電報局
中國電報局,中國電報局
中國電報局司,中國電報局
中國電工企業公司製造廠（紹敦電機製造廠）,中國電工企業公司製造廠
中國電影廠,中國電影廠
中國電機工程師學會,中國電機工程師學會
中國電線,Remove
中國靑少年　上漁市團部,中國靑少年上漁市團部
中國靑年　範團第四　隊,中國靑年範團第四　隊
中國靑年黨,中國靑年黨
中國領事官署,中國領事官署
中國領事衙門,中國領事官處
中國飛雲兵輪,Remove
中堂,Remove
中堂面委,Remove
中外輿圖局,中外輿圖局
中大,Remove
中大彩,Remove
中央·中國·交通·三銀行,Remove
中央信託局,中央信託局
中央信託局易貨處,中央信託局
中央儲備銀行,中央儲備銀行
中央儲備銀行東京辦事處,中央儲備銀行
中央儲備銀行檢查金融事務處,中央儲備銀行
中央儲蓄會,中央儲蓄會
中央儲蓄銀行,中央儲備銀行
中央印製廠,中央印製廠
中央印製廠一廠工會,中央印製廠工會
中央印製廠工會,中央印製廠工會
中央執行委員會,中央執行委員會
中央政校,中央政治學校
中央政治會議,中央政治會議
中央政治會議廣東政治分會,中央政治會議廣東政治分會
中央日報社股份有限公司,中央日報社公司
中央標準局審査,中央標準局審査
中央生物化學制藥實驗處,中央生物化學制藥實驗處
中央研究院,中央研究院
中央研究院動植物研究所,中央研究院
中央研究院長,中央研究院
中央硏究院圖書館,中央研究院
中央硏究院長,中央研究院
中央社訊,Remove
中央社電,Remove
中央製藥實驗處,中央製藥實驗處
中央訓練,Remove
中央訓練團,中央訓練團
中央訓練團社訓班,中央訓練團
中央訓練團第一期社訓班,中央訓練團
中央警官學校,中央警官學校
中央警校,中央警官學校
中央警校區,Remove
中央警校第二隊,中央警官學校
中央警校警官訓,中央警官學校
中央警訓班第六中隊,中央警官學校
中央農工部工運計劃委員會,農工部工運計劃委員會
中央造幣廠,中央造幣廠
中央銀,中央銀行
中央銀行,中央銀行
中央銀行國庫局,中央銀行
中央銀行平津區域行,中央銀行
中央銀行房地產估價委員會,中央銀行
中央銀行發行局,中央銀行
中央銀行經濟研究處,中央銀行
中央銀行總行,中央銀行
中央電器工業廠,中央電器工業廠
中央黨,Remove
中央黨部,國民黨
中央黨部聯祕處,中央黨部聯祕處
中央黨部農人科,中央黨部
中奉,Remove
中女堂,Remove
中委,Remove
中孚,中孚洋行
中孚染料廠,中孚染料廠
中孚洋行,中孚洋行
中孚行,中孚洋行
中宣部國際宣傳處,中宣部國際宣傳處
中宵,Remove
中局,Remove
中市,Remove
中府,Remove
中府分府,Remove
中座,Remove
中庸,Remove
中庸商業銀行,中庸商業銀行
中庸洋行,中庸洋行
中彩,Remove
中德製藥廠,中德製藥廠
中心內衣手帕廠,中心內衣手帕廠
中情,Remove
中文武印委,Remove
中旣,Remove
中星熱水甁製造廠,中星熱水瓶廠
中朝,中國朝廷
中東鐵路,中東鐵路
中桐,Remove
中桐行,Remove
中梅河厘局,中梅河釐局
中棉織染廠,中棉織染廠
中業,Remove
中機乙,Remove
中正司,中正司署
中正司署,中正司署
中正坊署,中正坊署
中江,Remove
中江書院,中江書院
中法大學校董會,中法大學
中法大學校董會 ,中法大學
中法大藥房,中法大藥房
中法工商銀行,中法工商銀行
中法油脂化學製造廠,中法油脂化學製造廠
中法血淸菌苗廠,中法血淸菌苗廠
中牛荘,Remove
中理處,Remove
中石,Remove
中管廠,Remove
中級信用信託公司,中級信用信託公司
中紡,中紡公司
中紡公司上海第二製蔴廠工會,中紡公司
中紡公司第二紡織廠工會,中紡公司
中紡公司美華印染廠工會,中紡公司
中紡十一廠工會,中紡公司
中紡十六廠產業工會,中紡公司
中紡四廠,中紡公司
中紡四廠工會,中紡公司
中紡第一印染廠,中紡公司
中紡第一印染廠工會,中紡公司
中紡第一製蔴廠產業工會,中紡公司
中紡第三印染廠,中紡公司
中紡第三印染廠化驗室,中紡公司
中紡第三印染廠工會,中紡公司
中紡第二印染廠,中紡公司
中紡第二印染廠工會,中紡公司
中紡第二製蔴廠產業工會,中紡公司
中紡第六廠,中紡公司
中紡第六廠工會,中紡公司
中紡第十五廠產業工會,中紡公司
中紡第四毛紡織廠,中紡公司
中紡第四毛紡織廠產業工會,中紡公司
中紡紗廠,中紡公司
中紡紗廠工會,中紡公司工會
中統,中統局
中統上海特派員辦事處,中統上海特派員辦事處
中統局,中統局
中統機關,中統局
中美合作所,中美合作社
中美合作社,中美合作社
中美文化基金會,中美文化基金會
中美日報,中美日報
中聞,Remove
中聯,Remove
中聯印刷公司,中聯印刷公司
中聯印刷股份有限公司,中聯印刷公司
中興,Remove
中興口,Remove
中興地產股份有限公司,中興地產公司
中興振業股份有限公司,中興振業公司
中興振記釘廠,中興振記釘廠
中興棉織廠股份有限公司,中興棉織廠公司
中興煤礦公司,中興煤礦公司
中興發洋,Remove
中航,中航公司
中航公司,中航公司
中英,Remove
中英協會,中英協會
中英大藥房,中英大藥房
中英藥房,中英大藥房
中華,Remove
中華交通,Remove
中華公司,中華公司
中華公所,中華公所
中華公義,中華公義會
中華公義會,中華公義會
中華勸工銀行,中華勸工銀行
中華化學工業會,中華化學工業會
中華同濟醫院,中華同濟醫院
中華味素廠股份有限公司,中華味素廠公司
中華國產廠商聯合會,中華國產廠商聯合會
中華國貨產銷服務公司,中華國貨產銷服務公司
中華工業國外貿易協會,中華工業國外貿易協會
中華工業總聯合會,中華工業總聯合會
中華慈幼協會,中華慈幼協會
中華捷運公司,中華捷運公司
中華文化教育基金委員會,中華文化教育基金委員會
中華新聞事業公司,中華新聞事業公司
中華日,中華日報
中華日報館,中華日報
中華書局,中華書局
中華書局編輯所長,中華書局
中華毛織公司,中華毛紡織公司
中華民國,Remove
中華民國全國新藥業同業公會聯合會,中華民國全國新藥業同業公會聯合會
中華民國商會全國聯合會,中華民國商會全國聯合會
中華民國工商協進會,中華民國工商協進會
中華民國機器棉紡織工業同業聯合會,中華民國機器棉紡織工業同業聯合會
中華海員工會,中華海員工會
中華海員工會上海分會,中華海員工會上海分會
中華海員工會上海分會整理委員會,中華海員工會上海分會
中華海員工會特派員辦事處,中華海員工會辦事處
中華海員工會辦事處,中華海員工會辦事處
中華海員特別黨部,中華海員特別黨部
中華海員特別黨部籌備委員會,中華海員特別黨部
中華海員總工會,中華海員工會
中華海員總工會上海分會,中華海員工會上海分會
中華煤球公司,中華煤球公司
中華照相館·永安公司,中華照相館
中華碼頭公司,中華碼頭公司
中華職業教育㑹,中華職業教育㑹
中華致珍,Remove
中華電業股份有限公司,中華電業公司
中華麻瘋救濟會,中華麻瘋救濟會
中蘇藥廠,中蘇藥廠
中蘭瑞堂,Remove
中蠶,Remove
中蠶公司,中國蠶絲公司
中蠶絲公司,中國蠶絲公司
中行,中央銀行
中行發行,中央銀行
中行金融業務檢査處,中央銀行
中行金融檢査處,中央銀行
中衛,Remove
中衡,Remove
中衡游戎委,Remove
中西,Remove
中西　員判隊,Remove
中西印刷股份有限公司,中西印刷公司
中西各官工部局,工部局
中西商務,Remove
中西坊署,中西坊署
中西大藥房,中西大藥房
中西官,Remove
中西官升堂,Remove
中西官核,Remove
中西宫,中西宮
中西捕房,中西捕房
中西療養院,中西療養院
中西藥房,中西大藥房
中訊辦,Remove
中証,Remove
中豐,Remove
中貿,Remove
中貿保險公司,中貿保險公司
中貿銀行,中貿銀行
中購綫,Remove
中軍,Remove
中農,Remove
中農行,Remove
中達,Remove
中達銀公司,中達銀公司
中鄉約施醫局,中鄉約施醫局
中銀,Remove
中鐵,Remove
中隊,Remove
中雜,Remove
中雲,Remove
中電一廠,Remove
中頭,Remove
中魯,Remove
串報館,申報館
丹　　緊益行,Remove
丹徒縣,丹徒縣公署
丹徒縣公署,丹徒縣公署
丹徒縣政府,丹徒縣公署
丹徒縣知事署,丹徒縣公署
丹徒縣署,丹徒縣公署
丹桂園,丹桂茶園戲館
丹桂戲園,丹桂茶園戲館
丹桂楼,丹桂茶園戲館
丹桂樓,丹桂茶園戲館
丹桂樓茶館,丹桂茶園戲館
丹桂茶園,丹桂茶園戲館
丹桂茶園戲館,丹桂茶園戲館
丹洋茶稅局,丹洋茶稅局
丹福,Remove
丹陽,Remove
丹陽縣委,丹陽縣
丹陽縣警局刑事隊,丹陽縣警局刑事隊
主堂,Remove
主工部,Remove
主投法總領事署,法總領事署
主會,Remove
主社會服務科,Remove
主福,Remove
主管局,Remove
主義,Remove
主計處,Remove
乃邑廟董事會,邑廟董事會
久和,Remove
久和同豐,Remove
久報局,久報局
久大,Remove
久大烟紙,久大烟紙店
久大煤,Remove
久大錢莊,久大錢莊
久康,Remove
久康協和,Remove
久康泉記洋紙行,久康泉記洋紙行
久康洋紙行,久康洋紙行
久康洋雜貨號,久康洋雜貨號
久康烟,久康烟店
久成,Remove
久成烟紙店,久成昶烟紙店
久新琺瑯廠,久新琺瑯廠
久樂園,久樂園
久記,Remove
久記木,久記木行
久記樹,久記樹行
久記營造廠,久記營造廠
久豐,Remove
久豐公司　榮興,久豐公司
久豐呢絨號,久豐呢絨號
久豐煙公司,久豐煙公司
么和,Remove
之保,Remove
之多寶,Remove
之江,Remove
尹公署,Remove
乍協,Remove
乍浦,Remove
乍浦海鹽,Remove
乙丑科,Remove
九　綢緞莊,九　綢緞莊
九二勝利三週紀念大會,九三紀念大會
九冒織造廠,九冒織造廠
九大洋廣貨鋪,九大洋廣貨鋪
九如書屋,九如書屋
九如齋,Remove
九成堂,九成堂
九方加椽,Remove
九昌,Remove
九昌織造廠,九昌織造廠
九江,Remove
九江乾昌信局,九江乾昌信局
九江副領事署,九江副領事署
九江大關榷署,九江大關榷署
九江局,九江局
九江府,九江府
九江府試,九江府
九江招商局,九江招商局
九江江防分府,九江江防分府
九江道,九江關道
九江關道,九江關道
九江電報局,九江電報局
九江電局,九江電報局
九江體仁善堂,九江體仁善堂
九皋針科,Remove
九福製藥公司,九福製藥公司
九福製藥廠,九福製藥公司
九舖,Remove
九華烟館,九華煙館
九記鹹貨店,九記鹹貨店
九路,Remove
九章綢緞莊,九章綢緞莊
乞發堂,Remove
乾一企業銀公司,乾一企業銀公司
乾元祥,乾元祥洋貨店
乾元祥洋貨店,乾元祥洋貨店
乾和庄,乾和庄
乾坤和,Remove
乾大,Remove
乾大莊,乾大錢莊
乾康絲,乾康絲廠
乾康絲廠,乾康絲廠
乾康繅絲廠,乾康絲廠
乾復興,Remove
乾新祥,Remove
乾昌,Remove
乾昌信局,乾昌信局
乾昌局,乾昌信局
乾泰,Remove
乾泰呌貨,Remove
乾泰恆雜貨店,乾泰恆雜貨店
乾泰恒雜貨店,乾泰恆雜貨店
乾泰昌,乾泰昌煙店
乾泰昌烟店,乾泰昌煙店
乾源洋貨,乾源洋貨
乾源襪店,乾源襪店
乾生祥洋廣貨店,乾生祥洋廣貨店
乾發源,Remove
乾盛染,Remove
乾蛳信局,乾蛳信局
乾豐,Remove
乾豐烟店,乾豐煙店
乾豐烟舖,乾豐煙店
乾豐祥,Remove
乾豐裕泰永,Remove
乾通,Remove
乾通公,Remove
乾順興,Remove
亁源祥,Remove
事務分,Remove
事務處,Remove
事堂,Remove
事報,Remove
事科,Remove
事署,Remove
事股,Remove
事處,Remove
事警,Remove
事部,Remove
二三分,Remove
二之堂,Remove
二元肉莊,二元肉莊
二分,Remove
二區,Remove
二十七鋪,Remove
二十七鋪巡防,二十七鋪巡防
二十三七　巡防,二十三七巡防
二十三七鋪,Remove
二十三七鋪保甲巡防局,二十三七鋪巡防局
二十三七鋪保甲巡防局員,二十三七鋪巡防局
二十三七鋪局,二十三七鋪巡防局
二十三七鋪局委,二十三七鋪巡防局
二十三七鋪巡,二十三七鋪巡防局
二十三七鋪巡局,二十三七鋪巡防局
二十三七鋪巡防,二十三七鋪巡防局
二十三七鋪巡防保甲局,二十三七鋪巡防局
二十三七鋪巡防分局,二十三七鋪巡防局
二十三七鋪巡防局,南市二十三七鋪巡防局
二十三専電,Remove
二十三鋪,Remove
二十文肉業,Remove
二四班,Remove
二川,Remove
二會,Remove
二法,二特地方法院
二法院,二特地方法院
二科,Remove
二署府,Remove
二華,Remove
二角公司,Remove
二路二區巡詈分局,二區巡詈分局
二錢庄,Remove
二馬路,Remove
二馬路天寳齋,天寳齋
二馬路華生洋行,華生洋行
二馬路衛生旅館,衛生旅館
云,Remove
云　　日清公司,日清公司
云  隱厂,Remove
云○,Remove
云○稅厘支　局,Remove
云云,Remove
云云　府,Remove
云云二分所,Remove
云云公安局,公安局
云云南商會,南商會
云云四區二分部,四區二分部
云云堂,Remove
云云官,Remove
云云審判廳,審判廳
云云局董,Remove
云云會,Remove
云云米行,Remove
云云紗廠,Remove
云云縣公署,Remove
云云關,Remove
云兵部,Remove
云南京,Remove
云南臺保甲局員,南臺保甲局員
云南臺税厘總局,南臺税厘總局
云南臺金喜茶棧,南臺金喜茶棧
云厘局,Remove
云吾業,Remove
云和蘭國,Remove
云商埠督辦公署,商埠督辦公署
云奉總税務局,總税務局
云奉顔,Remove
云察院,Remove
云寳記洋行,寳記洋行
云工部局,工部局
云府,Remove
云府尊,Remove
云德大福羔餅,Remove
云德裕線店,德裕線店
云救生局,救生局
云文報局,文報局
云旗昌洋行,旗昌洋行
云日,Remove
云查海關,Remove
云查香業工帮,Remove
云梁櫈業,Remove
云次學生聯合會,學生聯合會
云毛骨棧,毛骨棧
云法捕房,法捕房
云法水師,法水師
云法總兵,法總兵
云浦東捲烟稅,Remove
云海,Remove
云爾夫店,云爾夫店
云稅厘支　局,云稅釐支局
云立德洋行,立德洋行
云紹郡鹽厘總局,紹郡鹽厘總局
云總商會酒税總公所,總商會酒税總公所
云聞,Remove
云華民政務司,華民政務司
云製造局,江南制造局
云貴報館,Remove
云貴會,Remove
云軍,Remove
云巡捕房,巡捕房
云造幣廠,造幣廠
云鄂省錢莊,鄂省錢莊
云鐵路公司,鐵路公司
云須俟商界聯合,Remove
五信染織廠,五信染織廠
五公所,Remove
五分所,Remove
五區,Remove
五區警,五區警署
五區警察署,五區警署
五區警署,五區警署
五和織造廠,五和織造廠
五城十,Remove
五城飯廠,五城飯廠
五屆中央,國民黨中央執行委員會
五峯樓,Remove
五師八中,Remove
五康,Remove
五康莊,五康錢莊
五明府,Remove
五河鹽厘,Remove
五洲大藥房,五洲大藥房
五洲銀行,五洲銀行
五福股票公司,五福股票公司
五科,Remove
五署,Remove
五芳齋糕糰,Remove
五茸,Remove
五蓉初等,Remove
五虎門,Remove
五角正學,Remove
五豐·乾泰豐,Remove
五豐呢絨行,五豐呢絨行
五豐安記莊,五豐安記莊
五豐衣莊,五豐衣莊
五采章施,Remove
五錢莊,Remove
五院,Remove
五馬路,Remove
五馬路商界聯合會,商界聯合會
五馬路大陸藥房,大陸藥房
些厘公,Remove
亞光製造公司,亞光製造公司
亞光製造股份有限公司,亞光製造公司
亞利,Remove
亞士,Remove
亞士洋行,亞士洋行
亞大,Remove
亞東銀行,亞東銀行
亞洲,Remove
亞洲銀行,亞洲銀行
亞細亞火油公司,亞細亞火油公司
亞細亞鋼業公司,吳淞麵粉廠
亞署,Remove
亞美,Remove
亞銀,Remove
亟風紀第三巡察團辦事處,第三巡察團辦事處
交人銀兩,Remove
交保,Remove
交保出外理,交保出外理處
交保出外理處,交保出外理處
交保理處,交保出外理處
交保處,交保出外理處
交刑部,刑部
交善堂,交善堂
交善局,交善局
交大,Remove
交大會,Remove
交恊賑公所,恊賑公所
交敎,Remove
交新成分局,新成分局
交泰,Remove
交涉,Remove
交涉公署,交涉公署
交涉署,交涉公署
交管帮,Remove
交管駕,Remove
交絲業會館,上海北巿絲業會館
交缷湖郡釐局,湖郡釐局
交缷蘇電局,蘇電局
交署,Remove
交英會,英界會審公廨
交行,Remove
交警察局,上海市警察局
交警局,上海市警察局
交通,Remove
交通大學兩廣同學會,交通大學
交通管理院長,交通管理院
交通組,Remove
交通路,Remove
交通部,交通部
交通部公路局上海辦事處警察局,交通部公路局上海辦事處
交通部直屬機關揚子江水道整理委員會技術委員會　,交通部揚子江水道整理委員會　
交通部第三區電信管理局,交通部第三區電信管理局
交通部第二電信管理局,交通部第二電信管理局
交通部統一鐵路會計委員會,交通部統一鐵路會計委員會
交通部行總公路運輸總隊,交通部行總公路運輸總隊
交通部路政司,交通部路政司
交通部電信機械製造廠,交通部電信機械製造廠
交通部香港儲運所,交通部香港儲運所
交通銀行,交通銀行
交通銀行上海分行,交通銀行
交邑廟,交邑廟
交銀,Remove
交際科,Remove
亦園,Remove
亨利,Remove
亨利元電燈,Remove
亨利洋行,亨逹利洋行
亨利生,Remove
亨泰,Remove
亨泰利,亨達利洋行
亨逹利洋行,亨逹利洋行
亨達,Remove
亨達利,亨達利洋行
亨達利洋行,亨達利洋行
享特生洋行羊毛人造絲部絨線雜貨部,享特生洋行羊毛人造絲部絨線雜貨部
京中區鐵路警務處,京中區鐵路警務處
京兵,Remove
京帮,Remove
京幫,Remove
京廣洋貨,Remove
京廣貨,Remove
京憲兵司令部特高第,京憲兵司令部特高第
京朝派,Remove
京江公,京江公所
京江寗府,江寧府
京江棧,Remove
京江集泰,Remove
京滬區特別黨部,京滬區特別黨部
京滬杭甬鐵路特別黨部調查統計室,京滬杭甬鐵路特別黨部調查統計室
京漢鐵路會計處,京漢鐵路會計處
京華,Remove
京貨,Remove
京貨店,京貨店
京貨鋪,京貨鋪
京郵,Remove
京都内閣,京都内閣
京都夕照寺,京都夕照寺
京都廣合成戲班,京都廣合成戲班
京都琉璃厰沙土園廣育堂内總局,沙土園廣育堂
京都電局,京都電局
京鋼局,京鋼局
亭利洋行,亭利洋行
亳州分號,Remove
人　英公堂,英界會審公廨
人力車委員會,人力車務委員會
人和,Remove
人和信局,人和信局
人和公司,人和公司
人和紙行股份有限公司,人和紙行公司
人坊,Remove
人堂,Remove
人壽堂,人壽堂
人好司處,Remove
人民登記,Remove
人洋藥局,人洋藥局
人立多,Remove
什好廠,Remove
仁　公所,Remove
仁元錢莊,仁元錢莊
仁和,Remove
仁和學,Remove
仁和糖菒,Remove
仁和縣署,仁和縣署
仁和麵,Remove
仁壽堂,仁壽堂
仁安公所,仁安公所
仁安里口,Remove
仁康當,Remove
仁康米店,仁康米店
仁德,Remove
仁成,Remove
仁成貰器,Remove
仁昌,Remove
仁昌永,Remove
仁昌洋貨店,仁昌洋貨店
仁昌洋貨花衣號,仁昌洋貨花衣號
仁昶,Remove
仁昶錢莊,仁昶錢莊
仁泰,Remove
仁泰昌,Remove
仁泰烟紙,仁泰煙紙
仁潘醫院,仁潘醫院
仁濟,Remove
仁濟　院,仁濟醫院
仁濟兩善堂,仁濟兩善堂
仁濟同仁,Remove
仁濟同仁體仁三醫院,仁濟同仁體仁三醫院
仁濟善堂,仁濟善堂
仁濟善堂籌賑公所,仁濟善堂
仁濟嘗館,仁濟善堂
仁濟堂,仁濟善堂
仁濟堂公所,仁濟善堂
仁濟寳堂,仁濟寳堂
仁濟普,Remove
仁濟育嬰堂,仁濟育嬰堂
仁濟醫,仁濟醫院
仁濟醫舘,仁濟醫院
仁濟醫院,仁濟醫院
仁濟醫館,仁濟醫院
仁益製帽廠,仁益製帽廠
仁義公報關行,仁義公報關行
仁義昌火腿店,仁義昌火腿店
仁者壽,Remove
仁興紙,Remove
仁華貿易公司,仁華貿易公司
仁藥,Remove
仁裕,Remove
仁記,Remove
仁記洋行,仁記洋行
仁記踏布坊,仁記踏布坊
仁記進出口行,仁記進出口行
仁記顏,Remove
仁記顏料號,仁記顏料號
仁豐,Remove
仁豐染織廠,仁豐染織廠
仁豐染織廠門市部,仁豐染織廠
仁豐機器染織廠,仁豐染織廠
仁豐益,Remove
仁醫院,仁濟醫院
仁金仁壽,Remove
仁餘染織廠係股份有限公司,仁餘染織廠
仁齊留嬰局,仁齊留嬰局
仁齋,Remove
今日公堂,Remove
今日工商友誼會,工商友誼會
今春保甲總局,保甲總局
介記,Remove
付濟醫院,付濟醫院
仙史吟查書舍,Remove
仙姑,Remove
仙樂齋,Remove
仙縣警察局,仙縣警察局
仝羽,Remove
代儀和,Remove
代利行,代利行
代書府署,代書府署
代理國際電臺,代理國際電臺
以安商業,Remove
仰三路分局,三路分局
仰善後局,善後局
仰德堂,Remove
仰捐局,Remove
仰提法司,Remove
仰淸,Remove
仰稅厘總局,稅厘總局
仲溪,Remove
仲裁,Remove
仲記,Remove
件有限公司,Remove
任和昌銅匠店,和昌銅匠店
任祥茂木器店,祥茂木器店
任道,Remove
企信銀團,企信銀團
企華鐵工廠,企華鐵工廠
伊　領,Remove
伊代表,Remove
伊來店,Remove
伊子草福堂,草福堂
伊家出品,Remove
伊家所,Remove
伊局,Remove
伊店工人同盟,Remove
伊摩田,Remove
伊文思　書館,伊文思回書館
伊斯瑪利派,Remove
伊洗染,Remove
伊等廳,Remove
伊總,Remove
伊藤大使,Remove
伊行,Remove
伊託,Remove
伊車力,Remove
伊通信,Remove
伊邇,Remove
伊麽田,Remove
伊黨,Remove
伍祐場,Remove
伯利司,Remove
伯潛閣學,Remove
伯記煤號,伯記煤號
伯靈城電音,Remove
估衣業職員公會,估衣業職員公會
估衣業職工會,估衣業職員公會
佃業仲裁會,佃業仲裁委員會
佃租仲裁會,佃租仲裁委員會
佃租裁委會,佃租仲裁委員會
位育中小學,位育中小學
佐世保,Remove
佐世保新聞,Remove
佐籐,Remove
佑尼干,佑尼干地產部
何制軍,閩督何制軍
何厝鄉分局,何厝鄉分局
何同興,Remove
余洪記,Remove
余茂,Remove
佛君,Remove
佛教,Remove
佛教法物保存館,佛教法物保存館
佛會,Remove
佛模店,佛模店
佛門,Remove
佛餅二校,Remove
作店,Remove
佟大人處,Remove
使署,Remove
使館,Remove
來水,Remove
來青閣,Remove
侍衛,Remove
侍衛處,Remove
供源茂,Remove
依巴德　器股份有限公司,依巴德機器股份有限公司
侯官縣署,侯官縣署
侯永,Remove
便民鄉,Remove
係英會,英界會審公廨
俄商,Remove
俄廷,俄朝
俄皇,Remove
俄總領事,俄領事署
俄署,俄領事署
俄軍,Remove
俄領事署,俄領事署
俏譽公,Remove
俗　肉莊,Remove
保　存堂,保存堂
保一總隊三中隊,保一總隊三中隊
保中局,保中局
保久電器廠,保久電器廠
保六圖,Remove
保出,Remove
保合家,Remove
保和殿,保和殿
保墓局,保墓局
保大,Remove
保大洋貨店,保大洋貨店
保大輪船,Remove
保嬰局,保嬰局
保安,Remove
保安各,Remove
保安善堂,保安善堂
保安堂,保安善堂
保安實業公司,保安實業公司
保安會,保安會
保安洋行,保安洋行
保安隊第六團十一連,保安隊
保定府知府,保定府
保定粥廠,保定粥廠
保定輪船,Remove
保家公司,保家公司
保家行,Remove
保昌煤油,保昌煤油總公司
保昌順,Remove
保昌順洋貨,Remove
保明府,Remove
保泰,Remove
保泰蔴袋,Remove
保泰衣由,Remove
保理處,保理處
保甲,保甲總局
保甲中局,保甲總局
保甲分局,保甲總局
保甲局,保甲總局
保甲總,保甲總局
保甲總局,保甲總局
保甲總巡局,保甲總局
保甲處,保甲總局
保甲西局,保甲西局
保甲巡防,保甲巡防局
保筆民更局,保筆民更局
保良公局,保良公局
保萱,Remove
保衛,保衛團
保衛團,保衛團
保衛團丁,保衛團
保衛團團本部,保衛團
保衛團第七隊,保衛團
保衛團第二支團,保衛團
保衛團長,保衛團
保衛營,Remove
保衛第七隊,保衛團第七隊
保裕保險公司,保裕保險公司
保警一總隊,保警總隊部
保警二中隊,保警總隊部
保警總隊部,保警總隊部
保豐紡織漂染整理公司,保豐紡織漂染整理公司
保險,Remove
保險洋行,保險洋行
俞事蒞所,Remove
俞大顧漆,Remove
俞森泰,Remove
俟貴,Remove
信　漆匠店,信漆匠店
信仁昌,Remove
信元小錢莊,信元錢莊
信元莊,信元錢莊
信和洋行,信和洋行
信和紗廠,信和紗廠
信和線店,信和線店
信和行,信和洋行
信和鼎泰,Remove
信大,Remove
信大祥,Remove
信大稅,Remove
信大車,信大馬車行
信大馬車,信大馬車行
信天室,Remove
信天祥,Remove
信太米,Remove
信孚,Remove
信孚印染廠,信孚印染廠
信安棧,Remove
信局,Remove
信平地產公司,信平地產公司
信康,Remove
信昌,Remove
信昌　源,Remove
信昌·百司福,Remove
信昌洋行,信昌洋行
信昌珠寶,Remove
信昌隆,Remove
信昌馬車,Remove
信業公所,信業公所
信泰,Remove
信泰厚,Remove
信泰祥,Remove
信泰米,Remove
信洋行,Remove
信源洋行,信源洋行
信烟館,信義煙館
信瑞豐永,Remove
信用,Remove
信益,Remove
信盛,Remove
信義,Remove
信義公,Remove
信義烟館,信義煙館
信船,Remove
信華,Remove
信裕,Remove
信裕安記錢莊,信裕安記錢莊
信裕復康,Remove
信裕紙,信裕紙店
信裕錢莊,信裕錢莊
信託公司,信託公司
信記,Remove
信記泰和,Remove
信誼化學製藥廠,信誼化學製藥廠
信豐繅絲,Remove
信通洋行,信通洋行
信銀行,Remove
信陽齋,Remove
信隆五福,Remove
信隆洋行,信隆洋行
信餘館,信餘館
修竹軒,Remove
俱樂,Remove
俾安,Remove
倉憲,Remove
倉橋街,Remove
候公堂,Remove
候工部,Remove
候晚堂,Remove
候解,Remove
倩行中,Remove
倫敦,Remove
倫敦路透,Remove
倫敦附英公司,倫敦附英公司
倫敦電云,Remove
倫敦電云平和會委員會,Remove
倫敦電紡織業主人聯合會,Remove
倫敦電航業公會,Remove
倫華,Remove
假察院,Remove
假貢院,Remove
偉大染織廠,偉大染織廠
健華義務小學,健華義務小學
偵緝,Remove
偵緝科,偵緝科
偷敦日報,倫敦日報
偽無錫特工股長,Remove
傅　可也絲業會館,上海北巿絲業會館
傅協,Remove
傅源祥,Remove
傅鳳,Remove
傑甲,Remove
備文,Remove
備道,Remove
僞　局,Remove
僞國府,Remove
僞造,Remove
僞領,Remove
億利登藥品廠,億利登藥品廠
億利運動,Remove
億康莊,億康錢莊
億康錢莊,億康錢莊
儉輪,Remove
儒學水利廳,儒學水利廳
允德莊,允德莊
元一行,元一行
元乘招商局,招商輪船局
元亨,Remove
元亨木,Remove
元亨洋,Remove
元亨洋東,Remove
元亨洋東投法界公堂,法界會審公廨
元亨洋行,元亨洋行
元亨洋行東投德國領事署,德國領事署
元亨行,元亨洋行
元仁,Remove
元仁號,元仁號
元元橡膠廠,元元橡膠廠
元凱,Remove
元利,Remove
元利店,元利布店
元利洋貨,元利洋貨店
元利洋雜貨店,元利洋貨店
元吉冶,Remove
元吉榮,Remove
元吉泰長,Remove
元吉綢,Remove
元和,Remove
元和縣,元和縣署
元和縣監,元和縣署
元和縣署,元和縣署
元和縣衙門,元和縣署
元堂,Remove
元大,Remove
元大土,Remove
元大祥,Remove
元大行,Remove
元大輪,Remove
元妙觀,Remove
元孚長,Remove
元寳,Remove
元局,Remove
元山警察所警,元山警察所
元康,Remove
元康顏,Remove
元康顏料,Remove
元成錢莊,元成錢莊
元昇,Remove
元昇雜,Remove
元昌盛,Remove
元昌行,Remove
元泰,Remove
元泰公司,元泰公司
元泰司,Remove
元泰成,Remove
元泰烟,Remove
元泰紙劄,Remove
元泰鐘表,Remove
元源,Remove
元源莊,元源錢莊
元濟堂,元濟善堂
元牲,Remove
元生利,Remove
元生昌烟館,元生昌煙館
元生昌雜貨,Remove
元生東,Remove
元發德,Remove
元發裁縫鋪,元發裁縫鋪
元益·大源·天福,Remove
元益米,Remove
元盛米,元盛米店
元興,Remove
元興京貨,元興京貨
元興作,Remove
元興鴨行元　肉店,元興鴨行元肉店
元芳,元芳洋行
元芳洋行,元芳洋行
元芳洋行管理花園,元芳洋行
元芳行,元芳洋行
元茂福,Remove
元茂莊,Remove
元裕,Remove
元記肉店,元記肉店
元豐,Remove
元豐恒,Remove
元豐毛紡織染股份有限公司,元豐毛紡織染公司
元豐洋貨,元豐洋貨
元通洋貨,Remove
元隆海味店,元隆海味店
元章綢莊,元章綢莊
元順,Remove
元順店,元順店
元順零剪店,元順零剪店
兄弟工　社,Remove
兄蓉堂,兄蓉堂
充縣署,Remove
充美總領事署,美總領事署
兆康,Remove
兆康莊,Remove
兆昌,Remove
兆昌廣貸,Remove
兆泰棉布號,兆泰棉布號
兆祥,Remove
兆芳·寳記,Remove
兆豐,Remove
兆豐洋行,兆豐洋行
兆豐行,兆豐洋行
兆貴里,Remove
先施,先施公司
先施公司,先施公司
先田刑事科,Remove
先行理處,Remove
先達化學工業廠,先達化學工業廠
先達呢絨紡　廠,先達呢絨紡廠
光　寺,光祿寺
光中造紙廠,光中造紙廠
光大錢莊,光大錢莊
光復軍,光復軍
光復軍衛隊,光復軍
光復軍馬隊第二連,光復軍
光明齋,Remove
光泰,Remove
光澤釐局,光澤釐局
光祿寺,光祿寺
光福司,Remove
光華,Remove
光華·,Remove
光華火油公司,光華火油公司
光裕,Remove
光裕貿易公司,光裕貿易公司
克波公司,克波公司
克魯森,克魯森洋行
兌公會,Remove
兒童保障,Remove
兒童保障科,Remove
兒童圖書館,兒童圖書館
兒童書局,兒童書局
兒童福利促進會,兒童福利促進會
入議院,Remove
內務,内務部
內務府,内務府
內務府國子監侍衛處,内務府國子監侍衛處
內務府衙,内務府
內政,Remove
內政敎育,Remove
內政郎,内政部
內政部,内政部
內政部長,内政部
內閣,Remove
全　悅生棧,全亨悅生棧
全亨悅生棧,全亨悅生棧
全仁堂,全仁堂
全國全國紡聯會會,全國紡聯會
全國商會聯合會,全國商會聯合會
全國工業協會,中國全國工業協會
全國工業協會上海分會,中國全國工業協會上海分會
全國捲菸特稅局,全國捲煙特稅局
全國紡聯會,全國全國紡聯會
全國經濟委員會,全國經濟委員會
全國經濟委員會棉業統制委員會,全國經濟委員會
全國經濟委員會蠶絲改良委員會,全國經濟委員會
全國經濟委員會西北辦事處,全國經濟委員會
全國經濟會議,全國經濟會議
全國財政會議交通會,全國財政會議交通會
全國資源委員會,全國資源委員會
全國郵務總工會,全國郵務總工會
全國郵務總工會儲匯工會,全國郵務總工會
全國郵務總工會儲匯工會上海分會,全國郵務總工會
全國電工公會,全國電氣工業同業公會
全安,Remove
全康,Remove
全新,Remove
全日隊,Remove
全木行,Remove
全桂戲園,全桂戲園
全泰,Remove
全泰協磚,Remove
全泰成信局,全泰成信局
全泰海味,Remove
全泰盛,全泰盛信局
全泰盛信局,全泰盛信局
全泰盛局,全泰盛信局
全泰福,Remove
全浙公會,全浙公會
全源茂,Remove
全盛,Remove
全盛信局,全泰盛信局
全盛協,Remove
全盛寶順通裕鴻源協源通順正大等信局,全泰盛信局
全盛局,全泰盛信局
全盛烟,Remove
全盛盛,Remove
全盛福興潤,Remove
全盛等局,Remove
全節堂,全節堂
全經會,Remove
全臺水陸電報局務,全臺水陸電報局
全興,Remove
全興店,全興店
全英公堂,英界會審公廨
全英界公堂,英界會審公廨
全豐,Remove
全隆三洋行,全隆洋行
全隆洋行,全隆洋行
全隆行,全隆洋行
全隆行主,全隆洋行
兩局,Remove
兩廣總督,兩廣總督
兩廣總督部堂,兩廣總督
兩廣電報局,兩廣電報局
兩江制軍,兩江制軍
兩江爵督憲曾札,兩江總督
兩江爵閣督部堂,兩江總督
兩江督憲委員,兩江總督
兩江督憲所,兩江總督
兩江督憲札委,兩江總督
兩江督憲衙門,兩江總督
兩江督署,兩江總督
兩江督轅,兩江總督
兩江督部堂會辦,兩江督憲衙門
兩江總理營務處,兩江督憲衙門
兩江總督,兩江總督
兩江總督南洋通商大臣,南洋通商大臣
兩江總督委,兩江總督
兩江總督安徽巡撫部院,兩江總督
兩江總督部堂,兩江總督
兩江閣,Remove
兩淮總局,兩江督憲衙門
兩淮補用鹽運使司,兩淮鹽運司署
兩淮補用鹽運使司鹽運分司,兩淮鹽運司署
兩淮運司,兩淮鹽運司署
兩淮運司福都,兩淮鹽運司署
兩淮運司署,兩淮鹽運司署
兩淮運署,兩淮鹽運司署
兩淮鹽運使司,兩淮鹽運司署
兩淮鹽運使江安督糧道,兩淮鹽運司署
兩淮鹽運司,兩淮鹽運司署
兩淮鹽運司署,兩淮鹽運司署
八仙橋,Remove
八仙橋西巡妨分局,八仙橋巡防局
八仙橋巡防局,八仙橋巡防局
八仙橋巡防西局,八仙橋巡防局
八善堂,八善堂
八旗,Remove
八旗奉直會館,八旗會館
八路,Remove
八馬沙遜洋行,沙遜洋行
公　頭店,Remove
公估局,公估局
公信恒,Remove
公債司,Remove
公共,Remove
公共公,英界會審公廨
公共公　准,英界會審公廨
公共公堂,英界會審公廨
公共公廨,英界會審公廨
公共公廨兪讞員會,英界會審公廨
公共公廨刑事科,英界會審公廨
公共公廨寳讞員會,英界會審公廨
公共公廨寶讞員會,英界會審公廨
公共公廨店,英界會審公廨
公共公廨會,英界會審公廨
公共公廨部,英界會審公廨
公共公廨闗讞員會,英界會審公廨
公共公廨關讞員會,英界會審公廨
公共公癬,英界會審公廨
公共分廨,英界會審公廨
公共化,Remove
公共工程處,工部局
公共工部,工部局
公共工部局,工部局
公共工部局刑事科,工部局
公共工部局捐務處,工部局
公共工部局電汽處,工部局
公共捕房,工部局總巡捕房
公共捕房刑事科,公共捕房
公共捕房刑事稽查處,公共捕房
公共捕房當局,公共捕房
公共捕房稽査處,公共捕房
公共捕房總稽查處,公共捕房
公共會審,公共公廨
公共租界,Remove
公共租界公堂,英界會審公廨
公共租界公廨,英界會審公廨
公共租界工部局,工部局
公共租界工部局地產委員會,工部局地產委員會
公共租界工部局房租佔價上訴妥員會,工部局房租佔價上訴妥員會
公共租界工部局水價研究委員會,工部局水價研究委員會
公共租界捕,Remove
公共租界會審公堂,英界會審公廨
公共租界納稅華人會,公共租界納稅華人會
公共租界總巡捕房,工部局總巡捕房
公共總巡捕房,公共租界總巡捕房
公共總巡捕房刑事稽查處,公共租界總巡捕房
公利,公利
公利鐵廠,公利鐵廠
公務局,上海市工務局
公勤實業社,公勤實業社
公勤鐵廠,公勤鐵廠
公司,Remove
公呈縣公署,Remove
公呈警廳,Remove
公和,Remove
公和來顏料靛靑股份有限公司,公和來顏料靛靑公司
公和來顏料靛靑號股份有限公司,公和來顏料靛靑公司
公和幫,Remove
公和店,公和店
公和泰,Remove
公和祥,Remove
公和祥棧,公和祥棧
公和祥棧房,公和祥棧
公和祥船局,公和祥船局
公和輪,Remove
公團,英界會審公廨
公堂,Remove
公堂山,Remove
公堂科,Remove
公大,Remove
公大發作舖,Remove
公大祥,Remove
公大米,Remove
公大莊,Remove
公大錢庄,公大錢庄
公安,Remove
公安·社會,Remove
公安一分局長,公安一分局
公安三分局二分所,公安三分局
公安公用土地工務四局,Remove
公安公駐,Remove
公安分,Remove
公安局,上海市公安局
公安局偵緝隊長,公安局偵緝隊
公安局第一區總署,上海市工務局
公安局第三科,公安局
公安局第二區,公安局
公安局長,公安局
公安社會,Remove
公安第,公安局
公安第一分,公安第一分局
公安第一分局長,公安第一分局
公安財政公用局,Remove
公官局,Remove
公平,Remove
公平洋行,公平洋行
公平洋行東投英公堂,公平洋行
公平洋行東控,公平洋行
公平洋行西人至英總領事署,公平洋行
公平洋行西人至英領事署,公平洋行
公平繅絲公司,公平繅絲公司
公平繅絲局,公平繅絲公司
公平行,公平洋行
公幹業,Remove
公廟,Remove
公廨,會審公廨
公廨文牘,Remove
公廨關讞員會,英界會審公廨
公廨集房,Remove
公廳,Remove
公建,Remove
公愼祥,Remove
公所,Remove
公教,Remove
公昌洋貨,Remove
公明府,Remove
公易洋行,公易洋行
公會,Remove
公正拿能派利,Remove
公正輪船,Remove
公永紡織廠,公永紡織廠
公泰,Remove
公泰染織廠,公泰染織廠
公泰洋,Remove
公泰祥,Remove
公濟司,Remove
公生明眼鏡,Remove
公生泰,Remove
公用,Remove
公用公安社會三局,Remove
公用土地四局,Remove
公用局,上海公用務局
公用局碼頭倉庫科,公用局
公用工務,Remove
公益玻璃瓶廠,公益玻璃瓶廠
公盛　北貨行,公盛南北貨行
公禀總工程局,南巿馬路工程局
公福押店,公福押店
公福泰豐,Remove
公立十校,Remove
公約組,Remove
公署,Remove
公義,Remove
公義局,公義局
公義碼頭人,Remove
公興,Remove
公興分局,公興分局
公興小押,Remove
公興染織廠,公興染織廠
公興毛刷牛骨猪鬃廠,公興毛刷牛骨猪鬃廠
公興酒店,公興酒店
公茂,Remove
公茂鹽,Remove
公董,公董局
公董局,公董局
公裕,Remove
公記,Remove
公記信成號烟,公記信成號
公記塌車,Remove
公賣分,Remove
公路,Remove
公道洋行,公道洋行
公順,Remove
公順魚,Remove
公餘,Remove
公館,Remove
六區棉紡織業公會,六區棉紡織業公會
六壽,Remove
六安,Remove
六灶油車行,六灶油車行
六邑旅滬同鄉會,六邑旅滬同鄉會
六鋪,Remove
六鋪巡防局,南市六鋪巡防局
六露軒,Remove
六馬路仁濟善堂,仁濟善堂
六馬路仁濟善堂籌賑公所,仁濟善堂籌賑公所
六馬路仁濟堂,仁濟善堂
共公堂,英界會審公廨
共公廨刑事科,英界會審公廨
共同黨,Remove
共和,Remove
共産主義,Remove
共産黨,共產黨
共軍第十旅十一旅,共軍
共黨,共產黨
共黨政治局,共產黨
兵備道,兵備道署
兵刑三部,Remove
兵刑二部,Remove
兵工專門學校,兵工專門學校
兵部,Remove
兵部職,Remove
兵馬司衙門,兵馬司
兵马司,Remove
其昌,Remove
其昌萬利,Remove
其美,Remove
具保堂,具保堂
典質業同人友誼會,典質業同人友誼會
兹聞,Remove
兹英公堂,英界會審公廨
兹蒙絲業會館,上海北巿絲業會館
兹馬路工程局,南巿馬路工程局
内務府,内務府
内務次長,内務府
内地,Remove
内局,Remove
内府,Remove
内廷,Remove
内李梯記處,Remove
内閣,Remove
内閣部,内閣
冋道署,Remove
再凝堂,Remove
最時,Remove
冠生園,冠生園食品公司
冠生園 ,冠生園食品公司
冠生園股份有限公司,冠生園食品公司
冠生園食品公司,冠生園食品公司
冠生園食品股份有限公司,冠生園食品公司
冠益食品製造廠有限公司,冠生園食品公司
冠美印刷有限公司,冠美印刷公司
冬舫,Remove
冬防局,冬防局
冰鮮魚行同業公會,冰鮮魚行同業公會
冲風灣,Remove
冶坊,Remove
冶城山,Remove
冶金業工人,Remove
凇滬警備部電警局,凇滬警備部電警局
凉茶,Remove
凌　閣古玩鋪,凌　閣古玩鋪
凌承志,Remove
凌盈記,Remove
凌雲閣,Remove
凝善堂,凝善堂
凡納,Remove
凡邇軍,Remove
凱利煙廠股份有限公司,凱利煙廠公司
凱利西國,Remove
出店社,Remove
出所,Remove
出羽黨,Remove
函云恒益酒店,恒益酒店
分司,Remove
分堂,Remove
分局,Remove
分局長,Remove
分府,Remove
分府署,Remove
分文局,Remove
分會,Remove
分營,Remove
分署,Remove
分臺,Remove
分莊,Remove
分行,Remove
分防廳,分防廳
分隊,Remove
刑一 科,刑事處
刑九,Remove
刑事,Remove
刑事偵察處,刑事處
刑事科,刑事科
刑事稽查處,刑事科
刑事股,刑事股
刑事處,上海市警察局
刑事處二科,刑事處
刑事處專術,刑事處
刑事處水上分局,刑事處水上分局
刑事處海軍駐滬辦事處,刑事處
刑事處行動總隊,刑事處
刑事處警官處第二科,刑事處
刑事處警察局司法處,刑事處
刑事處警局,刑事處
刑事處關於產業處理局,刑事處
刑事警官處,刑事處
刑事警察消防火場糾察隊,刑事警察消防火場糾察隊
刑事警察處,刑事處
刑二,刑二庭
刑二科,刑事處
刑司,刑司
刑案,Remove
刑警,刑警隊
刑部,刑部
刑部南所,刑部
列些厘公司,列些釐公司
列會捕局,會捕局
列沙遜洋行,沙遜洋行
列河工局,河工局
列法公堂,法界會審公廨
列法會,法界會審公廨
列禾郡精嚴禪寺,嚴禪寺
列穌省捕盜局,穌省捕盜局
列英公堂,英界會審公廨
列豐,Remove
初級,Remove
判廳,Remove
判解,Remove
別動總隊,Remove
別發行,Remove
刦永太昌烟紙店,永太昌烟紙店
利亞實業公司,利亞實業公司
利亨錢莊,利亨錢莊
利同源籌振彩,Remove
利名,Remove
利名洋行,利名洋行
利和洋行,利和洋行
利和靛行,利和靛行
利士,Remove
利士行,利士洋行
利局,Remove
利川,Remove
利川小火,Remove
利工銀行,利工銀行
利康,Remove
利康小錢莊,利康錢莊
利文墨水廠,利文墨水廠
利昌布店,利昌布店
利昌洋行,利昌洋行
利泰,Remove
利泰外國雜貨,Remove
利源,Remove
利源棧,利源棧
利源通,利源通洋貨號
利濟,Remove
利盛橡膠廠,利盛橡膠廠
利興,Remove
利良濟藥局,利良濟藥局
利華,Remove
利華汽車五金,Remove
利記,Remove
利記交易所,利記交易所
利記板,Remove
利記洋東,Remove
利記洋行投英總領事署,利記洋行
利記行,利記行
利豐厚,Remove
利順祥,Remove
别發洋行,Remove
制台,Remove
制府,Remove
制憲,Remove
制憲委,Remove
制軍,Remove
刷染,Remove
刺吏,Remove
刻洋藥局,刻洋藥局
剃頭,Remove
前　邑尊復升堂,Remove
前分府,Remove
前報列公盛號,公盛號
前報列德豐糖棧,德豐糖棧
前報辨志文會,志文會
前州商團,Remove
前廣四學院,廣四學院
前廣益善堂司,廣益善堂司
前日軍署,日軍署
前日巡防西局,巡防西局
前柱縣署,柱縣署
前江千,Remove
前綫日報,綫日報
前茂生昌店,茂生昌店
前衢郡局,衢郡局
前託赫總稅務司,總稅務司
前農工商局,農工商局
副司令部,副司令部
副河泊司,Remove
副領事,Remove
副領事會,副領事會
剿共建國萬元勞軍大會,上海市各界剿共建國萬元勞軍大會
剿匪總指,Remove
劉人興客棧,劉人興客棧
劉制軍,兩粵劉制軍
劉大年,Remove
劉峴莊宫,Remove
劉投院,Remove
劉東來木匠店,Remove
劉軍,劉制軍
劉鎭軍,劉制軍
劍用營,Remove
加定縣地檢處,加定縣地檢處
加拿大警察局,加拿大警察局
加政府,Remove
加薪委,Remove
助水分,Remove
動幹部,Remove
動車,Remove
務公,Remove
務司,Remove
務商小學,務商小學
務局,Remove
務工會,Remove
務教育,Remove
務本堂,務本堂
務社,Remove
務科,Remove
務科長,Remove
務稅課大使,Remove
務處,Remove
勝利橡膠號臨時,勝利橡膠號
勝春園,勝春園
勝月水管工程行,勝月水管工程行
勞勃,Remove
勞勃司,Remove
勞慶堂,勞慶堂
勞羅,Remove
勞資仲裁委員會,勞資仲裁委員會
勞資仲裁會,勞資仲裁委員會
勞資會,勞資仲裁委員會
勞資評斷委員會,勞資評斷委員會
勞資評斷會,勞資評斷委員會
勞資調節會,勞資仲裁委員會
募集基金委,募集基金委員會
勤來鏡廠,勤來鏡廠
勤南慶記紗管廠,勤南慶記紗管廠
勤工造紙廠,勤工造紙廠
勤思堂,勤思堂
勤生瑞記染織廠,勤生瑞記染織廠
勤興紡織衫襪廠,勤興紡織衫襪廠
勤豐,Remove
勤豐紗管廠,勤豐紗管廠
勤豐紡織廠,勤豐紡織廠
勵志社,勵志社
勸募二五庫券委員會主席團及基金保管委員會,勸募二五庫券委員會主席團及基金保管委員會
勸業道,Remove
勺水居畫社,勺水居畫社
化威,Remove
化學系,Remove
化粧品業同業公會,化粧品業同業公會
化莠堂,化莠堂
化華,Remove
北中絲業會館籌賑公所,上海北巿絲業會館賑公所
北京,Remove
北京中國銀行,中國銀行
北京中孚銀行,中孚銀行
北京公寓,Remove
北京南開,Remove
北京政治學會,北京政治學會
北京淸華學校,淸華大學
北京財政部鹽務署,財政部鹽務署
北京貧兒院,北京貧兒院
北京輪船,Remove
北京醫學研究,Remove
北京銀行公㑹,北京銀行公㑹
北京銀行公會,北京銀行公會
北京電信,Remove
北伐,Remove
北伐軍,北伐軍隊
北公估,Remove
北公會,Remove
北六圖,Remove
北兵,Remove
北協,Remove
北司法科,Remove
北四川分局,北四川分局
北城,Remove
北大,北京大學
北大醫學院長,北京大學醫學院
北局,Remove
北巿,Remove
北巿公估,Remove
北巿六馬路仁濟善堂,仁濟善堂
北巿盆湯衖絲業會,北巿盆湯弄絲業會館
北巿絲業會籌賑公所,上海北巿絲業會館賑公所
北巿絲業會舘,上海北巿絲業會館
北巿絲業會舘籌賑公所,上海北巿絲業會館賑公所
北巿絲業會館,上海北巿絲業會館
北巿絲業會館壽振公所,上海北巿絲業會館賑公所
北巿絲業會館籌振所,上海北巿絲業會館賑公所
北巿絲業會館賑公所,上海北巿絲業會館賑公所
北市,Remove
北市仁濟醫院,仁濟醫院
北市匯豐銀行,匯豐銀行
北市巨豐錢莊,巨豐錢莊
北市業會館籌賑公所,上海北巿絲業會館賑公所
北市盆湯弄絲業會,北巿盆湯弄絲業會館
北市盆湯笋絲業會館,北巿盆湯弄絲業會館
北市盆湯衖絲業會,北巿盆湯弄絲業會館
北市絲業會,上海北巿絲業會館
北市絲業會舘籌賑公所,上海北巿絲業會館賑公所
北市絲業會館,上海北巿絲業會館
北市絲業會館籌振公所,上海北巿絲業會館賑公所
北市絲業會館籌賑公所,上海北巿絲業會館賑公所
北市絲業會館賑公所,上海北巿絲業會館賑公所
北市絲線,Remove
北市縣業會館籌賑公所,上海北巿絲業會館賑公所
北師畿,Remove
北帮,Remove
北平北京大學,北京大學
北平市參議會,北京市參議會
北平市社會局,北京市社會局
北平幫,Remove
北平新新戲院,北京新新戲院
北平梨園公會,北京梨園公會
北平法院,北京法院
北平行轅,Remove
北平財政整委會,北京財政整委會
北平電報局長,北京電報局
北戯鴻堂,北戯鴻堂
北棲流所,滬北棲流公所
北洋,Remove
北洋威逺,Remove
北洋會典館,北洋會典館
北洋水師,北洋水師
北洋通商大臣,北洋通商大臣事務署
北洋通商大臣事務署,北洋通商大臣
北海關稅司,北海關稅司
北淇泰控,Remove
北溪釐局,北溪釐局
北瀾,Remove
北甯路材料,Remove
北盛記鐵,Remove
北票煤礦公司,北票煤礦公司
北萬馨糕,Remove
北站,北火車站
北站分局,北站分局
北站區人民法院,北站區人民法院
北站警分局,北站警分局
北站警察分局,北站警分局
北米帮,Remove
北署,Remove
北誠信,Remove
北警局長,北站警分局
北路,Remove
北巡防局,北巡防局
北關公約,Remove
北雲記,Remove
北震源,Remove
北香,Remove
北馬橋,Remove
北麗生,Remove
匠店,Remove
匠頭,Remove
匣捐總局,匣捐總局
匪新成分局,新成分局
匪海軍警衛營,海軍警衛營
匪警局,上海市警察局
匪警局刑事處偵緝科,上海市警局刑事處
匪警局輸林分局,上海市警局輸林分局
匪軍,Remove
匯中,Remove
"匯利棉織
廠","匯利棉織
廠"
匯司,Remove
匯安,Remove
匯安司,Remove
匯安洋廣貨店,匯安洋廣貨店
匯安洋廣貨鋪,匯安洋廣貨店
匯山,Remove
匯山捕,Remove
匯山捕房派,匯山捕房
匯康莊,匯康錢莊
匯德,Remove
匯德豐,Remove
匯德豐小錢,匯德豐小錢莊
匯德豐洋行,匯德豐洋行
匯德豐錢,匯德豐錢莊
匯昌公司,Remove
匯昌參行,Remove
匯昌糖,Remove
匯明電筒電池製造廠,匯明電池製造廠
匯明電箇電池製造廠,匯明電池製造廠
匯源漆,Remove
匯票業,Remove
匯總洋行,匯總洋行
匯豊銀行,匯豐銀行
匯豐,匯豐銀行
匯豐太古,匯豐太古
匯豐銀行,匯豊銀行
匯豐銀行匯,匯豐銀行
匯豐錢莊,匯豐錢莊
匯通,Remove
區　　公會,Remove
區一分,區一分署
區三段,Remove
區兵站,Remove
區區會,Remove
區敵產業處理局,區敵產業處理局
區昌,Remove
區會,Remove
區烟酒事務局長,區烟酒事務局
區經高,Remove
區總署,Remove
區署,Remove
區行,Remove
區警,Remove
區警察,Remove
十三七鋪,Remove
十三保九,Remove
十三團,Remove
十三鋪,Remove
十二　國軍,十二路國軍
十二圖,Remove
十二圖團,Remove
十二圩電燈公司,十二圩電燈公司
十五分會,Remove
十五分隊,Remove
十五國民電,Remove
十人團,Remove
十八團,Remove
十六,Remove
十六　　　　局,Remove
十六　巡防中局,十六舖巡防局
十六匍巡防局,南市十六舖巡防局
十六舖,Remove
十六舖巡防局,南市十六舖巡防局
十六舗,Remove
十六鋪,Remove
十六鋪中局,十六鋪巡防中局
十六鋪保甲巡防中局,南市十六鋪保甲巡防中局
十六鋪保甲巡防南局,十六鋪巡防南局
十六鋪分局,南市十六鋪分局
十六鋪北局,十六鋪巡防北局
十六鋪南局,南市十六鋪南局
十六鋪南巡防局,十六鋪巡防南局
十六鋪局,南市十六舖巡防局
十六鋪巡防中局,十六鋪巡防中局
十六鋪巡防保甲中局,十六鋪巡防中局
十六鋪巡防北局,南市十六舖巡防局
十六鋪巡防南,十六鋪巡防南局
十六鋪巡防南局,南市十六鋪巡防南局
十六鋪巡防南局委員會,十六鋪巡防南局
十六鋪巡防局,南市十六舖巡防局
十六鋪防局,十六舖巡防局
十圖地保,Remove
十字團,Remove
十字會,Remove
十閩,Remove
千戎投縣,Remove
千投公堂,Remove
卅六年美金公債庫券募銷委員會,卅六年美金公債庫券募銷委員會
升吉,Remove
升堂,Remove
升大,Remove
升大南貨,Remove
升泰,Remove
升豐,Remove
升陽泰,Remove
午刻絲業會館籌賑公所,上海北巿絲業會館賑公所
午約新聞館,午約新聞館
半田棉,Remove
卑利投英公堂,英界會審公廨
卑南廳,卑南廳
卑田院,卑田院
卓厚齋,Remove
卓旺業,Remove
卓氏,Remove
協　源水菓鹹貨鮮肉莊,源水菓鹹貨鮮肉莊
協中,Remove
協勝隆烟館,協勝隆烟館
協和,Remove
協和信,Remove
協和昌,Remove
協和泰,Remove
協和祥,Remove
協和福,Remove
協和行,協和行
協和鋼廠,協和鋼廠
協大祥,Remove
協太烟,Remove
協平織造廠,協平織造廠
協康,Remove
協康南貨,Remove
協慶公,Remove
協成,Remove
協成乾,Remove
協成祥烟館,協成祥煙館
協振公所,協振公所
協振所,協振公所
協昇,Remove
協昌,Remove
協昌印鐵製罐廠,協昌印鐵製罐廠
協昌水,Remove
協昌烟,協昌烟紙店
協時公所,協時公所
協標大營,協標大營
協泰,Remove
協泰　莊,Remove
協泰恆鐵,Remove
協泰昇,Remove
協泰昌,Remove
協泰森,Remove
協泰水菓,Remove
協泰烟紙,Remove
協源,Remove
協源局,協源信局
協源昌,Remove
協源永,協源永皮店
協源祥,Remove
協源米,Remove
協源舊貨店,協源舊貨店
協源錢,Remove
協盛,Remove
協盛乾司,Remove
協盛糧食,Remove
協盛興水菓,Remove
協祥,Remove
協興,Remove
協興信局,協興信局
協興公皮貨鋪,協興公皮貨鋪
協興洋貨,Remove
協興祥,Remove
協興萬新,Remove
協興齋,Remove
協茂,Remove
協茂新,Remove
協茂錢莊,協茂錢莊
協記,Remove
協記剪髮,Remove
協記土行,協記土行
協記肉莊,協記肉莊
協記行,協記行
協豐,Remove
協豐洋貨,Remove
協豐磨粉號,協豐磨粉號
協豐雜貨,Remove
協賑,Remove
協賑公所,協賑公所
協隆,Remove
協隆公,協隆公司
協隆公米,協隆公米店
協隆火柴盒片股份有限公司,協隆火柴盒片公司
協順洋布棧,協順洋布棧
協順漆,Remove
協順祥,Remove
南　區公所,南區公所
南　育嬰堂,育嬰堂
南中銀,Remove
南亞企業公司,南亞企業公司
南京,Remove
南京人民　會,Remove
南京商店,Remove
南京國民政府,國民政府
南京國民政府特別法庭,國民政府特別法庭
南京妙機百貨公司,南京妙機百貨公司
南京幫,Remove
南京建設委員會,南京建設委員會
南京昌武大學,昌武大學
南京東南大學,東南大學
南京聯勤總部兵工署,南京聯勤總部兵工署
南京臨時政府外交部,南京臨時政府外交部
南京警察總署,南京警察總署
南京躉船,Remove
南京通信云,Remove
南京通訊,Remove
南京電燈廠,南京電燈廠
南仁記,Remove
南信,Remove
南北　公會,Remove
南北報關公所,Remove
南北市鞋業,Remove
南北洋大臣,南北洋通商大臣
南匯,Remove
南匯大團,南匯縣
南匯巿,Remove
南匯縣人補用府,南匯縣
南匯縣公署,南匯縣公署
南匯縣大團,南匯縣
南匯縣委,南匯縣
南匯縣屬大團,南匯縣
南匯縣署,南匯縣公署
南匯義昌京貨店,南匯義昌京貨店
南匯電氣公司,南匯電氣公司
南區移解工程局,南巿馬路工程局
南區解王工程局,南巿馬路工程局
南協,Remove
南協興,Remove
南同太米行,南同太米行
南君升堂,Remove
南啞輪船,Remove
南城司,Remove
南城司署,南城司署
南堰厘局,南堰釐局
南妆某廠,Remove
南局,Remove
南巿,Remove
南巿　花公所,Remove
南巿人,Remove
南巿匯劃莊,南巿匯劃莊
南巿十六舖巡防局,南市十六舖巡防局
南巿協,Remove
南巿巿政,Remove
南巿慶豐莊,南巿慶豐莊
南巿營,Remove
南巿王家碼頭裏街協和館,協和館
南巿製造局,江南製造局
南巿製造局洋槍廠,江南製造局
南巿貨捐局,南巿貨捐局
南巿鐵業,Remove
南巿鞋鋪,Remove
南市,Remove
南市　家渡教堂,董家渡教堂
南市二十三七鋪,Remove
南市二十三七鋪巡防局,南市二十三七鋪巡防局
南市二十三七鋪巡防局員,二十三七鋪巡防局
南市元　米行,Remove
南市六鋪巡防局,南市六鋪巡防局
南市十二圖,Remove
南市十六舖巡防局,南市十六舖巡防局
南市十六鋪,Remove
南市十六鋪分局,南市十六鋪分局
南市十六鋪南局,南市十六鋪南局
南市十六鋪巡防,南市十六鋪巡防局
南市十六鋪巡防局,南市十六鋪巡防局
南市地保,Remove
南市大得利彩票,Remove
南市工程局,南巿馬路工程局
南市市政,Remove
南市廿三七鋪巡防局,南市廿三七鋪巡防局
南市必得成,Remove
南市敦仁里順元錢庄,順元錢庄
南市源大,Remove
南市煤炭店,南市煤炭店
南市生大媒炭,Remove
南市第一區署,南市第一區警察署
南市第一區警察總署,南市第一區警察署
南市第一區警察署,南市第一區警察署
南市第一區警署,南市第一區警察署
南市米業,Remove
南市米業司,Remove
南市肉,Remove
南市製造機器局,江南製造局
南市貨捐局,南市貨捐局
南市集水碼頭貨捐局,南市貨捐局
南市馬路工程,南市馬路工程局
南帮,Remove
南康府,南康府
南康營高都戎,南康營
南德潤蔴油,Remove
南恊記,Remove
南恒豐,Remove
南投局,Remove
南教,Remove
南方報,南方報
南昌,Remove
南昌中央行,Remove
南昌占正,Remove
南昌委,Remove
南昌帮,Remove
南昌府,南昌府
南昌府學,Remove
南昌派,Remove
南昌站,Remove
南昌縣署,南昌縣署
南星,Remove
南星顏料廠,南星顏料廠
南模,Remove
南橋天主堂,南橋天主堂
南橋帮,Remove
南橋鎭　察分所,Remove
南橋鎮　升和　店,Remove
南永恆　行,南永恆　行
南永恒　行,南永恆　行
南泰壩,Remove
南泰記,Remove
南洋,Remove
南洋信託公司地產部,南洋信託公司地產部
南洋兄弟烟草公司,南洋兄弟煙草公司
南洋兄弟烟草公司製造廠,南洋兄弟煙草公司
南洋兄弟煙草公司,南洋兄弟煙草公司
南洋勸業會,南洋勸業會
南洋大,南洋大學
南洋大臣,南洋通商大臣
南洋女子英文專修　校,南洋女子英文專修校
南洋模範,Remove
"南洋模範中學
","南洋模範中學
"
南洋煙廠工會,南洋兄弟煙草公司工會
南洋煙草公司,南洋兄弟煙草公司
南洋礦金廠刻字工業社,南洋礦金廠刻字工業社
南洋續備,Remove
南洋羚圖,Remove
南洋通商大臣,南洋通商大臣
南洋通商大臣兩江總督,南洋通商大臣
南洋鞋子,Remove
南洋高級商業學核,Remove
南海縣正堂,南海縣
南海運局,南海運局
南淮軍,南淮軍
南港釐局,南港釐局
南滙縣公署,南滙縣公署
南滙縣大團,南市貨捐局
南滙縣政府,南滙縣公署
南滙縣署,南滙縣公署
南潯華章泳洋貨,Remove
南爲糖業所會,糖業所會
南琛輪船,Remove
南瑞兵艦,Remove
南益泰烟舘,南益泰煙舘
南碼顯　鐵店,Remove
南萬生,Remove
南義源水果行,南義源水果行
南翔,Remove
南翔分司,南翔分司衙門
南翔電燈公司,南翔電燈公司
南臺保甲局,南臺保甲局
南臺保甲局員,南臺保甲局
南臺木商,Remove
南臺稅厘總局,南臺稅釐總局
南臺稅釐總局,南臺稅釐總局
南菁,Remove
南華,Remove
南華內衣廠,南華內衣廠
南華內衣股份有限公司,南華內衣廠
南華國貨,Remove
南華永盛壽　店,南華永盛壽店
南製造局,江南製造局
南誠信,南誠信烟館
南誠信烟,南誠信煙館
南誠信烟館,南誠信煙館
南貨,Remove
南貨店,南貨店
南貨業,Remove
南責頭塲案南滙王,Remove
南路廳,Remove
南通匪亂,Remove
南通大來呢絨服裝公司,南通大來呢絨服裝公司
南通大生紗廠,南通大生紗廠
南通學院,南通學院
南通學院紡織工程,南通學院
南通專,Remove
南通市第一綏靖區司令部,南通市第一綏靖區司令部
南通警,南通警察局
南邑,Remove
南鐵廠,Remove
南門,Remove
南門牛肉,南門牛肉莊
南門粥廠,南門粥廠
南開大學,南開大學
南陞,Remove
南陞輪船,Remove
南陽橋華成路銀河里百來化學廠,南陽橋華成路銀河里百來化學廠
南震源,Remove
南順泰,南順泰洋行
南順泰洋行,南順泰洋行
南順泰洋行主投本管領事署,南順泰洋行
南順記,南順記行
南順記行,南順記行
南顧記,Remove
南首,Remove
南首鴻順,Remove
南鳳翔,Remove
南鹽廳,Remove
博仕律師,Remove
博公使,Remove
博古家,Remove
博士金筆廠,博士金筆廠
博多航空,Remove
博大,Remove
博易,Remove
博易律師投本管總領事署,博易律師
博步皮鞋製造廠股份有限公司,博步皮鞋製造廠
博簺道署,博簺道署
博良,Remove
卜總,Remove
卞制軍,閩浙總督卞制軍
卡德,Remove
印委,Remove
印書局,Remove
印花,Remove
印花税處駐滬辦,印花税處駐滬辦事處
卽倩,Remove
卽升堂,Remove
卽報局,Remove
卽延福音堂,福音堂
卽拘局,Remove
卽經院長,Remove
卽綬堂,Remove
卽雲堂,Remove
卽飭茶葉公所,茶葉公所
厘局,厘捐總局
厘捐　局,Remove
厘捐局,厘捐總局
厘捐總局,釐捐總局
厘損局,厘捐總局
厚仁,Remove
厚大,Remove
厚大莊,厚大錢莊
厚德,Remove
厚德里,Remove
厚志誠信,Remove
厚恆,Remove
厚成,Remove
厚昌潤,Remove
厚昌莊,厚昌錢莊
厚泰,Remove
厚泰莊,Remove
厚生紗廠,厚生紗廠
厚田丸,Remove
厚礽,Remove
厚義堂,厚義堂公所
厚興,Remove
厚記,Remove
厚豐荘,Remove
厚餘,Remove
厦口,Remove
厦口廳,Remove
厦道,Remove
厦門,Remove
厦門帮,Remove
厦門廣帮,Remove
厦門廳,Remove
厦門招商局,厦門招商局
厦門洋藥局,厦門洋藥局
厦門海關稅務司,厦門海關稅務司
厦門淺藥局,厦門淺藥局
厦門稅厘總局,厦門稅釐總局
厦門稅司,厦門稅司
厦門稅釐總局,厦門稅釐總局
厦門税厘總局,厦門税釐總局
厦門電局,厦門電報局
厦防,厦防廳署
厦防廳,厦防廳署
厦防廳署,厦防廳署
去毒支社,去毒社
去毒社,去毒社
去毒總社,去毒社
去興堂,Remove
參府署,Remove
參政會,國民參政會
參福　府,Remove
參行,Remove
參議會 ,上海市參議會
參議院,參議院
參院,參議院
參院軍火調查會,參院軍火貿易調查委員
叅事院,叅事院
叅戎,Remove
叅軍,叅府署
又久大米店,久大米店
又仁大米,久大米店
又塘匯公安分,塘匯公安分
又平軍分會,平軍分會
又敎廳,Remove
又明屋影片公司,明屋影片公司
又英,Remove
又菜市街,Remove
又蘇松中營,蘇松中營
又談局,Remove
又謙泰洋行,謙泰洋行
又財廳,Remove
及英會番公廨,英會番公廨
友　福館,Remove
友利行,Remove
友合打包店,友合打包店
友堂,Remove
友成,Remove
友成號,Remove
友生,Remove
友益,Remove
友聯,Remove
友邦,Remove
友隊,Remove
反日救國會,反日救國會
反日會,反日救國會
反日會檢查委員會,反日會檢查委員會
反日檢委會,反日會檢查委員會
反毛澤東主義者同志會,反毛澤東主義同志會
口公和祥洋棧,公和祥洋棧
口公所,Remove
口日領事署,日領事署
口昇煙紙,Remove
口瑞鎔鐡廠,瑞鎔鐡廠
口發茂外,Remove
口粥,Remove
口茂新洋行,茂新洋行
口萃記洋布店,萃記洋布店
口角肆,Remove
口角館,Remove
古　古玩,Remove
古從善堂,古從善堂
古林,Remove
古柏,Remove
古法領事署,法領事署
古華陽浣花館,華陽浣花館
古雲臺巡防局,古雲臺巡防局
古香室,Remove
句容縣自衛團長,句容縣自衛團
可壽齋書局,可壽齋書局
可居堂,可居堂
可熾鐵,可熾鐵廠
台北航空,Remove
台委,Remove
台州,Remove
台州客,Remove
台帮,Remove
台灣府,台灣府
台灣銀行,台灣銀行
台物司,Remove
台瑞,Remove
台省,Remove
台維司,Remove
台能,Remove
台行,台灣銀行
台鑑,Remove
台鑒  上海籌賑公所,上海北巿絲業會館賑公所
台電,Remove
史巷卡,Remove
史明府綱,Remove
史汀萊,史汀萊公司
史稅務司,史稅務司
史維記,Remove
史繙譯處,史繙譯處
右春坊,Remove
司令,司令部
司令部,司令部
司令部駐,司令部
司務廳,司務廳
司安節局,司安節局
司帳,Remove
司府,Remove
司徒廟,司徒廟
司法,Remove
司法科長,司法科
司法股長,司法股
司法處,司法處
司法行政部,司法行政部
司法部長,司法部
司法院,司法院
司皮鞋店,司皮鞋店
司鐸法,Remove
司闇,Remove
司馬,Remove
司馬保甲局,保甲局
司馬升堂,Remove
司馬商,Remove
司馬商之德總領事署,德總領事署
司馬會,Remove
司馬會同德總領事署,德總領事署
司馬會捕局,司馬會捕局
司馬租界,Remove
司馬處,司馬處
司馬集,Remove
合作,Remove
合和軒,Remove
合固,Remove
合字營,Remove
合成,Remove
合成安,Remove
合昌小輪,Remove
合昌烟紙,Remove
合昌篷帆五金號蓮記布廠,合昌篷帆五金號蓮記布廠
合會,Remove
合棧,Remove
合泰協米,Remove
合泰莊,合泰衣莊
合源祥,Remove
合盛,Remove
合盛押,Remove
合美公記雞鴨,Remove
合義會,Remove
合興,合興地産公司
合興公司,合興地産公司
合興同和,Remove
合興地産公司,合興地産公司
合興東利,Remove
合興永,Remove
合興熟肉,Remove
合興貨,Remove
合茂,Remove
合茂柴,Remove
合茂棧,Remove
合茂煤炭,Remove
合衆,Remove
合衆公司新碼頭,Remove
合衆煙草公司,合衆煙草公司
合衆產物保險公司,合衆產物保險公司
合記,Remove
合記公米,Remove
合記橡皮印刷公司,合記橡皮印刷公司
合豐,Remove
合豐企業公司,合豐企業公司
合豐祥,Remove
合豐紗廠工會,合豐紗廠產業工會
合豐紗廠產業工會,合豐紗廠產業工會
合豐衣莊,合豐衣莊
合辦事,Remove
合順,Remove
合順十二箱店,合順十二箱店
合順水菓,Remove
合順興,Remove
吉　昌,Remove
吉　洋行,吉利洋行
吉公館,Remove
吉心齋,Remove
吉慶公,Remove
吉昌,Remove
吉星公,Remove
吉星公客棧,吉星公客棧
吉星公棧,吉星公客棧
吉榮發,Remove
吉潤絲線,Remove
吉盈豐,Remove
吉祥泰,Remove
吉祥街上源館飯店,上源館飯店
吉祥齋,Remove
吉而文,Remove
同仁,Remove
同仁和藥,同仁堂藥店
同仁善堂,同仁善堂
同仁堂,同仁善堂
同仁女醫院,同仁女醫院
同仁昌花行,同仁昌花行
同仁昌魚,Remove
同仁書畫社,同仁書畫社
同仁書館,同仁書館
同仁會,同仁會院
同仁會院,同仁會院
同仁永善堂司,同仁永善堂司
同仁社,同仁社
同仁輔,同仁輔元堂
同仁輔　堂分局,同仁輔元堂
同仁輔元分堂,同仁輔元堂
同仁輔元分局,同仁輔元堂
同仁輔元堂,同仁輔元堂
同仁輔元堂分,同仁輔元堂
同仁輔元堂分局,同仁輔元堂
同仁醫,同仁醫院
同仁醫舘,同仁醫院
同仁醫院,同仁醫院
同仁醫館,同仁醫院
同仁院,同仁醫院
同伊至酒館,Remove
同元,Remove
同元棧,同元棧
同元誠,同元誠莊
同利,Remove
同利行,同和洋行
同升茂,同升茂燭炭
同又新局,Remove
同吉泰米,Remove
同同盛,Remove
同和,Remove
同和客,Remove
同和洋行,同和洋行
同和盛,Remove
同和祥棉,Remove
同善堂,同善堂
同太翰墨林,Remove
同奉京貨店,同奉京貨店
同孚,Remove
同孚公正輪船公司,同孚公正輪船公司
同孚洋行,同孚洋行
同孚路特高科,Remove
同安,Remove
同安里·,Remove
同康,Remove
同康南貨,Remove
同康莊司,Remove
同康運大,Remove
同康錢莊,同康錢莊
同康錢莊司,同康錢莊
同德,Remove
同德參,Remove
同德和記,Remove
同德堂,同德堂
同德昌洋貨鋪,同德昌洋貨鋪
同德泰,同德泰米行
同德洋貨,Remove
同德生,同德生烟館
同德生小烟館,同德生烟館
同德總領事署,德總領事署
同德藥材,Remove
同德醫學院,同德醫院
同德領事處,德國領事署
同心行,Remove
同惪堂,同惪堂
同慶,Remove
同慶錢莊,同慶錢莊
同捕廳,Remove
同文　報館,同文報館
同文　局,同文印書局
同文印書局,同文印書局
同文書局,同文印書局
同文館,同文館
同文館幫,同文館
同昇元桂,Remove
同昇客棧主,同昇客棧
同昌,Remove
同昌丸藥,Remove
同昌協,Remove
同昌脚踏車,Remove
同昌裕隆　　鋪,Remove
同昌車行,同昌脚踏車行
同明府,Remove
同春,Remove
同森裕豐,Remove
同椿泰木,Remove
同業,Remove
同業公會,Remove
同榮軒,Remove
同樂,Remove
同樂戲園,同樂戲園
同泰,Remove
同泰　蔴油店,同泰蔴油店
同泰仁信局,同泰仁信局
同泰司,Remove
同泰客棧,同泰客棧
同泰店,同泰店
同泰恒順,同泰恒順記號
同泰木作店,同泰木作店
同泰棧,同泰客棧
同泰生,Remove
同泰祥棉,Remove
同泰米行,同泰米行
同泰肉,Remove
同泰興,Remove
同泰行,同泰行
同泰貨棧,同泰貨棧
同泰通,Remove
同源,Remove
同源　禾豐·五洋店,Remove
同源昇顔料,Remove
同源泰致,Remove
同源皮毛,Remove
同源莊,同源莊
同潤,Remove
同澤堂,同澤堂
同濟,Remove
同濟·復旦·,Remove
同濟大學上海同學會,同濟大學上海同學會
同濟機織印染公司,同濟機織印染公司
同濟機織印染股份有限公司,同濟機織印染公司
同生泰,同生泰炒貨店
同生源靛青,Remove
同生祥,Remove
同生義,Remove
同發,同發公司
同發烟館,同發煙館
同益,Remove
同益昌,Remove
同益烟館,同益煙館
同益生米,同益生米店
同益里,Remove
同盛,Remove
同盛土棧,同盛土棧
同盛洋貨,Remove
同盛米,同盛米店
同盛米店,同盛米店
同盟,Remove
同盟會,同盟會
同祉增,Remove
同福,Remove
同福來,Remove
同義米行,同義米行
同羽黨,Remove
同興,Remove
同興　酒店,同興酒店
同興公,Remove
同興呢絨,Remove
同興和洋貨鋪,同興和洋貨鋪
同興實業有限公司,同興實業公司
同興實業社,同興實業社
同興昌,Remove
同興栢油,Remove
同興泰羊毛,Remove
同興海利,Remove
同興竹籌,Remove
同興莊,同興錢莊
同興裕,Remove
同興醬圖,Remove
同興錢莊,同興錢莊
同興飯店,同興飯店
同芳居,同芳居茶館
同芳居茶,同芳居茶館
同英會審署,英界會審公廨
同茂,Remove
同茂店,同茂店
同茂昌櫗店,同茂昌櫗店
同茂棧,同茂棧
同裕,Remove
同裕店,同裕店
同裕興,Remove
同裕興烟膏,同裕興烟膏店
同讞,Remove
同豐,Remove
同豐公米,同豐公米店
同豐永,Remove
同豐永絲線,Remove
同豐烟酒,Remove
同豐益豐,Remove
同豐米,同豐米店
同賜茂,Remove
同路同益,Remove
同通班,Remove
同道署,Remove
同鄉會,Remove
同鄕會,Remove
同里　泰茶棧,Remove
同里水菓,Remove
同順,Remove
同順南貨,Remove
同順米行,同順米行
同黨,Remove
名利,Remove
名利棧,名利客棧
名茂堂,名茂堂
后垟鹽厘局,后垟鹽釐局
吏冲厘局,同泰客棧
吏部,吏部
吏部文選司,吏部文選司
向充洋藥局,充洋藥局
向業藥材,Remove
向業酒店,向業酒店
向業飯店,向業飯店
向華成華,Remove
向開華仁豐油酒坊,開華仁豐油酒坊
吔洋行,Remove
吕光裕,Remove
吕宋,Remove
吕恊盛絲線店,吕恊盛絲線店
吕明,Remove
吕泗,Remove
吕泗塲署,吕泗塲署
吕義,Remove
君升　特別公堂,Remove
君升堂,Remove
君壽軒,Remove
君安徽人茶磁公司,茶磁公司
君愛多亞路商聯會,愛多亞路商聯會
君松巖,Remove
君雲閣,Remove
吞烟局,Remove
吟泉曲社,Remove
吟紅館,Remove
吳下文匯館,Remove
吳中保墓會,Remove
吳中聲教,Remove
吳公館,Remove
吳吉人,Remove
吳吉雲,Remove
吳君燮堂,吳君燮堂
吳四坤,Remove
吳塔司,Remove
吳大學,Remove
吳子良,Remove
吳宮,Remove
吳德泰燈,Remove
吳投局,Remove
吳明府,Remove
吳江,Remove
吳江縣政府,吳江縣政府
吳江行,Remove
吳泰和,Remove
吳淞,Remove
吳淞保衛團,吳淞保衛團
吳淞分局,吳淞分局
吳淞口,Remove
吳淞司,Remove
吳淞哨,Remove
吳淞商會辦,吳淞商會
吳淞寶和,Remove
吳淞水警第,Remove
吳淞水警第四區,Remove
吳淞江水利協會,吳淞江水利協會
吳淞沙釣船捐局,吳淞沙釣船捐局
吳淞營,Remove
吳淞路慎昌木廠,吳淞路慎昌木廠
吳淞醬園糟,Remove
吳淞釣船局,吳淞釣船局
吳淞防,吳淞防營
吳淞防營,吳淞防營
吳淞麵粉廠,吳淞麵粉廠
吳琴堂,Remove
吳稅司,Remove
吳縣,吳縣署
吳縣人坊,Remove
吳縣公安局偵緝隊,吳縣公安局
吳縣公署,吳縣公署
吳縣可壽齋,Remove
吳縣署,吳縣署
吳義,Remove
吳義隆烟,Remove
吳聚興客棧,吳聚興客棧
吳良材,Remove
吳裕德,Remove
吳軍,Remove
吳醬業公所,吳醬業公所
吳順品,Remove
吳鹽公堂,吳鹽公堂
吳黨,Remove
吳鼎隆縐紗,Remove
吳齊榮,Remove
吿勤大德,Remove
吿匯司,Remove
呂宋,Remove
呂泗,Remove
呂班路二○一弄七九號,呂班路二○一弄七九號
呂義泰水烟袋店,呂義泰水煙袋店
呈堂,Remove
呈堂戲園,Remove
呈鈞署,Remove
呢絨業公會,呢絨業公會
周　昌衣莊,周仁昌新衣店
周三元成衣舖,周三元成衣舖
周太僕廟,周太僕廟
周宗記顏料號,周宗記顏料號
周德順首飾店,周德順首飾店
周急局,Remove
周投局,Remove
周明,Remove
周明府,Remove
周桂堂,Remove
周永興,Remove
周泳興,Remove
周益,Remove
周福,Remove
周禮,Remove
周虎臣,Remove
周護院,周護院
周鎭軍,Remove
味益佳,Remove
味秋,Remove
味蘭軒,Remove
呵加刺銀行,Remove
和　貨,Remove
和仙堂,和仙堂
和園,Remove
和坪行,和坪行
和堂,Remove
和安,Remove
和寳莊,和寳莊
和州篆務,Remove
和廷,Remove
和怡,Remove
和成,Remove
和新紗廠,和新紗廠
和昌盛,Remove
和明洋行,和明洋行
和明炭精廠,和明炭精廠
和昶,Remove
和曦,Remove
和東延,Remove
和棧,Remove
和永記,Remove
和泰,Remove
和泰分店,和泰分店
和泰木菓行,和泰木菓行
和泰水,Remove
和泰荳行中,Remove
和泰行,和泰行
和泰雞毛雜骨,Remove
和源興,和源興旅館
和濟,和濟公司
和濟恒,Remove
和玉洋貨,Remove
和瑞,Remove
和田　檢疫所,Remove
和盛,Remove
和盛鐘表店,和盛鐘表店
和祥,Remove
和祥公洽大,和祥公司
和祥糖食,Remove
和祥襪舖,和祥襪舖
和祥零剪店,和祥零剪店
和福行,Remove
和米,Remove
和米行,Remove
和綢莊,Remove
和義,Remove
和興,Remove
和興行,和興行
和茶食,Remove
和衆公司,和衆公司
和行,Remove
和衣,Remove
和衷,Remove
和記,Remove
和記土店,和記土店
和記土棧,和記土店
和記洋行,和記洋行
和記雜貨店,和記雜貨店
和豐,Remove
和豐錢,Remove
和通,Remove
和隆,Remove
和靛,Remove
和順,Remove
和順米,Remove
和館飯,Remove
和香村茶食,和香村茶食店
和鼎和,Remove
咨戶部,Remove
咨部,Remove
咪　洋行,咪吔洋行
咪吔,咪吔洋行
咪吔洋行,咪吔洋行
咪吔洋行主投本管總領事署,咪吔洋行
咸　　糾黨,Remove
咸執府,咸執府
咸宜齋,Remove
咸德,Remove
咸德荘,咸德錢莊
咸德莊,咸德錢莊
咸德錢莊,咸德錢莊
哀升道發局,Remove
哀海觀,Remove
品海,Remove
品珍珠寶號,品珍珠寶號
品華玻璃廠,品華玻璃廠
哈利,Remove
哈味洋行,哈味洋行
哈爾濱大中銀行,哈爾濱大中銀行
哈爾濱捕,哈爾濱捕房
員平社,Remove
員會,Remove
員立政治大學,政治大學
員蔽所,Remove
員警福利委員會,員警福利委員會
哥侖比亞大學政治研究院,哥侖比亞大學
哥倫比亞大學圖書館,哥侖比亞大學
哥老,Remove
唐伯福,Remove
唐公館,Remove
唐壽生,Remove
唐太大,Remove
唐太太,Remove
唐家弄口廣義泰烟館,廣義泰煙館
唐日新,Remove
唐明府,Remove
唐生記營造廠,唐生記營造廠
唐縣署,Remove
唐軍門,Remove
唐順興棉,Remove
唣明府,Remove
唯德,Remove
唯德洋行,唯德洋行
商　茂行延,Remove
商之德總領事署,德總領事署
商之法,法總領事署
商之法總領事署,法總領事署
商之美,美總領事署
商之美總領事署,美總領事署
商之英總領事署,英總領事署
商事公斷處,商事公斷處
商務,Remove
商務印書館,商務印書館
商務印書館中華書局,商務印書館
商務印書館印刷所,商務印書館
商務委員會商標法規硏究委員會,商務委員會商標法規硏究委員會
商務局,商務局
商務書館機器製造部,商務書館
商務會,商務總會
商務總局,商務局
商務總會,商務總會
商務輪船總辦,商務輪船總局
商品檢驗技術研究委員會蛋品小組,商品檢驗技術研究委員會
商品陳列所,Remove
商圑公會,商團公會
商團,商團公會
商團公會,商團公會
商團公會司令部,商團公會
商團體育研究社,商團公會
商埠,Remove
商埠公署,商埠督辦公署
商埠警察廳,商埠警察廳
商埠警廳,商埠警察廳
商埠巡警,商埠巡警局
商埠巡警局長,商埠巡警局
商埠巡警廳,商埠警察廳
商堂,Remove
商報出版社,商報出版社
商安部,Remove
商局,Remove
商户二部,Remove
商整會,Remove
商會,上海總商會
商會聯合會　　商會聯合會,商會聯合會
商業儲蓄銀行,上海商業儲蓄銀行
商民,Remove
商民協會,商民協會
商民協會吳祝民海員分會,商民協會
商民協會書業分會,商民協會
商民恊會牛羊業分會,商民協會
商民恊會茶業分會,商民協會
商界聯合會,商界聯合會
商立　洋行,商立洋行
商總署,電商總署
商船會館,商船會館
商請會館,Remove
商辦江南鐵路公司,商辦江南鐵路公司
問刑衙門,Remove
啓  棲流公所,棲流公所
啓　　絲業會館,絲業會館
啓封俱樂部,啓封俱樂部
啓新洋灰公司,啓新洋灰公司
啓新紗廠,啓新紗廠
啓昌,Remove
啓明,Remove
啓東烟公司賚肇區,啓東煙公司賚肇區
啓楣隊,Remove
啓源綢縀店,源綢縀店
啓盛棧,Remove
啓者本館,Remove
啓茂米鋪,Remove
啡店,Remove
善善飯店,善善飯店
善堂,Remove
善局,Remove
善後局,善後局
善救總署,善救總署
善鐘馬,Remove
善鐘馬車,Remove
喇馬司,Remove
喊厘,Remove
喜定縣公,Remove
喜會,Remove
喬湧高,Remove
喬源國布店,喬源國布店
喬蔭,Remove
單呈閣,Remove
喴喱,喴喱洋行
嗣　稅厘局,Remove
嗬囒銀行,Remove
嘉　源昌,Remove
嘉　鹽釐局,Remove
嘉中聯,Remove
嘉保甲,Remove
嘉利,Remove
嘉利土行,Remove
嘉利行,嘉利土行
嘉協,Remove
嘉和,Remove
嘉和錢,Remove
嘉和麵粉廠股份有限公司,嘉和麵粉廠公司
嘉善,Remove
嘉善縣署,嘉善縣署
嘉善縣警察局,嘉善縣警察局
嘉士,Remove
嘉大,Remove
嘉定地方法院,嘉定地方法院
嘉定方泰,Remove
嘉定營,Remove
嘉定縣署,嘉定縣署
嘉定縣諸翟司,嘉定縣署
嘉屬厘鹽,Remove
嘉屬硝磺發,Remove
嘉廣生藥材行棧司,嘉廣生藥材行
嘉惠庄,嘉惠庄
嘉新水泥股份有限公司,嘉新水泥公司
嘉昶錢莊,嘉昶錢莊
嘉林,Remove
嘉榖公所,嘉榖堂米業公所
嘉榖堂,嘉榖堂米業公所
嘉榖堂公所,嘉榖堂米業公所
嘉榖堂米業公所,嘉榖堂米業公所
嘉榖堂米業公會,嘉榖堂米業公所
嘉河廳,Remove
嘉泰,Remove
嘉泰行,Remove
嘉發,Remove
嘉發元盛,Remove
嘉祿,Remove
嘉祿鞋店,Remove
嘉福,Remove
嘉禾,Remove
嘉秀,Remove
嘉秀三署,Remove
嘉穀,嘉榖堂米業公所
嘉穀堂,嘉榖堂米業公所
嘉穀堂仁穀公所,嘉榖堂米業公所
嘉穀堂公所,嘉榖堂米業公所
嘉穀堂米業公所,嘉榖堂米業公所
嘉穀堂米業商會,嘉榖堂米業公所
嘉穀當·碾米公所,Remove
嘉興,Remove
嘉興　　業公會,Remove
嘉興學,Remove
嘉興局,嘉興局
嘉興府宗,嘉興府
嘉興府署,嘉興府
嘉興府西水驛郵政廳,嘉興府
嘉興康泰,Remove
嘉興永泰豐,Remove
嘉興洋藥局,嘉興洋藥局
嘉興縣,嘉興縣公署
嘉興縣公署,嘉興縣公署
嘉興貨捐局,嘉興貨捐局
嘉郡絲綿局,嘉郡絲綿局
嘉防水師,嘉防水師
器店,Remove
器造紙局,器造紙局
嚴乾生藥店,嚴乾生藥店
嚴乾生藥材店,嚴大生藥店
嚴辦所,Remove
囘公館,Remove
四　一分所,四區一分所
四區四分,四區四分所
四區崗,Remove
四區崗　拘　藥店,Remove
四區會,Remove
四區總署,四區總署
四區署,四區總署
四區造紙業工會,四區造紙業產業工會
四區造紙業產業工會,四區造紙業產業工會
四商會,四商聯會
四商聯會,四商聯會
四如春,Remove
四如春　團,Remove
四川分局,四川分局
四川司,Remove
四川帮,Remove
四工部局,工部局
四師,Remove
四明,Remove
四明保險公司,四明保險公司
四明公所,四明公所
四明商業儲蓄銀行,四明商業儲蓄銀行
四明寧紹保險公司,四明寧紹保險公司
四明甲乙,Remove
四明醫院,四明醫院
四明銀行,四明銀行
四明銀行地產部,四明銀行
四明電話公司,四明電話公司
四會厘廠,四會釐廠
四海昇平樓,Remove
四海萬新樓茶肆,Remove
四牌樓翔,Remove
四盟,Remove
四福,Remove
四美司,西人四美司
四美司執送會,四美司執送會
四美司管房,四美司管房
四美軒,Remove
四興祥鞋店,四興祥鞋店
四行,Remove
四行儲蓄會,四行儲蓄會
四譯館,四譯館
四路,Remove
四路一區,四路分局
四路一區分局,四路分局
四路分局,四路分局
四達,Remove
四達瑞,Remove
四錢莊,Remove
四門外巡防分局,四門外巡防分局
四馬路文報局恊賑公所,文報局恊賑公所
四馬路泰東圖書局,泰東圖書局
四馬路生活書店,生活書店
四馬路高易籌賑所,上海高易籌振公所
回粮,Remove
固本廠,Remove
國　　事署,Remove
國人某甲,Remove
國信銀行,國信銀行
國債基金管理委員會,國債基金管理委員會
國務總理,國務總理
國務院農商部,國務院
國史館,國史館
國周,Remove
國大,國家代表會
國子監,Remove
國學堂,國學堂
國家黨,Remove
國富,Remove
國府,國民政府
國府主計處,國民政府
國府參軍處,國民政府
"國府委員
","國府委員
"
國庫,國庫
國庫局,國庫
國文系,Remove
國昌首飾商店,國昌首飾商店
國材,Remove
國樑,Remove
國民,Remove
國民中國參政會,國民參政會
國民參政會,國民參政會
國民國民參政會,國民參政會
國民國民參政會 - 國民參政會,國民參政會
國民外交協會上海分會,國民外交協會上海分會
國民大會,國民大會
國民政府,國民政府
國民政府中央政治會議,國民政府中央政治會議
國民政府主計處主計官兼會計局,國民政府主計處主計官兼會計局
國民政府交通部,交通部
國民政府委員會,國民政府委員會
國民政府導淮委員會,國民政府導淮委員會
國民政府建設委員會,建設委員會
國民政府政務官懲戒委員會,國民政府政務官懲戒委員會
國民政府敎育行政委員會,國民政府敎育委員會
國民政府江蘇財政委員會,江蘇兼上海財政委員會
國民政府海陸空軍總司令部,海陸空軍總司令部
國民政府直屬機關中央銀行理事會,中央銀行
國民政府直屬機關兩粵賑災委員會委員會,粵賑災委員會
國民政府直屬機關財政委員會　,國民政府直屬機關財政委員會　
國民政府經濟委員會,全國經濟委員會
國民政府財政部,財政部
國民政府財政部印花稅法租界推銷事員辦事處,財政部印花稅法租界推銷事員辦事處
國民政府軍事委員會,軍事委員會
國民政府首都建設委員會,首都建設委員會
國民賑務委員會,國民賑務委員會
國民革命,Remove
國民革命軍,國民革命軍
國民革命軍二十三軍,國民革命軍
國民革命軍新編第六十軍,國民革命軍
國民革命軍東路軍前敵總指揮部政治部組織,國民革命軍
國民革命軍特别市黨部,國民革命軍
國民革命軍總司令部特務處,國民革命軍
國民革命軍總司令部經理處,國民革命軍總司令部經理處
國民革軍駐滬軍法處,國民革命軍
國民黨,國民黨中央執行委員會
國民黨上海市特別第三區黨部,國民黨
國民黨上海市黨部,上海市黨部
國民黨上海特別市前一區四十五分部,國民黨
國民黨上海特別市四區九分部,國民黨
國民黨上海特別市執行委員會直屬第三十七分區部,國民黨
國民黨上海特別市執行委員會第四十三區分部,國民黨
國民黨上海特別市特別第六區黨部,國民黨
國民黨上海特別市第一區執委會,國民黨上海第一區執委會
國民黨上海特別市第七區第十區分部,國民黨
國民黨上海特別市第九特別區黨部,國民黨
國民黨上海特別市第二十九區執行委員會,國民黨
國民黨上海特別市第卅區黨部,國民黨
國民黨上海特別市第四區黨部,國民黨
國民黨上海高等特種刑事法庭,江蘇上海高等法院
國民黨中央執行委會,國民黨
國民黨中央政治會議上海分會,國民黨中央政治會議上海分會
國民黨十六區黨部第七分部,國民黨十六區黨部第七分部
國民黨員,Remove
國民黨工礦黨務訓練班同學總會,國民黨
國民黨江蘇松江縣執行委員會,國民黨江蘇松江縣執行委員會
國民黨江蘇省執行委員,國民黨中央執行委員會
國民黨江蘇省執行委員會,國民黨江蘇省執行委員會
國民黨江蘇省黨部,國民黨江蘇省黨部
國民黨直屬九十七區分部,國民黨
國民黨直屬第二十八區分部,國民黨
國民黨第六區第四十五部,國民黨
國民黨第六十二區直屬區黨部,國民黨
國民黨黨部,國民黨
國泰橡膠廠,國泰橡膠廠
國營招商局,招商輪船局
國產中華國產廠商聯合會,中華國產廠商聯合會
國產廠商聯合會,中華國產廠商聯合會
國畫系,Remove
國礦局,國礦局
國立,Remove
國立復旦大學,復旦大學
國立曁南大學,曁南大學
國立曁南學校,曁南大學
國署,Remove
國聯,國聯會
國聯會,國聯會
國華,Remove
國華工業投資公司,國華工業投資公司
國華棉織廠,國華棉織廠
國華殯儀館四明公所,國華殯儀館
國華綢業,Remove
國華銀行,國華銀行
國藥業　國藥同業公會,國藥同業公會
國行國庫局長,國行
國行貼放會,中央銀行貼放委員會
國貨,Remove
國貨聯合辦事處,國貨聯合辦事處
國軍,國軍
國軍獨立團,國軍
國醫,Remove
國防敎育,Remove
國防會議委員,國防會議委員
國防部,國防部
國防部二廳,國防部
國防部長,國防部
國際大飯店公司,國際大飯店公司
國際聯合（盟）會第九屆大會,國際聯合會
國際聯合（盟）會第十四屆大會,國際聯合會
國際飯店,國際飯店
圑防局,圑防局
園林,Remove
園田帮,Remove
園茶,Remove
園茶肆,Remove
圓圓煤球公司,圓圓煤球公司
圓店,Remove
圓通寺,圓通寺
圖南輪,Remove
圖南輪船,Remove
圖書儀器接運清理處,圖書儀器接運清理處
圖書委員會,Remove
圖書教育委員會,圖書教育委員會
圖書館,Remove
團本部,Remove
團防局,團防局
團防總局,團防局
團飭　輪公司,Remove
土八路,Remove
土地局,上海市土地局
土地局第,土地局
土地房屋管委會滬北辦事,土地房屋管理委員會
土地房屋管理會,土地房屋管理委員會
土幫,Remove
土改委會,土地改革委員會
土木工程學系,Remove
土漿總,Remove
土環廳,土環廳
土福堂,土福堂
土立堂,土立堂
土茂行,Remove
土藥局,土藥局
土行,Remove
土送局,Remove
圭阿加刺銀行,Remove
地亞士洋行,地亞士洋行
地保,Remove
地保局,地保局
地信局,地信局
地價,Remove
地力,Remove
地壇,Remove
地審,地審廳
地局,地政局
地局長,地政局
地政,地政局
地政局,上海市地政局
地政局第二處,地政局
地政局長,地政局
地政部份,地政部
地方,Remove
地方協曾,地方協會
地方審,地方審判廳
地方新委,Remove
地方木棉公司,地方木棉公司
地方法院長,地方法院
地檢,上海地方法院
地檢　核辦,地檢廳
地檢　頃,地檢廳
地檢廳,地檢廳
地檢處,上海地方法院
地火洋行,地火洋行
地甲,Remove
地甲協同局,地甲協同局
地藏,Remove
地言廳,Remove
地間,Remove
地院業,Remove
均昌莊,Remove
均泰錢莊,均泰錢莊
均泰顏料號,均泰顏料號
均益五金電料製造廠,均益五金電料製造廠
坊醬園,坊醬園
坎濟社,坎濟社
坤元,Remove
坤泰,Remove
坤源窰貨,Remove
坤生,Remove
城中北局,城中北局
城憲,Remove
城東女學,Remove
城汛,Remove
城河浜,Remove
城西育嬰堂,育嬰堂
城貢院,城貢院
城邑,Remove
城邑廟保嬰總局,城邑廟保嬰總局
城防,Remove
城隍廟,城隍廟
埃凡洋行,Remove
埃蘭事務,Remove
埠局,Remove
埠法領事署,法總領事署
埠英會,英界會審公廨
執委,執行委員會
執委會,執行委員會
執行委員會,執行委員會
培利,Remove
培利洋行,培利洋行
培利洋行東投德國領事署,德國領事署
培德,Remove
培心堂,培心堂
培昌　行,Remove
培昌仁記鐵工廠,培昌仁記鐵工廠
培根代怡和洋行,培根代怡和洋行
培記,Remove
培豐公司,培豐公司
基昌炒貨,基昌炒貨店
基督教大學同學會聯合會,Remove
基隆煤務局,基隆煤務局
堂中堂,堂中堂
堂邑尊,Remove
堅大,Remove
堯　墨廠,Remove
報埔,Remove
報堂,Remove
報差業職業工會,報業職業工會
報明捕房,巡捕房
報業職業工會,報業職業工會
報法國租界巡捕房,法國租界巡捕房
報處,Remove
報請,Remove
報關,Remove
報關行,Remove
報館,Remove
塌水橋南華永盛壽店,華永盛壽店
塗縣大信司,塗縣大信司
塘橋,Remove
塘橋廟,塘橋廟
塘沽新沽警衛組,塘沽新沽警衛組
増裕,Remove
增和錢庄,增和錢庄
增咸,Remove
增大,Remove
增康糖食,增康糖食店
增福堂,增福堂
增興,Remove
增茂洋東,Remove
增茂行,Remove
增裕,Remove
增裕行,增裕洋行
壚州電局,壚州電局
士林,Remove
士民公,Remove
士行,Remove
士記,Remove
士門,Remove
士門吉立司,Remove
士館,Remove
壬午科,Remove
壳件洋行,壳件洋行
壳件行,Remove
"壹壹染織廠
","壹壹染織廠
"
壽全齋,Remove
壽堂,Remove
壽山堂樂店,壽山堂樂店
壽庚莊,壽庚莊
壽康,Remove
壽康庄,Remove
壽康莊,Remove
壽康里,Remove
壽星會,壽星會
壽書城,壽書城
壽泰,Remove
壽泰庄,壽泰錢庄
壽泰錢,壽泰錢庄
壽泰錢庄,壽泰錢庄
壽萱,壽萱堂
壽萱草堂,壽萱草堂
夏信齋,Remove
夏口廳,夏口廳
夏口廳呈控廳,夏口廳
夏口廳署報案廳,夏口廳
夏口廳警察局,夏口廳
夏學憲,Remove
夏寳三控,Remove
夏廳,Remove
夏明府,Remove
夏梅,Remove
夏梅堂,Remove
夏芳園,Remove
外交,Remove
外交委員會,外交委員會
外交部,外交部
外交部新委,外交部
外交部長,外交部
外交部駐滬辦事處,外交部
外信局,外信局
外六盟,Remove
外務局長,外務局
外務省,外務省
外務部,外交部
外國成,Remove
夢蘭堂,Remove
大　洋行,Remove
大　銀行乒乓隊,Remove
大●輪船公司,大●輪船公司
大上海保險公司,大上海保險公司
大上海酒櫻,大上海酒樓
大世界儲蓄部,大世界
大中,Remove
大中實業公司,大中實業公司
大中山,Remove
大中毛紡織染廠,大中毛紡織染廠
大中紡織染線廠,大中毛紡織染廠
大中聯,Remove
大中華,Remove
大中華書局,大中華書局
大中華橡膠廠,大中華橡膠廠
大中華橡膠廠興業公司,大中華橡膠廠興業公司
大中華火柴公司,大中華火柴公司
大中華紗廠,大中華紗廠
大中華股份有限公司,大中華公司
大中華記染織廠,大中華記染織廠
大中華鞋料廠股份有限公司,大中華鞋料廠公司
大中通,大中通訊社
大中銀行,大中銀行
大乾通,Remove
大亞銀行,大亞銀行
大交大,Remove
大亨德,Remove
大亨德和,Remove
大亨棧,Remove
大京班,Remove
大京網,Remove
大令,Remove
大令公館,Remove
大來,Remove
大來上海商業儲蓄銀行,大來上海商業儲蓄銀行
大來商業儲蓄銀行,大來商業儲蓄銀行
大來棉織廠,大來棉織廠
大來氏,Remove
大來洋,大來洋行
大來票,Remove
大來銀行,大來銀行
大來麵業儲蓄銀行,大來麵業儲蓄銀行
大保,Remove
大信,Remove
大信局,大信局
大倉組,Remove
大元紡織廠,大元紡織廠
大光,Remove
大全齋藥,Remove
大公,Remove
大公所,Remove
大公染織公司,大公染織公司
大公社云,大公社
大冶,Remove
大利,Remove
大北公司,大北電線公司
大北大東電線公司,大北電線公司
大北汽車,Remove
大北電線公司,大北電線公司
大南保險公司,大南保險公司
大吉樓,Remove
大吉祥,Remove
大吉祥烟間,大吉祥煙館
大吉祥烟館,大吉祥煙館
大同,Remove
大同實業公司,大同實業公司
大同木屋瀨,Remove
大同機器,Remove
大同興,Remove
大同行,Remove
大同酒店,大同酒店
大同錢莊,大同錢莊
大同黨,Remove
大名府,Remove
大和,Remove
大和人,Remove
大和德,Remove
大和豐,大和豐土行
大和豐土行,大和豐土行
大和豐大德生土店,大和豐土行
大和豐行,大和豐土行
大和魚行,大和魚行
大團,Remove
大土,Remove
大坂商船會社,大坂商船會社
大埔帮,Remove
大場,Remove
大場分局,大場分局
大夏,Remove
大夏大學,大夏大學
大夏大學教育學院,大夏大學
大孚仁記橡膠廠,大孚仁記橡膠廠
大學,Remove
大學堂,大學堂
大學院,Remove
大安,Remove
大安五金號,大安五金號
大安保險公司,大安保險公司
大安孚壽,Remove
大安行,大安五金號
大宗,Remove
大寳,Remove
大工部,Remove
大市橋,Remove
大布莊,Remove
大帽店,Remove
大康,Remove
大康成證券號,大康成證券號
大康福,Remove
大康銀行,大康銀行
大德,Remove
大德成金號,大德成金號
大德生,Remove
大德祥,Remove
大德祥洋貨鋪,大德祥洋貨鋪
大德興,Remove
大德通,Remove
大恆,Remove
大恒,Remove
大惟洋,Remove
大慶,Remove
大慶昌隆,Remove
大慶樓福安榮生,Remove
大慶祥皮貨,大慶祥皮貨局
大憲,Remove
大憲　署,大憲署
大憲令,Remove
大憲卽,Remove
大憲委,Remove
大憲廣,Remove
大憲復委,大憲委
大憲旋委,大憲署
大憲檄,Remove
大憲籌欵,大憲署
大成,Remove
大成企業公司,大成企業公司
大成昌烟店,大成昌煙店
大成水果,大成水果行
大成甌綢,Remove
大成祥,Remove
大成祥洋貨,Remove
大成綢緞,大成綢緞局
大成船局,大成船局
大成行,Remove
大成魚行,大成魚行
大押,Remove
大新,Remove
大新無線電廠股份有限公司,大新無線電廠公司
大新舞臺,Remove
大新街,Remove
大方棧,大方客棧
大旺,Remove
大昌,Remove
大昌信局,大昌信局
大昌元,Remove
大昌南貨店,大昌南貨店
大昌毡毯,Remove
大昌米,大昌米行
大昌米店,大昌米店
大昌米行,大昌米行
大昌行,Remove
大昌鐵,大昌鐵行
大昌鐵廠,大昌鐵廠
大明染織廠,大明染織廠
大明火柴公司,大明火柴公司
大春洋貨,Remove
大晚報,大晚報
大有,Remove
大有企業公司,大有企業公司
大有印刷公司,大有印刷公司
大有成苧蔴,Remove
大有水菓,Remove
大有烟,大有烟館
大有烟館,大有煙館
大有祥京貨店,大有祥京貨店
大有號,Remove
大有裕,Remove
大有餘榨油廠,大有榨油廠
大木行,Remove
大東書局,大東書局
大東陽,Remove
大東電池廠,大東電池廠
大東電線公司,大東電線公司
大林,Remove
大梁子,Remove
大棉布號,大棉布號
大森昌,Remove
大橋,Remove
大河口救生局,大河口救生局
大沽輪船,Remove
大洋橋豐泰,Remove
大浦,Remove
大源,Remove
大源　局,Remove
大源成,Remove
大滙,Remove
大滬百貨公司,大滬百貨公司
大王廟巡防局勇,大王廟巡防局
大理寺,大理寺
大理院衙門,大理院
大生,Remove
大生一廠,大生一廠
大生洋行,大生洋行
大生烟店,大生成烟紙店
大生烟紙店,大生成烟紙店
大生紗廠,大生紡織公司
大生紡織公司,大生紡織公司
大生藥,Remove
大生藥號菸紙,大生藥號
大甡糖,Remove
大發棧,Remove
大益昌二,Remove
大盛,Remove
大盛烟,大盛烟紙店
大盛福,大盛福綢緞局
大祥,Remove
大福來,Remove
大萬隆,Remove
大立多,Remove
大米行,Remove
大統織染廠股份有限公司,大統織染廠公司
大緯印染織造廠,大緯印染織造廠
大緯印染織造廠興業第一製鐵廠,大緯印染織造廠興業第一製鐵廠
大美,Remove
大義,Remove
大義康,Remove
大義豐泰,Remove
大聚康,Remove
大自,Remove
大自嗚鐘,Remove
大自鳴,Remove
大自鳴捕房,大自鳴鐘捕房
大自鳴鐘,Remove
大自鳴鐘捕房,大自鳴鐘法捕房
大自鳴鐘法國租界巡捕房,大自鳴鐘法捕房
大自鳴鐘法捕房,大自鳴鐘法捕房
大自鳴鐘法巡捕房,大自鳴鐘法捕房
大興,Remove
大興　廣貨店,Remove
大興水菓,Remove
大興米行,大興米行
大興縣,Remove
大興茶食,大興茶食店
大興茶食店,大興茶食店
大興銀樓,大興銀樓
大花,Remove
大英,Remove
大英烟廠　員,大英烟廠
大英牌,Remove
大英總領事署,英總領事署
大英輪船公司,大英輪船公司
大英醫院,大英醫院
大茂,Remove
大茂莊,大茂錢莊
大茂錢莊,大茂錢莊
大茶葉,Remove
大荆,Remove
大荊糧廳,大荊糧廳
大荊茶捐局,大荊茶捐局
大華,Remove
大華保險公司,大華保險公司
大華綢業公司,大華綢業公司
大華軟管製造廠,大華軟管製造廠
大衆筆廠,大衆筆廠
大行,Remove
大裕,Remove
大裕福,Remove
大觀戯園,大觀戲園
大觀戲園,大觀戲園
大觀院,大觀院
大誠綢廠,大誠綢廠
大誠綢廠金絲綢廠,大誠綢廠金絲綢廠
大谷派本願寺,大谷派本願寺
大豐,Remove
大豐　莊,Remove
大豐工業原料公司,大豐工業原料公司
大豐永,大豐永雜糧號
大豐永徐州分號,大豐永雜糧號
大豐永收,大豐永雜糧號
大豐永糧食行,大豐永雜糧號
大豐永號,大豐永雜糧號
大豐永雜糧,大豐永雜糧號
大豐永雜糧號,大豐永雜糧號
大豐洋貨,大豐洋貨店
大豐益昶,Remove
大豐盛,Remove
大豐米,Remove
大通,Remove
大通司,大通司
大通木塲·祥興盆桶店,Remove
大通烟紙,Remove
大通煤礦公司,大通煤礦公司
大通督銷局,大通督銷局
大通織染廠,大通織染廠
大通路,Remove
大連航空,Remove
大達,Remove
大達·大通,Remove
大達公司,大達輪船公司
大達輪船公司,大達輪船公司
大都沽酒,Remove
大錢土,Remove
大錢莊,Remove
大關,Remove
大關司,Remove
大闡天宮,大闡天宮
大阜,Remove
大陸報館,大陸報館
大陸新報,大陸報
大陸橡膠廠,大陸橡膠廠
大陸毛紡織染公司,大陸毛紡織染公司
大陸福記造紙廠,大陸福記造紙廠
大陸銀行,大陸銀行
大陸銀行總行,大陸銀行
大陸鐵礦公司,大陸鐵礦公司
大隆京貨店,大隆京貨店
大隆染織廠,大隆染織廠
大隆碗,Remove
大隊,Remove
大隊部,Remove
大雅,Remove
大雅堂,大雅堂
大雅棧,Remove
大靛行,Remove
大順,Remove
大順船局,大順船局
大順醬園,大順醬園
大馬路,Remove
大馬路進大衣,Remove
大馬路采芝堂藥店,采芝堂藥店
大馬車,Remove
大馬頭,Remove
大馬頭益大米,大馬頭益和米店
大魚,Remove
天一保險公司,天一保險公司
天一印刷公司,天一印刷公司
天一單寧酸廠,天一單寧酸廠
天主堂,Remove
天主敎,Remove
天主敎文化協進會,天主敎文化協進會
天主教,Remove
天仙戲園,天仙戲園
天仙部,天仙部
天來,Remove
天元,Remove
天元五,Remove
天元祥和,Remove
天利淡氣廠,天利淡氣製品廠
天利淡氣製品廠,天利淡氣製品廠
天原電化廠,天原電化廠
天和,Remove
天和公商站,天和公商站
天壬分局長,天壬分局
天寍寺,天寧寺
天寧寺,天寧寺
天寶,Remove
天工化工廠,天工化工廠
天廚味精廠,天廚味精廠
天德堂藥號,天德堂藥號
天慶福,Remove
天成,Remove
天成客棧,Remove
天成昌　館,天成昌烟館
天成昌烟館,天成昌煙館
天成泰,Remove
天承工業股份有限公司,天承工業公司
天正道,天正道
天泰,Remove
天泰亨,Remove
天泰棧司,Remove
天泰祥,Remove
天泰襪,天泰襪店
天泰錢,Remove
天津,Remove
天津　味道館,Remove
天津·寗波·路商界聯合會,Remove
天津市警局,天津市警局
天津帮,Remove
天津幫,Remove
天津府,天津府
天津府快憲委,天津府
天津戒烟公所,天津戒煙公所
天津新欲,Remove
天津株式乾邱商,Remove
天津機器局,天津機器製造局
天津機器製造,天津機器製造局
天津機局,天津機器製造局
天津武備學堂,天津武備學堂
天津水師學堂,天津水師學堂
天津水師營務處,天津水師營
天津水雷電線局,天津水雷電線局
天津永利化學工業公司,天津永利化學工業公司
天津福興潤信局,天津福興潤信局
天津粥廠,天津粥廠
天津統稅局,天津統稅局
天津縣,天津縣
天津縣正堂,天津縣
天津電報學堂,天津電報學堂
天津電報總局,天津電報總局
天津高等商業學校,天津高等商業學校
天源木器店,天源木器店
天源洋行,天源洋行
天源漆,Remove
天源祥,Remove
天源祥恉店,天源祥恉店
天潤水菓,Remove
天王敎,Remove
天生,Remove
天生堂藥,天生堂藥店
天生煤礦公司,天生煤礦公司
天生菸廠,天生菸廠
天生藥材鋪,天生藥材鋪
天生藥鋪,天生藥鋪
天申福帽,Remove
天申福帽子,Remove
天發祥,Remove
天益,Remove
天益布廠,天益布廠
天益染織廠,天益染織廠
天益錢莊,天益錢莊
天盛,Remove
天祥,Remove
天祥·晋隆·二保險行,Remove
天祥洋行,天祥洋行
天祥行,天祥洋行
天祥行內,天祥洋行
天祿,Remove
天福,Remove
天福南貨,T
天福天成,T
天福戲園,天福戲園
天福樓,天福樓
天福洋,天福洋行
天福洋行,天福洋行
天福洋行主投本管領事署,天福洋行
天福禮和,Remove
天聲,Remove
天興南貨,Remove
天華,Remove
天華花,Remove
天華菸廠,天華菸廠
天華齋,天華齋帽鋪
天華齋帽鋪,天華齋帽鋪
天蟾,Remove
天行堂,天行堂
天豐泰,Remove
天豐洗衣公司,天豐洗衣公司
天豐源洋東,Remove
天賜福,Remove
天雅,Remove
天順,Remove
天順公信局,天順公信局
天順客棧,Remove
天順帽舖,天順帽舖
天順棧,Remove
天順祥,天順祥號
天順長錢店,天順長錢店
天餘祥,Remove
天鳴工業社,天鳴工業社
太　門派出所,Remove
太乙調味廠股份有限公司,太乙調味廠公司
太倉,Remove
太僕寺,太僕寺
太元北貨,Remove
太元綢莊,太元綢莊
太兵,Remove
太兵備道轅,Remove
太協昇,Remove
太古,太古洋行
太古全,Remove
太古公司,太古洋行
太古公平,Remove
太古居,Remove
太古怡,Remove
太古新公司,太古洋行
太古昌,Remove
太古棧,太古洋棧
太古洋,Remove
太古洋棚,Remove
太古洋棧,太古洋棧
太古洋行,太古洋行
太古縣民政長及新軍統制,太古縣
太古行,太古洋行
太古行招商局,Remove
太古豐,太古豐洋行
太古豐洋行,太古豐洋行
太和,Remove
太和堂丸藥,太和堂藥店
太和絲線,Remove
太守,Remove
太守所,太守所
太守法會,Remove
太守英會,Remove
太尊,Remove
太常寺,太常寺
太常寺卿,太常寺
太平倉,Remove
太平化學製藥廠,太平化學製藥廠
太平府,太平府
太平水火保險公司,太平水火保險公司
太平洋國際問題硏究會,太平洋國際問題硏究會
太平洋行,太平洋行
太平洋行東來佛司,太平洋行
太平洋行西人投英總領事署,太平洋行
太平洋軍事委員　會,太平洋軍事委員會
太平馬頭仁　壽戒煙丸藥店,壽戒煙丸藥店
太平馬頭剃頭,Remove
太平馬頭惠,Remove
太徽,Remove
太徽保險公司,太徽保險公司
太憲,Remove
太昌三興利記,Remove
太會,Remove
太湖廳,太湖廳
太湖救生局,太湖救生局
太湖救生總局,太湖救生局
太湖水師副中營,太湖水師
太湖水師營,太湖水師
太湖水師營務處,太湖水師營務處
太湖水師防營,太湖水師
太湖輪船會社,太湖輪船會社
太祥,Remove
太興,Remove
太花行,Remove
太部,Remove
太陽,Remove
央中,Remove
央冰,Remove
央漆業,Remove
央黨部,國民黨中央黨部
奇茂齋,Remove
奈以法公司,奈以法公司
奈記烟,Remove
奉　憲,Remove
奉　旨兵部,Remove
奉公,Remove
奉公共公廨,英界會審公廨
奉公堂,英界會審公廨
奉准,Remove
奉刑,Remove
奉制軍,Remove
奉化,Remove
奉化縣立提原,奉化縣
奉南市裁判所,南市裁判所
奉司令部,司令部
奉嘉穀堂米業公所,嘉穀堂米業公所
奉國府,國府
奉地方審判廳,地方審判廳
奉地檢廳,地檢廳
奉垣巡警七局,垣巡警七局
奉大,Remove
奉大令,Remove
奉天中俄烟草公司,奉天中俄煙草公司
奉天司,Remove
奉天莊糧衙門,天莊糧衙門
奉天金州副都統聯,Remove
奉太,Remove
奉委,Remove
奉委南路,Remove
奉委善後局,善後工程局
奉委善後工程局,善後工程局
奉委洋務分局,洋務總局
奉委洋務局,洋務總局
奉委海運省局,海運省局
奉委海防營務處,海防營務處
奉委滬捐局,滬捐局
奉委發審局,發審局
奉委署,Remove
奉委藩轅監,Remove
奉委調辦海防營務處,調辦海防營務處
奉委辦官藥所,辦官藥所
奉委巡警總局,委巡警總局
奉姚,Remove
奉學憲委,學憲委
奉宸院,宸院
奉審判廳,審判廳
奉審廳,審判廳
奉寶,Remove
奉局,Remove
奉局憲府憲札委,局憲府憲札委
奉工程局,工程局
奉工巡捐局,工巡捐局
奉市公用局,市公用局
奉市政府,市政府
奉常鎭道,常鎭道
奉府,Remove
奉廳,Remove
奉張,Remove
奉德,Remove
奉憲,Remove
奉憲委,Remove
奉捐局,Remove
奉撫部,Remove
奉明府,明府
奉本府,Remove
奉本廳司法科,Remove
奉水　總廳,Remove
奉江海關,江海關
奉法,Remove
奉法公堂,法公堂
奉海分司,海分司
奉海關,海關
奉淞滬厘捐總局,奉淞滬釐捐總局
奉游,Remove
奉牙釐局,牙釐總局
奉省,Remove
奉省保安處,省保安處
奉省公署,省公署
奉省委會,省委會
奉省局,省局
奉督軍公署,督軍公署
奉科發亨,Remove
奉竇,Remove
奉紐處,Remove
奉縣公署,縣公署
奉總,Remove
奉總會,Remove
奉總稅務司,總稅務司
奉總管理處,總管理處
奉聞　　寶齋,Remove
奉聞　通訊處,Remove
奉臬司,臬司
奉藩,Remove
奉藩憲,Remove
奉藩憲局,藩憲局
奉蘇撫部院,蘇撫部院
奉蘇禁烟公所,蘇禁烟公所
奉裕制軍,Remove
奉諭,Remove
奉諭央,Remove
奉譚,Remove
奉警局,Remove
奉警廳,Remove
奉護撫部院,護撫部院
奉護軍使,Remove
奉變儀衛衙內,Remove
奉賑公所,賑公所
奉賢嚼梅館,賢嚼梅館
奉賢縣,賢縣署
奉賢縣署,賢縣署
奉軍,Remove
奉軍三營,軍三營
奉軍右營,軍右營
奉軍第,Remove
奉軍第二支隊,軍第二支隊
奉軍署,Remove
奉道,Remove
奉邑尊照會,Remove
奉部,Remove
奉都督府軍政司,都督府軍政司
奉釐局,釐局
奉金,Remove
奉鈞部,Remove
奉銀樓公會,銀樓公會
奉鐡路總局,鐡路總局
奉闇,Remove
奉關,Remove
奉防軍支應局,防軍支應局
奉院,Remove
奉領事館,領事館
奉飭,Remove
奉高廳,高廳
奉高等法院,高等法院
奉鹽憲督銷局,鹽憲督銷局
奏事處,Remove
奔牛,Remove
奤幫,Remove
奥商,Remove
奥國,Remove
奥國夏總領事會,奧國夏領事公館
奥國署,奧國夏領事公館
奥國領事署,奥國領事署
奥國頭,Remove
奥而門君,Remove
奥領事署,奥國領事署
奧司公館,Remove
奧國公館,奧國夏領事公館
奧國夏正領事會,奧國夏領事公館
奧國夏領事公館,奧國夏領事公館
奧村情報,Remove
奧林」團,Remove
奧林」黨,Remove
奧洲,Remove
奧領事公館,奥國領事署
女堂,Remove
女堂烟館,女堂煙館
好司,Remove
好時,Remove
好税司,好税務司
好萊塢,Remove
如意館,Remove
如盛,Remove
如美,Remove
如警察所,警察所
妙嚴寺,妙嚴寺
委員,Remove
委捕廳,Remove
委粮廳,Remove
姚一灣,Remove
姚和泰,Remove
姚生太糕餅,Remove
姚益元,Remove
姜衍澤藥,姜衍澤藥店
姜衍澤藥店,姜衍澤藥店
威坪厘局,威坪釐局
威有能,Remove
威海衛路　　汽車公司,威海衛路汽車公司
威麟洋行,威麟洋行
婁局,Remove
婁界義塾,Remove
婁縣,婁縣公署
婁縣公署,婁縣公署
婁縣署,婁縣公署
婁署,婁縣公署
婁邑尊,婁縣公署
婦女,Remove
婦女教,Remove
婦女服務社,婦女服務社
婦孺會,婦孺救濟會
婺帮,Remove
婺源皖帮,Remove
嬰堂,Remove
子澄明府,Remove
子班,Remove
子花,Remove
子虞投法公堂,法公堂
孔壠,Remove
字林,Remove
字林報,字林西報館
字林新報,字林西字報
字林西,字林西報
字林西報館,字林西報館
字林西字報,字林西字報
存仁堂,存仁堂
存堂,Remove
存德堂,存德堂
存心堂,存心堂
存性堂,存性堂
存遠,Remove
孚愼,Remove
孚昌染織廠,孚昌染織廠
孚昌錢莊,孚昌錢莊
孚祥棧,Remove
孝友,Remove
季吾氏烟膏,季吾氏烟膏店
季茂昌,Remove
孫協泰,Remove
孫庚堂,Remove
孫明府,Remove
孫星府,Remove
孫福堂,Remove
學堂,Remove
學校,Remove
學海堂,學海堂
學生聯合會商務總會,學生聯合會
學館,Remove
學齋,Remove
守使,Remove
安分,Remove
安利織造廠,安利織造廠
安和,Remove
安大染織襯衫有限公司,安大染織襯衫公司
安大襯衫公司,安大襯衫公司
安太古輪船公司,太古輪船公司
安孚,Remove
安孚莊,安孚錢莊
安孚錢莊,安孚錢莊
安定堂,Remove
安康,Remove
安康因記錢莊,安康因記錢莊
安康錢,安康錢莊
安徽,Remove
安徽分,Remove
安徽同鄕會勞工總會,安徽同鄉會
安徽學憲,Remove
安徽學政,Remove
安徽會館團拜鹽捕營,安徽會館團
安徽烟酒公,Remove
安徽董事,Remove
安徽巡撫部,安徽巡撫部
安徽鐵路,安徽鐵路公司
安徽鐵路公司,安徽鐵路公司
安徽鐵路彩票公司,安徽鐵路公司
安徽陸軍開來第三旅一團二營,安徽陸軍
安慶,Remove
安慶協,Remove
安慶府,安慶府
安慶府經廳,安慶府
安慶輪船,Remove
安慶電局,安慶電局
安懷堂,安懷堂
安懷局,安懷局
安昌行,Remove
安昌裕康,Remove
安昌裕康二洋東,安昌裕康二洋行
安昌裕康二洋行,安昌裕康二洋行
安東,Remove
安樂紡織廠,安樂紡織廠
安橋,Remove
安民公,Remove
安泰,Remove
安泰保險公司,安泰保險公司
安泰洋服店,安泰洋服店
安泰車行,安泰車行
安泰鐵工廠,安泰鐵工廠
安泰鐵廠,安泰鐵廠
安生公司西藥部,安生公司
安祥泰,Remove
安立間敎,Remove
安節善局,蘇城安節善局
安節局,安節善局
安裕惠泰,Remove
安裕源記錢莊,安裕源記錢莊
安豐場,Remove
安錩翻砂廠,安錩翻砂廠
安飛虹,Remove
宋　泰,Remove
宋二尹升堂,Remove
宋彩,Remove
宋明府,Remove
宋祝三,Remove
宏升,Remove
宏升柴,宏升柴行
宏升行,宏升柴行
宏大,Remove
宏大橡膠廠,宏大橡膠廠
宏德,Remove
宏慶　鉅元仁大,Remove
宏成綢,Remove
宏昇柴,Remove
宏昌油酒糧食鋪,宏昌油酒糧食鋪
宏昌洋貨號,宏昌洋貨號
宏昌錢,宏昌錢莊
宏泰,Remove
宏泰條鐵,Remove
宏泰榮昌泰乾康洽興,Remove
宏泰源昌義,Remove
宏泰紙店,宏泰紙店
宏泰行,Remove
宏源,Remove
宏源同泰,Remove
宏益,Remove
宏聚,Remove
宏興,Remove
宏茂昌,宏茂昌襪店
宏茂昌襪,宏茂昌襪店
宏農國,Remove
宏遠公司,宏遠公司
宏順,Remove
宏順昌新衣,Remove
宗人府,Remove
宗人府吏部都察院,都察院
宗人府欽天監,Remove
官廳,Remove
官會,Remove
官渡局,官渡局
官錢,Remove
官鹽局,官鹽局
定售生絲,Remove
定海廳,定海廳署
定海廳署,定海廳署
定海廳訊辦,定海廳
定海釐局,定海釐局
宜昌　土税局,宜昌地土税局
宜昌府,宜昌府
宜昌洋廣貨鋪,宜昌洋廣貨鋪
宜昌海關,宜昌海關
宜昌輪船取包封一節法捕房,法國租界巡捕房
宜昌電局,宜昌電局
宜美,Remove
宜豐化學工業廠,宜豐化學工業廠
宜隆,Remove
客帮,Remove
客幫,Remove
客棧,Remove
宣仁廟,Remove
宣廣文糧廳,Remove
宫保,Remove
宫州保嬰局,宫州保嬰局
家巷口,Remove
家庭工業社,家庭工業社
家庭工業社股份兩合公司,家庭工業社
家庭工業社製造工廠,家庭工業社
家弄縣商,Remove
家浜口,Remove
家渡,Remove
家渡公安局長,家渡公安局
容安堂,容安堂
宿帮,Remove
宿幫,Remove
宿松幫,Remove
寄吾氏,Remove
寅泰,Remove
寅豐毛紡織染有限公司,寅豐毛紡織染廠
密戈絨線廠,密戈絨線廠
密蜂,Remove
富唆巖,Remove
富堂,Remove
富局,Remove
富平,Remove
富昌,Remove
富有齋,Remove
富林,Remove
富爾新巡捕房,富爾新巡捕房
富經,Remove
富羣祥棉布,Remove
富脱,Remove
富英,Remove
富華,Remove
富華保險公司,富華保險公司
富華商業儲蓄銀行,富華商業儲蓄銀行
富華商業銀行,富華商業儲蓄銀行
富薙髮匠,Remove
富記,Remove
富順,Remove
寍波,Remove
寍波分府,寧國府
寍波府,寧波府
寍波福潤信局,寧波福潤信局
寍波福潤局,寧波福潤信局
寍波輪船賣辦處,寧波輪船賣辦處
寍郡書院,寧郡書院
寒翠齋,Remove
寔明府,Remove
寗國府督糧廳,寧國府督糧廳
寗垣官報局,寧垣官報局
寗帮,Remove
寗波,Remove
寗波分府,寧波府署
寗波同鄉會,寗波同鄉會
寗波府,寧波府
寗波旅滬同鄉會,寗波同鄉會
寗波牛痘局,寧波牛痘局
寗紹,Remove
寗紹帮,Remove
寗豐,Remove
寗邦篾竹,Remove
寛明府,Remove
寛限料理,Remove
寜波府,寧波府
察分局,警察局察分局
察司,Remove
察廳,Remove
察所,Remove
察招商局,招商輪船局
察院,Remove
實堂,Remove
實學館,實學館
實德,Remove
實應公益,Remove
實業部,實業部
實業部直屬機關農本局,實業部
實泰,Remove
寧台勦匪,甯台勦匪
寧局,Remove
寧河幫,寧河幫
寧波仁濟醫院,仁濟醫院
寧波同鄕會,寧波旅滬同鄕會
寧波同鄕會及四明醫院,寧波同鄕會
寧波和豐紗廠,寧波和豐紗廠
寧波商輪有限公司,寧波商輪公司
寧波天益錢莊,寧波天益錢莊
寧波太豐麵粉廠,寧波太豐麵粉廠
寧波市財政局,寧波市財政局
寧波府,寧波府
寧波府經廳,寧波府
寧波府署土地祠,寧波府署
寧波方紫金銀樓,寧波方紫金銀樓
寧波旅滬同鄕會,寧波旅滬同鄕會
寧波總商會,寧波總商會
寧波輪船公司,寧波輪船公司
寧波道,寧波道
寧波醫院,寧波醫院
寧甬路,Remove
寧穿長途汽車公司,寧穿長途汽車公司
寧紹台,Remove
寧紹台海防兵備道兼理營務處,寧紹台海防兵備道
寧紹商輪有限公司,寧紹輪船公司
寧紹幫,寧紹幫
寧紹輪船公司,寧紹輪船公司
審公堂,會審公廨
審判,Remove
審判廳,審判廳
審判廳長,審判廳
審廳,審判廳
審計部,審計部
審計部上海市審計處,審計部上海市審計處
寬大祥,Remove
寰泰兵,Remove
寳亨,Remove
寳其昌,Remove
寳和,Remove
寳和軒老虎灶　肆,Remove
寳善堂,寳善堂
寳善管,Remove
寳坤首飾,Remove
寳山,Remove
寳山縣,寳山縣署
寳山縣彭浦保衛團五區警署騎巡隊,寳山縣彭浦保衛團
寳山縣署,寳山縣署
寳山縣衙門,寳山縣署
寳山錢,Remove
寳康洋貨,Remove
寳成,Remove
寳明府,Remove
寳泰,Remove
寳泰源,Remove
寳泰酒,Remove
寳洪保險公司,寳洪保險公司
寳源,Remove
寳源亨,Remove
寳源公,Remove
寳源彩票,Remove
寳源祥,寳源祥鞋店
寳源祥公司,寳源祥公司
寳珩,Remove
寳盛,Remove
寳盛金,Remove
寳舁祥,Remove
寳興廣貨,Remove
寳華,Remove
寳華德興,Remove
寳華銀樓,寳華銀樓
寳記洋行,寳記洋行
寳隆,Remove
寳隆醫,寳隆醫院
寳隆醫院,寳隆醫院
寳隆錢莊,寳隆錢莊
寶利,Remove
寶勝齋鞋店,寶勝齋鞋店
寶和洋行,寶和洋行
寶大洋貨,Remove
寶大祥,Remove
寶山縣,寳山縣署
寶山縣和平軍第四中團附忠救軍某部,寶山縣和平軍第四中團附忠救軍某部
寶山縣地保,寳山縣署
寶山縣控究本分府,寳山縣署
寶山縣政府,寶山縣政府
寶康,Remove
寶德,Remove
寶成公記銀樓,寶成公記銀樓
寶成協　益,Remove
寶昌,Remove
寶榢堂,寶榢堂
寶泰,Remove
寶泰洋貨,Remove
寶源,Remove
寶源祥,Remove
寶祥,Remove
寶聚豐,Remove
寶興,Remove
寶興盛橡膠廠,寶興盛橡膠廠
寶興盛號,寶興盛號
寶興紡織公司,寶興紡織公司
寶華,Remove
寶衲里,Remove
寶裕保險公司,寶裕保險公司
寶裕公司,寶裕保險公司
寶記毛棧,寶記毛棧
寶豐紡織公司,寶豐紡織公司
寶豐興棉織,寶豐興棉織
寶通電氣廠,寶通電氣廠
寶順,Remove
寶順洋行東控有恒洋行,寶順洋行
寶墨齊,Remove
封存堂,Remove
將卽　印書館,Remove
將弁學堂,Remove
將明府,Remove
將軍署,Remove
尊　升堂,Remove
尊　堂,Remove
尊出單立傳道會司,Remove
尊升堂,Remove
尊同,Remove
尊委捕廳,尊委捕廳
尊柏,Remove
尊經書院,尊經書院
尋會,Remove
導准委員會,導准委員會
小二宫,Remove
小南門外兒科,Remove
小呂宋百貨公司,小呂宋百貨公司
小呂宋第三支店,小呂宋第三支店
小學,Remove
小木帮,Remove
小東門外法國租界巡捕房,法國租界巡捕房
小東門花烟館,小東門花煙館
小水利廳,小水利廳
小沙渡恒利,Remove
小泉,Remove
小烟,Remove
小烟館,Remove
小米店,Remove
小組,Remove
小船帮,Remove
小船幫,Remove
小花祺菸廠,小花祺菸廠
小蓬萊,Remove
小蓮花吟,Remove
小西門少年,Remove
小都會舞廳,小都會舞廳
小錢,Remove
少林滴派,Remove
尙志堂,尙志堂
尙文,Remove
尚儉,Remove
尚德,Remove
尚求寛限,Remove
尚祥豐衣莊,尚祥豐衣莊
尚糾,Remove
尼克,Remove
尾畸,Remove
局憲,Remove
局憲局,Remove
居安,Remove
居易,Remove
居英界會審署,英界會審公廨
屈仁生,Remove
屈本館,Remove
屈臣氏藥房,屈臣氏藥房
屈蔭,Remove
屋委員,Remove
屋委員會,Remove
屋管理,Remove
履堂,Remove
山公所,Remove
山嘉大,Remove
山嘉大控,Remove
山局,Remove
山庄,Remove
山復投縣署,山復投縣署
山房書坊,山房書坊
山會,Remove
山東兗州府正堂,山東兗州府
山東全省陸軍軍米局,山東全省陸軍軍米局
山東助賑局　　聽濤,Remove
山東協賑代贖公所,山東協賑代贖公所
山東印花稅局,山東印花稅局
山東司,Remove
山東帮,Remove
山東幫,山東幫
山東撫院,山東撫院
山東江西籌賑公所,山東江西籌賑公所
山東河工,Remove
山東華德顏料公司,山東華德顏料公司
山東製造局,山東製造局
山東道,Remove
山東飯,Remove
山東饅頭店,山東饅頭店
山海關,Remove
山縣衙門,山縣衙門
山西俄伯林大學,山西俄伯林大學
山西公昇慶,Remove
山西司,Remove
山西客帮,Remove
山西會,山西會館
山西省省長及督軍公署,山西省省長及督軍公署
山貨行,Remove
山陰縣署,山陰縣署
岑宮,Remove
岫岩廳,Remove
岱鹽,Remove
岳王市,Remove
峻德,Remove
崇亨,Remove
崇右庭,Remove
崇善堂,崇善堂
崇寗多福,Remove
崇川驪睡軒,Remove
崇德,Remove
崇德　店,Remove
崇恕堂,崇恕堂
崇文,Remove
崇明地檢署,崇明地檢署
崇本堂,Remove
崇正書院,崇正書院
崇海司,Remove
崇福,Remove
崇福里派,Remove
崇讓堂,崇讓堂
崑和綢,Remove
崑山,Remove
崑山崇善堂,崑山崇善堂
崑曲班,Remove
崑班,Remove
崗巡,Remove
嵊縣下王,Remove
嵩山分局,嵩山分局
嵩山警分局,嵩山警分局
嵩山警分局司法股,嵩山警分局
嵩山警察分局,嵩山警分局
嵩山警局,嵩山警分局
嵩山路分局,嵩山警分局
嵩靈,Remove
嶽廟鄉勇局,嶽廟鄉勇局
川前建,Remove
川味香,Remove
川嘉寳五邑醬業,Remove
川局,Remove
川帮,Remove
川幫,Remove
川松公路局,川松公路局
川沙協大花衣,Remove
川沙廳,川沙廳
川沙廳境,川沙廳
川沙廳調署英會審分府,英界會審公廨
川沙航,Remove
川漢,Remove
川督,Remove
州厦防分府,州厦防分府
州大清銀行,大清銀行
州府,Remove
州賑所,Remove
工　局,工部局
工一,Remove
工人忠救軍第五支隊第一大隊,工人忠救軍第五支隊
工份處,Remove
工務,Remove
工務，,Remove
工務公安,Remove
工務局,上海市工務局
工務局機料處,工務局機料處
工務局第五管理處,工務局
工務局長,工務局
工務處長,工務處
工商部,工商部
工報局,工報局
工塲,Remove
工局,Remove
工帮,Remove
工整會,工會整理委員會
工會統一委員會,工會統一委員會
工會統一會,工會統一委員會
工業議,Remove
工民機器製造廠,工民機器製造廠
工洋,Remove
工稈處,Remove
工程,工程局
工程局,工程局
工程局西區河工分局,工程局
工程局警務處,工程局
工義局,工義局
工聯,Remove
工華,Remove
工賑局,工賑局
工巡,Remove
工巡　總局,工巡捐局
工巡局,工巡捐局
工巡捐,工巡捐局
工巡捐局,工巡捐局
工巡捐局巿公所,工巡捐局
工巡捐局路政處,工巡捐局
工巡捐局長,工巡捐局
工巡捐總局,工巡捐局
工巡損局,工巡捐局
工部,工部
工部局,工部局
工部局　燈,工部局
工部局兒童保障利,工部局
工部局兒童保障科,工部局
工部局公董局,工部局
工部局刑事科,工部局刑事檢查科
工部局宰牛公司,工部局
工部局工業社會處,工部局工業社會處
工部局工業科,工部局工業社會處
工部局工程處,工部局
工部局度量衡處,工部局
工部局情報處,工部局
工部局捐務處,工部局
工部局政治部,工部局
工部局水公司,工部局
工部局法律部,工部局
工部局物價調查處,工部局
工部局稅制委員會,工部局
工部局米糧管理會,工部局
工部局納稅華人會,工部局
工部局聶中丞學校,工部局
工部局華人敎育處,工部局
工部局董事,工部局
工部局董事會,工部局
工部局衛生處,工部局
工部局衞生處,工部局
工部局西人好司,工部局
工部局警務處,工部局
工部局車務處,工部局
工部局巡捕房,工部局巡捕房
工部局醫院,工部局
工部局雷氣委員會,工部局
工部局電氣公司,工部局
工部局電氣處,工部局
工部局電燈公司,工部局
工部局電燈處,工部局
工部届警務處,工部局
工部書信館,工部書信館
工部木廠,工部木廠
左部局,工部局
巨元莊,Remove
巨源莊,巨源莊
巨爾法,Remove
巨籟,Remove
巨豐莊,巨豐莊
巨豐錢莊,巨豐錢莊
差福,Remove
己革水師營,水師營
已閉合衆交易所,Remove
已革保衛團團,保衛團
巳革保衛團,保衛團
巳飭練軍前營,練軍前營
巴西公館,巴西公館
巴黎,Remove
巴黎化粧品廠,巴黎化粧品廠
巴黎電音,Remove
巷成衣店,巷成衣店
巾央機關,中央機關
巾央銀行,中央銀行
巾民訓會,中民訓會
巿公安局,公安局
巿公安局第,公安局
巿公所,巿公所
巿公所路政處,巿公所
巿公用局,公用局
巿土地局,土地局
巿學務處,學務處
巿工務局,工務局
巿府,巿政府
巿敎育局,敎育局
巿禎,Remove
巿議會辦事,巿議事會
市一,Remove
市中大　衛館,Remove
市公公安局長,公安局
市公務局,公務局
市公安局,公安局
市公安局一區二所,公安局
市公安局三區二分所,公安局
市公安局二科,公安局
市公安局偵緝隊,公安局
市公安局外事股檢查護照處,公安局
市公安局第三科,公安局
市公安局西門分局,公安局
市公安局長,公安局
市公安局限令偵緝隊,公安局
市公安局飭警所,公安局
市公安總局,公安局
市公用局,上海市公用局
市參事會,上海市參事會
市參會,市參事會
市參會公用小組委員會,市參事會
市參議會,上海市參議會
市參議會　財政自治兩委員會,市參議會
市參議會審計,市參議會
市參議會第二小組財政委員會,市參議會
市參議會都市計劃委員會,市參議會
市和,Remove
市商,Remove
市商會,上海總商會
市土地局,上海市土地局
市地政,地政局
市地政局,地政局
市地政局長,地政局
市孚,Remove
市安局,公安局
市工務局,工務局
市府,上海市政府
市府令,Remove
市府參事室,市政府
市府地政局,地政局
市府外事室,上海市工務局
市府工務局,上海市工務局
市府市政,市政府
市府會計處,市政府
市府校,Remove
市府社會局,社會局
市府總務處長,市政府
市府訓,Remove
市建設局,建設局
市政,市政府
市政府,上海市政府
市政府市黨部,市政府
市政府社會局,社會局
市政府秘書,市政府
市政府第二科,市政府
市政府財政局,財政局
市政府農工商局,農工商局
市政廳,上海市政廳
市政廳工程部路政處,市政廳
市政廳市民公會,市政廳
市政廳裁判所,市政廳
市政廳長,市政廳
市政曾,市政會
市敎局,敎育局
市敎育局,敎育局
市敎育局長,敎育局
市教育局,敎育局
市會,Remove
市民聯合會,市民聯合會
市民聯合會第二區分會,市民聯合會
市民聯合會第二十五分會,市民聯合會
市珠寶業同業公會,珠寶業同業公會
市當局,Remove
市盆湯弄絲業會,市盆湯弄絲業會館
市盆湯弄絲業會館,上海北巿絲業會館
市社會局,社會局
市社會局長,社會局
市立歷史,Remove
市立第二傳染病醫院,上海市立第二傳染病醫院
市立第五醫院,上海市立第五醫院
市糧食局,糧食局
市絲邊業工會,市絲邊業工會
市絲邊業工會第三分會,市絲邊業工會
市聯二十五分會,市聯總會
市聯會,市聯總會
市聯總會,市聯總會
市衛生局,衛生局
市警察局,上海市警察局
市警察局經濟科經濟大隊,警察局
市警局,上海市警察局
市警局統計室,警察局
市警局經警大隊,警察局
市警局訓練所,上海市警察局
市財政局,上海市財政局
市足,Remove
市鉛印工業同業公會,鉛印工業同業公會
市黨,市黨部
市黨部,上海市黨部
布店,Remove
布抄莊,Remove
布政,Remove
布政使司,布政使司
布政司,布政使司
布莊,Remove
希佛輪船,Remove
希貴署,Remove
師善堂,師善堂
師投法公堂,法公堂
師蘧,Remove
師行,Remove
席團,Remove
帶堂,Remove
常務,Remove
常局,Remove
常山局,常山局
常州,Remove
常州中丞,Remove
常州保嬰局,常州保嬰局
常州營右軍,Remove
常帮,Remove
常平倉,Remove
常德帮,Remove
常昭,Remove
常昭　業公所,Remove
常昭凝善堂,常昭凝善堂
常熟,Remove
常熟凝善堂,常熟凝善堂
常熟分局,常熟分局
常達公司,常達公司
常錫帮,Remove
常關,Remove
帽子店,Remove
干成大木,Remove
平公堂,Remove
平剌史公館,Remove
平和洋行,平和洋行
平和行,平和洋行
平和行束,Remove
平坑,Remove
平定部隊,平定部隊
平康里,Remove
平康里恆濟局,恆濟戒煙局
平康里恒濟局,恆濟戒烟局
平林,Remove
平林店,平林店
平民醫院,平民醫院
平治門,Remove
平泉礦務,Remove
平湖洋行,平湖洋行
平湖班,Remove
平湖稅處長,平湖稅處
平湖縣捕役協同差捕,平湖縣捕
平準公司,平準公司
平總,Remove
平總巡年英公堂,英界會審公廨
平陽堂,平陽堂
平陽蒲門司,平陽蒲門司
年會,Remove
幸慶軍營務處,幸慶軍營務處
店員總會,店員總聨合會
店員總聨合會,店員總聨合會
店總聯合會,店員總聨合會
庚午科分校,庚午科分校
府宗,Remove
府志局,Remove
府憲,Remove
府明府,Remove
府牌,Remove
府經,Remove
府經廳,Remove
府署,Remove
府院,Remove
府黨,Remove
度支部,Remove
度日會,Remove
度朋嘉,Remove
座湖社,Remove
庭春茶,Remove
庶康,Remove
康元五彩花鐵印刷製罐廠,康元五彩花鐵印刷製罐廠
康元製罐廠,康元製罐廠
康定路派出所,康定路派出所
康復康,Remove
康怡大,Remove
康林記內,Remove
康樂,Remove
康樂菸廠,康樂菸廠
康泰恆,Remove
康洋,Remove
康洋貨,Remove
康燕梳公司,康燕梳公司
康發,Remove
康盈,Remove
康莊,Remove
康阜豐,Remove
廈道,Remove
廈門厘捐總局,廈門釐捐總局
廈門商業銀行控福寗,廈門商業銀行
廈門洋藥局,廈門洋藥局
廈門積善社協賑所,廈門積善社協賑所
廈門署,廈門署
廈門電話公司,廈門電話公司
廉州,Remove
廠商聯合會,中華國產廠商聯合會
廣　公所,廣肇公所
廣　綢莊,Remove
廣人集,Remove
廣仁,Remove
廣仁信,Remove
廣仁醫院西醫院,廣仁醫院
廣來發號,Remove
廣信府,Remove
廣信營廣豐汎,Remove
廣信誠,Remove
廣信隆,Remove
廣儲司,Remove
廣利,Remove
廣勤堂,Remove
廣匠公所,廣匠公所
廣協順,Remove
廣合和,Remove
廣同,Remove
廣和,Remove
廣和洋,Remove
廣和紙號,廣和紙號
廣報局,廣報局
廣大庄,Remove
廣大米,Remove
廣宇,Remove
廣安,Remove
廣安彩票,Remove
廣州國民政府,廣州國民政府
廣州省長公署統計科,廣州省長公署
廣帮,Remove
廣幫,Remove
廣德,Remove
廣德隆,Remove
廣德隆煙膏,Remove
廣徽,Remove
廣怡,Remove
廣怡隆,Remove
廣怡隆本,Remove
廣恆豐烟館,廣恆豐煙館
廣恒豐烟館,廣恆豐烟館
廣悅來,Remove
廣悅來濬寳源,Remove
廣成,Remove
廣成昌烟膏,Remove
廣成昌烟間,Remove
廣成祥烟膏,Remove
廣振盛烟飩,廣振盛煙飩
廣揚聲,Remove
廣新銀業公司,廣新銀業公司
廣方會館,廣方會館
廣方言館,廣方言館
廣方言館  味道館,廣方言館
廣昇祥襪廠,廣昇祥襪廠
廣昌,Remove
廣昌丸藥,廣昌丸藥店
廣昌烟膏,廣昌煙膏店
廣智,Remove
廣東,Remove
廣東　　　　　　　　　　　　　　　　　　　　　　　　　堂,廣東堂
廣東丸藥店,廣東丸藥店
廣東協綸堂絲商所,廣東協綸堂絲商所
廣東司,Remove
廣東同文館,廣東同文館
廣東土絲行協綸堂,廣東土絲行協綸堂
廣東學政,Remove
廣東愛肓堂,廣東愛育堂
廣東愛育善堂,廣東愛育堂
廣東旅滬同鄕會,廣東旅滬同鄕會
廣東木匠店,廣東木匠店
廣東甘竹冠益食品廠,廣東甘竹冠益食品廠
廣東省城廣報館,廣東省城廣報館
廣東藥,Remove
廣東詹誠德堂,廣東詹誠德堂
廣東財政廳,廣東財政廳
廣東銀行,廣東銀行
廣東銀行廣州分行,廣東銀行
廣東陸路提,Remove
廣東電局,廣東電局
廣森昌洋行,廣森昌洋行
廣森祥洋貨,Remove
廣榮興廣,Remove
廣樂居,Remove
廣永興,Remove
廣泰,Remove
廣泰來,Remove
廣泰和烟,Remove
廣泰庄,Remove
廣泰森碗,Remove
廣泰烟膏,Remove
廣泰祥,Remove
廣源,Remove
廣源所,Remove
廣源銀樓,廣源銀樓
廣潮幫,廣潮幫
廣濟,Remove
廣濟公,廣濟公司
廣生,Remove
廣生祥派利,Remove
廣生行,Remove
廣生雜貨,Remove
廣發,Remove
廣發興,Remove
廣益,Remove
廣益印書館,廣益印書館
廣益善堂,廣益善堂
廣益堂,廣益善堂
廣益館,廣益館
廣祥,Remove
廣祥合,Remove
廣福寺,Remove
廣福寺粥廠,廣福寺粥廠
廣福誠,Remove
廣萬源,Remove
廣義興,Remove
廣義興烟館,廣義興煙館
廣聚昌烟膏,Remove
廣聚源,Remove
廣聚源廣貨店,廣聚源廣貨店
廣聚興,Remove
廣聚麥子,Remove
廣肇,Remove
廣肇公,廣肇公所
廣肇公學,廣肇公學
廣肇公所,廣肇公所
廣肇公所整理委員會,廣肇公所
廣肇女學及廣肇義學,廣肇女學及廣肇義學
廣肇會館,廣肇公所
廣興,Remove
廣興司,Remove
廣興和雜貨店,廣興和雜貨店
廣英隆店,廣英隆店
廣華,Remove
廣裕,Remove
廣裕興烟館,廣裕興煙館
廣裕豐,Remove
廣裕隆,Remove
廣西,Remove
廣西　州電報局,廣西梧州電報局
廣西司,Remove
廣西梧州電局,廣西梧州電報局
廣見堂,Remove
廣豐泰烟館,廣豐泰煙館
廣豐洋行,廣豐洋行
廣豐盛,廣豐盛煙館
廣豐盛煙館,廣豐盛煙館
廣貨,Remove
廣陵,Remove
廣隆,Remove
廣雅書院,廣雅書院
廣雅監院,廣雅監院
廣順生蔴袋店,廣順生蔴袋店
廨博,Remove
廬州帮,Remove
龐子谷,Remove
廳發科,Remove
廳長,Remove
廵防局,廵防局
延壽,Remove
延大莊,Remove
延孚錢庄,延孚錢庄
延平協,Remove
延平府,延平府
延康,Remove
延康魚行,延康魚行
延敦,Remove
延昌洋行,延昌洋行
延桂軒,Remove
延海司,Remove
延源,Remove
延牛門,Remove
延生庄,Remove
延豐荳麥,Remove
廷陽科,Remove
建亭,Remove
建元興業公司,建元興業公司
建國文化社,建國文化社
建安銀公司,建安銀公司
建寍府局,建寧府
建寍電報局,建寧電報局
建局,Remove
建帮,Remove
建幫,Remove
建幫董事會同理,Remove
建廠,Remove
建廣帮,Remove
建廳,Remove
建成廣播電台,Remove
建新航業公司,建新航業公司
建業,Remove
建甌帮,Remove
建築科,Remove
建華日報社,建華日報社
建設委員會,建設委員會
建設局,建設局
建設局長,建設局
建設廳長,建設廳
廿七鋪巡防局,南市廿七鋪巡防局
廿三鋪,Remove
开募修養堂,开募修養堂
弄口炒麵,Remove
弄絲帶,Remove
式器,Remove
引翔,Remove
引翔港,Remove
張元春,Remove
張元春木　店,Remove
張光裕堂,Remove
張利昌鋼鐵廠,張利昌鋼鐵廠
張守府,Remove
張宏泰,Remove
張希賢堂,Remove
張懋昇,Remove
張所,Remove
張明府,Remove
張永,Remove
張永隆,Remove
張生昌皮鞋,Remove
張生泰,Remove
張祥豐糖,Remove
張萬千,Remove
張萬源銀匠,Remove
張萬盛地貨,Remove
張萬興米,張萬興米店
張興米,Remove
張華浜,Remove
張華浜輪船營務處,張華浜輪船營務處
張華烟,Remove
張邑尊升堂,Remove
張部,Remove
張順　翻鞋,Remove
張順興,Remove
强君,Remove
强恕山莊,Remove
强生,Remove
强華,Remove
彈染,Remove
彌羅洋行,彌羅洋行
彚吉洋行,彚吉洋行
彚泰,Remove
彛叙堂,Remove
彩印工業同業公會,彩印工業同業公會
彩視,Remove
彩衣街,Remove
彩雲閣,Remove
彭宫,Remove
彭浦束,Remove
彭琴宮,彭雪琴宮
彭福記萃記店,彭福記萃記店
彭誠　堂,Remove
彭誠濟堂,Remove
彰盛德,Remove
彼業中,Remove
待鶴,Remove
律師,Remove
律師　堂,Remove
律師投法公堂,法公堂
律師申報館,申報館
律師經租部,Remove
律師處,Remove
後勤部,後勤部
後天当法領事署,法總領事署
後宜古齋古玩,Remove
後救濟總署,後救濟總署
後泥窪戶部四川司,戶部四川司
後美紅會中國救濟事,Remove
徐家匯,Remove
徐家匯堂,徐家匯堂
徐家彙分局,徐家彙分局
徐家彙區衛生事務所,徐家彙區衛生事務所
徐家滙,Remove
徐小邨,Remove
徐州,Remove
徐州學生會,徐州學生聨合會
徐州府學,Remove
徐廳,Remove
徐德堂,Remove
徐恆盛米店,徐恆盛米店
徐恒盛米店,徐恆盛米店
徐慶昌首飾,Remove
徐照　茶食,Remove
徐發記,Remove
徐盛米,Remove
徐盛興銅錫,Remove
徐萬興鐵店,徐萬興鐵店
徐行,Remove
徐警,Remove
徐阿大,Remove
得　華電影公司,華電影公司
得利洋行,得利洋行
得意,Remove
得記,Remove
從儉齋,Remove
從興酒店,從興酒店
復來祥,Remove
復光,Remove
復利車行,Remove
復升堂,Remove
復和祥,Remove
復康洋酒,Remove
復慶祥元孚長,Remove
復成昶,Remove
復新園酒館,Remove
復旦,Remove
復旦大學,復旦大學
復旦大學圖書館,復旦大學
復昇洋行,復昇洋行
復昌,Remove
復昌祥呢絨號,復昌祥呢絨號
復核辦,Remove
復泰,Remove
復泰客棧,復泰客棧
復泰棧,Remove
復源司,Remove
復源盛,Remove
復源絲線,Remove
復生洋行,復生洋行
復糾黨,Remove
復續灣,Remove
復興外國成衣店,復興外國成衣店
復興愼,Remove
復興會,Remove
復興盛,Remove
復興茶園,復興茶園
復興醃魚庄,復興醃魚庄
復興雜貨,Remove
復茂恒鎭江電報局内籌賑公所,鎭江電報局内籌賑公所
復茂海味,Remove
復華,Remove
復過府,Remove
復長順,Remove
復順,Remove
循環日報,循環日報
徴康小錢莊,徴康錢莊
徵康錢,徴康錢莊
徵康錢莊,徴康錢莊
德僑管理委員會,德僑管理委員會
德利,Remove
德利永芳,Remove
德化,Remove
德化縣學附,Remove
德化縣正,Remove
德化縣鍾明府厘金局,德化縣鍾明府釐金局
德升恒,Remove
德原,Remove
德合,Remove
德君,Remove
德和,Remove
德和公記靛靑號,德和公記靛靑號
德和油,Remove
德和洋行,德和洋行
德和洋行東投英總領事署,英總領事署
德和行,德和洋行
德和裱,Remove
德和輪船,Remove
德商,Remove
德商信利洋行,信利洋行
德商信通洋行,信通洋行
德商地,Remove
德商天福洋行,天福洋行
德商愛理司洋行,德商愛理司洋行
德商泰來洋行,泰來洋行
德商瑞嘉　行,德商瑞生洋行
德商美最時洋行進口大班,德商美最時洋行
德商順全隆洋行,順全隆洋行
德國,Remove
德國團,Remove
德國忌理士公司,德國忌理士公司
德國穆領事會,德國領事署
德國輪船公司,德國輪船公司
德國領事公館,德國領事館
德國領事稅務,德國領事館
德國領事署,德國領事館
德國領事衙內,德國領事館
德國領事館,德國領事館
德國駐高總領事署,德國領事館
德堂,Remove
德士古洋行,德士古洋行
德壽,Remove
德壽菴,Remove
德大,Remove
德大佛爾克,德大佛爾克
德大恊記牛,Remove
德大昌,Remove
德大洋貨,Remove
德大烟膏,Remove
德大牛肉,Remove
德大生烟店,德大生煙店
德大祥,Remove
德大茶葉,Remove
德大莊,Remove
德大號,Remove
德大錢,Remove
德大錢莊,德大錢莊
德大馬車,Remove
德太來,Remove
德孚,Remove
德孚洋行,德孚洋行
德安府,德安府
德密特君,Remove
德師,Remove
德康,Remove
德康莊,Remove
德律風,德律風公司
德律風公司,德律風公司
德律風洋行,德律風公司
德律風知照大巡捕房,大巡捕房
德意志領事署,德意志領事署
德愼所,Remove
德成,Remove
德成押,德成押鋪
德成押鋪,德成押鋪
德政,Remove
德昌,Remove
德昌厚錢局,德昌厚錢局
德昌參店,德昌參店
德昌外國銀匠,Remove
德昌富,Remove
德昌小雜貨,Remove
德昌樵,Remove
德昌煤炭,德昌煤號
德昌雜貨兼米鋪,德昌雜貨兼米鋪
德昌雜貨鋪,德昌雜貨鋪
德昌顔料,Remove
德明里源,Remove
德星,Remove
德春棧,Remove
德春錢店,德春錢店
德昶,Remove
德昶潤,德昶潤號
德昶潤顔料,德昶潤號
德昶皮鞋,德昶皮鞋店
德榮華莊,德榮華莊
德正幫,德正幫
德泉樓,Remove
德泰,Remove
德泰久,Remove
德泰和,Remove
德泰恒花,Remove
德泰昌,Remove
德泰榮洋貨,Remove
德泰洋人,Remove
德泰烟膏,Remove
德泰煤炭店,德泰煤炭店
德泰花糖行,德泰花糖行
德泰莊,Remove
德泰開,Remove
德源,Remove
德源商,Remove
德源祥廣貨店,德源祥廣貨店
德源茂,Remove
德生,Remove
德生剪刀,Remove
德盛,Remove
德盛厚生,Remove
德盛昌,Remove
德盛祥,Remove
德祥,Remove
德祥洋貨,德祥洋貨號
德程洋行,德程洋行
德總,Remove
德總領事署,德國領事署
德署,德總領事館
德聚成鞋,Remove
德聚隆,Remove
德聚隆桂圓,Remove
德興,Remove
德興南貨店,德興南貨店
德興士行,德興洋行
德興洋行,德興洋行
德興瑞,Remove
德興祥,Remove
德興竹器,德興竹器店
德興粥,Remove
德興舊衣店,德興舊衣店
德興豆腐,Remove
德興輪船,Remove
德興銀樓,德興銀樓
德茂,Remove
德茂洋廣貨,德茂洋廣貨
德華,Remove
德華行,德華銀行
德行,Remove
德裕,Remove
德裕莊,德裕錢莊
德裕錢莊,德裕錢莊
德記,Remove
德記洋,德記洋行
德記洋行,德記洋行
德記洋行羊毛人造絲部絨線雜貨部,德記洋行羊毛人造絲部絨線雜貨部
德豐,Remove
德豐　　隆茂洋行,隆茂洋行
德豐客棧,德豐客棧
德豐水菓行,德豐水菓行
德豐洋有,Remove
德豐洋行,德豐洋行
德豐漆,Remove
德豐祥,Remove
德輪,Remove
德巡,Remove
德錢,Remove
德錩錢莊,德錩錢莊
德陞齋,Remove
德陞齋圭,Remove
德隆,Remove
德隆廠,Remove
德隆彰水烟,Remove
德隆賬簿,Remove
德順,Remove
德順仁東洋莊,德順仁東洋莊
德順里籌備,Remove
德領事署,德國領事署
德馨泰,Remove
德高洋,德高洋行
徹會館,Remove
徽寍道雙觀察,徽寧道
徽寗,Remove
徽州人處幫工會,徽州人處幫工會
徽州會館,徽州會館
徽帮,Remove
徽帮占,Remove
徽帮派,Remove
徽幫,Remove
心齋,Remove
必得呂宋票,Remove
必得誠,Remove
志仁書畫社,志仁書畫社
志同營造廠,志同營造廠
志大,Remove
志大烟土,Remove
志大烟膏,Remove
志慎灰,Remove
志成,Remove
志昌祥報關行,志昌祥報關行
志泰鐵,Remove
志裕錢莊,志裕錢莊
志達烟紙,Remove
志遠堂,志遠堂
忠和棧,忠和棧
忠義局,忠義局
忠貞堂,忠貞堂
快利,Remove
快得利,Remove
快頭,Remove
念三舗巡防局,南市念三舗巡防局
念劬堂,念劬堂
忻康里肉攤,Remove
忿弄絲業曾,Remove
怛裕藥店,怛裕藥店
思恭堂,思恭堂
思誠堂,思誠堂
怡　昌信局,怡和昌信局
怡和,Remove
怡和·太古·大英·昌興·實和·馬勒,Remove
怡和仁比鄰,Remove
怡和仁行,怡和公司
怡和利,Remove
怡和太古,Remove
怡和打包廠,怡和打包廠
怡和昌信局,怡和昌信局
怡和栈,怡和洋行
怡和棧,怡和洋行
怡和棧　店,怡和棧　店
怡和棧務,Remove
怡和洋,怡和洋行
怡和洋行,怡和洋行
怡和洋行繅絲棧,怡和洋行
怡和洋行軍裝處,怡和洋行
怡和爾,Remove
怡和碼頭,Remove
怡和紗廠,怡和紡紗廠
怡和興,Remove
怡和行,怡和洋行
怡園烟膏,Remove
怡大,Remove
怡大煤炭,Remove
怡德堂,怡德堂
怡怡堂,Remove
怡怡居　　書屋,Remove
怡成,Remove
怡打包廠,怡和打包廠
怡啟,Remove
怡昌,Remove
怡昌恆,Remove
怡昌行,怡昌車行
怡泰,Remove
怡泰興,Remove
怡泰興洋貨,Remove
怡生厚,怡生厚錢莊
怡益隆,怡益隆雜貨行
怡盛公益,Remove
怡盛昌,Remove
怡盛洋貨鋪,怡盛洋貨鋪
怡興隆棧,Remove
怡記,Remove
怡豐,Remove
怡豐化工廠,怡豐化工廠
怡豐洋貨,Remove
怡隆,Remove
怡隆昌機,Remove
怡隆雜貨,Remove
怡香,Remove
怯公堂,Remove
恆乾仁布號,恆乾仁布號
恆信洋行,恆信洋行
恆信盛紗線號,恆信盛紗線號
恆元,Remove
恆元莊,恆元錢莊
恆元錢莊,恆元錢莊
恆利信局,恆利信局
恆利公司,恆利公司
恆利銀行,恆利銀行
恆升義,Remove
恆合祥,Remove
恆和泰,Remove
恆和糟,Remove
恆大,Remove
恆大新記紡織公司,恆大紡織公司
恆大紗廠,恆大紗廠
恆大紗廠 恆大紗廠,恆大紡織公司
恆大紡織公司,恆大紡織公司
恆孚,Remove
恆孚印染廠,恆孚印染廠
恆巽錢莊,恆巽錢莊
恆康錢莊,恆康錢莊
恆德,Remove
恆德典,恆德典
恆德南貨店,恆德南貨店
恆德莊,恆德錢莊
恆德裕,Remove
恆德錢莊,恆德錢莊
恆新煤業公司,恆新煤業公司
恆新股份兩合公司,恆新股份兩合公司
恆昌鉄工廠,恆昌鉄工廠
恆昌鐵廠,恆昌鐵廠
恆昌鐵廠琴通紗廠,恆昌鐵廠琴通紗廠
恆泰,Remove
恆泰昌,Remove
恆洋行,Remove
恆源,Remove
恆源泰,Remove
恆源洋貨店,恆源洋貨店
"恆源祥公記絨線號
",恆源祥公記毛絨號
恆濟　局,Remove
恆濟局,恆濟戒煙局
恆濟戒烟局,恆濟戒煙局
恆生茶,Remove
恆生錢莊,恆生錢莊
恆盛,Remove
恆盛綢莊,恆盛綢莊
恆祥油麻,Remove
恆福,Remove
恆義昇兩合公司,恆義昇兩合公司
恆義昇百貨商店,恆義昇百貨商店
恆義昇襪衫廠,恆義昇襪衫廠
恆興祥,Remove
恆興祥京廣貨店,恆興祥京廣貨店
恆興祥洋廣貨店,恆興祥洋廣貨店
恆興鷄毛,Remove
恆茂,Remove
恆茂布莊,恆茂布莊
恆茂綢莊,恆茂綢莊
恆裕,Remove
恆裕昌,Remove
恆裕昌洋廣貨,恆裕昌洋廣貨
恆裕豐,Remove
恆記,Remove
恆豐,Remove
恆豐印染廠,恆豐印染廠
恆豐昌,Remove
恆豐昌洋貨鋪,恆豐昌洋貨鋪
恆豐泰,Remove
恆豐泰店,恆豐泰店
恆豐米,恆豐米店
恆豐紗廠,恆豐印染廠
恆豐紡織新局,恆豐紡織新局
恆豐錢庄,恆豐錢庄
恆豐順信局,恆豐順信局
恆豫,Remove
恆通紗廠,恆通紗廠
恆道紡織公司,恆道紡織公司
恆達印鐵製罐廠,恆達印鐵製罐廠
恆隆煙店,恆隆煙店
恆順米,Remove
恊和昇,Remove
恊和祥,Remove
恊慎祥,Remove
恊成乾,Remove
恊成豐,Remove
恊泰行,Remove
恊源南貨店,恊源南貨店
恊源永,Remove
恊盛,Remove
恊興,Remove
恊興客棧,恊興客棧
恊興昌,Remove
恊英會,Remove
恊茂,Remove
恊記,Remove
恊賑,Remove
恊運局,恊運局
恊隆,Remove
恊隆洋行,恊隆洋行
恒來,Remove
恒信源,Remove
恒元,Remove
恒元莊,恆元錢莊
恒元錢莊,恆元錢莊
恒利,Remove
恒利信局,恆利信局
恒利洽記,Remove
恒升義,Remove
恒合祥,Remove
恒吉,Remove
恒和,Remove
恒和小酒,Remove
恒和泰,Remove
恒和祥,Remove
恒和糟,Remove
恒壽,Remove
恒大,Remove
恒大　行,Remove
恒大信,Remove
恒大成,Remove
恒大新記紡織公司,恆大紡織公司
恒大汽車,Remove
恒大泰昌,Remove
恒大洋貨,Remove
恒大萬隆,Remove
恒大萬隆德盛公義盛,Remove
恒大紗廠 恒大紗廠,恆大紡織公司
恒大紡織公司,恆大紡織公司
恒天申福,Remove
恒太,Remove
恒孚,Remove
恒孚洋貨,Remove
恒安,Remove
恒康,Remove
恒康匯康,Remove
恒康碾米,Remove
恒康祥,Remove
恒康米,Remove
恒康莊,恒康錢莊
恒康錢莊,恆康錢莊
恒德,Remove
恒德南貨店,恆德南貨店
恒德廣貨,Remove
恒德染,Remove
恒德莊,Remove
恒德裕,Remove
恒德錢莊,恆德錢莊
恒愼,Remove
恒昌,Remove
恒昌培記,Remove
恒昌山貨,Remove
恒昌怡記,Remove
恒昌泰,Remove
恒泰,Remove
恒泰報關,恒泰報
恒泰昌雜貨,Remove
恒泰烟紙,Remove
恒泰玻璃,Remove
恒泰米,恒泰米店
恒泰豐,Remove
恒泰鹹貨,Remove
恒洋行,Remove
恒洋貨,Remove
恒源,Remove
恒源洋貨店,恆源洋貨店
恒源絲,Remove
恒潤泰,Remove
恒濟局,恆濟戒烟局
恒濟戒烟局,恆濟戒煙局
恒牛,Remove
恒生,Remove
恒生源,Remove
恒生源米,恒生源米店
恒生錢莊,恆生錢莊
恒生馬頭,Remove
恒甡源顔料,Remove
恒發東,Remove
恒皮毛,Remove
恒益祥,恒益祥布店
恒益祥布,恒益祥布店
恒盛,Remove
恒盛米,恒盛米店
恒祥,Remove
恒福,Remove
恒義和錦祥泰,Remove
恒義生絲線,恒義生絲線店
恒義祥玉器,Remove
恒興,Remove
恒興南貨,Remove
恒興瑞,Remove
恒興祥,Remove
恒興祥京廣貨店,恆興祥京廣貨店
恒興祥洋廣貨店,恆興祥洋廣貨店
恒興鷄毛,Remove
恒茂,Remove
恒茂布莊,恆茂布莊
恒茂綢,恒茂綢緞店
恒茂綢莊,恒茂綢緞店
恒茂號,恒茂綢緞店
恒裕,Remove
恒裕昌,Remove
恒裕昌洋廣貨,恆裕昌洋廣貨
恒裕昌洋貨,恒裕昌洋貨店
恒裕昌洋貨鋪,恒裕昌洋貨店
恒裕烟膏,Remove
恒裕豐,Remove
恒記,Remove
恒記洋貨,Remove
恒記祥興,Remove
恒記米,Remove
恒記魚,Remove
恒豐,Remove
恒豐昌,Remove
恒豐昌洋貨鋪,恆豐昌洋貨鋪
恒豐永大,Remove
恒豐泰,Remove
恒豐泰店,恆豐泰店
恒豐源,Remove
恒豐源染,Remove
恒豐祥木,Remove
恒豐紗廠,恆豐紗廠
恒豐里,Remove
恒豐錢庄,恆豐錢庄
恒豐順信局,恆豐順信局
恒豐餘,Remove
恒豫,Remove
恒通裕,Remove
恒隆,Remove
恒隆染,Remove
恒隆泰,Remove
恒順,Remove
恒順元,Remove
恒順勤豐,Remove
恒順昌絲線,Remove
恒順紙,Remove
恒順裕,Remove
恪靖營,Remove
恪靖營務處,恪靖營
恭府,Remove
恭泰洋酒,Remove
恰和,Remove
悃  英大馬路保安堂,保安善堂
悅來,Remove
悅昌,Remove
悅昌文記,Remove
悅昌洋行,悅昌洋行
悅泰,Remove
悅生,Remove
悅生棧,Remove
悅生棧洋,悅生棧
悅生洋廣貸舖,悅生洋廣貸舖
悅豐烟膏,Remove
悔遲,Remove
悦來洋板棧,悦來洋板棧
悦泰藥材,Remove
悽惋　堂,Remove
惇信,Remove
惇信洋行,惇信洋行
惇信行,惇信洋行
惇敘商業儲蓄銀行,惇敘商業儲蓄銀行
惇邸,Remove
惜字公局,惜字公局
惟善堂,Remove
惟恆合祥公司,惟恆合祥公司
惟恒合祥公司,惟恆合祥公司
惠　洋,Remove
惠利,Remove
惠可公司,惠可公司
惠和,Remove
惠商旅,Remove
惠大,Remove
惠府,Remove
惠康莊,Remove
惠昌漆,Remove
惠昌米,Remove
惠昌錢莊,惠昌錢莊
惠明府,Remove
惠民,Remove
惠潮嘉道,Remove
惠生轉,Remove
惠生錢莊,惠生錢莊
惠福工業社,惠福工業社
惠福襪廠,惠福襪廠
惠羅,Remove
惠豐魚行,惠豐魚行
惠鐵,Remove
惠黎公司,惠黎公司
意國領事署,意大利領事署
愛仁輪船,Remove
愛光,Remove
愛克米　碼公司,Remove
愛其司,Remove
愛區,Remove
愛愚草堂,愛愚草堂
愛文司,Remove
愛月齋,Remove
愛有堂,愛有堂
愛汾司,Remove
愛涉,Remove
愛爾德,愛爾德洋行
愛爾德公司,愛爾德洋行
愛爾德洋行,愛爾德洋行
愛理,Remove
愛理司,Remove
愛福浪,Remove
愛禮司,愛禮司洋行
愛而德,愛而德洋行
愛育善堂,愛育善堂
愛金,Remove
愛門司,Remove
感戴,Remove
㥫信洋行,㥫信洋行
愼勤,Remove
愼和,Remove
愼康,Remove
愼德,Remove
愼志署,愼志署
愼昌,Remove
愼昌洋行·派克公司,愼昌洋行
愼昌魚,愼昌魚行
愼源吉記錢莊,愼源吉記錢莊
慈善國,Remove
慈溪縣人協,Remove
慈豐,Remove
慎和錢庄,慎和錢庄
慎德堂,慎德堂
慎昌,Remove
慎昌洋行,慎昌洋行
慎泰,Remove
慎源錢莊,慎源錢莊
慕亞投,Remove
慕爾,Remove
慣逺祥,Remove
慶利公,慶升文錢鋪
慶升文錢,慶升文錢鋪
慶和祥,Remove
慶善堂,慶善堂
慶堂,Remove
慶大錢莊,慶大錢莊
慶太昌,Remove
慶德和薑廠,慶德和薑廠
慶德橡膠廠股份有限公司,慶德橡膠廠公司
慶昇,Remove
慶昌土店,慶昌土店
慶昌洋貨號,慶昌洋貨號
慶昌隆烟膏店,慶昌隆煙膏店
慶榮銀樓,慶榮銀樓
慶泰,Remove
慶派,Remove
慶生鞋,Remove
慶盛,Remove
慶祚綢莊,慶祚綢莊
慶祝雙十節,雙十節
慶祥,Remove
慶祥棉織廠,慶祥棉織廠
慶祥糖行,慶祥糖行
慶美齋肉店,慶美齋肉店
慶華,Remove
慶豐,Remove
慶豐米,Remove
慶豐米店,慶豐米店
慶豐茂,Remove
慶豐莊,慶豐錢莊
慶豐錢,慶豐錢莊
慶豐錢莊,慶豐錢莊
慶軍,Remove
慶農洋貨,Remove
慶遠協,Remove
慶里,Remove
慶錩廣貨,Remove
慶雲,Remove
慶雲銀樓,Remove
慶雲齋,Remove
慶餘,Remove
慶鹽莊,慶鹽莊
憲兵,Remove
憲兵23團,憲兵23團
憲兵司令,憲兵司令部
憲兵司令部,憲兵司令部
憲兵第,憲兵隊
憲兵隊,憲兵隊
憲台,Remove
憲委,Remove
憲明府,Remove
憲札委　防廳,Remove
憲署,憲署
憲興,Remove
憲議委,Remove
憲轅,Remove
憲飭,Remove
憶昌莊,Remove
懇　州太湖救生總,Remove
懇州太湖救生總局,太湖救生局
應宮,Remove
應昌隆,Remove
應晉齋,Remove
應晋齋,Remove
應裕堂,應裕堂
懋和,Remove
懋和行,Remove
懋昌,Remove
懋記,Remove
懐德堂,懐德堂
懷德堂,懷德堂
懷樂園酒店,懷樂園酒店
懷記司,Remove
懿德,Remove
戈　路中國膠　廠,Remove
戈福　堂,Remove
成人牛,Remove
成大,Remove
成大南,Remove
成大裕大三油坊,Remove
成太昌烟館,成太昌煙館
成安,Remove
成康,Remove
成康潤號,成康潤號
成康潤顏料工業藥品號,成康潤顏料工業藥品號
成昌,Remove
成昌錢莊,成昌錢莊
成泰,Remove
成泰木行,成泰木行
成泰烟館,成泰煙館
成泰燭,成泰燭店
成泰米,Remove
成烟紙,Remove
成珠,Remove
成生,Remove
成發,Remove
成發棧,Remove
成興萬興,Remove
成興籐椅,Remove
成茂,Remove
成衣,Remove
成衣店,成衣店
成衣業,Remove
成記,Remove
成記德大,Remove
成記木,Remove
成記烟館,成記煙館
成記絲線,Remove
成記靛青行,成記靛青行
成豐　店,成豐店
成豐洋貨,Remove
成豐紗管廠,成豐紗管廠
成通,Remove
成鏕局,成鏕局
成電機廠,成電機廠
成顔,Remove
成餘,Remove
成香閣烟,Remove
戒烟丸店,戒煙丸店
戒烟局,戒煙局
戒珠庵,戒珠庵
戯鴻堂,戯鴻堂
戰區,Remove
戰時生產局,戰時生產局
戲館,Remove
戲鴻堂,戲鴻堂
戴徳,Remove
戴德,Remove
戴明府,Remove
戴春,Remove
戴生昌,Remove
戴花翎,Remove
戶口科,Remove
戶部　政司詹事府,戶部通政司詹事府
戶部四川司,戶部四川司
戶部奏,戶部
戶部通政司詹事府,戶部通政司詹事府
戶部通政司詹事府侍,戶部通政司詹事府
戶部錢法堂,戶部錢法堂
戶部陝四司,戶部
户兵二,Remove
户部,戶部
户部福建司,戶部部福建司
戸部,戶部
房屋十四所,Remove
房租,Remove
房租糾紛處理委員會,房租糾紛處理委員會
房租調解仲裁委員會,房租調解仲裁委員會
房租調解委員會,房租調解仲裁委員會
房管會,房租糾紛處理委員會
所加太鉅,Remove
所蓉堂,所蓉堂
扇子,Remove
扎仁齋,Remove
托益利輪船,Remove
托英界香粉,Remove
扭甬,Remove
扭肉,Remove
扶司,Remove
承介堂,承介堂
承堂,Remove
承大,Remove
承孚,Remove
承廣奉委　廠,承廣奉委　廠
承德堂,承德堂
承志,Remove
承新世界,Remove
承樸堂,承樸堂
承清局,承清局
承興紙號,承興紙號
承裕,Remove
承豐棉布號,承豐棉布號
承豐米,Remove
投公堂,Remove
投報捕房,巡捕房
投審廳,Remove
投局,Remove
投控公堂,Remove
投本管德總領事署,德總領事署
投本管總領事署,Remove
投本管領事署,Remove
投法,Remove
投法公共公廨,法界會審公廨
投法公堂,法界會審公廨
投法廳,法界會審公廨
投法會,法界會審公廨
投總局,Remove
投英,英界會審公廨
投英公堂,英界會審公廨
投英捕房,工部局巡捕房
投英會,英界會審公廨
投英會審公署,英界會審公廨
投英會審署,英界會審公廨
投英界會審署,英界會審公廨
投英總領事署,英總領事署
投英巡捕房,工部局巡捕房
投英領事公館,英總領事署
投英領事署,英總領事署
投西醫院,西醫院
投巡防南局,巡防南局
投道署,Remove
抗戰遺族學校,抗戰遺族學校
折　和泰局,Remove
抬商局,招商輪船局
押　泉,Remove
押縣,Remove
担文訟師處,担文訟師處
拔維晏洋,拔維晏洋行
拙房,Remove
招　甌局,招　甌局
招南局,招商輪船局
招商,招商輪船局
招商分局,招商輪船局
招商局,招商輪船局
招商局北棧怡和洋行,招商局
招商局工部局,招商輪船局
招商局怡和太古兩洋行,招商輪船局
招商局江天,招商輪船局
招商局江裕輪船,招商輪船局
招商局海,招商局
招商局湖北幫,招商局
招商局碼頭,招商輪船局
招商局輪船理貨公所,招商局
招商甌局,招商輪船局
招商縂局,招商輪船局
招商總局,招商輪船局
招商輪船局,招商輪船局
招工,Remove
拜耳,Remove
拿究辦,Remove
持别市公安局長,持别市公安局
持志,持志大學
指導科,Remove
按察司,按察司署
按察司署,按察司署
按察署,按察司署
按英會審署,英界會審公廨
振中絲織整染股份有限公司,振中絲織整染公司
振公,Remove
振公所,Remove
振和,Remove
振康,Remove
振康祥,Remove
振成花,Remove
振所,Remove
振敝局,振敝局
振新綢廠,振新綢廠
振昌,Remove
振昌印刷廠,振昌印刷廠
振業工業西藥原料號,振業工業西藥原料號
振泰紗廠,振泰紗廠
振泰紗廠總,振泰紗廠
振源,Remove
振源祥,Remove
振濟委員會　,振濟委員會　
振興,Remove
振興毛絨紡織公司,振興毛絨紡織公司
振茂,Remove
振華京貨,Remove
振華堂,振華堂
振華油漆公司,振華油漆公司
振華織造廠,振華織造廠
振華興業公司,振華興業公司
振裏絲織廠,振裏絲織廠
振裕,Remove
振裕米行,振裕米行
振豐,Remove
振豐國貨電池號,振豐國貨電池號
振豐棉織廠股份有限公司,振豐棉織廠公司
振豐毛紡織廠,振豐毛紡織廠
振豐行,Remove
振邦,Remove
振隆,Remove
振隆帮,Remove
振隆瑞記,Remove
振順,Remove
捐務,Remove
捐局,捐釐縂局
捐釐縂局,捐釐縂局
捕局,巡捕局
捕廳,巡捕廳
捕房,巡捕房
捲煙煤油稅處,捲煙煤油稅處
捲菸稅處,捲煙稅處
捷成,Remove
捷成雜糧行,捷成雜糧行
捷盛,Remove
捷臣,Remove
捻教,Remove
接英會審衙門,英界會審公廨
控　　　察廳,Remove
控　縣署,Remove
控乾大莊,Remove
控公堂,Remove
控奉工程局,工程局
控奉巡警總局,巡警總局
控工部,工部
控府,Remove
控志大烟膏,Remove
控榮公司,Remove
控法,Remove
控法公堂,法界會審公廨
控牌,Remove
控英公堂,英界會審公廨
控訴局,Remove
推廣,Remove
提　橋分局,Remove
提庄,Remove
提憲衙,Remove
提榮堂,Remove
提標右營上海叅府,提標右營
提橋水師營,Remove
提籃橋分局,提籃橋分局
提羽黨,Remove
提蘭橋分局,提蘭橋分局
提訊發,Remove
揚城保甲局,揚城保甲總局
揚城保甲總局,揚城保甲總局
揚城小東北門,Remove
揚城施藥局,揚城施藥局
揚子保險,揚子保險行
揚子飯店,揚子飯店
揚屬運河堤工局,揚屬運河堤工總局
揚屬運河隄工局,揚屬運河堤工局
揚州,Remove
揚州中,Remove
揚州保甲總辦,揚州保甲總局
揚州商,Remove
揚州幫,Remove
揚州府英,揚州府
揚州教,Remove
揚州籌賑公所,揚鎭協賑公所
揚州育嬰堂,揚州育嬰堂
揚州蘿灣,Remove
揚帮,Remove
揚泰輪班,Remove
揚海,Remove
揚蘇,Remove
揚進,Remove
搏愛理髪,Remove
搬屋司,Remove
摩素,Remove
摩西,Remove
撫憲,Remove
撫憲會,撫憲會
撫標,Remove
撫標水師飛划營,撫標水師營
撫標滬軍營洋鎗隊,撫標水師營
撫標衛隊左,Remove
撫標親兵營,Remove
播威洋行,播威洋行
操絲線業,Remove
攙米,Remove
支應局,支應局
支會,Remove
支界,Remove
支隊,Remove
收紙店,收紙店
改良棉業委員㑹,改良棉業委員㑹
放元,Remove
放牛局,放生局
放生局,放生局
政保股,Remove
政務司,政務司
政協,Remove
政司,Remove
政和縣正堂,政和縣
政學系,Remove
政府,Remove
政府警察局,上海市警察局
故法會,Remove
啟　　本書館,Remove
啟新書局,新書局
啟昌洋行,昌洋行
啟明女子中學,明女子中學
啟明書局,明書局
啟泰紙店,泰紙店
啟者,Remove
敎務長事務附中,Remove
敎學系,Remove
敎實,Remove
敎府,Remove
敎育局,上海市敎育局
敎育局長,敎育局
敎育廳長,敎育廳
敎育部,敎育部
敎育部市政府,敎育部
敎育部長,敎育部
敎部,敎育部
敏思堂,敏思堂
敏慎堂,敏慎堂
敏昌醃猪行,敏昌醃猪行
救濟,Remove
救生局,救生局
救生輪船局,Remove
教仁堂,教仁堂
教廳,Remove
教會,Remove
教育局長,教育局
教育社會局長,Remove
教育部,教育部
教育部社會教育司第,教育部
教部,教育部
敝公所,Remove
敝堂,Remove
敝局,Remove
敝會,Remove
敝會館,Remove
敝業公所,Remove
敝行,Remove
敝黨改組委員會,黨部改組委員會
敝黨部改組委員會,黨部改組委員會
敞局,Remove
敦ＳomerseaＨoust,Remove
敦化堂,敦化堂
敦厚,Remove
敦和,Remove
敦和洋行,敦和洋行
敦和米店,敦和米店
敦善堂,敦善堂
敦大,Remove
敦太唔士日,Remove
敦實堂,敦實堂
敦徐,Remove
敦睦,Remove
敦義堂,敦義堂
敦裕,Remove
敬信,Remove
敬修堂,敬修堂
敬勝堂,敬勝堂
敬德,Remove
敬業書院,敬業書院
敬業書院袁明府,敬業書院
敬畏齋,Remove
敲睦堂,敲睦堂
整理內外債委員會,整理內外債委員會
整理財政委員會,整理財政委員會
敵偽產　業,Remove
敵僞,Remove
敵產,Remove
敵產汽車,Remove
敷文監院,敷文書院
文　　　布莊,Remove
文交果育堂,果育堂
文匯,文匯報
文匯報,文匯報
文匯字林,文匯字林
文匯西報,文匯報
文匯西報館,文匯報
文匯西字報,文匯報
文匯館,文匯報
文報公所,Remove
文報局,文報局
文報局　賬公所,文報局
文報局公所,文報局
文報局協振公所,文報局協賑公所
文報局振所,文報局協振公所
文安,Remove
文宜書坊,文宜齋書坊
文宜齋書坊,文宜齋書坊
文寳齋,Remove
文投英會,英界會審公廨
文昌惜字會,文昌惜字會
文昌會,文昌會
文明府,Remove
文昭會,文昭會
文書局,文書局
文案處,Remove
文武,Remove
文武印委,Remove
文武廳,Remove
文武道,文武道
文法公堂,Remove
文海堂書坊,文海堂書坊
文淵閣,Remove
文滙報,文匯報
文照會稅務司,文照會
文牘科,Remove
文租界臨時法院,租界臨時法院
文糧廳,文糧廳
文縣署,文縣署
文美齋,Remove
文英商祥生廠,英商祥生廠
文英會審署,英界會審公廨
文行店,文行店
文行裱畫店,文行裱畫店
文記綢庄,XXXX
斐邑　升堂,Remove
斐邑尊,Remove
斐邑尊升堂,Remove
斐雅閣菚扇店,斐雅閣菚扇店
斗姥閣,Remove
斜土路派出所,斜土路派出所
斡林院,翰林院
新一行股份有限公司,新一行公司
新亞橡皮印刷廠,新亞橡皮印刷廠
新亞藥廠,新亞藥廠
新亨營造廠,新亨營造廠
新元成衣店,新元成衣店
新充,Remove
新充訓術司,新充訓術司
新光內衣公司,新光內衣公司
新六軍政治部軍需處,新六軍政治部軍需處
新北京輪船,新北京輪船
新北門女學堂,新北門女學堂
新南陞輪船,Remove
新南陞輪船西人處,Remove
新同報,新同報
新同孚洋行,新同孚洋行
新呢絨服裝公司,新呢絨服裝公司
新喻縣,新喻縣
新堂,Remove
新報,Remove
新太古公司晉賑公所,太古公司晉賑公所
新奉昌洋行,新奉昌洋行
新委公共公廨,英界會審公廨
新委督辦皖南牙陞總局,皖南牙釐總局
新安永記公司,新安永記公司
新寳順洋行,新寳順洋行
新市街分局,新市街分局
新康化學藥水廠,新康化學藥水廠
新建委,Remove
新復順堂,新復順堂
新德順堂,新德順堂
新恆茂酒店,新恆茂酒店
新恒茂酒店,新恆茂酒店
新成分局,新成分局
新新公司,新新公司
新新實業公司,新新實業公司
新新襪廠,新新襪廠
新昌泰華泰雜貨號,新昌泰華泰雜貨號
新明染織廠,新明染織廠
新更本館,Remove
新書局,新書局
新會縣人大,新會縣
新橋釐局,新橋釐局
新沙華罐頭食品股份有限公司,新沙華罐頭食品公司
新沙遜洋行,新沙遜洋行
新沙遜行,新沙遜洋行
新河,Remove
新泰昌行,新泰昌行
新泰絲棧,Remove
新泰興,Remove
新泰興洋東,新泰興洋行
新泰興洋行,新泰興洋行
新泰興行,新泰興洋行
新派利洋行,新派利洋行
新海,Remove
新涇分局,新涇分局
新源祥烟館,新源祥煙館
新濟派,Remove
新無線電機廠,新無線電機廠
新瑞康公司,新瑞康公司
新生話俱樂部,新生話俱樂部
新益地產公司,新益地產公司
新盛烟館,新盛煙館
新科殿,新科殿
新簡,Remove
新署,Remove
新義,Remove
新聞報,新聞報
新興土棧,新興土棧
新興士棧,新興土棧
新花業,Remove
新華信託儲蓄銀行,新華信託儲蓄銀行
新華倉庫,新華倉庫
"新華電氣機械製造
廠","新華電氣機械製造
廠"
新街恆源祥酒店,新街恆源祥酒店
新街恒源祥酒店,新街恆源祥酒店
新街蘭芳里口誠和錢莊,誠和錢莊
新街陸林氏花烟館,陸林氏花烟館
新裕,Remove
新裕紡織公司,新裕紡織公司
新豐,Remove
"新豐印染廠均昌整理廠
","新豐印染廠均昌整理廠
"
新豐印染廠工會,新豐印染廠工會
新豐衣荘,新豐衣荘
新巡捕房,工部局巡捕房
新通貿易公司,新通貿易公司
新邑,Remove
新開河烟　行,新開河煙行
新閘,Remove
新閘保甲局,新閘保甲局
新閘樂水廠,新閘樂水廠
新閘藥水局,新閘樂水廠
新閘巡防,新閘巡防局
新閘巡防局,新閘巡防局
新閘巡防局員,新閘巡防局
新関洋人處,新関洋人處
新關,Remove
新關稅務司,新關稅務司
新關稅務司處,新關稅務司
新關税務司,新關稅務司
新關緝私局,新關緝私局
新關巡防局,新關巡防局
斷湖縣署,斷湖縣署
方書館,方書館
方浜橋派出所,方浜橋派出所
方興軒,Remove
方萃和晉記糖行,方萃和晉記糖行
方言館,方言館
方道台,Remove
方金堂,Remove
於英會,Remove
於英會審,英界會審公廨
施南府科,施南府
施醫,Remove
施醫局,Remove
旂昌洋行,旂昌洋行
旗昌,Remove
旗昌　行,Remove
旗昌司,Remove
旗昌洋行,旗昌洋行
旗昌火油棧,Remove
旗昌行,旗昌洋行
旣云縣署,Remove
日僑財產警局,日僑財產警局
日僞上海地方法院,上海地方法院
日僞上海地方法院檢察署,上海地方法院
日僞上海高等法院,江蘇上海高等法院
日僞江蘇上海地方法院,江蘇上海地方法院
日僞江蘇高等法院第二分院,江蘇省高等法院
日僞高等檢察署,高等檢察署
日兑交運庫,兑交運庫
日内英捕房,工部局巡捕房
日制府,Remove
日升萬同春科發亨逹,Remove
日南巿黃茂記,Remove
日報,Remove
日宫,Remove
日斯巴,Remove
日斯巴尼亞公館,日斯巴尼亞領事署
日斯巴尼亞領事暑,日斯巴尼亞領事暑
日斯巴尼亞領事會,日斯巴尼亞領事署
日日新聞,日日新聞
日本,Remove
日本三菱公司,三菱公司
日本使署,日本領事署
日本分府,日本分府
日本埠自來水公司,日本埠自來水公司
日本外務省,外務省
日本局,Remove
日本海軍省,日本海軍省
日本理事府,日本理事府
日本署,日本領事署
日本輪船公司,日本輪船公司
日本陸軍文庫,日本陸軍文庫
日本領事公館,日本領事署
日本領事會,日本領事署
日本領事照會英會,日本領事署
日本領事署,日本領事署
日本館,日本領事署
日泰紙店,日泰紙店
日特高科蘆家灣分局辦事處,日特高科蘆家灣分局辦事處
日生信局,日生信局
日生局,日生信局
日皇,Remove
日織布局,日織布局
日美公館,日美日本領事署
日自來水公司,日本埠自來水公司
日航,Remove
日英工部局,工部局
日英捕房,工部局巡捕房
日華護謨（橡膠）工業組合聯合會,日華護謨（橡膠）工業組合聯合會
日軍,日本軍隊
日邦會,Remove
日鋒,Remove
日領事署,日本領事署
日领事署,日本領事署
旨詹事府,Remove
昆裕館,Remove
昇寳洋行東控,昇寳洋行
昇昌馬車行,昇昌馬車行
昇昌魚行,昇昌魚行
昇源錢店,昇源錢店
昇茂錢莊,昇茂錢莊
昌公所,Remove
昌利生茶棧,昌利生茶棧
昌協賑公所,協賑公所
昌圖府,Remove
昌政,Remove
昌明仁記烟公司,昌明仁記煙公司
昌明化學工業廠,昌明化學工業廠
昌木行,Remove
昌洽順,Remove
昌絲棧,Remove
昌興洋廣貨舖,昌興洋廣貨舖
昌記,Remove
昌記棧,Remove
昌馬車行,昇昌馬車行
明制府,Remove
明報堂,明報堂
明宫,Remove
明府,Remove
明府倩,Remove
明府奉　道憲委,Remove
明府招商局,明府招商局
明府藩,Remove
明府部鑑堂,明府部鑑堂
明新電機襪廠,明新電機襪廠
明明府,Remove
明星影片公司,明星影片公司
明春縣,明春縣
明橋保甲局,明橋保甲局
明發堂,明發堂
明聞提,Remove
明英,Remove
明英會,Remove
明陸,Remove
易德,Remove
易洋,Remove
昔育堂,昔育堂
星使電音,Remove
星齋,Remove
春和堂藥舗,春和堂藥舗
春和永呢絨號,春和永呢絨號
春和館,春和館
春梵牧堂,春梵牧堂
春源錢庄,春源錢庄
春源錢莊,春源錢莊
春申福棧,Remove
春茂祥零剪店,春茂祥零剪店
春華祥,Remove
春華銀匠鋪,春華銀匠鋪
春融堂,Remove
春記,Remove
春記客棧,春記客棧
春記店,春記店
春記棧,Remove
春記洋貨店,春記洋貨店
春記錢莊,春記錢莊
昭文縣,昭文縣
昭武賓館,昭武賓館
昭顯廟,昭顯廟
時事新報,時事新報
時邑尊　堂,Remove
晉和鼎,Remove
晉嘉,Remove
晉康,Remove
晉德錢莊,晉德錢莊
晉成庄,晉成庄
晉捐局,晉捐局
晉昌京貨店,晉昌京貨店
晉泰典,晉泰典
晉泰錢莊,晉泰錢莊
晉源西報,晉源西字報
晉生莊,晉生錢莊
晉生錢莊,晉生錢莊
晉茂茶葉鋪,晉茂茶葉鋪
晉裕染織廠,晉裕染織廠
晉隆洋行,晉隆洋行
晋康,Remove
晋康莊,晋康莊
晋成庄,晋成錢庄
晋成錢庄,晋成錢庄
晋源報,晋源報
晋生庄,晋生庄
晋育,Remove
晏公會,Remove
晚邑尊升堂,Remove
普和,Remove
普安堂,普安堂
普濟,普濟堂院
普育善堂,普育善堂
普育堂,普育善堂
普育等堂,普育善堂
普陀分局,普陀分局
普陀區,Remove
景和太綢莊,景和太綢莊
景和銀樓,景和銀樓
景福衫襪織造廠股份有限公司,景福衫襪織造廠公司
景福銀樓,景福銀樓
景綸衫襪廠,景綸衫襪廠
景芳園女堂烟館,景芳園女堂煙館
景行,Remove
景運門,Remove
景陽酒館,景陽酒館
晴暉堂,晴暉堂
晶華玻璃廠,晶華玻璃廠
暑夜堂,暑夜堂
暨南大學,暨南大學
書屋,Remove
書田草堂,書田草堂
書畫室,書畫室
曹娥厘局,Remove
曹存善堂,曹存善堂
曹明府,Remove
曹景堂,Remove
曹月樓,Remove
曹解府,Remove
曹錦堂,Remove
曾九師,Remove
曾充英捕房,工部局巡捕房
曾央有源洋行,曾央有源洋行
曾審公館,會審公廨
曾批奉署司,Remove
曾會戎府,Remove
曾樂洋行,曾樂洋行
曾禀兩院,Remove
曾紀前報,Remove
曾紀報章,Remove
曾記前報,Remove
會典,Remove
會典館,會典館
會同租界會審分府,英界會審公廨
會商,Remove
會央,Remove
會審,會審公廨
會審公,會審公廨
會審公堂,會審公廨
會審公廨,會審公廨
會審公署,英界會審公廨
會審分府,會審公廨
會審署,會審公廨
會審衙署,英界會審公廨
會局,上海市社會局
會德豐洋行,會德豐洋行
會德豐駁船洋行,會德豐駁船洋行
會捕,Remove
會捕局,會捕局
會文堂新記書局,會文堂新記書局
會經列報,Remove
會總洋行,會總洋行
會美公館,會美公館
會錄公堂,會錄公堂
會防局,會防局
月堂,Remove
月明館,月明館
有全火腿店,有全火腿店
有利船局,有利船局
有利銀行,有利銀行
有奇,Remove
有富,Remove
有恆洋行,有恆洋行
有恒洋行,有恆洋行
服廠,Remove
朝廷,朝廷
朝鮮,Remove
朦訴　堂,朦訴　堂
木明府,Remove
木瀆巡檢司署,木瀆巡檢司署
木魚,Remove
未士鄂思,Remove
未進局,Remove
本分府,Remove
本城敬業書院,敬業書院
本城果育堂,果育堂
本埠,Remove
本埠協賑公所,協賑公所
本埠同善局,同善局
本埠提右營,上海提右營
本埠法公堂,法界會審公廨
本埠法領事署,法總領事署
本埠洋藥局,洋藥釐捐局
本埠縣署,上海縣署
本埠英工部局,工部局
本埠製造局,江南製造局
本埠西商團,西商團
本埠貨捐局,貨捐局
本埠隆茂洋行,隆茂洋行
本埠高昌廟製造局,江南製造局
本報英公堂,英界會審公廨
本局,Remove
本工部局,工部局
本租界工部局,工部局
本縣訓術司,上海縣署
本製造局,江南製造局
本邑二十三鋪,Remove
本邑製造總局,江南製造局
本部院,Remove
本館協振所,申報協振所
本館協賑所,申報協賑所
札委會辦,Remove
朱明府,Remove
朱源興洋貨店,朱源興洋貨店
朱瑞鄉處,Remove
朱福齋,Remove
朱裕厚堂,Remove
朱阿二,Remove
李恆興紅木店,李恆興紅木店
李恒興紅木店,李恆興紅木店
李明府,Remove
李春堂,Remove
李普仁堂,Remove
李留餘堂,Remove
李萬順絲茶棧,李萬順絲茶棧
李蘭墅明府,Remove
杏林春番菜館,杏林春番菜館
村塾,Remove
杪廣方言館,杪廣方言館
杭友堂,杭友堂
杭周　堂,Remove
杭學,Remove
杭局,杭局
杭州兩浙商業儲蓄銀行,杭州兩浙商業儲蓄銀行
杭州同善堂,杭州同善堂
杭州商業學校,杭州商業學校
杭州府,杭州府
杭州府辦理局,杭州府
杭州水利分府,杭州府
杭州浙江建業商業儲蓄銀行,杭州浙江建業商業儲蓄銀行
杭州第一紗廠,杭州第一紗廠
杭州警察局,杭州警察局
杭州電氣公司,杭州電氣公司
杭省三書院,Remove
杭省織署,杭省織署
杭電局,杭州電報局
東亞內衣股份有限公司,東亞內衣公司
東亞銀行,東亞銀行
東京,Remove
東京使署,東京使署
東京郵便局,東京郵便局
東來升金箔,Remove
東南汽車公司,東南汽車公司
東南漁業公司,東南漁業公司
東台大豐鹽墾公司,東台大豐鹽墾公司
東嘉浣塵軒,Remove
東大名路大山酒吧,東大名路大山酒吧
東局,Remove
東廳,Remove
東投德國領事署,德國領事署
東投英總領事署,英總領事署
東投英領事署,英總領事署
東方年紅電光公司,東方年紅電光公司
東方煤球廠,東方煤球廠
東方轉運公司,東方轉運公司
東方麥粉,東方麥粉
東昇水菓行,東昇水菓行
東昌府,東昌府
東洋,Remove
東洋內閣,Remove
東洋公司,東洋公司
東洋東照會,東洋東照會
東洋行,Remove
東洋車,Remove
東海,Remove
東海關,Remove
東海關稅務司,東海關稅務司
東獄會,Remove
東益泰烟館,東益泰煙館
東興西式帳簿店,東興西式帳簿店
東華汽車公司,東華汽車公司
東萊銀行,東萊銀行
東路廳,Remove
東醫,Remove
東關街協賑公所,揚鎭協賑公所
東陸銀行（已收歇）,東陸銀行
松北營,松北營
松堂,松堂
松府,松江府
松會館,松會館
松楊局,松楊局
松江,Remove
松江川沙撫民同知,松江川沙撫民府
松江布莊,松江布莊
松江府,松江府
松江府博太守派委,松江府
松江府博太尊,松江府
松江府海防分府,松江府海防分府
松江府署,松江府
松江府衙門,松江府
松江班,松江班
松江航,Remove
松江運副,松江運副
松江電氣公司,松江電氣公司
松江鹽務稽核所,松江鹽務稽核所
松海防,松江府海防分府
松海防廳,松江府海防分府
松滬厘局,松滬捐釐總局
松滬厘捐局,松滬捐釐總局
松滬厘捐總局,松滬捐釐總局
松滬局,松滬捐釐總局
松滬捐厘局,松滬捐釐總局
松滬捐厘總局,松滬捐釐總局
松滬捐釐局,松滬捐釐總局
松滬捐釐總局,松滬捐釐總局
松滬總局,松滬捐釐總局
松滬總局招商局,招商輪船局
松滬蘆局,松滬捐釐總局
松滬釐局,松滬捐釐總局
松滬釐捐局,松滬捐釐總局
松滬釐捐總局,松滬捐釐總局
松滬釐捐總局憲委員會,松滬捐釐總局
松船廠,松船廠
松風閣,Remove
松鶴年壽,松鶴年壽器店
松鶴年壽器店,松鶴年壽器店
板石司,Remove
板船捐,Remove
林春茶館,林春茶館
林福堂,Remove
林萬和,Remove
林笙軍服廠,林笙軍服廠
林裕隆,Remove
果育,果育堂
果育堂,果育堂
果育普育清節堂,果育堂
果西醫院,果西醫院
某投英領事公館,英總領事署
某華,Remove
染坊公所,染坊公所
柘林營,柘林營
查善後局,善後局
查察局,查察局
查拿會審公堂,會審公廨
查檢會審署,會審公廨
查洋藥公所,洋藥公所
柳江煤礦鐵路公司,柳江煤礦鐵路公司
柴樛會審署,會審公廨
柴河頭救生總,Remove
格致書院,格致書院
格致機器局,機器局
格致院,格致書院
桃　　畫社,桃塢書畫社
桃塢書畫社,桃塢書畫社
桃塢社,桃塢書畫社
桃源縣,桃源縣
桃花塢,Remove
桃花塢公所,桃花塢公所
案件統　臬司,案件統　臬司
桐書屋,Remove
桐鄉縣署,桐鄉縣署
桑棉局,桑棉局
梁新記兄弟牙刷公司,梁新記兄弟牙刷公司
梁新記牙刷廠,梁新記兄弟牙刷公司
梧州轉運局,梧州轉運局
棉業統制委員會　,棉業統制委員會　
棉織廠業同業公會,棉織廠業同業公會
棉織業同業公會,棉織廠業同業公會
棉花業,棉花業
棋盤街新順堂,棋盤街新順堂
棣鶴,Remove
森大祥布店,森大祥布店
森昌信局,森昌信局
森昌烟館,森昌煙館
森泰豆麥行,森泰豆麥行
森興飯店,森興飯店
棲流公所,滬北棲流公所
棲流所,滬北棲流公所
椿樹二條胡同翰林院,翰林院
椿記棧,椿記棧
楊仁社,Remove
楊子地產公司,楊子地產公司
楊子舞廳,楊子舞廳
楊州三公所,楊州三公所
楊德昇,Remove
楊德昇茶,楊德昇茶
楊思分局,楊思分局
楊明山木匠店,楊明山木匠店
楊村廳,Remove
楊樹浦分局,楊樹浦分局
楊樹浦路煤氣工廠,楊樹浦路煤氣工廠
楊浦分局,楊浦分局
楊祥記,楊祥記玻璃店
楊貴妃妓院,楊貴妃妓院
楓局,Remove
楚云茶園,楚云茶園
楚南幹,Remove
楚軍,楚軍
業公所,Remove
業廣公司,業廣公司
業經工程局,業經工程局
業經總稅務司,業經總稅務司
榆林分局,榆林分局
榆林路分局,榆林路分局
榆綏道,Remove
榮和土棧,榮和土棧
榮堂,Remove
榮德堂,榮德堂
榮昌祥呢絨西服號,榮昌祥呢絨西服號
榮英公堂,英界會審公廨
榮茂,Remove
榮茂運駁有限公司,榮茂運駁公司
榮記染織廠,榮記染織廠
榮記牛肉庄,榮記牛肉庄
榮記牛肉店,榮記牛肉店
榮記織造廠,榮記織造廠
榮豐剌繡線廠,榮豐剌繡線廠
榮豐紗廠,榮豐紗廠
榮豐紡織廠,榮豐紡織廠
榮錦　德勝堂,榮錦　德勝堂
槐蔭堂,槐蔭堂
槐蔭書屋,槐蔭書屋
樂口食品飲料公司,樂口食品飲料公司
樂善堂,樂善堂
樂善軒,Remove
樂安　上草堂,樂安上草堂
樂安堂,樂安堂
樓流,樓流公所
樓流公所,樓流公所
樓流所,樓流公所
樓茶肆,樓茶肆
標準味粉廠,標準味粉廠
標石軍,標石軍
横河,Remove
横濱理事署,横濱理事署
横濵理事署,横濵理事署
樹德堂,樹德堂
橋分廠,Remove
橋道科,Remove
機噐製造局,江南製造句
機器印書局,機器印書局
機器局,機器局
機器船政,機器船政
機器製造局,江南製造句
橡膠業同業公會,橡膠業同業公會
橡膠號業同業公會,橡膠號業同業公會
橤珠書院,橤珠書院
橫浜正金銀行,橫浜正金銀行
檀香教,Remove
檢察處,檢察處
欽天監,Remove
欽天監右監,Remove
欽差南洋通商大臣,南洋通商大臣
欽差會辦北洋大臣都察院,北洋通商大臣
欽差通商大臣兩江總督部堂,南洋通商大臣
歌老會,哥老會
歐學,Remove
歐洲大,Remove
歐洲藩日報,Remove
歐立雪司,歐立雪司
歐羅巴洲某洋行,Remove
正中書局印刷廠產業工會,正中書局
正大,Remove
正大參店,正大參店
正大參行,正大參行
正大橡皮印刷廠,正大橡皮印刷廠
正昌信局,正昌信局
正泰信記橡膠廠,正泰信記橡膠廠
正泰煤灰店,正泰煤灰店
正祥,Remove
正興洋行,正興洋行
正蒙書院,正蒙書院
正裕錢莊,正裕錢莊
正誼書院,正誼書院
正貿絲廠,正貿絲廠
正黄旗,Remove
正黄旗護,正黄旗護
此市絲業會館籌賑公所,上海北巿絲業會館賑公所
武俻學堂,武備學堂
武備學堂,武備學堂
武備院,武備學堂
武康保嬰局,武康保嬰局
武康保嬰捐,武康保嬰局
武康厘局,武康釐局
武林看竹齋,Remove
武毅營,武毅營
武漢兵工廠,武漢兵工廠
武進縣委,武進縣
武陽保嬰局,武陽保嬰局
歲寒堂,歲寒堂
歸善堂,Remove
歸英公堂,Remove
歸英會,Remove
殺生局,救生局
比國銀公司業務顧問兼五金部,比國銀公司業務顧問兼五金部
比國鋼業聯合社營業,比國鋼業聯合社營業
比憐,Remove
毛家弄同春烟館,同春烟館
民主國,Remove
民團局,民團局
民孚商業儲蓄銀行,民孚商業儲蓄銀行
民政局,上海市民政局
民教館,民教館
民更局,Remove
民治運動委員會,民治運動委員會
民營廠,民營紗廠
民立中學,民立中學
民衆紙料公司,民衆紙料公司
民豐紗廠股份有限公司,民豐紗廠公司
民豐紙廠,民豐紙廠
民豐紡織公司,民豐紡織公司
民豐造紙廠,民豐造紙廠
水上分,水上分局
水上分局,水上分局
水上分局偵緝隊,水上分局
水上分局陸家嘴派出所,水上分局
水上稽查隊,水上分局
水上警察局,水上分局
水分局,水上分局
水利,Remove
水利委員會,水利委員會
水利局,水利局
水利廳,水利局
水北司,水北司
水司,Remove
水師,Remove
水師學堂,水師學堂
水師晉務處,水師晉務處
水師營務處,水師營務處
水師製造局,水手船泊製造局
水手船泊製造局,水手船泊製造局
水月軒酒店,水月軒酒店
水東煤礦局,水東煤礦局
水烟袋,Remove
水花樓,Remove
水陸工程局,水陸工程局
水雷,Remove
水雷局,水雷局
水龍局,水龍局
水龍會,水龍會
永元成十一箱店,永元成十一箱店
永其昌局,永其昌局
永利電線廠,永利電線廠
永北堂,永北堂
永和,Remove
永和信局,永和信局
永和實業公司,永和實業公司
永和局,永和信局
永和棉毛織造廠,永和棉毛織造廠
永和祥,Remove
永和顏料靛靑號,永和顏料靛靑號
永善堂,永善堂
永嘉,Remove
永嘉化工廠,永嘉化工廠
永嘉堂,永嘉堂
永嘉捕廳,永嘉捕廳
永嘉縣司補堂,永嘉縣司補堂
永嘉縣署,永嘉縣署
永固橡膠廠,永固橡膠廠
永固製釘廠培昌鐵工廠,永固製釘廠培昌鐵工廠
永安一廠,永安一廠
永安人壽保險公司,永安人壽保險公司
永安堂,永安堂
永安百貨公司,永安百貨公司
永安紡廠第一廠,永安紡廠第一廠
永安紡織第一廠,永安紡織第一廠
永安街生昌雜貨行,生昌雜貨行
永定保險公司,永定保險公司
永定公司,永定保險公司
永年人壽保險公司,永年人壽保險公司
永年人壽保險公司南京分公司,永年人壽保險公司
永康洋貨號,永康洋貨號
永康錦記,永康錦記
永德成烟,Remove
永恆木行,永恆木行
永恆米行,永恆米行
永恒木行,永恆木行
永恒米行,永恆米行
永成,Remove
永成昌,Remove
永成綿綢莊,永成綿綢莊
永新內衣雨衣織染廠,永新內衣雨衣織染廠
永新服裝公司,永新服裝公司
永新染織內衣雨衣製造廠,永新染織內衣雨衣製造廠
永明電筒廠,永明電筒廠
永春稅厘局,永春稅釐局
永泰昌人造絲號,永泰昌人造絲號
永泰祥熟煤號,永泰祥熟煤號
永泰茶葉店,永泰茶葉店
永泰豐,Remove
永泰豐局,永泰豐局
永泰隆,Remove
永泰隆皮箱店混用公利公司,永泰隆皮箱店混用公利公司
永清,Remove
永源客棧,永源客棧
永照電燈泡廠,永照電燈泡廠
永發,Remove
永益無線電料行,永益無線電料行
永盛薄荷股份有限公司,永盛薄荷公司肇新化學廠
永祥米行,永祥米行
永祥菸紙店,永祥菸紙店
永義昶局,永義昶局
永聚錢莊,永聚錢莊
永興,Remove
永興及榮康錢莊（均已淸理）,永興及榮康錢莊（均已淸理）
永興土棧,永興土棧
永興昌珠,Remove
永興酒店,永興酒店
永興鐵行,永興鐵行
永茂興皮箱店,永茂興皮箱店
永豐層山,Remove
永錫堂,永錫堂
永隆報關行,永隆報關行
永順小押店,永順小押店
永餘營業股份有限公司,永餘營業公司
汀孚,Remove
求志書院滬上印委,求志書院
求是齋書局,求是齋書局
汕頭,Remove
汕頭招商局,汕頭招商局
汕頭輪船,Remove
汕頭電局,汕頭電局
江北　製造局,江北　製造局
江北人小工頭,Remove
江北幫,江北幫
江北河運,Remove
江北邦,Remove
江南分巡蘇松太捕備道,江南分巡蘇松太道
江南制造局,江南製造局
江南大學,江南大學
江南天主教,Remove
江南提右營,上海提右營
江南提右營上海叅府,上海提右營
江南提標右營上海城守分府,上海提右營
江南提臺,江南提督
江南籌防總,江南籌防總
江南製浩局,江南製造局
江南製紙股份有限公司,江南製紙公司
江南製造局,江南製造局
江南道,Remove
江南銀行（已淸理）,江南銀行
江右各學,Remove
江天,Remove
江天船,Remove
江孚,Remove
江孚輪,Remove
江安糧道,江安糧道
江寍府,江寧府
江寍府知府,江寧府
江寍府課監院,江寧府
江寗府,江寧府
江寗府待質公所,江寧府
江寗縣,江寧縣
江寛,Remove
江寛輪船本埠道營廳縣英法會,道營廳縣
江寧分局,江寧路分局
江寧府,江寧府
江寧縣,江寧縣
江寧賑局,江寧賑局
江寧路分局,江寧路分局
江寧路分局長壽路派出所,江寧路分局
江平,Remove
江投醫院,江投醫院
江東恆茂店,江東恆茂店
江東恒茂店,江東恆茂店
江權借試院,江權借試院
江永,Remove
江洋廣貨店,江洋廣貨店
江浙,Remove
江浙商業儲蓄銀行,江浙商業儲蓄銀行
江浙農業改進委員會,江浙農業改進委員會
江海,Remove
江海新關,江海關
江海銀行,江海銀行
江海関,江海關
江海關,江海關
江海關稅務司署,江海關稅務司署
江海關道憲龔觀察提右營,上海提右營
江海關道聶觀察提右營,江海關道
江海關道聶觀察札委西門外巡防局員,江海關道
江海關道龔察札委,江海關道
江漢關,江漢關
江灣分局,江灣分局
江灣機場汽車修理處,江灣機場汽車修理處
江灣機場空軍第十勤務大隊,江灣機場空軍第十勤務大隊
江灣警察分局,江灣警察分局
江甯賑局,江寧賑局
江益昌店,江益昌店
江蘇上海地方法院,江蘇上海地方法院
江蘇上海第一特區地方法院,江蘇上海第一特區地方法院
江蘇上海第二特區地方法院,江蘇上海第二特區地方法院
江蘇候補知府,江蘇候補知府
江蘇候補道會,江蘇候補道會
江蘇司,Remove
江蘇地方法院,江蘇上海地方法院
江蘇委,Remove
江蘇布政使司勒按察使司,江蘇布政使
江蘇捲菸稅局,江蘇捲煙稅局
江蘇海運,江蘇海運總局
江蘇海運局,江蘇海運總局
江蘇海運津局,江蘇海運總局
江蘇海運滬局,江蘇海運總局
江蘇海運總局,江蘇海運總局
江蘇省保安司令部,江蘇省保安司令部
江蘇省政府,江蘇省政府
江蘇省政府江南行署,江蘇省政府江南行署
江蘇省立第一工業學校,江蘇省立第一工業學校
江蘇省軍人監獄,江蘇省軍人監獄
江蘇省農民銀行,江蘇省農民銀行
江蘇省農民銀行總行,江蘇省農民銀行
江蘇省高等法院,江蘇省高等法院
江蘇省黨部,江蘇省黨部
江蘇督撫遴員,Remove
江蘇粮儲道,江蘇糧儲道
江蘇糧儲道,江蘇糧儲道
江蘇糧道,江蘇糧儲道
江蘇織造署,江蘇織造署
江蘇藥水廠,江蘇藥水廠
江蘇農民銀行,江蘇農民銀行
江蘇農民銀行上海分行,江蘇省農民銀行
江蘇銀行,江蘇銀行
江蘇高等法院,江蘇省高等法院
江裕,Remove
江裕輪船,Remove
江西全泰盛局,江西全泰盛局
江西剛字營申總,江西剛字營
江西司,Remove
江西大憲,Remove
江西學憲龍,Remove
江西學院,江西學院
江西淮鹽督銷局,江西督銷淮鹽總局
江西淮鹽總局,江西淮鹽總局
江西督銷局,江西督銷淮鹽總局
江西貢院,江西學院
江西贑南兵備道恆,江西贑南兵備道
江防事 宣營務處,江防事 宣營務處
江防府,江防府
江防海防水師,江防海防水師
江陰營,江陰防營
江陰縣正堂,江陰縣
池州礦務新局,池州礦務新局
汪僞市府,上海市政府
汪僞政府縣政營處,政府縣政營處
汪德裕醬園,汪德裕醬園
汪桂卿,Remove
汪瑞林堂,Remove
汴局,Remove
汽車運輸商會,汽車運輸商會
沅圃制軍,沅圃制軍
沈乾大醬園,沈乾大醬園
沈制軍,Remove
沈制軍委,Remove
沈君梅谷會,Remove
沈增榮　飯店,Remove
沈明府,Remove
沈福堂,Remove
沈福成,Remove
沈茂堂,Remove
沈開堂,Remove
沈雲閣,Remove
沐錦堂,沐錦堂
沙利文糖果公司,沙利文糖果公司
沙市淮鹽分局,沙市淮鹽分局
沙市牙厘局,沙市牙釐局
沙市紗廠,沙市紗廠
沙洋行,沙遜洋行
沙船幫,沙船幫
沙谷,Remove
沙谷公司,沙谷公司
沙遜,沙遜洋行
沙遜土行,沙遜洋行
沙遜洋行,沙遜洋行
沙遜行,沙遜洋行
河　局,河工局
河南學台,Remove
河南省勸捐公所,河南省勸捐公所
河南賑局,河南賑局
河工局,河工局
河廳,河鹽廳
河海巡緝營,河海巡緝營
河鹽廳,河鹽廳
治中都察院,都察院
泉慶奎班,Remove
泉漳會館,泉漳會館
泒利洋行,泒利洋行
法公,法公
法公司,法國公司
法公堂,法界會審公廨
法公廨,法界會審公廨
法公董局,公董局
法兵,法軍
法分堂,法界會審公廨
法商新盛洋行,新盛洋行
法商電燈電車公司,法商電燈電車公司
法商電車公司,法商電燈電車公司
法國　署,法界會審公廨
法國公司,法國公司
法國租界巡捕房,公董局巡捕房
法外堂,法外堂
法大馬路震泰錢莊,震泰錢莊
法守審公堂,法界會審公廨
法工部,公董局
法工部局,公董局
法廷,法廷
法必堂,Remove
法捕,法租界巡捕房
法捕房,法租界巡捕房
法捕房飭,法租界巡捕房
法文公塾,Remove
法昌洋行,法昌洋行
法會,法會
法會審公堂,法界會審公廨
法界,Remove
法界　堂,法界會審公廨
法界信昌泰裝船行,信昌泰裝船行
法界公堂,法界會審公廨
法界公廨,法界會審公廨
法界公董,公董局
法界公董局,公董局
法界大馬路西國飯店,西國飯店
法界工部,公董局
法界工部局,公董局
法界招商局,法界招商局
法界會,法界會審公廨
法界會審,法界會審公廨
法界會審公堂,法界會審公廨
法界會審公廨,法界會審公廨
法界會審員,Remove
法界會審署,法界會審公廨
法界東洋涇浜西國酒店,西國酒店
法界烟館,Remove
法界縣署,公董局
法界老益,Remove
法界西馬路順昌雜貨店,順昌雜貨店
法界順泰店,順泰店
法界餘慶里口粥店,餘慶里口粥店
法界首善堂,法界首善堂
法祖堂,法界會審公廨
法科大學,法科大學
法租界公堂,法界會審公廨
法租界公董局,公董局
法租界商界總聯合會,法租界商界總聯合會
法租界四明公所,四明公所
法租界太古洋行,太古洋行
法租界太古碼頭當經禪臣洋行,禪臣洋行
"法租界工部局
",公董局
法租界廣源利糖機,Remove
法租界永安街首善堂,永安街首善堂
法租界華人納稅會,法租界納稅華人會
法租界裕豐錢莊,裕豐錢莊
法租界警務處刑事科,公董局界警務處
法租界輪船公司,輪船公司
法租界開花烟館,開花烟館
法租界養正學堂,養正學堂
法總,Remove
法總巡捕頭,法國租界巡捕房
法總領事公館,法總領事署
法總領事署,法總領事署
法華司,法華司
法華派出所,法華派出所
法華鎭雜貨店,法華鎭雜貨店
法蘭代沙　洋行,法蘭代沙蓀洋行
法蘭西公司,法蘭西輪船公司
法蘭西輪船公司,法蘭西輪船公司
法蘭西銀行,法蘭西銀行
法西捕,法租界巡捕房
法軍,法軍
法輪寺内巡局,法輪寺内巡局
法巡,法租界巡捕房
法巡捕房,法租界巡捕房
法領事署,法國總領事署
波府,波府
泥渡巡防局,泥渡巡防局
注工部局,工部局
泰　染坊,泰華染坊
泰來化學糊精廠,泰來化學糊精廠
泰來庄,泰來庄
泰來洋行,泰來洋行
泰來錢莊,泰來錢莊
泰信局,泰信局
泰和,Remove
泰和坊棧,泰和坊棧
泰和洋行,泰和洋行
泰和洋行出口部,泰和洋行
泰和祥紙號,泰和祥紙號
泰和齋,Remove
泰四,Remove
泰嫁粧,Remove
泰安棧,泰安棧
泰山保險公司,泰山保險公司
泰山公司,泰山公司
泰山分局,泰山分局
泰山磚瓦公司,泰山磚瓦公司
泰山磚瓦公司華豐紡織廠,泰山磚瓦公司華豐紡織廠
泰成,Remove
泰昌　鮮行,泰昌冰鮮行
泰昌冰鮮行,泰昌冰鮮行
泰昌十三箱店,泰昌十三箱店
泰昌呢羢號,泰昌呢羢號
泰昌外國木器店,泰昌外國木器店
泰昌客棧,泰昌客棧
泰昌棉布號,泰昌棉布號
泰昌棧,泰昌客棧
泰昌洋行,泰昌洋行
泰昶莊,泰昶莊
泰晤士,泰晤士
泰發,Remove
泰盛,Remove
泰盛鋪,泰盛鋪
泰祥烟館,泰祥煙館
泰立洋廣貨鋪,泰立洋廣貨鋪
泰立鋪,泰立鋪
泰興,Remove
泰興洋行,泰興洋行
泰華染坊,泰華染坊
泰衣莊,泰衣莊
泰豆行,泰豆行
泰豆麥,Remove
泰豐,Remove
泰豐公典,泰豐公典
泰豐布號,泰豐布號
泰豐行,泰豐行
泰豐銀樓,泰豐銀樓
泰隆洋行,泰隆洋行
泰顏料號,泰顏料號
泳利公司,泳利公司
泳吉潤絲線,Remove
洋　局,洋務總局
洋人四美司,Remove
洋人拉送公堂,Remove
洋人處,洋人處
洋倩麥加利銀行,洋倩麥加利銀行
洋元,Remove
洋務,Remove
洋務保甲局,洋務保甲局
洋務保甲等局,Remove
洋務委員,Remove
洋務局,洋務總局
洋務局員,Remove
洋務書辦,Remove
洋務縂局,洋務總局
洋務總局,洋務總局
洋口稅釐,Remove
洋地,Remove
洋婦處,洋婦處
洋存堂,洋存堂
洋布機器局,洋布機器局
洋廣店,洋廣店
洋廣貨,洋廣貨鋪
洋廣雜貨舖,洋廣雜貨舖
洋廣雜貨鋪,洋廣雜貨舖
洋明府,Remove
洋東,Remove
洋樂局,洋藥釐捐局
洋涇分局,洋涇分局
洋藥厘捐局,洋藥釐捐局
洋藥周,Remove
洋藥局,洋藥釐捐局
洋藥捐,洋藥釐捐局
洋藥捐局,洋藥釐捐局
洋藥稅局,洋藥釐捐局
洋藥稅捐總局,洋藥釐捐局
洋藥緝私局,洋藥釐捐局
洋藥釐捐局,洋藥釐捐局
洋行,Remove
洋貨公所,洋貨公所
洋貨行,洋貨行
洋銀,Remove
洙涇道院,洙涇道院
津倉厫支應局,津倉厫支應局
津城直督行轅,Remove
津局,Remove
津浦區路局,津浦區路局
津海關,Remove
津海關道,津海關道
津海關道衙門,津海關道
津滬電報,Remove
津通局,Remove
津黨,Remove
洪昌布店,洪昌布店
洪泰紙店,洪泰紙店
洪盛米店,洪盛米店
洪筏房,Remove
洪裕京貨店,洪裕京貨店
洪誥,Remove
洪餘慶堂,洪餘慶堂
洲泉協,Remove
洲頭厘局,洲頭釐局
洽昌呢羢號,洽昌呢羢號
洽泰,Remove
洽茂冷氣公司,洽茂冷氣公司
派蘇差委,Remove
流公所,Remove
流雲小火,Remove
浙東商業銀行,浙東商業銀行
浙東銀行,浙東銀行
浙江,Remove
浙江司,Remove
浙江同善堂,浙江同善堂
浙江同鄕會,浙江旅滬同鄕會
浙江報館,浙江報館
浙江委,Remove
浙江定海廳,浙江定海廳
浙江實業銀行,浙江實業銀行
浙江文闈,Remove
浙江新巿西卡厘捐局趙委員處,浙江新巿西卡釐捐局趙委員處
浙江水利協會,浙江水利協會
浙江海運,浙江海運總局
浙江海運局,浙江海運總局
浙江海運總局,浙江海運總局
浙江省保安司令部,浙江省保安司令部
浙江省參,浙江省參議會
浙江省政府,浙江省政府
浙江省政府委員兼財政廳,浙江省政府
浙江省杭州醫院,浙江省杭州醫院
浙江省財政廳,浙江省財政廳
浙江省財政廳長,浙江省財政廳
浙江臬臺,浙江臬司
浙江興業銀行,浙江興業銀行
浙江處州,Remove
浙江補用道特調寍波府,寧波府
浙江農民改進委員會,浙江農民改進委員會
浙江運憲委,Remove
浙江防軍,浙江防軍
浙江高等法院,浙江省高等法院
浙海漁業公司,浙海漁業公司
浙皖區,Remove
浙省協募,Remove
浙省撫標中軍,浙省撫標中軍
浙省牙厘總局,浙省牙釐總局
浙紹醫院,浙紹醫院
浙臬後卽,Remove
浙西水師,Remove
浙西鹽捕營,浙西鹽捕營
浙西鹽巡,浙西鹽巡
浙財廳,浙江省財政廳
浙鹽,Remove
浦上文塾義學,Remove
浦司,Remove
浦同泰玳瑁店,浦同泰玳瑁店
浦城同善堂,浦城同善堂
浦城電報局,浦城電報局
浦東上海商業儲蓄銀行,浦東商業儲蓄銀行
浦東商業儲蓄銀行,浦東商業儲蓄銀行
浦東地方建設公司,浦東地方建設公司
浦東建設公司,浦東建設公司
浦東爛　渡巡防局,浦東爛泥度巡防局
浦東爛泥度巡防局,浦東爛泥度巡防局
浦東祥生鐵廠,浦東祥生鐵廠
浦東船廠,浦東耶松船廠
浦東巡防局,浦東巡防局
浦東銀行,浦東銀行
浦東電力公司,浦東電力公司
浦東電氣公司,浦東電氣公司
浦江水利局,浦江水利局
浩亭,Remove
浮梁縣商會,浮梁縣商會
浮溪厘局,浮溪釐局
浴葉工會,浴葉工會
海中美醫院,海中美醫院
海京洋行,海京洋行
海分司,Remove
海利,Remove
海利鋪,Remove
海園露天遊樂場,海園露天遊樂場
海安船,Remove
海寧州署,海寧州署
海市參議會,上海市參議會
海市參議會茶會,上海市參議會茶會
海昌玻璃廠,海昌玻璃廠
海晏,Remove
海晏輪,Remove
海曙,Remove
海校友會 ,上海校友會
海格路小學,海格路小學
海法總領事衙門,法總領事署
海琛,Remove
海甯州署,海寧州署
海縣,Remove
海縣川沙廳,川沙廳
海而,Remove
海觀,Remove
海豐企業股份有限公司,海豐企業公司
海軍,海軍
海軍淮陰炮艇,Remove
海軍省,Remove
海軍醫院,海軍醫院
海運　局,海運滬局
海運局,海運滬局
海運津通局,海運津局
海運滬局,海運滬局
海道頭巡政廳,海道頭巡政廳
海門局,海門局
海門廳,Remove
海關,江海關
海關稅務司,江海關
海關稅署,海關稅署
海關道,海關道
海關道衙門,江海關道
海關道邵觀察委水利局,江海關道
海防,海防分府
海防分,Remove
海防分府,海防分府
海防厘金分局,海防分府
海防同知衙署,海防分府
海防廳,海防分府
海防廳署,海防廳署
海防營務處,海防分府
海防署,海防廳署
海防處,海防分府
海鹽,Remove
海龍,Remove
海龍廳,海龍廳
海龍紙廠侖庫,海龍紙廠侖庫
消防處,消防處
淞北水師,Remove
淞北水陸軍,淞北水陸軍
淞北營葉協,淞北營
淞滬區別動第二支隊,淞滬區別動第二支隊
淞滬司令部稽查大隊,淞滬司令部稽查大隊
淞滬捐釐總局,淞滬捐釐總局
淞滬教養院,淞滬教養院
淞滬警備,淞滬警備司令部
淞滬警備司令部,淞滬警備司令部
淞滬警備部,淞滬警備司令部
淞滬警備部北區稽查所,淞滬警備司令部北區稽查所
淞滬警備部電警局,淞滬警備司令部部電警局
淞滬警察司令部訓令警察局,淞滬警備司令部訓令警察局
淞滬黨政軍聯合辦事處,淞滬黨政軍聯合辦事處
淡水,Remove
淮南煤礦局,淮南煤礦局
淮南總局,淮南總局
淮安府,淮安府
淮揚兵備道,淮揚兵備道
淮揚海道,淮揚海道
淮揚道,Remove
淮粥廠,淮粥廠
淮軍,淮軍
淮軍轉運局,淮軍轉運局
淮陽幫,淮陽幫
淮鹽,Remove
淮鹽分局,淮鹽局
淮鹽局,淮鹽局
淮鹽總局,淮鹽局
淮鹽總棧,淮鹽局
深坑厘局,深坑釐局
混名酒店,混名酒店
淸心書院,淸心書院
淸日貿易商會,淸日貿易商會
淸潔業工會,淸潔業職工會
淸潔業職工會,淸潔業職工會
淸琦樓,淸琦樓
淸節堂,淸節堂
淸芬堂,淸芬堂
淸音班,Remove
淺井廟,淺井廟
添源順糕糰店,添源順糕糰店
清　江鎭尋村,Remove
清帥幕府,Remove
清江善後局,清江善後局
清江河工局,清江河工局
清江漕署,清江漕署
清江電報局,清江電報局
清河捕廳,清河捕廳
清淮水師,清淮水師
清漕,Remove
清烟館,清煙館
清芬堂,清芬堂
清芬堂烟館,清芬堂煙館
清華大學,淸華大學
清軍府,清軍府
清道一局,Remove
清道局,清道局
清香閣,清香閣
温州光明火柴公司,温州光明火柴公司
温州牙厘局,温州牙釐局
温州釐局,温州釐局
温處,Remove
温處道,温處道
温郡,Remove
港中保,Remove
港務委員會,港務委員會
港務委會,港務委員會
港務整理委員會,港務整理委員會
港務正理委員會,港務整理委員會
港口運輸司令部,港口運輸司令部
港委會,港務委員會
港督,Remove
湖北學政,Remove
湖北川鹽釐局,湖北川鹽釐局
湖北會,湖北會
湖北武昌左衛委,Remove
湖北淮軍轉運局,湖北淮軍轉運局
湖北督銷局,湖北督銷淮鹽總局
湖北督銷淮鹽局,湖北督銷淮鹽總局
湖北鹽法道江觀察,湖北鹽法道
湖協,Remove
湖南司,Remove
湖南學政,Remove
湖南寶慶帮,Remove
湖南救嬰局,湖南救嬰局
湖口厘局,湖口釐局
湖口局,湖口釐局
湖口總鎭,Remove
湖口巡局,湖口巡局
湖口鎭水師,湖口水師鎮署
湖岑辦,Remove
湖州,Remove
湖州仁濟堂,湖州仁濟堂
湖州府,湖州府
湖州會館,湖州會館
湖廣司,Remove
湖廣總督部堂總理營務處,湖廣總督部
湖田濟善堂,湖田濟善堂
湖田巡查局,湖田巡查局
湖絲棧,湖絲棧
湖郡局,湖郡局
湘園茶館,湘園茶館
湘振聲,Remove
湘楚水師,Remove
湘管,Remove
湘軍,Remove
湧順,Remove
湧順莊,湧順莊
湯團,Remove
滋事處,Remove
滋大莊,Remove
滋康錢莊棧,滋康錢莊棧
滋豐錢莊,滋豐錢莊
源典,Remove
源和永,Remove
源和永煤炭店,源和永煤炭店
源大洋行,源大洋行
源新聞館,源新聞館
源昌鐵行,源昌鐵行
源昌魚行,源昌魚行
源棧,Remove
源泰,Remove
源源證券號,源源證券號
源祥公司,源祥公司
源興土店,源興土店
源興店,源興土店
源興押舖,源興押舖
源興舖,源興舖
源興鐡店,源興鐡店
源茂槽坊,源茂槽坊
源茂笙記冰鮮魚行,源茂笙記冰鮮魚行
源茂茶葉店,源茂茶葉店
源裕榮記五金皮帶無線電料行,源裕榮記五金皮帶無線電料行
源記錢莊,源記錢莊
源豐,Remove
源豐油車,源豐油車
源豐洋布,Remove
源豐潤,Remove
源順店,源順押店
源順押店,源順押店
溝渠河道處,溝渠河道處
溥益紗廠,溥益紗廠
溥益紡織公司,溥益紡織公司
溧水幫,溧水幫
溫州光明火柴股份有限公司,溫州光明火柴公司
滇軍,Remove
滇電局,滇電局
滙豐,Remove
滙豐銀行,滙豐銀行
滬上招商局,招商輪船局
滬上求志書院,求志書院
滬上洋務局,上海洋務局
滬上製造局,江南製造局
滬上貨捐局,滬上貨捐局
滬北仁濟善堂,仁濟善堂
滬北仁濟留嬰局,滬北仁濟留嬰局
滬北四明公所,四明公所
滬北廣肇公所,廣肇公所
滬北棲流公所,滬北棲流公所
滬北棲流公所司,滬北棲流公所
滬北棲流所,滬北棲流公所
滬北長春堂,滬北長春堂
滬北長源泰萬安樓,長源泰萬安樓
滬北電報總局,滬北電報總局
滬南工程局,南巿馬路工程局
滬南放生同,Remove
滬南某局,Remove
滬南水警,滬南水警
滬南永恆同泰,Remove
滬南永恒同泰,Remove
滬南海運滬局,滬南海運滬局
滬南王家碼頭天和荳行,天和荳行
滬南船幫,滬南船幫
滬南製造局,江南製造局
滬南製造總局,江南製造局
滬南豐和米行,滬南豐和米行
滬南馬路工程局,南巿馬路工程局
滬南高昌廟,高昌廟
滬報,Remove
滬報館,Remove
滬局,Remove
滬江織造廠,滬江織造廠
滬西商,Remove
滬詣製造局,江南製造局
滬軍,Remove
滬邑尊,Remove
漕憲委,Remove
漕憲遴委,Remove
漕標營務處,漕標營務處
漕河涇圖,Remove
漕釐局,漕釐局
漢冶萍煤鐵礦公司,漢冶萍煤鐵礦公司
漢冶萍綱鉄廠,漢冶萍煤鐵礦公司
漢口信和洋行,漢口信和洋行
漢口分局,漢口分局
漢口塾,Remove
漢口日升洋行,漢口日升洋行
漢口熾昌硝皮公司,漢口熾昌硝皮公司
漢口熾昌硝鹻公司,漢口熾昌硝皮公司
漢口茶業公所,漢口茶業會館
漢口茶業會館,漢口茶業會館
漢口輪,Remove
漢口電局,漢口電局
漢安回,Remove
漢察院,漢察院
漢局,Remove
漢廣,Remove
漢文正楷印書局,漢文正楷印書局
漢日生,Remove
漢皋,Remove
漢皋太古船行,漢皋太古船行
漢碍齋,Remove
漢軍,Remove
漢鎮　實堂救生局,漢鎮　實堂救生局
漢陽兵工廠理化科,漢陽兵工廠
漢陽工業廠,漢陽工業廠
漢陽府通判衙署,漢陽府通判衙署
漢陽通判署,漢陽通判署
漢陽鋼鐵廠,漢陽鋼鐵廠
漳州府愼德堂,漳州府愼德堂
漳盛燕窩店,漳盛燕窩店
漸江旅滬同鄉會,浙江旅滬同鄕會
潁州,Remove
潘臺,Remove
潘院,Remove
潛山營,Remove
潞河書院,潞河書院
潤州,Remove
潤庠翰林院,翰林院
潤德堂藥店,潤德堂藥店
潤昶工業原料公司,潤昶工業原料公司
潤泰,Remove
潤泰華行股份有限公司,潤泰華行公司
潤生錢莊,潤生錢莊
潤輝,Remove
潭州鳳儀堂,潭州鳳儀堂
潮州幫,潮州幫
潮州會,潮州會
潮幫,Remove
潮惠,Remove
潮惠幫,潮惠幫
潮惠會館,潮惠會館
潮會,Remove
潯州府玉觀察樂,潯州府
澳門鏡湖醫院,澳門鏡湖醫院
澳順船,Remove
濟善堂,濟善堂
濟堂,Remove
濟安,Remove
濟寗電局,濟寧電報分局
濟民染織廠,濟民染織廠
濟民醫院,濟民醫院
濟總署,濟總署
濟醫,濟醫院
濟醫院,濟醫院
濟醫館,濟醫院
濬浦總局,濬浦總局
濮院,Remove
瀘州電局,瀘州電局
瀘災賑所,瀘災賑所
瀘賑,Remove
瀾渡巡防局,瀾渡巡防局
火藥局,火藥局
火藥局機器局,火藥局機器局
災童療養院,災童療養院
烟平公,Remove
烟臺,Remove
烟臺滋大洋行,煙臺滋大洋行
烟館,Remove
無綫電材料業同業公會,無綫電材料業同業公會
無線電機製造廠,無線電機製造廠
無譁,Remove
無錫旅滬同鄕會,無錫旅滬同鄕會
無錫法院,無錫法院
無錫泰隆麵粉公司,無錫泰隆麵粉公司
無錫瑞綸絲廠,無錫瑞綸絲廠
無錫鹽公堂,無錫鹽公堂
焦河幫,焦河幫
煙台,Remove
煙台東海關署,煙台東海關署
煙館,Remove
煤務局,煤務局
煤局,Remove
煤業銀行,上海煤業銀行
煤炭店,煤炭店
煤炭行爲棧司,煤炭行
照會堂,照會堂
照瑗營務處,照瑗營務處
熟皮公司,熟皮公司
熾昌新公司,熾昌新公司
熾昌新製膠廠,熾昌新製膠廠
燃管會,燃管會
燕　堂,燕翼堂
燕京南開協和約翰各大學,燕京南開協和約翰各大學
燕京大學,燕京大學
燕吟,Remove
燕家浜局,燕家浜局
燕翼堂,燕翼堂
燕貽堂,燕翼堂
營務處,營務處
營口廳,營口廳
營口海防廳,營口海防廳
營口海防廳衙門,營口海防廳
營口海防應堂,營口海防廳
營口電局,營口電報局
營業稅稽徵處,營業稅稽徵處
營每關稅務司,營每關稅務司
燮昌火柴公司,燮昌火柴公司
爛坭渡飯店,爛坭渡飯店
爛泥渡,Remove
牙厘局,牙釐總局
牙厘總局,牙釐總局
牙帖局,牙釐總局
牙捐局,牙釐總局
牙蘆局,牙釐總局
牙釐局,牙釐總局
牙釐總局,牙釐總局
牛痘局,牛痘局
特命外部府,特命外部府
犬茂錢莊,犬茂錢莊
狀元橋釐捐局,狀元橋釐捐局
狹義黨,狹義黨
玉堂,Remove
玉成班,Remove
玉林春,Remove
玉林春帮,Remove
玉林春烟,Remove
玉林春煙,Remove
玉樹堂,玉樹堂
玉潤堂,玉潤堂
玉環廳,玉環廳
玉環營,Remove
玉環總捕府,Remove
玉甫明府,Remove
玉錦舟,Remove
玉露春,Remove
王　同仁醫院,同仁醫院
王　興,Remove
王仁濟醫院,王仁濟醫院
王兆祥投影公堂,英界會審公廨
王公館,Remove
王六,Remove
王司馬升堂,Remove
王君省齋宗,Remove
王媽圈,Remove
王家媽,Remove
王明府,Remove
王源隆棧,王源隆棧
王祥順木器店,王祥順木器店
王萬興銅器店,王萬興銅器店
王經募,Remove
王芸莊明府,Remove
王英公堂,Remove
王蓂生,Remove
王西坨明府,Remove
王軍門,Remove
王進順內店,王進順內店
王邑尊升堂,Remove
王陞泰帽鋪,王陞泰帽鋪
王順泰木器店,王順泰木器店
珠花店,珠花店
琅瑶社,Remove
理事署,Remove
理堂,Remove
理審院,Remove
理英界,Remove
理藩院,理藩院
理軍械所,理軍械所
理髮業工會,理髮業工會
琯溪釐局,琯溪釐局
琴堂,Remove
琴通紗廠,琴通紗廠
瑞倫煙公司,瑞倫煙公司
瑞和顏料靛靑號,瑞和顏料靛靑號
瑞商盛亨洋行進口部,瑞商盛亨洋行
瑞安厘局,瑞安釐局
瑞安縣四賦糧文管理處,瑞安縣四賦糧文管理處
瑞康,Remove
瑞康成記顏料號,瑞康成記顏料號
瑞康鋪,瑞康鋪
瑞昇祥,Remove
瑞昇祥洋廣貨店,瑞昇祥洋廣貨店
瑞昌,Remove
瑞昌庄,瑞昌庄
瑞昌洋行,瑞昌洋行
瑞昌行,瑞昌行
瑞林,Remove
瑞林祥,Remove
瑞泰,Remove
瑞泰棧,瑞泰棧
瑞泰洋東,Remove
瑞泰莊,瑞泰莊
瑞泰錢莊,瑞泰錢莊
瑞生洋貨店,瑞生洋貨店
瑞生祥洋行,瑞生祥洋行
瑞祥東洋,Remove
瑞祥泰磚,Remove
瑞祥洋貨店,瑞祥洋貨店
瑞福,Remove
瑞興樓茶館,瑞興樓茶館
瑞裕錢莊,瑞裕錢莊
瑞記,Remove
瑞記有限公司,瑞記公司
瑞記洋行,瑞記洋行
瑞記雜貨行,瑞記雜貨行
瑪利生,Remove
瑪禮遜洋行,瑪禮遜洋行
瑯琊留餘軒,Remove
璇璣道院,璇璣道院
環龍路一七二號,環龍路一七二號
瓊州瑞泰洋行,瓊州瑞泰洋行
瓊州黎匪,Remove
瓜洲水師,瓜洲水師營
瓷業銀行,瓷業銀行
甌海洋關,Remove
甘凉道,Remove
甘泉縣署,甘泉縣署
甘肅省會警察局,甘肅省會警察局
甘軍,Remove
甘軍九營,甘軍九營
生元行,生元行
生基巷　幫,Remove
生大承記錢莊,生大承記錢莊
生大茶葉店,生大茶葉店
生昌行,生昌行
生泰,Remove
生泰皮箱店,生泰皮箱店
生泰缸甏店,生泰缸甏店
生源洋行,生源洋行
生生堂,生生堂
生甫,Remove
"生織造廠

","生織造廠

"
生老船廠,生老船廠
生記庄,生記庄
生記莊,生記莊
生記錢庄,生記錢庄
生隆,Remove
甡甡堂,甡甡堂
甬東一圖,Remove
甬東分司,甬東分司
甬東司,Remove
甬東司巡檢,甬東司巡檢
甬江,Remove
甬江吳公館,Remove
甬江狀元樓,甬江狀元樓
甯局,Remove
甯河幫,寧河幫
甯波府,寧波府
甯波府經廳,寧波府
甯波道,寧波道
甯紹台,Remove
甯紹輪船公司,寧紹輪船公司
田舍翁,Remove
田陸邑尊升堂,Remove
由公堂,Remove
由松堂,Remove
由源記庄,源記庄
由滬匯豐匯營,滬匯豐匯營
由生大號,生大號
由義堂,Remove
由英捕房,工部局巡捕房
由蘇省水利局,蘇省水利局
由西包控,Remove
甲保辦公處,甲保辦公處
甲南局,Remove
甲富堂,Remove
甲戍科,Remove
甲投縣報,Remove
甲源洋行,甲源洋行
甲總局,Remove
甲西局,Remove
申　　　備店,Remove
申元錢庄,申元錢庄
申和橡膠廠,申和橡膠廠
申地店,Remove
申報,申報
申報協振所,申報協振所
申報協賑所,申報協賑所
申報賑所,申報協賑所
申報館,申報館
申報館公所,申報館
申報館協賑所,申報館
申報點石齋,申報館點石齋
申大染織公司,申大染織公司
申康洋行,申康洋行
申新一廠,申新紡織公司
申新七廠,申新紡織公司
申新九廠,申新紡織公司
申新四廠,申新紡織公司
申新紡織公司,申新紡織總公司
申新紡織廠,申新紡織公司
申新紡織廠第九廠,申新紡織公司
申新紡織第九廠,申新紡織公司
申新紡織總公司,申新紡織公司
申昌,Remove
申昌書,申昌書
申昌書局,申昌書畫室
申昌書畫室,申昌書畫室
申昌林盈記,申昌林盈記
申時電訊社,申時電訊社
申浦,Remove
申港局,申港局
申源京廣貨店,申源京廣貨店
申滬報館,申報館
申萬豐洋貨號,申萬豐洋貨號
申經英會,英界會審公廨
申豐麵粉廠,申豐麵粉廠
界大工頭,Remove
界會,Remove
留嬰,Remove
留嬰局,留嬰局
當務處,Remove
當塗人當塗縣學,Remove
當塗縣大信司,Remove
當解公堂,Remove
疊列沙遜洋行,沙遜洋行
登　青道,登萊青道
登來青道,Remove
登局,Remove
登萊青道,登萊青道
發善堂,發善堂
發審,Remove
發審一,Remove
發審局,發審局
發昌,Remove
發昌洋行,發昌洋行
發昌洋貨店,發昌洋貨店
發昌裕泰恆平和,Remove
發昌裕泰恒平和,Remove
發糧廳,發糧廳
發行準備管理委員會,發行準備管理委員會
發訊局,發訊局
發記,Remove
發記染廠,發記染廠
白作幫,白作幫
白幫,Remove
白戱者,Remove
白旂黨,Remove
白芙堂,白芙堂
白蓮教,Remove
白蓮池,Remove
百川通匯,百川通匯
百樂汽車公司,百樂汽車公司
百貨業同業公會,百貨業同業公會
百貨業職工福利刑事股,百貨業職工福利刑事股
百靈廳,百靈廳
皖北牙厘局,皖南牙釐總局
皖北牙厘總局,皖南牙釐總局
皖南局,皖南牙釐總局
皖南牙厘局,皖南牙釐總局
皖南牙厘總局,皖南牙釐總局
皖南牙釐局,皖南牙釐總局
皖南牙釐總局,皖南牙釐總局
皖岸淮鹽督銷局,皖岸淮鹽督銷局
皖撫英宮,Remove
皖省鄭工捐局,皖省鄭工捐局
盆湯弄新巡捕房,盆湯弄巡捕房
盆湯弄巡捕房,盆湯弄巡捕房
盈泰,Remove
益中福記機器瓷電公司,益中福記機器瓷電公司
益仁,Remove
益仁錢莊,益仁錢莊
益利堂,益利堂
益大,Remove
益大夥,Remove
益大染坊,益大染坊
益大運輸行,益大運輸行
益康裕電料行,益康裕電料行
益承庄,益承庄
益承錢莊,益承錢莊
益泰洋行,益泰洋行
益泰茶葉,益泰茶葉店
益泰茶葉店,益泰茶葉店
益源棧,益源棧
益義,Remove
益義店,益義店
益義竹布店,益義竹布店
益聞録,Remove
益記棧,益記棧
益豐成,Remove
益豐搪瓷廠,益豐搪瓷廠
盛　　　　　　　　　　　　　　　　海,Remove
盛京,Remove
盛京兵部,盛京兵部
盛京兵部本處,盛京兵部
盛京工部,盛京工部
盛信局,盛信局
盛公館,Remove
盛杏蒸觀察所股上海戒烟局盛署,上海戒煙局盛署
盛貽本棧,盛貽本棧
監政廳,Remove
監生等,Remove
監部,Remove
盤川公堂,盤川公堂
盧善餘堂,盧善餘堂
盧墟,Remove
盧灣分局,盧灣分局
盧誠堂,Remove
直隸井隆礦務局,直隸井隆礦務局
直隸保定府,保定府
直隸卽派,Remove
直隸司,Remove
相騐法公司,法國公司
省中,Remove
省中工程局,省中工程局
省中發審局,省中發審局
省垣三大書院,三大書院
省城軍械廳,省城軍械廳
省大憲委府,省大憲委府
省憲,Remove
省憲委,Remove
省憲委員,Remove
省憲札委,Remove
省憲檄,Remove
省憲檄委,省憲檄委
省憲派,Remove
省昧齋,Remove
省經臬憲,省經臬憲
省總局,省總局
省訊辦,Remove
眞州存心堂,Remove
眞裕地產公司,眞裕地產公司
真如分局,真如分局
眠雲,Remove
眠雲閣,Remove
着交部,Remove
督中協,Remove
督察處,督察處
督憲委礦政局,Remove
督捕廳,督捕廳
督標管務,督標管務
督粮道,督粮道
督粮道署,督粮道署
督轅忠信兩字營製造局砲隊營,忠信兩字營製造局砲隊營
督辦牙釐總局,督辦蘇省牙釐總局
督辦牙釐總局內閣,督辦蘇省牙釐總局
督辦蘇省牙厘總局內閣,督辦蘇省牙釐總局
督辦電報局,督辦電報局
督銷鹽局,督銷鹽局
瞿利法,Remove
瞿瑞茶館,瞿瑞茶館
知仁莊,知仁莊
知照局,知照局
石印書局,石印書局
石浦廳,石浦廳
石炳堂,石炳堂
石碼厘局,石碼釐局
石蘭齋,Remove
石路中黃鶴樓,黃鶴樓
石門局,石門局
石門營生署四涇,石門營生署
硝局,Remove
硝磺局,硝磺局
磚頭業工會,磚頭業工會
礦務局,硝磺局
礦務總局,硝磺局
礦政督銷局,硝磺局
社會局,上海市社會局
社會局勞資評斷委員會,社會局勞資評斷委員會
社會財政局,Remove
社會部,社會部
祗希德鑒上海北市絲業會館籌賑公所,上海北巿絲業會館賑公所
祝品軒,Remove
神戶,Remove
神户理事署,神户理事署
祥和,Remove
祥和仁烟間,祥和仁煙間
祥泰,Remove
祥泰洋行,祥泰洋行
祥泰洋貨號,祥泰洋貨號
祥生廠,祥生船廠
祥生新廠,祥生船廠
祥生船廠,祥生船廠
祥發公,Remove
祥發客棧,祥發客棧
祥發棧,祥發棧
祥符寺,祥符寺
祥茂洋行,祥茂洋行
祥茂洋行人造絲部,祥茂洋行人造絲部
祥茂錢莊,祥茂錢莊
祥豐直澆鐵管廠,祥豐直澆鐵管廠
禀安嘉協,Remove
禀海關道,江海關道
禀稽省華人文輝,Remove
禀英公堂,英界會審公廨
福　信局,福潤信局
福中堂,Remove
福來烟館,福來煙館
福刈軍署,福刈軍署
福利民鐵礦公司,福利民鐵礦公司
福利洋東,福利洋行
福利洋行,福利洋行
福利行,福利洋行
福利錢莊,福利錢莊
福則洋,Remove
福同濟,Remove
福和洋行,福和洋行
福和祥經收吳至德堂,Remove
福員棉布號,福員棉布號
福堂,Remove
福安,Remove
福寗府局,福寧府
福寧府,福寧府
福局,Remove
福山縣,福山縣
福州乾記洋行,福州乾記洋行
福州同仁善堂,福州同仁善堂
福州市警察局,福州市警察局
福州招商局,福州招商局
福州船局,福州船政局
福州船政,福州船政局
福州船政局,福州船政局
福州花會,Remove
福州軍,福州軍
福州電音,Remove
福州馬尾通商局,福州馬尾通商局
福建司,Remove
福建徽班,Remove
福建普安堂,福建普安堂
福建省政府委員兼財政廳,福建省政府委員兼財政廳
福建船政局,福建船政局
福建財政,福建財政
福建輪船,Remove
福建雜貨店,福建雜貨店
福建高等法院,福建高等法院
福慶堂,Remove
福振泰,Remove
福新第七麵粉廠,福新麵粉廠
福新麵粉廠,福新麵粉廠
福昌,Remove
福昌洋行,福昌洋行
福月泰烟莊,福月泰煙莊
福泰洋行,福泰洋行
福泰鞋店,福泰鞋店
福海木材公司,福海木材公司
福源錢莊,福源錢莊
福潤信局,福潤信局
福潤局,福潤局
福潤船局,福潤船局
福甯府,福寧府
福祿黨,Remove
福聚公,Remove
福興信局,福興信局
福興泰,Remove
福興泰棧,福興泰棧
福興潤信局,福興潤信局
福興班,Remove
福華煙草股份有限公司,福華煙草公司
福藩,Remove
福蘭堂,福蘭堂
福製帽廠,福製帽廠
福記,Remove
福記水菓行,福記水菓行
福記錢莊,福記錢莊
福軍,Remove
福防廳,福防廳
福順信局,福順信局
福順隆烟,Remove
福鼎,Remove
福鼎建莊,Remove
福鼎興,Remove
福鼎華稅局,Remove
禦所,Remove
禪宗,Remove
禪臣,Remove
禪臣洋行,禪臣洋行
禪臣洋行北京輪船,Remove
禪臣行,禪臣洋行
禮和洋行,禮和洋行
禮查,Remove
禮查洋行,禮查洋行
禮查洋行西人密司馬處,禮查洋行
禮記洋行,禮記洋行
禮部,Remove
禮部宗人府欽天監侍衛處,禮部宗人府欽天監侍衛處
萬　烟店,Remove
萬仁店,萬仁店
萬仁義分設,Remove
萬仙堂,萬仙堂
萬元昌花衣行,萬元昌花衣行
萬利,Remove
萬利船行,萬利船行
萬善同,Remove
萬安樓,Remove
萬寶銀匠店,萬寶銀匠店
萬寶銀匠鋪,萬寶銀匠鋪
萬年堂,Remove
萬年靑,Remove
萬年靑藥,萬年靑藥
萬年青,Remove
萬德春,Remove
萬成,Remove
萬成泰,Remove
萬昌信局,萬昌信局
萬昌公司,萬昌公司
萬昌成●珠號,萬昌成●珠號
萬森泰洒,Remove
萬源泰,Remove
萬生瑞,Remove
萬盛永,Remove
萬盛米店,萬盛米店
萬福堂,萬福堂
萬興堂,萬興堂
萬興米,Remove
萬興飯店,萬興飯店
萬茂,Remove
萬華企業公司第一大飯店,萬華企業公司第一大飯店
萬豐公司,萬豐公司
萬豐行,Remove
萬選樓,Remove
萬錦堂,Remove
萬隆,Remove
萬隆山店,萬隆山店
萬隆泰,Remove
萬隆洋行,萬隆洋行
萬隆綢廠,萬隆綢廠
萬雲樓,Remove
萬順船局,萬順船局
秉公,Remove
秋亭,Remove
秋堂,Remove
秋泰洋行,秋泰洋行
秋海堂書屋,秋海堂書屋
科學事務公司,科學事務公司
科學化工廠,科學化工廠
科發大藥廠,科發大藥廠
科空本部堂,科空本部堂
租界工部局,工部局
租界納稅華人會,公共租界納稅華人會
移行會,移行會
稅務司,稅務司
稅關,Remove
程尊行堂,Remove
程捐局,程捐局
税務司,稅務司
税釐局,税釐局
稔山匪黨,Remove
種德堂,Remove
種福堂,種福堂
穀詒,Remove
積善堂,積善堂
積山石印局,積山石印局
積德堂,積德堂
穗祥米行,穗祥米行
究公堂,Remove
究治宗,Remove
空軍,空軍
空軍上海供應總處,空軍上海供應總處
空軍供應司令部,空軍供應總部
空軍供應總部,空軍供應總部
空軍司令部,空軍司令部
空軍工兵團,空軍工兵團
空軍新生社,空軍新生社
空軍第三區司令部第一聯隊,空軍第三地區司令部
空軍第三地區司令部,空軍第三地區司令部
空軍第二勤務大隊,空軍第二勤務大隊
空軍第八大隊,空軍第八大隊
空軍第四供應分處,空軍第四供應分處
空運大隊,空運大隊
竇明府,Remove
竊堂,Remove
立信,上海私立立信會計專科學校
立司,Remove
立大莊,Remove
立德,Remove
立德公司,立德公司
立德染織廠,立德染織廠
立新染織公司,立德染織廠
立昌太,Remove
立本堂,Remove
立生,Remove
立生拆兌店,立生拆兌店
立發洋行,立發洋行
立達學園,立達學園
立院,立法院
立飭法,Remove
站分局,Remove
竹報,Remove
竹崎關,Remove
竹嶼厘局,竹嶼釐局
竹布店,竹布店
竹林下院,竹林下院
竹浪,Remove
竹里元濟善堂,竹里元濟善堂
竹齋,Remove
笠澤妃,Remove
第一區公所,第一區公所
第一區公署職員,第一區公署職員
第一區橡膠工業同業同業公會,第一區橡膠工業同業同業公會
"第一屆上海市參議會
",上海市參議會
第一絲織合作工廠,第一絲織合作工廠
第一綏靖司令部,第一綏靖司令部
"第七區機器工業同業公
會","第七區機器工業同業公
會"
第三區製藥工業同業公會,第三區製藥工業同業公會
第三方面軍,第三方面軍
第三方面軍汽車團,第三方面軍
第二區毛絨紡織工業同業,第二區毛絨紡織工業同業
第二區製藥工業同業公會,第二區製藥工業同業公會
第六區機器棉紡織工業同業公會,第六區機器棉紡織工業同業公會
第六區造紙工業同業公會,第六區造紙工業同業公會
第十七批,Remove
第四兵站,第四兵站
第四區麵粉工業同業公會,第四區麵粉工業同業公會
第四臨時人民醫院,第四臨時人民醫院
第四臨時醫院,第四臨時醫院
節堂,Remove
節約運動委,上海市各界節約運動委員會
節經列報,Remove
節貢院,Remove
箕伯雨師,Remove
管堂,Remove
管幫,Remove
管押會,管押會
管門,Remove
管黨,Remove
箺篁堂,箺篁堂
篤倫堂,篤倫堂
篤志,Remove
篾作,Remove
籃店鐵,Remove
籃橋分局,籃橋分局
籌賑公,Remove
籌賑公所,籌賑公所
籌賑所,Remove
籌防局,Remove
籌防督銷,籌防督銷
籮間,Remove
米店,Remove
米號商業同業公會,米號商業同業公會
粉春宮,粉春宮
粤匪猖厥公,Remove
粤國領事,粤國領事署
粤婦,Remove
粤東愛育善堂,廣東愛育堂
粤東會,粤東會
粤東水陸師學堂,粤東水陸師學堂
粤海關,粤海關
粤省,Remove
粤省愛育善堂,粤省愛育善堂
粤省硝磺局,粤省硝磺局
粤省綏靖營,粤省綏靖營
粤秀監院,粤秀監院
粤西賑捐公所,粤西賑捐公所
粤西路出江省中丞,Remove
粵東公所,粵東公所
粵海關,粤海關
精武體育會,精武體育會
糖捐局,糖捐局
糞局,Remove
糧臺局,糧臺局
糧食局,糧食局
糧馬廳,Remove
紀撫署,Remove
紀會,Remove
紀武會,紀武會
紀永,Remove
紀法公堂,法界會審公廨
紀泰,Remove
紀泰屬,Remove
紀湖口厘局,Remove
紀英公堂,英界會審公廨
紀華,Remove
紀鼎豫興記行,紀鼎豫興記行
紅　共盟,Remove
紅共盟,Remove
紅十字㑹,中國紅十字㑹
紅十字會第一醫院,紅十字會第一醫院
紅坊,Remove
紅幫,紅幫
紅廟,紅廟
紅旂黨,紅旂黨
紅星橡膠廠,紅星橡膠廠
紅藩司,Remove
紅頭繩店,紅頭繩店
納云,Remove
納稅華人會監察,納稅華人會監察
紐約新聞,Remove
紐約美興公司,紐約美興公司
紐約近報,Remove
紐約領事府,紐約領事府
純泰莊,純泰莊
純黨,Remove
紗廠,Remove
素奉,Remove
紡十五廠,紡十五廠
紡織局,紡織新局
紡織新局,紡織新局
索樂安堂,索樂安堂
紫來街利和昌靛行,利和昌靛行
紫竹林下院,紫竹林下院
紫竹林分局,紫竹林分局
紫錫丹爾舖,紫錫丹爾舖
紫陽書院,紫陽書院
紳園,Remove
紳泰處,紳泰處
紹公所,Remove
紹台道,Remove
紹幫,Remove
紹曹嵊及蒿新長途汽車公司,紹曹嵊及蒿新長途汽車公司
紹興七縣旅滬同鄉會,紹興七縣旅滬同鄉會
紹興府,Remove
紹興府會稽縣學,紹興府會稽縣
紹興府衙門,紹興府
組織委員會,上海總商會組織委員會
統一手帕廠,統一手帕廠
統原商業儲蓄銀行,統原商業儲蓄銀行
統益紡織公司,統益紡織公司
絲棧,Remove
絲業公所,上海北巿絲業會館
絲業會,上海北巿絲業會館
絲業會館,上海北巿絲業會館
絲業會館礦務局電報局,礦務局
絲業會館籌賑公,上海北巿絲業會館
絲線店,絲線店
綏公處,Remove
綏猺廳,綏猺廳
綏鞏軍,Remove
經　邑尊升堂,Remove
經信局,Remove
經公堂,Remove
經列報,Remove
經制軍,Remove
經前府,Remove
經厘局,Remove
經善局,Remove
經報,Remove
經宗,Remove
經將明府,Remove
經小,Remove
經局,Remove
經平館,Remove
經廳,Remove
經恩詩農太守札縣訊辦,Remove
經撫標,Remove
經河鹽廳,經河鹽廳
經洋藥局,經洋藥局
經濟委員會,全國經濟委員會
經濟科,經濟科
經濟部,經濟部
經濟部接管興亞鋼業廠,興亞鋼業廠
經濟部第四造紙廠,經濟部第四造紙廠
經濟部蘇浙皖區特派員辦公處,經濟部蘇浙皖區特派員辦公處
經经總署,經经總署
經英會,Remove
經英會審署,英法會審公廨
經通永道,經通永道
經邑尊,Remove
經邑尊升堂,Remove
經關道,Remove
綢捐局,綢捐局
綢縀莊,綢縀莊
維太守會,維太守會
維揚印委,Remove
維新報,維新日報
緝私局,緝私局
緯成新記廠,緯成新記廠
緯成染織起毛廠,緯成染織起毛廠
縣中,Remove
縣中葉,Remove
縣司法處,縣司法處
縣明府,Remove
縣發廳,Remove
縣署,上海縣署
縣署發審委員,Remove
縣警察局,縣警察局
縵雲閣,Remove
總務處,Remove
總匯洋行,總匯洋行
總商會,上海總商會
總局,Remove
總工會,Remove
總工程局,南巿馬路工程局
總廵局,巡防總局
總會,Remove
總源麫館,總源麫館
總理奉安委員會,總理奉安委員會
總理衙,總理衙門
總理衙門,總理衙門
總理衙門總署,總理衙門
總理陵園管理委員會,總理陵園管理委員會
總稅務司,總稅務司
總税務,總稅務司
總税務司,總稅務司
總統府　,總統府　
總織局,總織局
總署,Remove
總署汽車總管處,總署汽車總管處
總巡局,巡防總局
總巡處,巡防總局
繅絲局,繅絲局
繅絲棧,繅絲棧
織造業模範者,織造業模範者
繹赫公,Remove
署府,署府
署英會,Remove
署財政,署財政
羅寄安軒,Remove
羅明府,Remove
羅月堂,Remove
羅濟川明府奉尊堂,Remove
羅紹堂,Remove
羅鎭軍,Remove
美亞保險公司,美亞保險公司
美亞織綢廠,美亞織綢廠
美光染織廠,美光染織廠
美公館,美國領事署
美最時洋行,美最時洋行
美合,Remove
美商同茂洋行,同茂洋行
美商處,美商處
美國公衆事業建造公司,美國公衆事業建造公司
美國哥倫比亞大學,哥倫比亞大學
美國哲,Remove
美國大學,美國大學
美國威斯汀好斯製造公司,美國威斯汀好斯製造公司
美國安迪生燈泡廠,美國安迪生燈泡廠
美國總領事衙門,美國領事署
美國總領事館,美國總領事館
美國署,美國領事署
美國西渥電機製造廠,美國西渥電機製造廠
美國陸軍刑事稽查處,美國陸軍刑事稽查處
美國領事公館,美國領事署
美國領事署,美國領事署
美國領事館,美國總領事館
美富,Remove
美帝德士古煤油公司,美德士古煤油公司
美帝憲兵隊,美憲兵隊
美帝海軍,美海軍
美帝海軍港務部,美海軍
美帝海軍部,美海軍
美帝空軍,美空軍
美帝軍,美國軍隊
美帝軍憲兵輔助隊,美憲兵隊
美帝領事館,美國總領事館
美康洋行,美康洋行
美恆紡織公司,美恆紡織公司
美憲兵隊,美憲兵隊
美捕房,美捕房
美教士西門投英總領事署,英總領事署
美教士西門投英領事署,英總領事署
美教會,美國教會
美新絲業公司,美新絲業公司
美查有限公司,美查公司
美海軍,美海軍
美海軍憲兵,美海軍
美海軍巡查隊,美海軍
美海軍霍華司,美海軍
美籍善後救濟總署,美籍善後救濟總署
美綸毛紡織染廠,美綸毛紡織染廠
美總領事公館,美國領事署
美總領事改委,美國領事署
美總領事署,美國領事署
美署,美國領事署
美興地產公司,美興地產公司
美華書館,美華書館
美術生活圖畫雜誌,美術生活圖畫雜誌
美記洋行,美記洋行
美豐化學製造廠股份有限公司,美豐化學製造廠公司
美豬聯合救濟委員會,美豬聯合救濟委員會
美軍,美國軍隊
美軍俱樂部,美軍俱樂部
美軍公開組織刑事偵查處,美軍公開組織刑事偵查處
美軍刑事偵察處,美軍刑事偵察處
美軍刑事稽查處,美軍刑事偵察處
美軍刑事處,美軍刑事偵察處
美軍司令部,美軍司令部
美軍憲兵司令部,美軍憲兵司令部
美軍港口司令部,美軍港口司令部
美軍電臺,美軍電臺
美達貿易公司,美達貿易公司
美領事,美國領事署
美領事會,美國領事署
美領事署,美國領事署
義和棧,義和洋行
義和盛,Remove
義和裕隆裕泰大興合興,Remove
義園茶館,義園茶館
義大,Remove
義大染織廠,義大染織廠
義大莊,義大莊
義州電報,Remove
義成工業原料行,義成工業原料行
義成煤炭,Remove
義昌押店,義昌押店
義昌洋廣貨舖,義昌洋廣貨舖
義昌雜貨店,義昌雜貨店
義昌順洋,Remove
義昶信局,義昶信局
義森土棧,義森土棧
義森土行,義森土行
義森行,義森土行
義樂大戲院,義樂大戲院
義泰,Remove
義泰成紙店,義泰成紙店
義泰成需店,義泰成需店
義泰烟館,義泰煙館
義渡,Remove
義渡局,義渡總局
義渡總局,義渡總局
義源店,義源店
義源水果,Remove
義源洋行,義源洋行
義甡商行,義甡商行
"義甡工業燭皂原料行
","義甡工業燭皂原料行
"
義盛華,義盛華號
義興盛工廠,義興盛工廠
義興盛翻砂機器廠,義興盛翻砂機器廠
義興肉店,義興肉店
義興行,Remove
義興雜貨店,義興雜貨店
義記,Remove
義記洋行,義記洋行
義記牛行,義記牛行
義豐土棧,義豐土棧
義豐泰洋貨鋪,義豐泰洋貨鋪
義豐錢莊,義豐錢莊
義順祥,Remove
羽黨,Remove
習米業,Remove
翟司署,Remove
翟領事會,翟領事會
翰寳閣,Remove
翰林院,翰林院
翰林院侍,翰林院
耀成,Remove
耀成米鋪,耀成米鋪
耀鹽電汽公司,耀鹽電汽公司
老北門外信,Remove
老協大祥綢布莊,老協大祥綢布莊
老德,Remove
老德記,Remove
老德記藥,老德記藥
老悅生洋廣貨鋪,老悅生洋廣貨鋪
老悅生鋪,老悅生鋪
老椿記,Remove
老正大局,老正大局
老氣倉,Remove
老沙遜洋行,老沙遜洋行
老沙遜行,老沙遜洋行
老沙遲洋行,老沙遜洋行
老白波救生局,老白渡救生局
老白渡救生局,老白渡救生局
老益慶酒館,老益慶酒館
老虎灶,Remove
老裕茂酒店,老裕茂酒店
老閘分局,老閘分局
老閘大戲院,老閘大戲院
老閘浜北地保,Remove
老閘巡防局,老閘巡防局
考察各國實業,考察各國實業
考試院,考試院
耄學齋,Remove
者察院,Remove
耐厥齋,Remove
耕記絲棧,耕記絲棧
耶松,Remove
耶松分廠,浦東耶松船廠
耶松洋行,耶松洋行
耶松船廠,浦東耶松船廠
聖監,Remove
聖約翰大學,上海聖約翰大學
聚和典,聚和典
聚和興,Remove
聚帽,Remove
聚昌京廣貨鋪,聚昌京廣貨鋪
聚星書畵社,聚星書畵社
聚樂園酒館,聚樂園酒館
聚樂堂,聚樂堂
聚興,Remove
聚興樓,聚興樓
聚興莊,聚興莊
聚興誠,聚興誠
聚興飯店,聚興飯店
聚記堂,聚記堂
聚順衣,Remove
聞名省委員,Remove
聞明府,Remove
聞津輪船,Remove
聞英會,英法會審公廨
聯勤總,聯勤總部
聯勤總部,聯勤總部
聯合化學廠,聯合化學廠
聯合國善後救濟總署,聯合國善後救濟總署
聯合國救濟總署,聯合國善後救濟總署
聯合救濟總署,聯合國善後救濟總署
聯合處,聯合處
聯德署,聯德署
聯業顏料號,聯業顏料號
聯華保險公司,聯華保險公司
聯華毛織廠,聯華毛織廠
聯雅齋,Remove
聽審處,Remove
肆好堂,Remove
肇公學,Remove
肇公所,廣肇公所
肇山莊,廣肇山莊
肇慶協,Remove
肇新化學廠股份有限公司,肇新化學廠公司
肇羅道方,Remove
肉店,肉店
肉骨頭粥店,肉骨頭粥店
股開銀莊,股開銀莊
肯堂,肯堂
肯堂投英會審署,英界會審公廨
育善堂,育善堂
育堂,育堂
育嬰公局,育嬰公局
育嬰堂,育嬰堂
育魯麟,Remove
胆敢黨,Remove
胡家園,Remove
胡祥泰火腿店,胡祥泰火腿店
胡麗翁,Remove
腋捐局,腋捐局
臥雪草堂,Remove
臥雲閣,Remove
臨幫,Remove
臨平路派出所,臨平路派出所
臨江幫,臨江幫
臨海縣,臨海縣
臨海縣學,Remove
臨貴會館,臨貴會館
自來水,Remove
自來水公司,自來水公司
自新所,Remove
自然經,Remove
自衛第二大隊,自衛第二大隊
臬司,Remove
臬司委,Remove
臬憲,Remove
臬憲委員會,Remove
臬憲派員會,Remove
臬憲監,Remove
臬憲衙門,Remove
臬署,Remove
臬轅,Remove
至德,Remove
至德堂,Remove
至英堂,英界會審公廨
至道厦防廳閩海稅關厘金總局,閩海稅關釐金總局
致英會,Remove
致英會審署,英界會審公廨
臺北機器總局,臺北機器總局
臺北煤務局,臺北煤務局
臺基,Remove
臺廷,Remove
臺機器商務輪船鐵路等局,Remove
臺灣台北法院地檢處,臺灣台北法院地檢處
臺灣商務局,臺灣商務局
臺灣四明貿易公司,臺灣四明貿易公司
臺灣布政使,臺灣布政使司
臺灣撫標,Remove
臺灣省行政長公署警務處,臺灣省行政長公署警務處
臺灣省行政長官公署,臺灣省行政長官公署
臺灣省警務處,臺灣省警務處
臺灣美琪化工廠股份有限公司,臺灣美琪化工廠公司
臺灣軍械所,臺灣軍械所
臺灣道,臺灣道
臺灣道委,Remove
臺灣鐵路輪船,Remove
臺灣鑑臣香精原料股份有限公司,臺灣鑑臣香精原料公司
臺灣電報,Remove
臺灣鳳山書院協賑公所,臺灣鳳山書院協賑公所
臺磺局,臺磺局
與昌,Remove
興亞會,興亞會
興亞鋼業有限公司,興亞鋼業廠
興亞鋼業股份有限公司,興亞鋼業廠
興京廳,興京廳
興信局,興信局
興和五金號食物,興和五金號
興國大冶,Remove
興國衣錦司,興國衣錦司
興堂,Remove
興建庄,Remove
興昌公司,興昌公司
興業地產建築公司,興業地產建築公司
興業建築師事務所,興業建築師事務所
興業第一製鐵廠,興業第一製鐵廠
興泉,Remove
興泉永道,Remove
興泰,Remove
興泰料甁號,興泰料甁號
興糧廳,興糧廳
興華製麵公司,興華製麵公司
興農紡織廠,興農紡織廠
興隆汽車公司,興隆汽車公司
興順泰帽鋪,興順泰帽鋪
舊容堂,舊容堂
舊貨店,舊貨店
舒明府,Remove
舟山輪船公司,舟山輪船公司
航委會,航委會
航政局,航政局
航空協會,航空協會
般烏公司,般烏輪船公司
般烏輪船公司,般烏輪船公司
船局,Remove
船廠,Remove
船捐局,船捐局
船政局,船政局
船政署,船政局
船業理監聯席會,船業理監聯席會
船聯會,船業理監聯席會
艮山門局,艮山門局
良光噴漆材料公司,良光噴漆材料公司
良友仁記華行,良友仁記華行
色尊升堂,Remove
芝仁控,Remove
芝蘭室,Remove
芝蘭書屋,芝蘭書屋
花房太政官,Remove
花旗,Remove
花旗公司,花旗公司
花旗公舘,Remove
花旗飯店,花旗飯店
花楼仁濟醫院,仁濟醫院
花烟,Remove
花烟館,Remove
花煙館局,花煙館局
花神班,Remove
芳來,Remove
芳園烟館,芳園煙館
芹香堂救生局,芹香堂救生局
英丟堂,Remove
英中堂,Remove
英京倫敦之大博物院,倫敦大博物院
英京倫敦大新代,Remove
英京倫敦電報,Remove
英京報,Remove
英京新報,Remove
英京第二十次電音,Remove
英京第十五次電音,Remove
英京第十六次電音,Remove
英京電報,Remove
英倫使署,Remove
英公,Remove
英公司,Remove
英公堂,英界會審公廨
英公堂　員,Remove
英公堂三圖地保,Remove
英公堂會,英界會審公廨
英公堂東洋公司,東洋公司
英公廨,英界會審公廨
英公廳,英界會審公廨
英公館,英國總領事署
英分堂,英界會審公廨
英分審署,英界會審公廨
英刑,英刑司衙門
英刑司,Remove
英刑司署,Remove
英刑司衙門,英刑司衙門
英副領事堂,英總領事署
英商中國公共汽車公司,中國公共汽車公司
英商全福洋行,全福洋行
英商可的牛奶公司,可的牛奶公司
英商太古公司,太古公司
英商太平洋行,太平洋行
英商太平行,太平洋行
英商德某美商,Remove
英商正廣和汽水廠,正廣和汽水廠
英商沙遜洋行,沙遜洋行
英商源順洋行,源順洋行
英商滙豐銀行,滙豐銀行
英商祥泰木行,祥泰木行
英商老沙遜洋行,老沙遜洋行
英商長利洋行,長利洋行
英商電車公司,電車公司
英商馬勒造船廠,馬勒造船廠
英國,Remove
英國上議院,英國上議院
英國代理領事府,英總領事署
英國佩副領事會,英總領事署
英國前次公司船郵來新報,Remove
英國剮刑司,英國正刑司
英國固副領事會,英總領事署
英國家,Remove
英國新報,Remove
英國新聞,Remove
英國朝廷,英國朝廷
英國議院,英國議院
英國輪船名添鈕揩司,Remove
英國領事暑,英總領事署
英國領事衙門,英總領事署
英國領事館,英國領事館
英國領事館運輸,英國領事館運輸
英國駐京公使公使,英國駐京公使
英圓太士日報,Remove
英外務院,英外務院
英大馬路善餘里施醫局,善餘里施醫局
英委堂,Remove
英工局,工部局
英工部,工部局
英工部局,工部局
英工都局,工部局
英帝使館,英帝使館
英廨,英界會審公廨
英廷,英國朝廷
英形司,Remove
英必堂,Remove
英按察司,英按察司
英按察司公署,英按察司公署
英按察司署,英按察司公署
英按察署,英按察司公署
英按察衙門,英按察署
英捕,工部局巡捕房
英捕房,工部局巡捕房
英捕房西包,Remove
英捕房麥捕頭派,工部局巡捕房
英新捕房,工部局巡捕房
英新巡捕房,工部局巡捕房
英昌照相館,英昌照相館
英會,英界會審公廨
英會審,英界會審公廨
英會審公,英界會審公廨
英會審公堂,英界會審公廨
英會審公廨,英界會審公廨
英會審公廳,英界會審公廨
英會審署,英界會審公廨
英會審衙門,英界會審公廨
英會番公廨妓院,英界會審公廨
英會番署,英界會審公廨
英朝,英國朝廷
英朝廷,英朝廷
英正刑司,英國正刑司
英正按察司,英正按察司
英正領事係,Remove
英正領事處,英總領事署
英法,Remove
英法兩公堂,英法會審公廨
英法兩會,英法會審公廨
英法公司,Remove
英法公堂,英法會審公廨
英法各領事會,Remove
英法工部局,工部局
英法捕房,英法捕房
英法會,英界會審公廨
英法會審公廨,英法會審公廨
英法會審衙門,英法會審公廨
英洋百元交絲業會館,上海北巿絲業會館
英派,Remove
英界,Remove
英界中巷街北首茶業公所,茶業公所
英界公堂,英界會審公廨
英界公廨,英界會審公廨
英界南靖遠街德記客寓,德記客寓
英界同和里,Remove
英界同和里惠生錢莊,惠生錢莊
英界和仙堂,和仙堂
英界四馬路中紳園烟館,紳園煙館
英界四馬路賑捐局,賑捐局
英界大德祥洋貨店,大德祥洋貨店
英界大馬路會審公廨,英界會審公廨
英界天和戲園,天和戲園
英界審公堂,英界會審公廨
英界工部局,工部局
英界工部局董,工部局
英界怡和洋行,怡和洋行
英界捕房,工部局巡捕房
英界會,英界會審公廨
英界會審,英界會審公廨
英界會審公堂,英界會審公廨
英界會審公廨,英界會審公廨
英界會審員,Remove
英界會審署,英界會審公廨
英界會審衙門,英界會審公廨
英界會番公堂,英界會審公廨
英界會署,英界會審公廨
英界椿記客棧,英界椿記客棧
英界福利洋行,福利洋行
英界老巡捕房,工部局巡捕房
英界西公和底,Remove
英相,Remove
英租界,Remove
英租界下逮下園土地廟,土地廟
英租界仁濟醫院,仁濟醫院
英租界保安堂,保安善堂
英租界公堂,英界會審公廨
英租界南畫錦里洋貨公所,洋貨公所
英租界字林新聞館,字林新聞館
英租界廣肇公所,廣肇公所
英租界憶德裡女校,憶德裡女校
英租界捕房,工部局巡捕房
英租界會審公堂,英界會審公廨
英租界會審分府,英界會審公廨
英租界會審署,英界會審公廨
英租界泰來錢莊,泰來錢莊
英租界瑞生洋行,瑞生洋行
英租界老總會,老總會
英租界巡捕房,工部局巡捕房
英稅務司,英稅務司
英總領事署,英總領事署
英罢美,Remove
英署,英總領事署
英美兩界巡捕房,工部局巡捕房
英美工部局,工部局
英美租界公堂,英界會審公廨
英美租界會審公堂,英界會審公廨
英美租界會審公廨,英界會審公廨
英美租界會審分府,英界會審公廨
英美租界會審務卽補分府,英界會審公廨
英美菸草公司,英美菸草公司
英老巡捕房,工部局巡捕房
英肥堂,Remove
英臬司,Remove
英臬司署,英臬司署
英臬署,Remove
英茂洋行,英茂洋行
英華書館,英華書館
英議院,英國議院
英軍,英軍
英巡捕房,工部局巡捕房
英巡理,英巡理
英隆,Remove
英領,Remove
英領事,英總領事署
英領事公館,英總領事署
英領事昭會,英總領事署
英領事會,英總領事署
英領事署,英總領事署
英領事衙門,英總領事署
茂康客棧,茂康客棧
茂新申新福新總公司麵粉部,茂新福新申新總公司
茂新福新申新總公司,茂新福新申新總公司
茂新麵粉廠,茂新麵粉廠
茂新麵粉廠第一廠,茂新麵粉廠第一廠
茂新麵粉廠第三廠,茂新麵粉廠第三廠
茂新麵粉廠第二廠,茂新麵粉廠第二廠
茂昌,Remove
茂昌洋行,茂昌洋行
茂昌車行,茂昌車行
茂林堂,Remove
茂林巴斯脫新聞館,茂林巴斯脫新聞館
茂泰布號,茂泰布號
茂洋,Remove
茂源洋貨店,茂源洋貨店
茂牛茶葉,茂牛茶葉
茂生茶葉店,茂生茶葉店
茂興信局,茂興信局
茂興祥烟館,茂興祥煙館
茂船局,茂船局
茂華地產公司,茂華地產公司
茂隆洋行,茂隆洋行
范德盛森興號捷茂號德大號,Remove
范德盛糖行,范德盛糖行
范約翰處,范約翰處
范金堂,范金堂
茲英公堂,英界會審公廨
茶上,Remove
茶厘局,茶釐局
茶捐局,茶捐局
茶業公所,Remove
茶業會館,Remove
茶陽善慶堂,Remove
茶食店,茶食店
荆右衛委,Remove
荒杭府,Remove
荳腐店,荳腐店
荳餅米司,荳餅米司
荷文報電報,Remove
荷校,Remove
荷蒙中堂委辦輪船招商局,輪船招商局
荷蘭國,Remove
荸薺茶食店,荸薺茶食店
莅蕪地方印委,Remove
莊制府,Remove
莊家灣派出所,莊家灣派出所
莊明府,Remove
莊源大,Remove
莞中堂司,Remove
莫明府,Remove
莫會審分府,Remove
莫邑,Remove
莫邑尊,Remove
莫邑尊准卽委水利廳,水利廳
莫邑尊升堂,Remove
莫邑尊會,Remove
莫邑尊松海防,Remove
莫邑尊榮,Remove
莫邑尊海防廳,海防廳
莫邑尊英會,英界會審公廨
莫邑尊英法,Remove
莫邑尊課敬業書院,莫邑尊課敬業書院
莫邑遵發廳,Remove
菊蘭,Remove
華一印刷局,華一印刷公司
華一織造廠,華一織造廠
華一製帽廠,華一製帽廠
華中工廠,華中工廠
華中礦務局,華中礦務局
華中礦業公司,華中礦業公司
華亭學,Remove
華亭縣署,華亭縣署
華人,Remove
華倫帆布廠,華倫帆布廠
華利,Remove
華利輪利,Remove
華利輪船,Remove
華制麻廠,華制麻廠
華包,Remove
華友洋行,華友洋行
華友行,Remove
華商保險公司,華商保險公司
華商唯一拍賣行,華商唯一拍賣行
華商大華拍賣公司,華商大華拍賣公司
華商沙□開地公司,華商沙峇開地公司
華商紗布交易所,華商紗布交易所
華商紗廠聯合會,華商紗廠聯合會
華商證券交易所,華商證券交易所
華埠局,Remove
華堂,Remove
華婁公堂,華婁公堂
華字,Remove
華孚貿易公司,華孚貿易公司
華學,Remove
華安,Remove
華安合羣保壽公司,華安合羣保壽公司
華安洋行,華安洋行
華安造綫廠,華安造綫廠
華官,Remove
華官卽,Remove
華官署,Remove
華官訊辦,華官訊辦
華宮,Remove
華家,Remove
華家莊,Remove
華岱洋行,華岱洋行
華彰廣祥合,Remove
華彰洋廣貨鋪,華彰洋廣貨鋪
華德工廠,華德工廠
華德燈泡工廠,華德燈泡工廠
華德發,Remove
華成保險公司,華成保險公司
華成機織帆布廠,華成機織帆布廠
華成烟公司,華成煙草公司
華成烟草公司,華成煙草公司
華成紗線廠,華成紗線廠
華成綫廠,華成紗線廠
華成線廠發行所,華成紗線廠
華成草織廠,華成草織廠
華成菸草公司,華成煙草公司
華捕,Remove
華捕幫,Remove
華文匯,Remove
華新呢絨公司,華新呢絨公司
華新電氣冶金公司,華新電氣冶金公司
華昌火柴梗片有限公司,華昌火柴梗片公司
華昌章記廠,華昌章記廠
華晶電器廠,華晶電器廠
華會,Remove
華有利行,華有利行
華東煤礦公司,華東煤礦公司
華東照相印刷公司,華東照相印刷公司
華林園,Remove
華格綏而司,Remove
華業保險公司,華業保險公司
華比煙公司營業,華比煙公司
華泊司,Remove
華泰隆,華泰隆
華泰電機廠股份有限公司,華泰電機廠公司
華泰電機製造廠股份公司,華泰電機廠公司
華泰電機製造廠股份有限公司,華泰電機廠公司
華洋同知,Remove
華洋員司,Remove
華洋水利委員會,華洋水利委員會
華洋義賑會,華洋義賑會
華海峯,Remove
華爾,Remove
華生布廠,華生布廠
華生洋行,華生洋行
華生電器製造廠,華生電器製造廠
華盛永記煤球廠,華盛永記煤球廠
華福製帽廠,華福製帽廠
華稅局,華稅局
華純襪廠,華純襪廠
華綸帆布廠,華綸帆布廠
華綸棉織廠,華綸棉織廠
華署,Remove
華美烟公司,華美煙草公司
華美烟草公司,華美煙草公司
華興保險公司,華興保險公司
華興玻璃公司,華興玻璃公司
華芳照相館,華芳照相館
華衆會,華衆會
華記船廠,華記船廠
華豐搪瓷公司,華豐搪瓷公司
華豐橡膠廠,華豐橡膠廠
華豐紗廠,華豐紗廠
華豐紡織廠,華豐紡織廠
華豐臺,Remove
華豐造紙廠,華豐造紙廠
華軍,Remove
華通書局,華通書局
華開,Remove
華陽厘局,華陽釐局
華陽染織廠,華陽染織廠
華館,Remove
華麗汽車公司,華麗汽車公司
華麗百貨店,華麗百貨店
華龍小學,華龍小學
萃興懷,Remove
萃衆製造股份有限公司,萃衆製造公司
萃豐恆,Remove
萃豐恒,Remove
萊青道署,萊青道署
葆倫堂,葆倫堂
葆泰,Remove
葆鴻莊,Remove
葉北號,Remove
葉志堂,Remove
葉捕廳,葉捕廳
葉明府,Remove
葛兆堂,Remove
葛叅府,Remove
葛悅樓,Remove
葛明府,Remove
葛明府鹽河廳,Remove
葛邑尊升堂,Remove
葡萄牙國賈,Remove
蒋明府,Remove
蒙制軍,蒙制軍
蒙同又書局,Remove
蒙文報局,蒙文報局
蒙英會審署,Remove
蒙藏銀行,蒙藏銀行
蒙蘇撫衛,Remove
蓋大觀,Remove
蓋州粥廠,蓋州粥廠
蓬萊分局,蓬萊分局
蔚豐,Remove
蔡協,Remove
蔡黨,Remove
蔣公館,Remove
蔣匪警局,上海市警察局
蔣明府,Remove
蔭堂,Remove
蔭庭,Remove
蔭遠堂,Remove
蕊珠書院,蕊珠書院
蕪帮辦保甲局明府,Remove
蕪湖保甲局,蕪湖保甲總局
蕪湖土藥局,蕪湖土藥局
蕪湖土藥稅務,蕪湖土藥稅務
蕪湖大江救生局,蕪湖大江救生局
蕪湖局,蕪湖局
蕪湖愛領事署,蕪湖愛領事署
蕪湖招商局,蕪湖招商局
蕪湖洋務局,蕪湖洋務局
蕪湖洋廣貨,蕪湖洋廣貨
蕪湖洋關,蕪湖洋關
蕪湖牙厘局,蕪湖牙釐局
蕪湖牙釐總局,蕪湖牙釐總局
蕪湖税務局,蕪湖税務局
蕪湖縣學,Remove
蕪湖縣督飭紳董,Remove
蕪湖縣署來靜觀齋,Remove
蕪湖警察局,蕪湖警察局
蕪湖道,蕪湖道
蕪湖關道委員,Remove
蕪通,Remove
蕪關道,蕪關道
蕭厝局,蕭厝局
蕭明府,Remove
薙頭店,薙頭店
薙髮,Remove
藍橋警察分局,藍橋警察分局
藍田哈德投英總領事署,英總領事署
藏生洋行,藏生洋行
藜乙山房,Remove
藜閣,Remove
藝林彩印公司,藝林彩印公司
藥廠業同業公會,藥廠業同業公會
藥房,Remove
藥水廠,藥水廠
藩府,Remove
藩院,Remove
蘆家灣分局,蘆家灣分局
蘇友電音,Remove
蘇司,Remove
蘇嘉湖嘉長途汽車公司,蘇嘉湖嘉長途汽車公司
蘇地店,蘇地店
蘇垣玉春,Remove
蘇垣王廢基小教,Remove
蘇垣留養局,蘇垣留養局
蘇城司,Remove
蘇城安節善局,蘇城安節善局
蘇城安節局,蘇城安節局
蘇城安節局山東恊賑代贖公所,山東恊賑代贖公所
蘇城總局委,Remove
蘇城醬業公所,蘇城醬業公所
蘇城馬醫科巷太史第,Remove
蘇奴純黨,Remove
蘇委,Remove
蘇局,Remove
蘇州國貨公司,蘇州國貨公司
蘇州大　祥火腿店,蘇州大祥火腿店
蘇州太湖救生局,蘇州太湖救生局
蘇州察院,蘇州察院
蘇州府,蘇州府
蘇州府海防分府,蘇州府
蘇州府監,Remove
蘇州捕盜局,蘇州捕盜局
蘇州救生局,蘇州救生局
蘇州書局,蘇州書局
蘇州桃花塢賑局,蘇州桃花塢賑局
蘇州福泉銀行,蘇州福泉銀行
蘇州萃英中學,蘇州萃英中學
蘇州警局刑警隊,蘇州警局刑警隊
蘇州賑局,蘇州賑局
蘇州電報局,蘇州電報局
蘇州鹽公堂,蘇州鹽公堂
蘇差委,Remove
蘇幫會,蘇幫會
蘇懷忠堂,蘇懷忠堂
蘇撫標親兵水師,Remove
蘇撫衛,Remove
蘇撫衛中丞飭令司中,Remove
蘇撫轅,Remove
蘇撫院,蘇撫院
蘇松太,蘇松太道署
蘇松太兵俻道署,蘇松太道署
蘇浙別動隊,蘇浙皖別動隊
蘇浙振,Remove
蘇浙皖別動隊,蘇浙皖別動隊
蘇浙皖區麥粉特稅局,蘇浙皖區麥粉特稅局
蘇浙皖產業處理局,蘇浙皖產業處理局
蘇海防,Remove
蘇發堂,蘇發堂
蘇省,Remove
蘇省司監,Remove
蘇省臬司,Remove
蘇總辦,蘇總辦
蘇臬司監,Remove
蘇藩司,Remove
蘇試院,蘇試院
蘇門答臘日里烟葉公司,蘇門答臘日里煙葉公司
蘇阿福司,Remove
蘇電局,蘇電局
蘭吟社,Remove
蘭州市警察局,蘭州市警察局
蘭服,Remove
蘭橋分局,蘭橋分局
蘭溪中國銀行,蘭溪中國銀行
蘭溪電局,蘭溪電局
蘭瑞堂,蘭瑞堂
蘭芳里,Remove
蘭芳里口誠和錢莊,誠和錢莊
蘭芳里口餅店,蘭芳里口餅店
蘭芳閣,Remove
處郡局,處郡局
虞藍閣,Remove
虞鳳昌雜貨店,虞鳳昌雜貨店
虹口,Remove
虹口三官堂,虹口三官堂
虹口元濟善堂,元濟善堂
虹口元濟堂,元濟善堂
虹口公義局,虹口公義局
虹口分局,虹口分局
虹口厚仁堂圑練分局,虹口厚仁堂圑練分局
虹口同仁醫院,同仁醫院
虹口同仁醫館,同仁醫院
虹口善堂,虹口善堂
虹口圑局,虹口團防局
虹口團防局,虹口團防局
虹口工義局,虹口公義局
虹口工部局,工部局
虹口恆來酒店,虹口恆來酒店
虹口恒來酒店,虹口恆來酒店
虹口捕房,虹口巡捕房
虹口捕房華捕,虹口巡捕房
虹口捕頭,虹口巡捕房
虹口昇昌鐵,Remove
虹口民團局,虹口民團局
虹口永德成烟館,虹口永德成煙館
虹口生昌,Remove
虹口祥生廠,虹口祥生廠
虹口祥雲鞋店,虹口祥雲鞋店
虹口禮查洋行,虹口禮查洋行
虹口警察局二股刑事組,虹口警察局
虹口巡捕房,虹口巡捕房
虹口巡防局,虹口巡捕房
虹口醫院,虹口醫院
虹口醫館,虹口醫院
虹口順泰棧,虹口順泰棧
虹橋元昌,Remove
蜀藩,Remove
蟻力畫社,蟻力畫社
蟻黨,Remove
蠟特司,Remove
蠶絲改良委員會,蠶絲改良委員會
衆安廟,衆安廟
衆安橋,Remove
衆安橋箔店,衆安橋箔店
衆會,Remove
行府,Remove
行政院,行政院
行政院(一)政務委員衛生部,行政院
行政院善後事業委員會,行政院
行政院工程計劃團,行政院
行政院直屬機關全國經濟委員會,全國經濟委員會
行政院直屬機關最高經濟委員會,行政院
行政院直屬機關農村復興委員會　,行政院
行政院行政院水利委員會,行政院
行政院衛生署醫政處,行政院
行東何理代,Remove
行總儲運局,行總儲運局
行總公路運輸隊,行總公路運輸隊
衍聖公府,Remove
術安勇,Remove
衛中丞,Remove
衛公幹,Remove
衛大中丞,Remove
衛安營,Remove
衛生堂,Remove
衛生局,上海市衛生局
衛生署,衛生署
衣莊,Remove
袁仙人處,Remove
袁合祥公司,袁合祥公司
袁太令,Remove
袁明府,Remove
袁海觀大令升堂,Remove
袁駿錩製造鐵工廠,袁駿錩製造鐵工廠
裕亨,Remove
裕厚,Remove
裕商倉庫公司,裕商倉庫公司
裕大和糖,Remove
裕大和糖行,裕大和糖行
裕大新衣,Remove
裕大碱廠,裕大碱廠
裕大酒店,裕大酒店
裕康,Remove
裕康復祥,Remove
裕康顏料號,裕康顏料號
裕徉行,裕盛洋行
裕成堂,裕成堂
裕成隆,Remove
裕新染織廠,裕新染織廠
裕昌洋行,裕昌洋行
裕昌祥呢絨西服號,裕昌祥呢絨西服號
裕昌米行,裕昌米行
裕春庄,Remove
裕春米,Remove
裕民毛絨線廠,裕民毛絨線廠
裕泰洋行,裕泰洋行
裕泰茶葉鋪,裕泰茶葉鋪
裕洋行,Remove
裕源,Remove
裕源大隆德昌久福,Remove
裕生泰海味,Remove
裕發興米行,裕發興米行
裕盛堂,Remove
裕盛徉行,裕盛洋行
裕盛烟館,裕盛煙館
裕興,Remove
裕興織造廠,裕興織造廠
裕華化學工業公司,裕華化學工業公司
裕華烟廠股份有限公司,裕華煙廠公司
裕豐公司,裕豐公司
裕豐紗廠,裕豐紗廠
裕豐衣莊,裕豐衣莊
裕豐襪,Remove
裕豐軍裝廠,裕豐軍裝廠
裕通恆,Remove
裕通恆報關行,裕通恆報關行
裕通恒報關行,裕通恆報關行
裘　豐烟店,裘　豐煙店
補拙齋,Remove
補用道,Remove
裴營尊升堂,Remove
裴邑,Remove
裴邑　晚堂,Remove
裴邑尊,Remove
裴邑尊升堂,Remove
裴邑尊徣堂,Remove
裴邑尊英會,英界會審公廨
裴邑尊英法,Remove
裴邑尊英界,Remove
裵邑尊升堂,Remove
製藥工業同業公會,藥廠業同業公會
製造局,江南製造局
製造機器局,江南製造局
製針業同業公會,製針業同業公會
西人,Remove
西人反立司,Remove
西人四美司,西人四美司
西人報,Remove
西人愛簿祿司,Remove
西人投美領事署,美國領事署
西人法公董局,公董局
西人淡抛司,Remove
西人色不來司,Remove
西人華白,Remove
西人處,西人處
西人處生理係,Remove
西包探,Remove
西北邊防督辦公署,西北邊防督辦公署
西南鄕標社,西南鄕標社
西商,Remove
西商哈味前控,Remove
西商團,西商團
西善士大日本米兒西文新報館,Remove
西國剃頭店波利,西國剃頭店
西國政府,Remove
西國新報,Remove
西國木器鋪,西國木器鋪
西國酒店,西國酒店
西國銀行,西國銀行
西塲司,Remove
西塾,Remove
西妓,Remove
西字,Remove
西字報,Remove
西字報館,西字報館
西學堂,西學堂
西學館,西學館
西局,Remove
西局團,西局團
西教,Remove
西明府,Remove
西服公會,西服公會
西江梅　詩社,西江梅　詩社
西泠,Remove
西洋,Remove
西洋三年一局,Remove
西洋人,Remove
西洋公署,Remove
西洋領事,Remove
西渡派出所,西渡派出所
西皮福禄二黨,Remove
西紳,Remove
西興局,西興釐局
西虹口分局,西虹口分局
西豐泰押店,西豐泰押店
西路廳,Remove
西通班,Remove
西酒店,西酒店
西醫學堂,西醫學堂
西醫院,西醫院
西門厘局,西門釐局
西門外巡防保甲局,西門外保甲局
西門外巡防分局,西門巡防局
西門外巡防局,西門巡防局
西門巡防局,西門巡防局
西首巡防分局,西門巡防局
親兵水師營,親兵水師營
親慶各營務處,Remove
觀察,Remove
觀察委,Remove
觀察委貨捐局,觀察委貨捐局
觀察府,Remove
觀察所,Remove
觀察札委,Remove
觀察水師營務處,觀察水師營務處
觀察派,Remove
觀察海防廳,觀察海防廳
觀察英會,觀察英會
觀察製造局,江南製造局
觀察遴委,Remove
觀濤書院,觀濤書院
觀音堂,觀音庵
觀音庵,觀音庵
解京交納委員爲,Remove
解京木排,Remove
解公堂,會審公廨
解明府,Remove
解法公堂,法界會審公廨
解法會審公堂,法界會審公廨
解海,Remove
解英公堂,英界會審公廨
解賑捐處,解賑捐處
觴詠樓洋酒店,觴詠樓洋酒店
言爾店,言爾店
訊春處茶館,訊春處茶館
訓政,Remove
託法馬路西恊茂源花行,恊茂源花行
記信局,記信局
訟公堂,Remove
設英會,Remove
許午樓,Remove
許捕廳,許捕廳
許星臺,Remove
許藩司,Remove
証升堂,Remove
詒燕堂,詒燕堂
評事街全昌仁信局,全昌仁信局
評香居,Remove
評香居烟館,評香居烟館
詞哲,Remove
詹事府,Remove
詹明府,Remove
誠一堂,Remove
誠信堂,Remove
誠信烟館,誠信烟館
誠德堂,Remove
誠德堂戒烟丸店,誠德堂戒烟丸店
誠濟,Remove
誠濟堂,誠濟堂
誠生烟館,誠生煙館
誠記烟館,誠生煙館
諒記行,諒記洋行
諗道署,Remove
諸公堂,Remove
諸城稅局,城稅局
諸府署,Remove
諸廣源洋行,諸廣源洋行
諸法公堂,法界會審公廨
諸英總領事署,英總領事署
諸英領事署,英總領事署
諸馬路工程局,南巿馬路工程局
謙信機器有限公司,謙信機器公司
謙信洋行,謙信洋行
謙吉土棧,謙吉土棧
謙吉堂,Remove
謙吉米行,謙吉米行
謙吉綢莊,謙吉綢莊
謙和,Remove
謙和號,謙和號
謙泰洋行,謙泰洋行
謙益客棧,謙益客棧
謙益棧,Remove
謝明府,Remove
謝蒙館,Remove
謝藩司,Remove
證券交易所,華商證券交易所
譚厚德,Remove
譚寳元衣莊,譚寳元衣莊
譚昌　堂,譚昌堂
譚本善堂,Remove
譚藜閣,Remove
警備司令部,警備司令部
警備部,警備部
警務處,警務處
警察,Remove
警察分局,警察分局
警察局,上海市警察局
警察局刑,上海市警察局刑事處
警察局刑事處,上海市警察局刑事處
警察局刑二科,上海市警察局刑事處
警察局刑二課,上海市警察局刑事處
警察局北四川分局,上海市警察局北四川分局
警察局吳淞分局,上海市警察局吳淞分局
警察局嵩山分局,上海市警察局嵩山分局
警察局新涇分局,上海市警察局新涇分局
警察局榆林分局,上海市警察局榆林分局
警察局江寧分局,上海市警察局江寧分局
警察局蓬萊分局,上海市警察局蓬萊分局
警察局蘆家灣分局,上海市警察局蘆家灣分局
警察局蘆灣分局,上海市警察局蘆灣分局
警察局閘北分局,上海市警察局閘北分局
警察局高橋分局,上海市警察局高橋分局
警察局黃浦分局,上海市警察局黃浦分局
警察總局,上海市警察局
警察總署,上海市警察總署
警察署,警察署
警局,上海市警察局
警局所,上海市警察局
警局行政處,上海市警局刑事處
警訓所,上海市警局訓所
議政局,議政局
議院,Remove
護理巡撫部院勒札開,Remove
讞局,Remove
豁羅,Remove
豊興洋行,豊興洋行
豐利場,Remove
豐城委,Remove
豐安節局,豐安節局
豐押店,豐押店
豐昌記雜貨號,豐昌記雜貨號
豐染織工廠,豐染織工廠
豐泰洋,Remove
豐泰洋行,豐泰洋行
豐泰烟膏,Remove
豐泰磚灰,Remove
豐泰磚灰行,豐泰磚灰行
豐泰聚興,Remove
豐泰行,Remove
豐泰行東,Remove
豐源糖行,豐源糖行
豐濟倉,Remove
豐烟公司,豐煙公司
豐盛,Remove
豐盛實業公司,豐盛實業公司
豐盛煤炭店,豐盛煤炭店
豐肥田粉公司,豐肥田粉公司
豐興棧,豐興棧
豐興行,Remove
豐衆製造廠,豐衆製造廠
豐衣莊,豐衣莊
豐裕,Remove
豐裕洋行,豐裕洋行
豐觀察,豐觀察處
豐記猪行,豐記猪行
象幫,Remove
象石練軍,象石練軍
豪基廠總稅務司,豪基廠總稅務司
豫局,Remove
豫康紡織公司,豫康紡織公司
豫康顏料號,豫康顏料號
豫賑局,豫賑局
豫章,Remove
貞海,Remove
貞記店,貞記店
財政委員會　,財政整理會委員
財政局,財政局
財政廳長,財政廳
財政整理委員會,財政整理會委員
財政整理會,財政整理會委員
財政整理會委員,財政整理會委員
財政部,財政部
財政部上海監務辦事處,財政部上海監務辦事處
財政部印花稅法租界推銷事員辦事處,財政部印花稅法租界推銷事員辦事處
財政部捲菸稅處,財政部捲煙稅處
財政部菸酒稅處捲菸稅處捲菸煤油稅處,財政部煙酒稅處捲煙稅處捲煙煤油稅處
財政部賦稅司,財政部賦稅司
財政部鹽務處,財政部鹽務署
貢捐局,貨捐局
貧兒工藝院,貧兒工藝院
貨局,Remove
貨店,Remove
貨捐局,貨捐局
貨捐局丞,Remove
貨捐局冶坊,貨捐局冶坊
貨洋,Remove
貴公府,Remove
貴午樵宗師,Remove
貴報,Remove
貴州司,Remove
貴州軍營,貴州軍營
貴州鎭總兵署,Remove
貴德堂,貴德堂
貴會館,Remove
貴館,Remove
買副領事會,買副領事會
貼放委員會,中央銀行貼放委員會
貿貿,Remove
賀明府,Remove
賄洋及會,Remove
資委會,全國資源委員會
資政第介壽堂,資政第介壽堂
資治通鑑,Remove
資源委員會,全國資源委員會
賑公所,Remove
賑撫局,賑撫局
賑濟局,賑濟局
賑濟會,振濟委員會　
賑災委員會,賑災委員會
賓德興,Remove
賓裕保險公司,賓裕保險公司
賚豐洋行工程處,南巿馬路工程局
賚賜洋行,賚賜洋行
賡裕來記錢莊,賡裕來記錢莊
賢縣署,賢縣署
賣明府,Remove
質公所,Remove
賽各西商,Remove
賽珍會,Remove
賽閣,Remove
贖仁醫院,贖仁醫院
赫稅務司,赫稅務司
赫税務司,赫税務司
赫總税務司,赫總税務司
赴津局,Remove
赴美領事署,美國領事署
越山,Remove
越山等書院,越山書院
越東煤球公司,越東煤球公司
趙明府,Remove
趙王二明府,Remove
趙蓉舫,Remove
路工程局,南巿馬路工程局
路透,Remove
車利尼班,Remove
車局,Remove
軍事委員會,軍事委員會
軍事委員會忠義救國軍,軍事委員會
軍事委員會政治部,軍事委員會
軍事委員會社會科,軍事委員會
軍令部通訊總所第,軍令部通訊總部
軍令部通訊總部,軍令部通訊總部
軍委會,軍委會
軍政部,軍政部
軍政部軍需署,軍政部軍需署
軍械所,軍機處
軍機處,軍機處
軍法會議處,軍法會議處
軍裝局,軍裝局
軍門,Remove
載生洋行,載生洋行
輔仁中學,輔仁中學
輔仁書院,同仁輔元堂
輔元分局,同仁輔元堂
輔元堂,同仁輔元堂
輔德堂,輔德堂
輔德堂書畫社,輔德堂
輕吐公堂,Remove
輪寺,Remove
輪林院,翰林院
輪船公司,輪船公司
輪船局,輪船局
輪船招商局,輪船招商局
輪船招商總局,輪船招商局
輪船營務處,輪船營務處
輸出推廣委員會,輸出推廣執委會
轉解法公堂,法界會審公廨
辛泰銀行,辛泰銀行
辭江藩轅,Remove
農商,農商銀行
農商銀行,農商銀行
農工商局,農工商局
農本局,農本局
農村復興委員會　,農村復興委員會　
農林部,農林部
農林部棉產改進委員會,農林部
農林部華中棉產改進處,農林部華中棉產改進處
農藝,農藝
巡勒北局,巡防總局
巡局,上海廵捕總局
巡捕,上海廵捕總局
巡捕局,上海廵捕總局
巡捕廳,上海廵捕總局
巡捕房,上海廵捕總局
巡查局,上海廵捕總局
巡查總局,上海廵捕總局
巡查總局中局,上海廵捕總局中局
巡查總局北局,上海廵捕總局北局
巡查總局南局,上海廵捕總局南局
巡查總局東局,上海廵捕總局東局
巡訪局,上海廵捕總局
巡防,上海廵捕總局
巡防中局,上海廵捕總局中局
巡防中局,上海廵捕總局中局
巡防保甲東局,上海廵捕總局
巡防北局,上海廵捕總局北局
巡防北局,上海廵捕總局北局
巡防南局,上海廵捕總局南局
巡防南局,上海廵捕總局南局
巡防局,上海廵捕總局
巡防局勇,上海廵捕總局
巡防局控訴局,上海廵捕總局
巡防東局,上海廵捕總局東局
巡防東局,上海廵捕總局東局
巡防總局,上海廵捕總局
巡防西局,上海廵捕總局西局
巡防西局,上海廵捕總局西局
巡鹽水師,巡鹽水師
近經總署,Remove
近聞軍督憲委,Remove
追刑司,Remove
退思齋,Remove
送英會,英界會審公廨
送英會審,英界會審公廨
送部,Remove
途廣督,Remove
通九棉花機器局,通九棉花機器局
通分司,Remove
通刑二科外事股,通刑二科外事股
通利公司,通利公司
通匯信託公司,通匯信託公司
通商局,通商洋務局
通商會館,通商洋務局
通商洋務局,通商洋務局
通商總局,通商洋務局
通商貿易總司,通商洋務局
通孚行（進出口雜穀）,通孚行（進出口雜穀）
通局,Remove
通山縣委,Remove
通州坐粮廳,通州坐粮廳
通州署,通州署
通州電局,通州電局
通志局,Remove
通惠公紡織公司,通惠公紡織公司
通成棉毛紡織公司,通成棉毛紡織公司
通政使,Remove
通政使司,通政使司
通政司,通政使司
通易信託公司,通易信託公司
通永道,通永道
通泰公幹,Remove
通源洋行,通源洋行
通源錢,通源錢
通濟公司,通濟公司
通益企業公司,通益企業公司
通省稅厘總局,通省稅釐總局
通聞館新報,通聞館
通藍顏料公司,通藍顏料公司
通裕,Remove
通裕信局,通裕信局
通裕槽坊控,Remove
通裕錢莊,通裕錢莊
通裕鴻源,通裕鴻源
通訊,Remove
通連飯店,通連飯店
通運生絲貿易公司,通運生絲貿易公司
通順,Remove
通順信,Remove
通順信局,通順信局
通順局,通順局
逝江布政使,Remove
造紙局,造紙局
造署,Remove
連繙譯轉送輪船公司,Remove
連陞,Remove
連高易六七八批,Remove
進京公幹委,Remove
進步襪廠,進步襪廠
進賢委,Remove
遂和,Remove
遂園烟館,遂園煙館
遊美商業團,遊美商業團
運官鹽局,運官鹽局
運憲,Remove
遒廳,Remove
道府,道府
道廳,道廳
道德里販毒機關,道德里販毒機關
道憲,道憲
道憲委,Remove
道憲委員,Remove
道憲札委,Remove
道憲派,Remove
道憲纪委,Remove
道憲轉交廳,道憲轉交廳
道洋行,Remove
道照會,Remove
道福社,Remove
道署,道署
道轅,Remove
道轅發審委員,Remove
道轅馬路工程局,南巿馬路工程局
道逹洋行,道逹洋行
道邵觀察卽委,Remove
道頭,Remove
道飭廳,Remove
達華橡皮印刷公司,達華橡皮印刷公司
達豐染織廠,達豐染織廠
達隆毛織廠,達隆毛織廠
遞信管理局,遞信管理局
遠來洋行,遠來洋行
遠東貿易公司,遠東貿易公司
遠東銀行,遠東銀行
遵轅,Remove
遷善局,遷善局
遺公堂,Remove
邃懷堂,邃懷堂
邊門關帝廟龍神祠,關帝廟
邑保嬰總局,閔行救生局武康保嬰局
邑尊,Remove
邑尊　堂,Remove
邑尊升堂,Remove
邑尊委,Remove
邑尊廳,邑尊廳
邑尊晚堂,Remove
邑尊詣堂,Remove
邑廟保嬰局,邑廟保嬰局
邑廟分局,邑廟分局
那英公司,Remove
邱胡氏花烟館,邱胡氏花煙館
邵壽堂,Remove
邵觀察厘捐,Remove
邵觀察課試敬業書院,邵觀察課試敬業書院
邵觀察諭善堂,邵觀察諭善堂
邵軍廳,邵軍廳
邵道憲照會,Remove
邵錦記紗號,邵錦記紗號
郁投醫院,郁投醫院
部局,Remove
郭明府,Remove
郭犁合,Remove
郵來西報,Remove
郵億,Remove
郵寄書院,Remove
郵政儲金匯業局,郵政儲金匯業局
郵政儲金匯業局會計處,郵政儲金匯業局
郵政司稽核科,郵政司稽核科
郵船會社,郵船會社
都察院,都察院
都察院署,都察院
都成飯店,都成飯店
都爕堂,都爕堂
都警察所,都警察所
鄂垣閱馬廠,鄂垣閱馬廠
鄂局,Remove
鄂撫,Remove
鄂督,Remove
鄕民閧署,鄕民閧署
鄞慈奉,Remove
鄞江分司,鄞江分司
鄞縣,Remove
鄞縣分院,鄞縣分院
鄞縣正堂,鄞縣正堂
鄞縣陶公鄕第七八保聯立國民學校,鄞縣陶公鄕第七八保聯立國民學校
鄢少尹捕廳,鄢少尹捕廳
鄭同成,Remove
鄭家木橋北仁德醫院,仁德醫院
鄭家木橋南信義烟館,信義烟館
鄭州豫豐紗廠,鄭州豫豐紗廠
鄭工捐局,工捐局
鄭工新班,Remove
鄭福蘭堂,福蘭堂
鄭軍門,Remove
酉科,Remove
酌補一摺雲麗江府知府,雲麗江府
酒精業聯合會同業公會,酒精業聯合會同業公會
酒菜業工會,酒菜業職業工會
酒菜業職業工會,酒菜業職業工會
醇王府,Remove
醇邸,Remove
醉仙亭,Remove
醉竹軒,Remove
醋務橋,Remove
醫院,醫院
醫館,醫館
里西國飯店,里西國飯店
重兵汽,Remove
重慶,Remove
重慶分公司,重慶分公司
重慶市國貨廠商聯合會,重慶市國貨廠商聯合會
重慶市工商勵進社,重慶市工商勵進社
重慶市百貨業主辦復興中學,重慶市百貨業主辦復興中學
重慶市百貨業同業公會,重慶市百貨業同業公會
重慶市第一區機器業同業公會,"重慶市第一區機器業同業公會
"
重慶市重輝會計專科學校,重慶市重輝會計專科學校
重脩府,Remove
野三關土藥局,Remove
釐局憲所,釐局憲所
釐捐局,釐捐局
釐捐總局,釐捐總局
金上南青,Remove
金利源,Remove
金利源棧,金利源棧
金利源碼頭,Remove
金剛公司,金剛公司
金匱學署可園公寓,金匱學署
金協,Remove
金協堂,Remove
金協泰船,Remove
金合記,Remove
金嘉記,Remove
金城銀行,金城銀行
金子堂,Remove
金子山,Remove
金屬業同業聯合會上海冶鑄廠業同業公會,金屬業同業聯合會上海冶鑄廠業同業公會
金山報,Remove
金山武,Remove
金山營,Remove
金山縣,金山縣
金山縣正堂,金山縣
金彩堂,Remove
金德隆,Remove
金明府,Remove
金星噴漆廠,金星噴漆廠
金書莊,金書莊
金桂軒,Remove
金梅記,Remove
金湖業漁,Remove
金源錢莊,金源錢莊
金爾公司,金爾公司
金線,Remove
金臺文報局,金臺文報局
金華府,Remove
金螺,Remove
金螺青明府,Remove
金衢嚴道,Remove
金衢巖道,Remove
金裕泰客棧,金裕泰客棧
金謝委,Remove
金谷園,Remove
金達會,Remove
金錢牌熱水瓶廠,金錢牌熱水瓶廠
金長泰商船,Remove
金陵世醫,Remove
金陵保甲總局,金陵保甲局
金陵儀鳳園班,Remove
金陵公,Remove
金陵厘局,Remove
金陵友,Remove
金陵器造局,金陵機器製造局 
金陵機噐局,金陵機器製造局
金陵機器局,金陵機器局
金陵機器製造局,金陵機器製造局
金陵水師,金陵水師學堂 
金陵水雷學堂,金陵水師學堂 
金陵洋務局,金陵洋務局
金陵烊務局,金陵洋務局 
金陵熊公館,Remove
金陵督標督捕營,金陵督捕營 
金陵粥廠,金陵粥廠
金陵花市裕泰錢莊,金陵花巿街裕泰錢莊
金陵裕泰莊,金陵花巿街裕泰錢莊
金陵製造局,金陵機器製造局
金陵製造局 -> 金陵機器製造局 ,金陵機器製造局 
金陵鍾山尊經兩書院,金陵鍾山兩書院
金陵鍾山書院,金陵鍾山兩書院
金陵鐘山書院,金陵鍾山兩書院
金陵電信,Remove
金陵飭製造局,金陵機器製造局 
金陵鳳池書院,金陸鳳池書院 
金陸鳳池書院,金陸鳳池書院
金雲康,Remove
金雲門,Remove
金馥堂,Remove
金鳳樓,Remove
釣船局,釣船局
鈕揩司,Remove
鈞和,Remove
銀樓,Remove
銀洋,Remove
銀英公堂,英界會審公廨
銀行,Remove
銀行公會,上海銀行公會
銅匠店,銅匠店
銅捐局,銅捐局
銘軍,Remove
銷鹽局,銷鹽局
鋪巡防局,鋪巡防局
錄南製造局,Remove
錢塘縣署,錢塘縣署
錢庄,Remove
錢店飯店,錢店飯店
錢文林,Remove
錢明府,Remove
錢業同業公會,錢業同業公會
錢業準備庫,錢業準備庫
錢法堂,Remove
錢福錩板箱廠,錢福錩板箱廠
錢聯銀行,錢聯銀行
錢荻香司,Remove
錢莊,Remove
錢莊綢,Remove
錢鏞記電器製造廠,錢鏞記電器製造廠
錦堂,Remove
錦春坊王裕大棉花店,王裕大棉花店
錦泰豐襪,錦泰豐襪
錦潤堂,Remove
錦祥源,Remove
錦記,Remove
錦記洋行,錦記洋行
錦記衣莊,錦記衣莊
錦里翰寳閣所,錦里翰寳閣所
錦章,Remove
錦章衣庄,錦章衣庄
錫滬長途汽車公司,錫滬長途汽車公司
錫金公所,錫金公所
鍾南臺投控,Remove
鍾愛堂,Remove
鍾明府,Remove
鍾曦堂,Remove
鍾鎭軍,Remove
鍾鼎興,Remove
鎭標水師,鎭標水師
鎭止街保甲局,鎭止街保甲局
鎭江,Remove
鎭江局,鎭江府
鎭江府,鎭江府
鎭江廣東公所,鎭江廣東公所
鎭江招商局,鎭江招商局
鎭江洋關,鎭江海關
鎭江貿易,Remove
鎭江電報局,鎭江電報局
鎭江電局,鎭江電報局
鎭江領,Remove
鎭海縣糧廳,鎭海縣糧廳
鎭海衛,Remove
鎭源順福茶葉行,鎭源順福茶葉行
鎮泰廣,Remove
鎮海縣,鎮海縣
鎮湘內閣,Remove
鐘尊,Remove
鐘明府,Remove
鐡政局,鐡政局
鐵報,Remove
鐵工廠,Remove
鐵行,Remove
鐵路會計司稽核科,鐵路會計司稽核科
鐵道部,鐵道部
鐵道部購料委員會上海辦事處,鐵道部購料委員會上海辦事處
鐸庵,Remove
鐸林禪院,鐸林禪院
鑄亞鐵工廠,鑄亞鐵工廠
鑄豐搪瓷公司,鑄豐搪瓷公司
鑄豐通記搪瓷股份有限公司,鑄豐通記搪瓷公司
鑄鐵廠,鑄鐵廠
鑑臣洋行（大上海皮革廠）,鑑臣洋行（大上海皮革廠）
鑑臣香精原料公司,鑑臣香精原料公司
鑫泰電器廠,鑫泰電器廠
長利,Remove
長利洋東投英公堂,英界會審公廨
長利洋行,長利洋行
長利洋行東至英總領事署,長利洋行
長利行,長利洋行
長勝,Remove
長城企業公司,長城企業公司
長安保險公司,長安保險公司
長安紡織廠,長安紡織廠
長寧分局,長寧分局
長寧警察分局,長寧警察分局
長崎理署,長崎理署
長崎病院,長崎病院
長崎警察署,長崎警察署
長﨑報,Remove
長﨑新報,Remove
長德機榨油餅廠,長德機榨油餅廠
長春堂,長春堂
長春客棧,長春客棧
長春藥材茶葉,長春藥材茶葉
長林,Remove
長林堂,Remove
長江,Remove
長江企業公司,長江企業公司
長江提中協,Remove
長江水師,長江水師
長泰,Remove
長源泰所,長源泰所
長生會,長生會
長發客棧,長發客棧
長發棧,長發棧
長發棧茶房,長發錢茶房
長興飯店,長興飯店
長茂洋行,長茂洋行
長蘆運憲,Remove
長蘆鹽運使天津河間兵備道,天津河間兵備道
長裕店,Remove
長裕泰慶豐,Remove
長豐吉記木行,長豐吉記木行
長豐機織印染股份有限公司,長豐機織印染公司
長豐烟草公司,長豐煙草公司
長順,Remove
長順烟店,長順烟店
開利和洋行,開利和洋行
開合記,Remove
開天仙茶園,開天仙茶園
開平礦務總局,開平礦務總局
開德和飯店,開德和飯店
開德成潤記,Remove
開成造酸廠,開成造酸廠
開普泰來米舖,開普泰來米舖
開泉洋行,開泉洋行
開清烟館,開清烟館
開湖羊行,開湖羊行
開源貿易公司,開源貿易公司
開濟,Remove
開灤售品處,開灤售品處
開積文印字館,開積文印字館
開貿絲廠,開貿絲廠
開順,Remove
閔竹救生局,閔行救生局
閔行,Remove
閔行司,Remove
閔行救生局,閔行救生局
閔行釐局,閔行釐局
閘北分局,閘北分局
閘北水電公司,閘北水電公司
閘北水電公司工會,閘北水電公司工會
閘北水電工會,閘北水電公司工會
閘北軍用倉庫,閘北軍用倉庫
閘北巡防局,閘北巡防局
閩　稅課,閩　稅課
閩中種德堂,閩中種德堂
閩安關,Remove
閩幫,Remove
閩浙督標水師營,閩浙督標水師營
閩浙督部,閩浙總督
閩浙總督部堂,閩浙總督
閩海關,閩海關
閩臬,Remove
閩軍,Remove
閩電,Remove
關稅特別會議委員會,關稅特別會議委員會
關粥店,關粥店
關署,Remove
關花客棧,關花客棧
關道憲衙門,關道衙門
關道衙門,關道衙門
關防衙門,關防衙門
阜康里,Remove
阜昌洋行,阜昌洋行
防局,Remove
防海縣署,防海縣署
防癆協會,防癆協會
防西局,防西局
防軍局,防軍局
防軍支應局,防軍支應局
防軍支應總局,防軍支應局
阿化威,Remove
阿四,Remove
阿四烟館,阿四烟館
阿堂,Remove
阿工局,Remove
阿廣,Remove
阿弟兄洋廠,阿弟兄洋廠
阿彌陀,Remove
阿德郞德,Remove
阿才棧,阿才棧
阿明府,Remove
陀分局,普陀分局
附法公司,Remove
附英公司,Remove
陜西司,Remove
陝西冶鉄公司,陝西冶鉄公司
陝西省糧食管理處,陝西省糧食管理處
陝西道,Remove
陰陽學,Remove
陳公館,Remove
陳家木橋振捐局,陳家木橋振捐局
陳家木橋電報總局,陳家木橋電報總局
陳家木橋電報總局豫皖振所,陳家木橋電報總局
陳家木橋電報總局賑,陳家木橋電報總局
陳控奉工程局,工程局
陳明府,Remove
陳曰爾店,陳曰爾店
陳與昌,Remove
陳與昌絲棧,陳與昌絲棧
陳巡廳,Remove
陳錫堂艾,Remove
陳震,Remove
陳體仁醫院,陳體仁醫院
陶明府,Remove
陸71軍司令部,陸71軍司令部
陸中軍,Remove
陸四美糕團店,陸四美糕團店
陸大,Remove
陸大令,Remove
陸大令升堂,Remove
陸家石橋堍同椿貨行,同椿貨行
陸崔二公交,Remove
陸師,Remove
陸明府委,Remove
陸榮堂,Remove
陸永成水烟袋店,陸永成水煙袋店
陸福堂,Remove
陸耕記,Remove
陸褔堂,Remove
陸路提督印務所,提督印務所
陸軍,陸軍
陸軍司令部,陸軍司令部
陸軍省,Remove
陸軍總司令部總務處,陸軍總司令部總務處
陸邑,Remove
陸邑尊,Remove
陸邑尊升堂,Remove
陸邑尊委捕廳,Remove
陸邑尊英會,Remove
陸邑尊訊供收所,陸邑尊訊供收所
陸邑尊飭提研訊所,Remove
陸順興鐵店,陸順興鐵店
陽古鰲頭,Remove
陽春班,Remove
隆布庄,Remove
隆發,Remove
隆盛德,Remove
隆興,Remove
隆興土,Remove
隆興土店,隆興土店
隆興店,隆興土店
隆興烟鋪,隆興煙鋪
隆茂,Remove
隆茂水廠,隆茂水廠
隆茂洋行,隆茂洋行
隆茂行,隆茂洋行
隆記絲茶棧,隆記絲茶棧
隆順館飯,Remove
隨卽電商總署,電商總署
雅宜閣,Remove
雅扶輪,Remove
雅蘇臺,Remove
集仁堂,集仁堂
集成公記藥房,集成公記藥房
集成藥房,集成藥房
集腋社,Remove
雍睦堂,Remove
雙慶堂,雙慶堂
雙林堂,雙林堂
雙璧,Remove
雙肖竹,Remove
難民救濟委員會上海分會,難民救濟委員會上海分會
雲　固本堂,Remove
雲南司,Remove
雲南學政,Remove
雲南礦務局,雲南礦務局
雲山氏映雪山館,映雪山館
雲廣福,Remove
雲施組,Remove
雲飛汽車公司,雲飛汽車公司
零藍閣,Remove
雷二稅司,Remove
電信局,電信局
電公,Remove
電報局,電報總局
電報總局,電報總局
電報總局收支所,電報總局
電局,Remove
電桿局,電桿局
電氣燈公司,電氣燈公司
電燈公司,電燈公司
電線工程局,工程局
電警局,電警局
電達諒,Remove
電音早經錄報,Remove
震元錢莊,震元錢莊
震德,Remove
震旦機器鐵工廠,震旦機器鐵工廠
震昌絲棧,震昌絲棧
震源,Remove
震源正錢莊,震源正錢莊
震源雜貨店,震源雜貨店
震記衣莊,震記衣莊
震豐五金號,震豐五金號
霞飛路一八一一號,霞飛路一八一一號
靈舫軒,Remove
靑州,Remove
靑年會,靑年會
靑年會協會,靑年會
靑明府,Remove
靑浦縣正堂,靑浦縣
靑田局,Remove
靑華小學,靑華小學
靑香齋荳腐店,靑香齋荳腐店
青山司,Remove
青年會,青年會
青年藥店,青年藥店
青年軍,青年軍
青年軍202,青年軍
青年遠征軍208 師,青年軍
青果店,青果店
青浦鹽公堂,青浦鹽公堂
青溪書院,青溪書院
青蓮閣,Remove
青雲閣,Remove
青香,Remove
靖江保嬰局,靖江保嬰局
靖江縣救生,靖江縣
靖衛營,Remove
靖遠,Remove
靖遠兵,Remove
靛業,Remove
靛青行,Remove
靜安寺分局,靜安寺分局
靜芳閣,Remove
音保局,音保局
竟成實業公司,竟成實業公司
章京,Remove
章作堂,Remove
章悅行,Remove
章華寺,Remove
章華毛絨紡織公司,章華毛絨紡織公司
章軍門,Remove
章鎭軍,Remove
韶州府,韶州府
韶州府學,Remove
順信局,順信局
順元錢莊,順元錢莊
順全隆洋行,順全隆洋行
順利保險,順利保險
順利洋行,順利洋行
順利船局,順利船局
順利製巾廠,順利製巾廠
順天學政,Remove
順天府,順天府
順天府尹,順天府
順天府五城察院,順天府
順天府京府,順天府
順天府府尹,順天府
順天府步軍,順天府步軍
順天慶君,Remove
順天畿東團練,Remove
順天鄉試,Remove
順局,Remove
順崇明信局,順崇明信局
順廣道,順廣道
順德,Remove
順德協,Remove
順德礦務公司,順德礦務公司
順德礦局,順德礦局
順德金會,順德金會
順成三信局,順成三信局
順昌行,順昌洋行
順泰,Remove
順泰店,順泰店
順泰木行,順泰木行
順泰棧,順泰棧
順泰森,Remove
順泰森糖菜店,順泰森糖菜店
順泰行,Remove
順泰金辮線店,順泰金辮線店
順泰銓,Remove
順發,Remove
順發土店,順發土店
順發洋行,順發洋行
順直山東水灾,Remove
順祥十五箱店,順祥十五箱店
順興冰廠,順興冰廠
順興烟館,順興煙館
順興煤炭,Remove
順興祥女堂,順興祥女堂
順衣莊,順衣莊
順豐,Remove
順豐洋行,順豐洋行
順豐烟,Remove
順豐烟館,順豐煙館
順隆烟館,順隆煙館
領事,Remove
領事公館,Remove
領事昭會,Remove
領事會,Remove
領事署,Remove
領事衙,Remove
領明府,Remove
頤中菸草公司,頤中菸草公司
頤順隆洋貨店,頤順隆洋貨店
頭店,Remove
額本館,Remove
顔玉樓,Remove
願天府,Remove
顧得其,Remove
顧永興糕糰店,顧永興糕糰店
顧祥泰帽店,顧祥泰帽店
顧蘭記營造廠,顧蘭記營造廠
顧野堂,Remove
顧陞堂,Remove
顧雲記,Remove
飛似馬輪船,Remove
飭善堂,Remove
飭局,Remove
飭府,Remove
飭收所,Remove
飭發普育堂,普育善堂
飭粮廳,Remove
飭英會,Remove
飭道署,Remove
飯店,Remove
餅店,Remove
養和堂,Remove
養心光室,Remove
養心書畫社,養心書畫社
養正學塾,養正學堂
餘大莊,Remove
餘慶堂,Remove
館云新署,Remove
餬口,Remove
饅頭,Remove
饅頭店,饅頭店
首善堂,首善堂
首英工部局,工部局
首都建設委員會,首都建設委員會
首都衛戍司令部,首都衛戍司令部
首都衛戍司令部駐滬辦事處,首都衛戍司令部駐滬辦事處
首都警官所,首都警官所
首都警察廳刑事警察隊,首都警察廳刑事警察隊
首都警察所刑事警察處,首都警察所刑事警察處
首都警察所刑事警察隊,首都警察所刑事警察隊
首都警廳刑事警隊,首都警廳刑事警隊
香山堂,香山堂
香山縣署,香山縣署
香海機器製糖廠,香海機器製糖廠
香港,Remove
香港交通銀行,香港交通銀行
香港新報,Remove
香港新聞,Remove
香港東華醫院,香港東華醫院
香港永安銀行,香港永安銀行
香港泳利公司,香港泳利公司
香港西字報,香港西字報
香港西學堂,香港西學堂
香港鑑臣洋,香港鑑臣洋
香港麗如銀行,香港麗如銀行
香草堂,香草堂
香賓牌,Remove
香雲,Remove
馥和行,馥和行
馥蘭,Remove
馥蘭堂,馥蘭堂
馬交所,Remove
馬協,Remove
馬口鐵,Remove
馬士控,Remove
馬大,Remove
馬家廠,Remove
馬寧司,Remove
馬小隊,Remove
馬尾船政局,馬尾船政局
馬慶堂,Remove
馬明府,Remove
馬星五,Remove
馬桂興糕糰,Remove
馬橋司,Remove
馬步各營,Remove
馬步水陸各營,Remove
馬泰記,Remove
馬立師洋行,馬立師洋行
馬聚順衣店,馬聚順衣店
馬路工程局,南巿馬路工程局
馬蹟司,Remove
馬軍,Remove
馬連等,Remove
馮仁記廣貨店,馮仁記廣貨店
馮明府,Remove
馮軍門,Remove
馴糕團店,馴糕團店
駐俄大使,外交部
駐德國公使,外交部
駐德意志丹麥瑞典全權公使,外交部
駐德意志及丹麥公使,外交部
駐法使署,外交部
駐法公使,外交部
駐洋局,Remove
駐港英臬司,駐港英臬司
駐滬意大利領事署,意大利領事署
駐滬總局,Remove
駐滬美領事署,美國領事署
駐滬英總領事署,英總領事署
駐滬英領事署,英總領事署
駐滬辦事,Remove
駐美使館,外交部
駐美公使,外交部
駿德總辦天津機器局,天津機器局
騐明府,Remove
體仁,Remove
體仁二醫院,Remove
體仁堂,體仁堂
體仁醫院,體仁醫院
體仁醫館,體仁醫院
體仁閣,Remove
高　三,Remove
高三,Remove
高京交刑司,Remove
高升大,Remove
高博樂壽,Remove
高國火藥局,高國火藥局
高家司,Remove
高家樓,Remove
高家行,Remove
高廷,Remove
高昌司,Remove
高昌司廟製造局,江南製造局
高昌廟,高昌廟
高昌廟製造局,江南製造局
高昌廟製造機器局,江南製造局
高昌廟製造機器軍械局,江南製造局
高昌廟製造機器軍械局總辦,江南製造局
高昌廟製造總局,江南製造局
高昌廟巡防局,高昌廟巡防局
高明府,高明府
高易,Remove
高易公所,高易公所
高易公館,Remove
高易公館　賑公所,上海高易籌振公所
高易司,Remove
高易洋,Remove
高易洋行,高易洋行
高易籌振所,高易籌振所
高易籌賑公所,高易籌賑公所
高易籌賑所,高易籌賑所
高易與昌各公所,Remove
高易行,高易洋行
高橋分局,高橋分局
高橋司,Remove
高檢署,江蘇上海高等法院
高玉堂,Remove
高田氏,Remove
高立堂,Remove
高站警察局,高站警察局
高等法院,江蘇上海高等法院
高義豐顧繡鋪,高義豐顧繡鋪
高茂堂,Remove
高郵武廟,高郵武廟
高錦堂,Remove
高陞,Remove
高陞棧,Remove
高陞順和太古,Remove
高雪軒,Remove
高雲巖,Remove
髮雲家,Remove
鬆風閣茶館,鬆風閣茶館
魁成烟紙店,魁成煙紙店
魁星閣,Remove
魁盛,Remove
魏永興,Remove
魏肯堂,魏肯堂
魚一齋,Remove
魚鑰局,魚鑰局
魚麓山,Remove
魯投法公堂,法界會審公廨
魯案善後委員會,魯案善後委員會
魯般殿,魯般殿
鮑公館,Remove
鮑芸閣,Remove
鯉庭,Remove
鰲峯書院,鰲峯書院
鳩工委,Remove
鳩江書院,鳩江書院
鳯凰山洋槍隊,鳯凰山洋槍隊
鳳中協,Remove
鳳仙閣烟馆,鳳仙閣煙馆
鳳來閣,Remove
鳳凰臺,Remove
鳳卜遂央原媒,Remove
鳳巢公,Remove
鳳祥銀樓,鳳祥銀樓
鳳穎道,Remove
鳳陽府,鳳陽府
鳳陽衛委,Remove
鳳陽關,Remove
鴻利公司,鴻利公司
鴻勝福記錢莊,鴻勝福記錢莊
鴻園茶館,鴻園茶館
鴻大染織廠,鴻大染織廠
鴻安輪船公司,鴻安輪船公司
鴻文社,Remove
鴻昌魚行,鴻昌魚行
鴻春,Remove
鴻春堂,Remove
鴻林,Remove
鴻源局,鴻源局
鴻烟館,鴻煙館
鴻祥裕記錢莊,鴻祥裕記錢莊
鴻福,Remove
鴻福堂鳳寳處,鴻福堂鳳寳處
鴻福班,Remove
鴻秀班,Remove
鴻興織造廠,鴻興織造廠
鴻茂倉庫打包廠,鴻茂倉庫打包廠
鴻豐專科學校,鴻豐專科學校
鴻豐紗廠,鴻豐紗廠
鴻豐鐵工廠,鴻豐鐵工廠
鴻豐麵粉廠,鴻豐麵粉廠
鴻鈞中學,鴻鈞中學
鴻章紡織染廠,鴻章紡織染廠
鶴園茶館,鶴園茶館
鹹瓜街,Remove
鹹瓜街正大參行,正大參行
鹽公堂,鹽公堂
鹽務衙門,鹽務衙門
鹽局,Remove
鹽捕營,Remove
鹽業銀行,鹽業銀行
鹽茶道,Remove
鹽巡營,Remove
鹽運司,鹽運司
鹽阜勘河工委,Remove
鹿堂陸邑尊命,Remove
麒麟閣走私公司,麒麟閣走私公司
麗來化學製藥公司,麗來化學製藥公司
麗來製皂廠股份有限公司,麗來製皂廠公司
麗外務衙門,麗外務衙門
麗如銀行,麗如銀行
麗明機織印染股份有限公司,麗明機織印染公司
麗華堂紙分局,麗華堂紙分局
麥克登馬房,麥克登馬房
麥加利,Remove
麥加利行,麥加利銀行
麥加利銀行,麥加利銀行
麥家圈,Remove
麥總,Remove
麥總巡捕頭,麥總巡捕
麥費,Remove
黃岩鎭標右營海門游府,黃岩鎭標右營
黃巖,Remove
黃州衛,Remove
黃幫,Remove
黃性荳腐店,黃性荳腐店
黃明府,Remove
黃河水利委員會,黃河水利委員會
黃河水災救濟委員會,黃河水災救濟委員會
黃浦,Remove
黃浦分局,黃浦分局
黃浦區區民會,黃浦區區民會
黃浦司,Remove
黃浦司署,黃浦司署
黃浦拖駁公司,黃浦拖駁公司
黃浦警察分局,黃浦警察分局
黃海樓,Remove
黃金大戲院,黃金大戲院
黄信豐錢莊,黄信豐錢莊
黄婆庵,Remove
黄崗協,Remove
黄浦司,Remove
黄浦司署,黄浦司署
黄海樓,Remove
黄珠履堂,黄珠履堂
黄發茂酒店,黄發茂酒店
黄芝生太守署,黄芝生太守署
黄莊司,Remove
黄菊樓,Remove
黄鼎司,Remove
黎匪事部,黎匪事部
黎明府,Remove
黎邑尊升堂,Remove
黎邑尊升堂 ,Remove
黎邑尊嚴比捕役,Remove
黎邑尊英會,英界會審公廨
黎邑尊製造局,江南製造局 
黎邑尊製造局 ,江南製造局 
黎邑尊製造局 -> 江南製造局 ,江南製造局 
黑巾齋,Remove
黑橋浜自來水公司,黑橋浜自來水公司
黔捐局,黔捐局
黔礦局,黔礦局
黔軍,Remove
點升堂,Remove
點石齋,Remove
黨通局上海辦事處,黨通局上海辦事處
黨部,市黨部
黼堂,Remove
鼎和錢庄,鼎和錢庄
鼎新染織廠,鼎新染織廠
鼎泰,Remove
鼎泰花行,鼎泰花行
鼎泰醬園,鼎泰醬園
鼎泰錢,Remove
鼎泰麵粉公司,鼎泰麵粉公司
鼎裕益大其昌三錢莊,Remove
鼎豐錢庄,鼎豐錢庄
鼎鑫紗廠,鼎鑫紗廠
鼓浪嶼通商局,鼓浪嶼通商局
齊江寍府,江寧府
齊雲山樵麓雲山樵武峰山人碧梧書屋,Remove
齊青,Remove
齊青書局,齊青書局
齋書坊,Remove
龍池寺,龍池寺
龍沙司,Remove
龍潭司,Remove
龍華兵工廠,龍華兵工廠
龍華分局,龍華分局
龍華會,Remove
龍華汛,Remove
龍華講寺,龍華寺 
龍華講寺 - > 龍華寺 ,龍華寺 
龍覲宸軍門派,Remove
龍軍門,Remove
龍門協,Remove
龍門書院,龍門書院
龍飛,Remove
龍飛行,Remove
龍飛馬房,Remove
龔興米店,龔興米店
龜子花烟館,龜子花煙館
,Remove
